geo,time,Channel0_impression,Channel1_impression,Channel2_impression,Channel0_spend,Channel1_spend,Channel2_spend,conversions,population,competitor_sales_control,sentiment_score_control,BrandedGQV_control,GenericGQV_control,Promo,Organic_channel0_impression,Sales
Geo0,2021-01-25,1426697,351834,1216983,16785,4100,14178,11933794,487878,0.8936449,0.9442244,11974289,3,0,201441,9180064
Geo0,2021-02-01,377575,406696,1258452,4442,4739,14661,9180064,487878,-0.28454947,-1.290579,11877683,-1,0.68381935,0,8330261
Geo0,2021-02-08,1181757,790058,1002623,13903,9207,11681,8330261,487878,-1.0347397,-1.0845139,14806203,-4,1.2890546,0,7926502
Geo0,2021-02-15,435868,1107034,1140547,5128,12901,13288,7926502,487878,-0.3192759,-0.017502785,14006622,-2,0.22773853,0,10096925
Geo0,2021-02-22,940266,1462011,578375,11062,17038,6738,10096925,487878,-0.65269506,-0.30211386,14225819,0,0,0,8722757
Geo0,2021-03-01,1086599,669343,1167843,12784,7800,13606,8722757,487878,1.4276155,-0.23733935,12851792,-2,0,0,10079231
Geo0,2021-03-08,1280881,648393,847943,15070,7556,9879,10079231,487878,0.45791247,0.8655758,16917968,-2,0,88088,6716006
Geo0,2021-03-15,791813,444008,684468,9316,5174,7974,6716006,487878,0.89351004,-0.80686784,17131872,-5,1.4659629,334506,10085301
Geo0,2021-03-22,1298289,1078712,1000708,15274,12571,11659,10085301,487878,0.520105,-0.24917367,19232676,1,0.9731307,0,7961302
Geo0,2021-03-29,674474,370181,511005,7935,4314,5953,7961302,487878,-0.8563197,0.050081678,18265062,-5,0,46898,7402629
Geo0,2021-04-05,1268797,1087567,1415470,14927,12674,16491,7402629,487878,-1.4528581,1.5585525,20041594,-5,1.6279713,228913,13337310
Geo0,2021-04-12,1376191,936236,961482,16191,10910,11202,13337310,487878,-1.9642203,-0.59979314,18123882,2,0.6690695,140779,10756357
Geo0,2021-04-19,1152698,704466,371845,13561,8209,4332,10756357,487878,-0.6964144,-1.240535,18444242,0,0.5568802,0,12160143
Geo0,2021-04-26,928248,1546571,609347,10921,18023,7099,12160143,487878,-1.5696856,-2.3092334,21655460,1,1.2657831,0,8339255
Geo0,2021-05-03,718239,837514,1127862,8450,9760,13140,8339255,487878,1.1948755,-1.364184,18739380,-2,0,0,11890894
Geo0,2021-05-10,1035670,911532,1098533,12185,10623,12798,11890894,487878,-0.12523502,-0.71586806,20273082,1,0,10126,11298153
Geo0,2021-05-17,1092459,521051,1134960,12853,6072,13223,11298153,487878,-0.4660951,-0.9799271,18009126,1,0,0,11616760
Geo0,2021-05-24,1466315,813206,1365897,17251,9477,15913,11616760,487878,0.1384334,1.8121941,17918750,3,0,117413,10940430
Geo0,2021-05-31,1121355,619274,798881,13193,7217,9307,10940430,487878,0.36252737,0.016913712,21192432,-1,0.23471534,172884,14098543
Geo0,2021-06-07,1018645,1425128,1479008,11984,16608,17231,14098543,487878,1.5063099,1.1276338,20321758,4,0,330830,9122300
Geo0,2021-06-14,731324,647190,841434,8604,7542,9803,9122300,487878,-1.636292,-0.27724043,19791144,-3,0,0,12942636
Geo0,2021-06-21,1104847,1174842,1530489,12998,13691,17831,12942636,487878,1.9607203,-1.8176672,18653446,4,0.15866125,113464,10286338
Geo0,2021-06-28,1414531,1450028,580080,16642,16898,6758,10286338,487878,0.76883364,-1.5893306,20694068,2,0.8438258,172538,10546323
Geo0,2021-07-05,935421,872426,1043542,11005,10167,12158,10546323,487878,-0.20756881,0.14665473,19440146,0,0,0,10506506
Geo0,2021-07-12,1212363,972189,1072044,14263,11329,12490,10506506,487878,-2.278555,-0.76092386,19913102,-2,0.22925419,0,16411570
Geo0,2021-07-19,1189676,1328136,909510,13996,15477,10596,16411570,487878,1.6827729,-0.33497372,20267156,7,0,476514,11537089
Geo0,2021-07-26,1533395,860844,1448236,18040,10032,16872,11537089,487878,-0.6259522,-0.23797643,19618624,0,1.4114499,34179,10449300
Geo0,2021-08-02,770176,1070405,748734,9061,12474,8723,10449300,487878,-0.04261376,0.8738909,19899940,-1,0,0,9314744
Geo0,2021-08-09,728782,787435,1204196,8574,9176,14029,9314744,487878,-0.60718906,0.8728794,18949504,-3,1.0073695,213951,7231656
Geo0,2021-08-16,1090961,839211,684248,12835,9780,7972,7231656,487878,0.98262155,-0.31538105,21540426,-3,0,65117,13940469
Geo0,2021-08-23,1221357,640070,1646230,14369,7459,19179,13940469,487878,0.8541256,2.1781638,20161274,4,0,382727,9805110
Geo0,2021-08-30,589039,1046482,837877,6930,12195,9762,9805110,487878,-0.3233289,-2.1662579,20653072,-1,1.0616482,0,7319958
Geo0,2021-09-06,1400871,864887,986956,16481,10079,11498,7319958,487878,1.4636033,-0.23727089,19788840,-1,0,0,11645041
Geo0,2021-09-13,960546,863518,1070457,11301,10063,12471,11645041,487878,-0.63264465,-0.7244637,18939244,0,0.5559206,202,5832395
Geo0,2021-09-20,1661044,1215356,921120,19542,14163,10731,5832395,487878,-0.020206705,-1.5114229,20635134,-6,1.089553,0,7696728
Geo0,2021-09-27,1101564,1294035,1245555,12960,15080,14511,7696728,487878,1.4515426,-0.6711726,19382532,-3,0,34799,11200444
Geo0,2021-10-04,1086592,923483,678850,12784,10762,7909,11200444,487878,2.0164177,-0.16415071,19300520,2,0.9845294,307127,8243364
Geo0,2021-10-11,1029246,1173585,1043496,12109,13676,12157,8243364,487878,0.9615391,0.4220463,20471628,-5,1.5786209,377410,11804831
Geo0,2021-10-18,1086088,1577894,803304,12778,18388,9359,11804831,487878,0.36119574,-0.30546933,20065048,2,0,0,9334966
Geo0,2021-10-25,1386670,442191,967977,16314,5153,11277,9334966,487878,-0.5987632,0.14141196,20694024,-1,0,0,13351890
Geo0,2021-11-01,880396,1369263,1327334,10358,15957,15464,13351890,487878,0.33029667,1.2681701,19662864,3,0,479203,10992153
Geo0,2021-11-08,477299,775927,958808,5615,9042,11170,10992153,487878,-0.016226262,1.2139597,19173788,3,1.5787075,470025,8079050
Geo0,2021-11-15,470510,1320098,590341,5536,15384,6878,8079050,487878,-0.49421322,3.2494621,18661080,-2,1.1300328,495078,11985197
Geo0,2021-11-22,1163566,1549209,1071456,13689,18054,12483,11985197,487878,0.93568575,0.2566672,18161234,1,0,126937,11809322
Geo0,2021-11-29,1663656,539721,1306228,19573,6290,15218,11809322,487878,0.027330041,0.7406813,19952630,1,0.0261873,205954,9636867
Geo0,2021-12-06,1113404,727042,895410,13099,8473,10432,9636867,487878,-0.03356865,0.31170642,20732672,1,0,29447,10917456
Geo0,2021-12-13,1631272,968540,526434,19192,11287,6133,10917456,487878,-0.31126687,-0.48883623,19128940,1,0,136572,8077164
Geo0,2021-12-20,1164139,345679,873053,13696,4028,10171,8077164,487878,0.86072326,-0.07130891,21821018,-3,1.4557307,284255,9139650
Geo0,2021-12-27,1315326,1145814,735448,15475,13353,8568,9139650,487878,-0.9655842,0.45107216,20438326,0,0,0,10738366
Geo0,2022-01-03,1396871,582139,1026476,16434,6784,11959,10738366,487878,-0.47562334,-0.46259028,18725940,0,0.013619795,0,6608068
Geo0,2022-01-10,1326438,796226,325991,15605,9279,3798,6608068,487878,0.42950368,-1.6772591,24122766,-3,0,0,11136832
Geo0,2022-01-17,275847,1216142,1157438,3245,14172,13485,11136832,487878,-1.6291564,0.8005363,20740390,2,2.4903753,487929,7190659
Geo0,2022-01-24,1223885,1513551,751565,14399,17638,8756,7190659,487878,-0.40192538,-2.3970306,18730200,-3,0,0,6888288
Geo0,2022-01-31,1034024,968645,706822,12165,11288,8235,6888288,487878,0.45713294,0.86050504,19804922,-6,0,506575,8042411
Geo0,2022-02-07,1012994,541528,1430522,11918,6311,16666,8042411,487878,-0.4965551,1.5591516,18510026,-5,0.24869093,155157,9471516
Geo0,2022-02-14,789354,834133,927199,9287,9721,10802,9471516,487878,2.116428,0.6951898,19183148,1,0,237597,10482902
Geo0,2022-02-21,865696,657444,0,10185,7662,0,10482902,487878,-2.3563435,0.102197394,18641804,0,1.0494665,215642,9044074
Geo0,2022-02-28,1335806,890949,518833,15716,10383,6045,9044074,487878,0.12923342,-0.113438696,18779154,0,0.78975,249437,12782131
Geo0,2022-03-07,1390526,1275168,432239,16359,14860,5036,12782131,487878,0.284594,1.1370645,20044244,4,0,243823,9816922
Geo0,2022-03-14,1193876,824002,910057,14046,9602,10603,9816922,487878,-0.17871842,0.014229178,18081918,1,0,201472,11246265
Geo0,2022-03-21,631761,608944,914980,7433,7096,10660,11246265,487878,-1.1868709,-1.491713,18347468,1,1.1935049,126196,11150507
Geo0,2022-03-28,866383,1044174,966286,10193,12168,11258,11150507,487878,-1.37861,1.3533523,17431854,1,0,476568,11083140
Geo0,2022-04-04,325954,869947,1065732,3835,10138,12416,11083140,487878,0.85015684,-0.72383606,18202482,2,0.06707682,71432,9814447
Geo0,2022-04-11,1464339,1132812,1241852,17228,13201,14468,9814447,487878,-1.2089398,-1.5254242,19185924,-1,1.6383218,23125,7846391
Geo0,2022-04-18,925303,890608,282095,10886,10379,3287,7846391,487878,-0.940853,-2.318157,17316812,-1,0,0,9781826
Geo0,2022-04-25,1228866,1471215,504840,14458,17145,5882,9781826,487878,-1.6358266,0.33082163,19763600,-1,0.4733336,48332,9859630
Geo0,2022-05-02,1167151,902626,1100681,13731,10519,12823,9859630,487878,-0.005049259,-0.49602363,15779503,-1,0.7193704,0,7939067
Geo0,2022-05-09,920271,322783,593022,10827,3762,6909,7939067,487878,-1.4216976,-0.85026455,17852502,-1,1.4950795,0,10640252
Geo0,2022-05-16,1575676,527562,1274300,18538,6148,14846,10640252,487878,0.10301748,-0.9344294,20036356,2,0,0,11313644
Geo0,2022-05-23,1429700,11085,616467,16820,129,7182,11313644,487878,0.85623324,-0.4434283,18377898,2,0.75847054,24392,11749987
Geo0,2022-05-30,1487059,1368259,1413477,17495,15945,16468,11749987,487878,-2.2206829,-0.6584718,21072622,1,2.5858955,315096,10823638
Geo0,2022-06-06,1370605,1400330,891658,16125,16319,10388,10823638,487878,-1.2487503,1.8107901,19092992,0,0,473898,11545950
Geo0,2022-06-13,884532,1018926,1349172,10406,11874,15718,11545950,487878,-0.6823603,-0.67876065,19239426,-1,0,0,10633778
Geo0,2022-06-20,835914,1198873,644953,9834,13971,7514,10633778,487878,-2.280542,1.1343421,19667504,1,0.30106974,21188,9029916
Geo0,2022-06-27,965356,1173200,892516,11357,13672,10398,9029916,487878,-1.1102456,1.0116013,17336278,-2,2.3646197,161962,14086724
Geo0,2022-07-04,1425224,1093060,825276,16768,12738,9615,14086724,487878,1.3211659,1.1586655,21060330,4,1.0622299,428218,8154833
Geo0,2022-07-11,1158609,1777745,1354500,13631,20717,15780,8154833,487878,-0.1673303,-0.9862238,20052730,-3,0,0,6501740
Geo0,2022-07-18,1094206,967426,1010378,12873,11274,11771,6501740,487878,-0.7474463,1.7219849,20905650,-3,0.001066133,79640,13428540
Geo0,2022-07-25,1563911,1208428,1029452,18399,14082,11994,13428540,487878,2.1983528,-0.42495847,19335618,3,0,70746,9812846
Geo0,2022-08-01,1443496,26405,357137,16983,308,4161,9812846,487878,0.5942442,0.6480067,20627968,1,0.053025767,72917,8620338
Geo0,2022-08-08,1172328,906701,779914,13792,10566,9086,8620338,487878,-1.3364316,-0.621883,19388090,0,0.12712906,53881,10190212
Geo0,2022-08-15,561050,1204739,708860,6601,14039,8258,10190212,487878,0.74234253,1.1299608,20688876,1,0,382009,8517234
Geo0,2022-08-22,1073036,794949,770116,12624,9264,8972,8517234,487878,1.4169893,1.5572851,20340052,-3,2.1704597,330101,11565210
Geo0,2022-08-29,1017367,1485772,1007871,11969,17314,11742,11565210,487878,1.2290671,-1.1452007,19950224,3,0,0,8550725
Geo0,2022-09-05,880139,1036457,1231910,10355,12078,14352,8550725,487878,1.6632881,-0.49532586,19536718,1,0,42253,15129782
Geo0,2022-09-12,692734,1101529,1832999,8150,12837,21355,15129782,487878,0.46307784,0.7472849,21563786,7,0.5371571,52877,11560236
Geo0,2022-09-19,951315,1366032,822790,11192,15919,9586,11560236,487878,1.0406995,1.0887835,20091586,1,1.7121215,304060,8459911
Geo0,2022-09-26,899185,1264844,983109,10579,14740,11454,8459911,487878,0.62559754,1.4755116,17738258,-1,1.9037877,156720,13414728
Geo0,2022-10-03,768974,904249,905435,9047,10538,10549,13414728,487878,1.84513,0.000629902,17124990,4,0.49525234,111019,10887018
Geo0,2022-10-10,1027544,723287,1168588,12089,8429,13614,10887018,487878,3.051661,1.3777279,18224850,0,0,441399,13368895
Geo0,2022-10-17,621412,913096,1078515,7311,10641,12565,13368895,487878,-0.023480624,-0.6229453,15719098,4,0,126316,10147564
Geo0,2022-10-24,1586578,679451,367384,18666,7918,4280,10147564,487878,-0.39045686,1.3595812,19153676,0,0,38764,8808728
Geo0,2022-10-31,1554646,1146720,1402046,18290,13363,16334,8808728,487878,1.1349496,0.8737269,19007688,1,0,44142,6750478
Geo0,2022-11-07,1178571,722657,472999,13866,8421,5511,6750478,487878,-1.3574674,-0.19535708,19618002,-9,1.0709755,223959,10823457
Geo0,2022-11-14,1191249,1226566,166242,14015,14294,1937,10823457,487878,1.0829043,-0.5786314,19448406,2,0.18471631,0,9879449
Geo0,2022-11-21,1850493,1106032,776217,21771,12889,9043,9879449,487878,2.5684571,0.7084166,18315428,-1,0,198037,9108034
Geo0,2022-11-28,1148530,670242,1124826,13512,7811,13105,9108034,487878,-0.23991112,-0.08572066,20292604,1,0.44002014,0,10849965
Geo0,2022-12-05,946574,1138796,387359,11136,13271,4513,10849965,487878,1.7712035,-0.55998945,21452334,1,0,292630,11188276
Geo0,2022-12-12,1348016,362138,978108,15859,4220,11395,11188276,487878,0.43662426,0.06374636,23102708,0,0,163344,10319051
Geo0,2022-12-19,1147509,1022291,1723791,13500,11913,20083,10319051,487878,0.044707805,0.85018,20790356,0,0.8958492,28884,11808522
Geo0,2022-12-26,1377061,968272,644266,16201,11284,7506,11808522,487878,0.18120709,-0.24844135,20421532,0,0,2391,8424855
Geo0,2023-01-02,1222182,922294,388873,14379,10748,4531,8424855,487878,-0.17927,-0.05996126,21289046,-3,0.33672917,314125,11741562
Geo0,2023-01-09,878882,858458,510697,10340,10004,5950,11741562,487878,-0.50717604,-0.43074533,19358228,3,0,0,8640608
Geo0,2023-01-16,1119397,500717,533789,13170,5835,6219,8640608,487878,-1.6848481,-1.5306635,18966990,-1,0,0,15023167
Geo0,2023-01-23,879782,1571388,1253652,10351,18312,14606,15023167,487878,-0.44457,-1.654838,21439210,7,0,0,7271287
Geo0,2023-01-30,216404,1539156,654523,2546,17937,7625,7271287,487878,-0.5034393,0.6843814,17700444,-2,0,327845,13604576
Geo0,2023-02-06,622088,723777,1890668,7319,8435,22027,13604576,487878,0.030964851,0.42364636,18295010,4,0.86505544,226138,12916461
Geo0,2023-02-13,759868,1051958,841026,8940,12259,9798,12916461,487878,0.1878117,-3.2211893,18948946,3,0,0,8444375
Geo0,2023-02-20,971149,1128102,890169,11426,13146,10371,8444375,487878,-0.9156432,0.6082955,16690144,-1,2.7043977,365901,10825067
Geo0,2023-02-27,980692,1014994,513177,11538,11828,5979,10825067,487878,1.0044158,-1.1133806,17900000,0,0.4241345,284763,8933171
Geo0,2023-03-06,1678167,218752,777464,19744,2549,9058,8933171,487878,-0.3503667,-0.086541116,17634826,1,0,89128,9070010
Geo0,2023-03-13,1490484,1889807,348439,17535,22023,4059,9070010,487878,-0.29209518,-1.6512051,18463268,-1,0.13892072,0,12087291
Geo0,2023-03-20,820285,1755447,886111,9651,20457,10324,12087291,487878,-1.8022707,1.4024874,17591334,3,0,74603,12742492
Geo0,2023-03-27,1829076,1187115,956604,21519,13834,11145,12742492,487878,-1.4912351,1.5805829,19990250,3,0,0,11401841
Geo0,2023-04-03,1284068,987344,1148564,15107,11506,13381,11401841,487878,-1.0930823,-0.8079912,18933426,1,0,0,10639713
Geo0,2023-04-10,937387,1740426,1413009,11028,20282,16462,10639713,487878,-0.13577867,-0.42502907,20252682,1,0,23429,12228138
Geo0,2023-04-17,1016498,1053856,825967,11959,12281,9623,12228138,487878,-1.4790956,-0.005551159,20445832,1,0,57460,10811116
Geo0,2023-04-24,1275501,1184514,635325,15006,13804,7402,10811116,487878,0.7725863,0.48848003,19246332,0,0.91592294,159312,13309504
Geo0,2023-05-01,1415563,412171,1627180,16654,4803,18957,13309504,487878,-0.30087912,-1.7956973,22112150,4,0.10965288,83829,9530256
Geo0,2023-05-08,1038966,1568634,719733,12223,18280,8385,9530256,487878,-1.7802922,-0.06326264,18694036,-1,0,135084,11431737
Geo0,2023-05-15,984081,1059843,1185779,11578,12351,13815,11431737,487878,-1.252212,-0.16797458,20884324,1,0.54361117,0,10786573
Geo0,2023-05-22,983019,510123,1855803,11565,5945,21621,10786573,487878,-0.8010889,-0.74721134,19143036,-1,1.6832058,0,11718583
Geo0,2023-05-29,747186,1082406,480461,8791,12614,5598,11718583,487878,-0.5501341,-1.3511072,20888974,0,0.25525734,0,9041829
Geo0,2023-06-05,813971,1128674,669163,9576,13153,7796,9041829,487878,-0.26034456,2.111864,18431992,-3,0.25686273,283677,6326195
Geo0,2023-06-12,757478,497944,1211476,8912,5803,14114,6326195,487878,0.18249226,-1.2788186,18940340,-5,0,0,11408292
Geo0,2023-06-19,904159,650705,358313,10637,7583,4174,11408292,487878,-0.46319485,0.037628412,17572618,2,0.90638375,275192,13251466
Geo0,2023-06-26,962731,486869,882744,11326,5674,10284,13251466,487878,-0.91686636,-0.93919355,17735310,1,0.25472853,0,11369634
Geo0,2023-07-03,982712,401074,0,11562,4674,0,11369634,487878,0.5183017,-1.2439843,17002814,1,1.0423979,0,11920673
Geo0,2023-07-10,1001287,1320588,798343,11780,15389,9301,11920673,487878,-1.9768672,0.21212578,18463794,1,0,154767,7651417
Geo0,2023-07-17,951837,1391066,856172,11198,16211,9975,7651417,487878,0.5035022,-2.3320017,17862766,-3,0.23483135,0,8495941
Geo0,2023-07-24,786936,429157,840064,9258,5001,9787,8495941,487878,0.45361844,-0.553414,17786792,-3,0,0,9427120
Geo0,2023-07-31,675500,1838356,1001580,7947,21423,11669,9427120,487878,1.4869119,-0.7411159,17521670,-2,1.0618486,289926,9853803
Geo0,2023-08-07,1032236,1010479,575745,12144,11776,6708,9853803,487878,-0.17118827,-2.2247999,17048046,-1,2.7463713,251270,10460325
Geo0,2023-08-14,1352825,1646221,342461,15916,19184,3990,10460325,487878,2.5932772,-0.014956832,19910570,1,0,28169,9288801
Geo0,2023-08-21,1402919,1102975,748343,16505,12853,8718,9288801,487878,-1.2158941,-0.5780036,18814944,-2,0.3824602,0,12979653
Geo0,2023-08-28,1224614,593217,895013,14408,6913,10427,12979653,487878,1.5675192,0.8500572,18825960,2,0.6147878,243407,12790329
Geo0,2023-09-04,728687,1167461,944832,8573,13605,11008,12790329,487878,2.2832355,0.5938237,18950846,4,0.7066211,152068,5947642
Geo0,2023-09-11,1557922,1243621,738099,18329,14493,8599,5947642,487878,-0.18241239,-1.3806567,20426670,-7,0,0,9506954
Geo0,2023-09-18,1015242,514511,935873,11944,5996,10903,9506954,487878,-0.14049292,1.3925332,20235826,0,0.56078744,187471,8379074
Geo0,2023-09-25,1139347,1206184,459865,13404,14056,5358,8379074,487878,0.5181185,1.4628673,20018570,0,0,168572,10460695
Geo0,2023-10-02,1022960,1033350,1104201,12035,12042,12864,10460695,487878,-1.6781695,1.6788213,21203658,-1,0.35144922,149032,11028582
Geo0,2023-10-09,1271466,1301645,447006,14959,15169,5208,11028582,487878,2.9874253,0.35291868,20254174,0,0,302805,11141555
Geo0,2023-10-16,1253999,732350,1121758,14753,8534,13069,11141555,487878,0.8134521,1.4057963,22082520,-1,1.7764667,267219,12873360
Geo0,2023-10-23,1178158,706963,578203,13861,8239,6736,12873360,487878,0.6495202,1.0289708,19414102,4,0,52585,13971834
Geo0,2023-10-30,1028045,1245403,627996,12095,14513,7316,13971834,487878,1.7949613,-0.6812645,19996544,3,0,131601,14047823
Geo0,2023-11-06,1335902,745994,1123052,15717,8693,13084,14047823,487878,0.3260366,1.6720053,21220586,3,0.8533168,123878,10337488
Geo0,2023-11-13,935963,1092481,1012533,11012,12731,11796,10337488,487878,0.89583445,0.19123673,21151482,-1,0,180819,11807753
Geo0,2023-11-20,1354571,1109064,399197,15936,12924,4651,11807753,487878,0.48896912,-1.5795896,18562366,2,0.14500114,0,9643752
Geo0,2023-11-27,1409242,761987,469000,16580,8880,5464,9643752,487878,-0.4569539,0.75998265,22029212,-1,1.3265772,28740,8589506
Geo0,2023-12-04,808358,1314470,672942,9510,15318,7840,8589506,487878,-1.3869402,-1.7434634,20722242,0,0.5872622,0,14595668
Geo0,2023-12-11,1631338,871883,693697,19193,10160,8082,14595668,487878,0.18506959,0.7492187,21125442,5,0,147360,9331052
Geo0,2023-12-18,788814,891587,601536,9280,10390,7008,9331052,487878,0.504395,0.09916818,19653820,-1,0,256189,14130759
Geo0,2023-12-25,1486308,1373201,747388,17486,16003,8707,14130759,487878,-1.4900186,-0.6456119,18667764,6,0,208967,12341323
Geo0,2024-01-01,881636,939744,468807,10372,10951,5462,12341323,487878,-1.4336833,-1.4066994,21442404,0,0,0,11486549
Geo0,2024-01-08,1414405,202098,898113,16640,2355,10463,11486549,487878,-1.7149,-1.5670278,19125984,4,0,0,9702078
Geo0,2024-01-15,545960,657284,816793,6423,7660,9516,9702078,487878,0.035612315,-0.9478129,18798374,-2,0,0,15945296
Geo1,2021-01-25,3249059,171831,1121346,38225,2002,13064,15945296,941247,1.0094333,1.3229833,18655918,-1,0,236553,16479433
Geo1,2021-02-01,872472,1546470,1476031,10265,18022,17196,16479433,941247,-1.590099,-1.3597856,18926730,1,0,0,17929720
Geo1,2021-02-08,1713640,1961801,1990412,20161,22862,23189,17929720,941247,-1.2895136,1.6275752,20537558,0,0,419210,9901756
Geo1,2021-02-15,1477233,1935143,2274738,17380,22551,26502,9901756,941247,-0.016199833,0.41538808,19504990,-4,0.07980612,0,21809000
Geo1,2021-02-22,1896320,3263310,1589170,22310,38029,18514,21809000,941247,-1.203648,-2.4560122,17923064,5,0,0,16133746
Geo1,2021-03-01,1055936,364704,2480733,12423,4250,28901,16133746,941247,-0.8985154,0.9760616,13843347,0,0,285636,17408398
Geo1,2021-03-08,2517025,1080346,1708515,29613,12590,19905,17408398,941247,-0.3466078,-0.084011585,18862870,-1,0,0,20379358
Geo1,2021-03-15,2358190,2440934,1402306,27744,28445,16337,20379358,941247,2.002528,-1.7444731,18996902,4,1.0267199,478950,17104192
Geo1,2021-03-22,2226349,1066748,961092,26193,12431,11197,17104192,941247,1.3799336,1.3186967,22548404,3,0.4663515,403514,18802776
Geo1,2021-03-29,3286955,321236,1032679,38671,3744,12031,18802776,941247,-0.31317762,2.577884,21003620,1,0,17792,20482694
Geo1,2021-04-05,2162960,1700530,3022178,25447,19817,35210,20482694,941247,-0.42725042,-1.0355306,22984166,2,0,89849,15270754
Geo1,2021-04-12,1973520,2080400,2093255,23218,24244,24387,15270754,941247,-0.7331597,-0.88391984,20227136,-4,0.066592455,0,17383908
Geo1,2021-04-19,2703812,1774516,1351152,31810,20679,15741,17383908,941247,-1.5561299,-2.774277,19445714,0,0.13555102,0,16752572
Geo1,2021-04-26,1683002,1412168,404169,19800,16457,4709,16752572,941247,-0.5889628,-0.18811141,24835296,-2,0,0,18024704
Geo1,2021-05-03,1842886,1303069,1858874,21681,15185,21657,18024704,941247,-0.28827938,0.18085691,21056706,3,0.4350424,288245,22036498
Geo1,2021-05-10,1294739,833724,970160,15233,9716,11303,22036498,941247,-1.3558961,-1.0025408,24077608,4,0.45473754,0,17983012
Geo1,2021-05-17,1948196,1769392,2422375,22920,20620,28222,17983012,941247,-1.6512746,-0.73557544,19976664,1,0,0,13722746
Geo1,2021-05-24,2639568,963594,2391798,31054,11229,27865,13722746,941247,0.3012076,-0.7583865,18538054,-2,2.6867244,176927,13206983
Geo1,2021-05-31,1967258,1958445,1568527,23145,22823,18274,13206983,941247,-0.38730177,2.0158389,23225084,-5,0.06223619,484184,18403316
Geo1,2021-06-07,3213296,3146476,2825195,37804,36667,32915,18403316,941247,0.16884914,-0.25909993,23435678,-1,0.38999146,146623,16450813
Geo1,2021-06-14,449417,1781891,1502747,5287,20765,17508,16450813,941247,-1.1998879,-0.5185815,22212106,-1,1.0177737,0,8394198
Geo1,2021-06-21,1149256,1909751,2714202,13521,22255,31621,8394198,941247,3.924682,-0.7969333,19983376,-7,0.9326464,566004,21316148
Geo1,2021-06-28,2246048,2603383,1368502,26425,30338,15944,21316148,941247,1.1030211,1.4466391,22805504,5,1.2320731,1012480,10221309
Geo1,2021-07-05,1866865,1077348,1944191,21964,12555,22651,10221309,941247,0.5860656,-1.852821,20475952,-6,0,0,20181066
Geo1,2021-07-12,1914560,1970196,794393,22525,22960,9255,20181066,941247,-0.9556161,0.06406179,22674076,1,0,0,22219026
Geo1,2021-07-19,1971187,2005110,2543432,23191,23367,29632,22219026,941247,0.9151922,0.59606355,21630858,2,0,262055,15879501
Geo1,2021-07-26,2298667,2074371,1908076,27044,24174,22230,15879501,941247,1.2076584,-1.1591729,20964116,-1,0,188305,15579609
Geo1,2021-08-02,1651691,1989898,1677991,19432,23189,19549,15579609,941247,-0.9165772,0.35311782,22246212,-1,1.7389642,70414,14253325
Geo1,2021-08-09,355249,1111752,668620,4179,12956,7790,14253325,941247,1.937835,-1.0735035,19482172,-2,0.24422252,0,14996172
Geo1,2021-08-16,1944218,2342249,1432624,22874,27295,16691,14996172,941247,-0.2637428,-1.9054031,23616376,0,1.2483022,0,27267816
Geo1,2021-08-23,2530378,2178522,2368345,29770,25387,27592,27267816,941247,1.5899689,0.88152635,21053700,6,2.8456528,682946,14134221
Geo1,2021-08-30,1999380,1464353,1535047,23523,17065,17884,14134221,941247,-0.77308255,-2.1050136,25731956,-2,0,0,17981470
Geo1,2021-09-06,1944852,1903785,2033825,22881,22186,23695,17981470,941247,-0.41888237,-0.5010134,20850340,3,0,0,24818246
Geo1,2021-09-13,1110063,2231996,2555113,13060,26011,29768,24818246,941247,-1.0677353,-1.325591,19839540,5,0,0,12440226
Geo1,2021-09-20,2791750,2709911,1489143,32845,31580,17349,12440226,941247,0.6006217,0.8751066,22683138,-2,0,192972,15189921
Geo1,2021-09-27,1800641,2473369,1838113,21184,28823,21415,15189921,941247,1.0217068,1.3596729,20350836,0,0.19402242,399490,12174457
Geo1,2021-10-04,1978757,2217915,1558441,23280,25846,18156,12174457,941247,0.14522865,1.7772478,20512114,-3,2.131112,860451,18975714
Geo1,2021-10-11,1567225,1037272,1782963,18438,12088,20772,18975714,941247,-0.06909673,-0.3326936,22376262,0,1.7002289,0,13510264
Geo1,2021-10-18,2013967,758845,544644,23694,8843,6345,13510264,941247,2.4175816,-0.028037712,20343930,-2,0,163126,14921516
Geo1,2021-10-25,2993981,968306,2262526,35224,11284,26359,14921516,941247,-0.64325106,-0.1362027,22844100,-1,0,0,16790044
Geo1,2021-11-01,2465251,1351104,2135592,29004,15745,24880,16790044,941247,-1.6542926,1.8718199,20791272,0,0,690017,14983093
Geo1,2021-11-08,2262097,706358,1589934,26613,8232,18523,14983093,941247,0.09079747,0.9487828,22635290,0,0.11065988,68225,12155150
Geo1,2021-11-15,1644000,1653841,1523907,19342,19273,17754,12155150,941247,1.7073146,2.3619874,22260006,-2,0.95506644,768535,21088974
Geo1,2021-11-22,2934812,1892892,861640,34528,22059,10038,21088974,941247,1.0709807,0.98985887,21571572,3,1.2819239,579178,14004797
Geo1,2021-11-29,2506130,1726072,2639705,29485,20115,30754,14004797,941247,-0.94543916,-0.84013206,23091878,-4,0.7171908,0,14265046
Geo1,2021-12-06,2147874,2002502,1287538,25270,23336,15000,14265046,941247,-0.7009895,3.1038039,24241570,0,3.0241275,540989,19616832
Geo1,2021-12-13,1682187,1343360,1200948,19791,15655,13991,19616832,941247,-1.703997,-0.19721353,21030172,3,0,21285,15257295
Geo1,2021-12-20,2344662,1376329,2041942,27585,16039,23789,15257295,941247,-0.8394829,0.27352864,26481240,0,4.028789,671448,18956950
Geo1,2021-12-27,2405136,2707312,1831690,28296,31550,21340,18956950,941247,1.5930128,0.89794564,24232698,4,0.01877357,585708,20313506
Geo1,2022-01-03,3623377,1485590,1611822,42629,17312,18778,20313506,941247,-0.056928277,0.69148713,19646190,2,0.70958173,71098,14636435
Geo1,2022-01-10,1998569,1428815,1477716,23513,16651,17216,14636435,941247,2.198588,-1.6271515,28146170,1,2.3069,263591,13726566
Geo1,2022-01-17,2015599,1660691,1918247,23713,19353,22348,13726566,941247,1.460584,1.3222189,22818668,-1,0,151805,16243176
Geo1,2022-01-24,1967965,1429301,1034524,23153,16656,12053,16243176,941247,2.7440524,1.0958943,20067942,2,0.043197215,563701,18859798
Geo1,2022-01-31,2456638,2391834,2099255,28902,27873,24457,18859798,941247,0.9834512,0.68485504,21135934,1,1.2893658,299006,19300296
Geo1,2022-02-07,1632519,1866966,2094473,19207,21757,24401,19300296,941247,-2.0287554,0.71263033,19865380,1,0.4274778,774919,8780437
Geo1,2022-02-14,1598289,1185448,1317174,18804,13815,15346,8780437,941247,0.50027764,-0.64570653,22192652,-4,0.90896535,0,19693670
Geo1,2022-02-21,2395291,1143012,777731,28181,13320,9061,19693670,941247,-2.0813184,-0.55683655,21706806,3,0,12184,11911730
Geo1,2022-02-28,2445241,1477359,1278902,28768,17216,14900,11911730,941247,-0.6322006,0.65688145,21547710,-3,0,178652,21515650
Geo1,2022-03-07,1936802,1581099,704182,22786,18425,8204,21515650,941247,0.48618948,-1.0575843,22823404,5,0,249906,17932068
Geo1,2022-03-14,1484850,1540417,2056521,17469,17951,23959,17932068,941247,-1.5509839,-1.6482319,19673138,3,0.27413988,0,19959302
Geo1,2022-03-21,1095602,1224024,1835884,12890,14264,21389,19959302,941247,-1.7468109,-2.556924,19961464,3,0,164968,12123306
Geo1,2022-03-28,899201,2868845,2015500,10579,33432,23481,12123306,941247,-2.745525,0.98249424,18136148,-4,0,262651,16306761
Geo1,2022-04-04,1279510,1817814,1944050,15053,21184,22649,16306761,941247,-1.5977135,2.3858063,22017608,0,0,530685,14774819
Geo1,2022-04-11,2815610,1579620,2189197,33126,18408,25505,14774819,941247,1.3598661,-0.8903797,20814002,-1,0,105188,13317927
Geo1,2022-04-18,2269670,1749989,917679,26703,20393,10691,13317927,941247,-0.9158129,-0.47464415,19179768,-1,0.8024889,0,14813734
Geo1,2022-04-25,2209572,3139788,213082,25996,36589,2482,14813734,941247,1.1405381,-1.4114151,22403074,-2,0.35965616,0,15278912
Geo1,2022-05-02,1526402,1185500,1734228,17958,13815,20204,15278912,941247,1.0305816,1.2837126,16086666,0,0.002096415,276770,8083792
Geo1,2022-05-09,1611150,314946,1587808,18955,3670,18499,8083792,941247,0.37875354,-0.7872586,19082654,-5,0.36829284,0,14029729
Geo1,2022-05-16,2645075,1364396,1525580,31119,15900,17774,14029729,941247,1.2753017,-0.9091912,22683016,-2,0,15341,15529323
Geo1,2022-05-23,2606890,592682,1780087,30670,6907,20739,15529323,941247,0.1280477,1.890418,18697098,-1,0,504610,20278000
Geo1,2022-05-30,2833796,1538471,2945676,33339,17929,34318,20278000,941247,-1.4179785,-0.49189323,23011836,2,0.08259082,241112,21978110
Geo1,2022-06-06,2892372,2474818,2499286,34029,28840,29118,21978110,941247,-0.8145436,0.10981107,18936438,4,1.578084,175312,25019278
Geo1,2022-06-13,2907648,1881390,1628917,34208,21925,18977,25019278,941247,-0.44864246,-1.2731397,20763682,4,0,0,14043251
Geo1,2022-06-20,2163657,1683212,1883210,25455,19615,21940,14043251,941247,-1.1920736,-2.1008265,21477508,-1,1.9604217,148281,17592836
Geo1,2022-06-27,1688641,2444302,2215760,19867,28485,25814,17592836,941247,-1.3493323,0.16590899,16893066,0,0.42249388,0,21714390
Geo1,2022-07-04,1337296,893792,2080142,15733,10416,24234,21714390,941247,-0.46503088,-1.988564,23351634,2,1.8971391,301828,18146592
Geo1,2022-07-11,2393000,2281414,2335682,28154,26586,27212,18146592,941247,-1.4675448,0.23185036,20543862,2,0,0,8279939
Geo1,2022-07-18,2222530,2044369,938823,26148,23824,10938,8279939,941247,-0.41162318,-1.4287785,23906126,-4,0,0,20054358
Geo1,2022-07-25,1239326,1188497,2308950,14581,13850,26900,20054358,941247,0.96958315,0.51993906,20431516,2,0.83042586,645031,16418532
Geo1,2022-08-01,2911672,965842,372304,34256,11255,4337,16418532,941247,0.038622044,-1.0628493,21125030,0,0,0,14935675
Geo1,2022-08-08,2203544,1562985,2488492,25925,18214,28992,14935675,941247,0.010166407,0.754644,20244640,1,0,451130,17255564
Geo1,2022-08-15,2022986,1447539,1906253,23800,16869,22209,17255564,941247,-0.026392832,1.3682697,22860670,2,1.2570891,603873,13978269
Geo1,2022-08-22,2559200,2078293,1239454,30109,24219,14440,13978269,941247,-1.1309938,-0.6031672,24173050,-2,0,170061,12797481
Geo1,2022-08-29,2520280,1942000,594877,29651,22631,6931,12797481,941247,0.11987983,-0.47277117,21294978,-1,1.1959465,0,10718703
Geo1,2022-09-05,1687117,2622190,1734510,19849,30558,20208,10718703,941247,-0.44015318,-0.52214533,20460874,0,0,0,17673990
Geo1,2022-09-12,1542555,1839764,2950422,18148,21440,34374,17673990,941247,1.6125498,1.1419436,26098106,0,0,569186,9930298
Geo1,2022-09-19,1591112,2600000,1771104,18719,30299,20634,9930298,941247,0.82654816,0.29657945,23583392,-6,0.090628564,0,17937294
Geo1,2022-09-26,1077896,3680172,1929155,12681,42887,22475,17937294,941247,-1.0333297,0.2292816,19139284,3,1.822931,376288,18360754
Geo1,2022-10-03,2080753,629315,1917778,24480,7334,22343,18360754,941247,3.0660248,1.1462232,18497068,1,0,260087,13368712
Geo1,2022-10-10,1315953,1372067,1909502,15482,15989,22246,13368712,941247,2.000359,0.018626064,22798008,-4,1.7848256,656173,18104982
Geo1,2022-10-17,2142996,487249,1020958,25212,5678,11895,18104982,941247,1.1866264,1.7820536,16395452,0,0,655125,21849484
Geo1,2022-10-24,2418184,1393362,588263,28450,16238,6853,21849484,941247,0.28979895,-1.1189816,22077108,5,0.5175623,91970,11178092
Geo1,2022-10-31,2303518,1619995,1770885,27101,18879,20631,11178092,941247,1.9557768,-0.54230475,20680640,0,0.2610157,41368,26975610
Geo1,2022-11-07,1924576,69498,1047929,22643,810,12209,26975610,941247,2.5497599,1.5828694,21555754,6,1.2825522,779251,13870452
Geo1,2022-11-14,2112437,1628615,679510,24853,18979,7917,13870452,941247,0.2875365,0.5619452,20628516,0,2.2082489,661678,19297212
Geo1,2022-11-21,4513479,1759292,1931166,53101,20502,22499,19297212,941247,1.8565797,0.7589061,18857516,3,0,337250,18688630
Geo1,2022-11-28,2557569,1551242,2910586,30090,18077,33909,18688630,941247,0.36614412,0.75018424,22265658,5,0.858506,186239,17696826
Geo1,2022-12-05,1648794,1646545,1180098,19398,19188,13749,17696826,941247,-0.3926678,-2.6846898,23776472,2,0,0,11208468
Geo1,2022-12-12,2287438,2630611,1368511,26912,30656,15944,11208468,941247,-0.97004557,-0.92442214,26395920,-6,1.2209533,0,14587405
Geo1,2022-12-19,2036535,2372824,2096799,23960,27652,24429,14587405,941247,0.2244845,0.2510813,22305976,-1,0.8592573,0,11666231
Geo1,2022-12-26,1749714,1195875,2593121,20585,13936,30211,11666231,941247,0.78196216,-1.4222177,19932348,-7,2.114701,0,13776148
Geo1,2023-01-02,2578227,2917711,1240762,30333,34001,14455,13776148,941247,0.34161925,-0.4937448,23964828,-3,0,350647,16829674
Geo1,2023-01-09,1538592,527211,1008268,18101,6144,11747,16829674,941247,-1.1172426,-0.4931349,19819112,1,0,1828,14204317
Geo1,2023-01-16,884174,1282792,835770,10402,14949,9737,14204317,941247,0.93937916,-0.2517872,19372776,-1,0,28830,15209411
Geo1,2023-01-23,983022,2538034,1965168,11565,29577,22895,15209411,941247,0.20712447,-0.47995254,23895710,-1,0,0,14223698
Geo1,2023-01-30,1005099,2070335,1306569,11825,24127,15222,14223698,941247,0.21645117,-0.74457306,19067972,0,0.19615003,359973,12147623
Geo1,2023-02-06,2039324,1681048,3607416,23993,19590,42028,12147623,941247,-0.72204417,-0.3820169,20006798,-5,0,0,16783962
Geo1,2023-02-13,2886258,1938069,2732391,33957,22585,31833,16783962,941247,1.6092869,-0.20222768,23030812,0,0,0,14245309
Geo1,2023-02-20,806738,1715110,1591294,9491,19987,18539,14245309,941247,0.006296635,-0.39827448,18454420,-1,0.967601,407824,17902250
Geo1,2023-02-27,1244177,1452658,495910,14638,16929,5778,17902250,941247,0.6662595,-1.2452785,21320102,0,0,63323,14196193
Geo1,2023-03-06,2228485,1293328,850186,26218,15072,9905,14196193,941247,-2.462524,-2.1990783,18906016,1,1.0375158,0,16423487
Geo1,2023-03-13,2450398,3494132,818154,28829,40719,9532,16423487,941247,-1.5695583,-0.2835613,20657368,0,0,95271,22253354
Geo1,2023-03-20,2425000,2605591,2418886,28530,30364,28181,22253354,941247,-1.6650238,0.26667356,18442120,5,0,39777,20926134
Geo1,2023-03-27,2944401,1026146,3137801,34641,11958,36557,20926134,941247,-0.15625036,-0.15495354,22780486,2,0,0,20156904
Geo1,2023-04-03,3816118,1105163,1311830,44896,12879,15283,20156904,941247,-1.1205015,0.70448905,19612582,2,2.0768871,617199,18063666
Geo1,2023-04-10,2194330,2266304,1854481,25816,26410,21605,18063666,941247,-1.9763683,0.6380145,21672458,2,0,0,17005142
Geo1,2023-04-17,1846056,2379775,749460,21719,27733,8731,17005142,941247,-0.6708144,-0.37215164,22181904,0,0,35755,13100399
Geo1,2023-04-24,2605377,2915656,1421703,30652,33978,16563,13100399,941247,0.90439403,-1.5561934,19445702,-3,0,0,19812558
Geo1,2023-05-01,2656815,1679091,2224821,31257,19567,25920,19812558,941247,-0.9970741,0.5827402,25529584,3,0,96087,16754764
Geo1,2023-05-08,3070952,958403,1280718,36130,11169,14921,16754764,941247,0.89536834,-0.88825345,19708902,0,0,18016,19646824
Geo1,2023-05-15,2611896,2675865,2387763,30729,31183,27818,19646824,941247,-1.02683,1.0412658,23729702,1,0.13516766,0,17133630
Geo1,2023-05-22,1722353,1371186,2997356,20263,15979,34920,17133630,941247,0.76736987,0.16271597,21656524,-1,0.1328432,346517,17338920
Geo1,2023-05-29,1039397,2538922,1653632,12228,29587,19265,17338920,941247,0.58786774,0.1681942,25409336,-2,0.9072281,401831,19686148
Geo1,2023-06-05,1374010,1956288,1188282,16165,22798,13844,19686148,941247,-0.43463165,-0.04719828,20274268,2,0,211649,13164073
Geo1,2023-06-12,2076441,1128163,1591478,24429,13147,18541,13164073,941247,-1.7472458,-1.511303,22520014,-2,0,0,20592246
Geo1,2023-06-19,2897111,1867773,2301069,34084,21766,26808,20592246,941247,-0.14198035,-0.80555606,20531986,3,0,324079,22043628
Geo1,2023-06-26,2046320,1862794,1107732,24075,21708,12905,22043628,941247,-0.76491815,-0.1686179,19701740,1,0.037960976,0,24009232
Geo1,2023-07-03,2272707,2239727,856885,26738,26101,9983,24009232,941247,-1.4721451,0.08144534,20368554,4,1.0529433,0,19945760
Geo1,2023-07-10,652150,1585177,1002539,7673,18473,11680,19945760,941247,-1.926363,-1.7640166,21711546,0,0,0,13927654
Geo1,2023-07-17,2141514,1704799,774875,25195,19867,9028,13927654,941247,-0.41704154,0.7822099,20993950,-1,0,141240,15593552
Geo1,2023-07-24,614323,1926932,2242988,7227,22455,26132,15593552,941247,1.2492123,0.64434,20722934,-1,0,277803,17080662
Geo1,2023-07-31,866497,1470978,1882059,10194,17142,21927,17080662,941247,1.0482781,-0.6412653,20988762,0,1.4972384,129012,18471684
Geo1,2023-08-07,2247358,940131,1897376,26440,10956,22105,18471684,941247,0.184618,-0.5548172,19378602,0,2.7904472,177187,13827195
Geo1,2023-08-14,2687466,2007596,615007,31618,23395,7165,13827195,941247,1.8778713,-0.88958746,23452038,-2,0.7633261,177958,20401704
Geo1,2023-08-21,3147513,1488824,383476,37030,17350,4468,20401704,941247,-0.28471398,-1.9172231,21009682,2,0,0,11139696
Geo1,2023-08-28,2020696,899067,1098627,23773,10477,12799,11139696,941247,0.35370055,1.2221984,20965728,-6,0.7745005,348315,19316976
Geo1,2023-09-04,1642380,1929831,2019183,19323,22489,23524,19316976,941247,2.0173001,-0.92890114,20898564,2,0,415294,13019684
Geo1,2023-09-11,2223679,369404,1673263,26161,4305,19494,13019684,941247,0.6251661,-0.18074477,21826794,-3,0.517767,272682,16420128
Geo1,2023-09-18,2368706,2197296,1301653,27868,25606,15165,16420128,941247,2.404037,0.76558924,23541798,0,0,550859,13788074
Geo1,2023-09-25,1863287,2214215,200512,21921,25803,2336,13788074,941247,0.59100056,-0.9647798,21312812,1,0,0,15893152
Geo1,2023-10-02,1573602,1807489,1489609,18513,21064,17355,15893152,941247,-1.7256455,0.9433538,24049230,-2,1.1645869,515646,14154638
Geo1,2023-10-09,1928490,1373075,1485807,22689,16001,17310,14154638,941247,2.3086085,0.2030055,22695758,-3,0,629389,13914095
Geo1,2023-10-16,2221526,1543045,1557335,26136,17982,18144,13914095,941247,1.1519096,0.29500297,25325772,-4,2.4254413,362997,14289654
Geo1,2023-10-23,999456,2025308,1021656,11759,23602,11903,14289654,941247,-1.9491954,1.257282,21527820,0,0,672080,16768641
Geo1,2023-10-30,966911,714811,2306967,11376,8330,26877,16768641,941247,-0.4070109,0.9152435,21680468,-1,0.65285754,378596,22632636
Geo1,2023-11-06,2394970,2450728,1314591,28177,28560,15315,22632636,941247,2.3862107,0.4599416,23149952,2,0,254131,20880238
Geo1,2023-11-13,1455222,1651356,1728907,17121,19244,20142,20880238,941247,1.7964562,0.2712815,23588102,3,0,0,11473728
Geo1,2023-11-20,1999091,1048367,1174363,23519,12217,13682,11473728,941247,1.8338875,0.5249634,17914464,-4,0,0,21933392
Geo1,2023-11-27,2088006,2216159,310701,24565,25826,3620,21933392,941247,1.2072486,1.8714361,23853522,5,0,542001,11176780
Geo1,2023-12-04,1074368,1453101,1817958,12640,16934,21180,11176780,941247,-0.068579346,-0.5006899,21952366,-2,2.370615,292119,15239466
Geo1,2023-12-11,2040208,975203,1509506,24003,11365,17586,15239466,941247,-0.004930817,1.3438869,21933684,-1,0,542993,22965158
Geo1,2023-12-18,2235094,1903182,1614915,26296,22179,18814,22965158,941247,0.4193798,0.064059734,19897824,6,0,222113,14533628
Geo1,2023-12-25,2173519,2555166,1034913,25571,29777,12057,14533628,941247,-0.74791664,2.0886235,16946264,-1,1.8949735,575692,22839104
Geo1,2024-01-01,2006739,1663804,275187,23609,19389,3206,22839104,941247,-0.08447036,-1.8070778,23286668,3,0,0,14697794
Geo1,2024-01-08,2455150,0,933430,28885,0,10875,14697794,941247,1.4424813,-0.5829132,19256220,2,0,95607,20418650
Geo1,2024-01-15,2177960,1847869,2211162,25624,21534,25761,20418650,941247,-0.68230915,0.17230359,21245322,2,0.38105553,2245629,17023358
Geo10,2021-01-25,2291602,1119632,1967924,26961,13048,22927,17023358,977476,-0.744678,0.5478338,19242216,-3,0,0,25360164
Geo10,2021-02-01,1794569,1595094,2299890,21113,18588,26795,25360164,977476,-0.923498,-0.32305935,19661906,5,0,7469,27576314
Geo10,2021-02-08,1411095,2054795,1457054,16601,23946,16975,27576314,977476,0.6015028,-0.82289124,21221116,5,0.69188297,524398,19438838
Geo10,2021-02-15,1143924,2851374,1478723,13458,33228,17228,19438838,977476,1.1699595,-0.072357,19853904,1,0,0,18562592
Geo10,2021-02-22,2813198,2417210,703111,33097,28169,8192,18562592,977476,-1.6916357,-0.4160915,19518180,0,0.10684907,512477,10394360
Geo10,2021-03-01,2289044,1014245,1572254,26931,11819,18317,10394360,977476,-1.5200653,-0.74161434,16145840,-7,0,0,17247756
Geo10,2021-03-08,2294989,1692190,1435984,27000,19720,16730,17247756,977476,1.9102787,-0.0503321,20519928,-4,0,888291,18631650
Geo10,2021-03-15,2358313,135699,2746261,27745,1581,31995,18631650,977476,0.5659203,-2.0904458,20790278,-1,0.4095841,1772606,16632555
Geo10,2021-03-22,2856920,1289173,1755488,33612,15023,20452,16632555,977476,-0.15373509,0.9782561,25294614,-2,0,431249,23338874
Geo10,2021-03-29,3061824,1027396,1364953,36022,11973,15902,23338874,977476,-1.1545408,-1.7978218,23171724,2,0,0,24795756
Geo10,2021-04-05,3108048,1747762,1829229,36566,20368,21311,24795756,977476,1.2082852,-0.01237838,25457458,3,0,0,22440728
Geo10,2021-04-12,1897103,2685890,1394615,22319,31300,16248,22440728,977476,-2.526429,-0.34876043,21593452,-1,0,796486,19310572
Geo10,2021-04-19,2480466,2398565,1389351,29183,27952,16186,19310572,977476,1.7409887,-1.6216058,21077484,-2,0.5551785,1103153,26072916
Geo10,2021-04-26,2276564,2192098,923906,26784,25546,10764,26072916,977476,0.3625688,0.1295897,27843442,3,0.3981601,0,13757949
Geo10,2021-05-03,1461410,952040,967512,17193,11095,11272,13757949,977476,-2.0388741,0.79287475,23296220,-4,1.3953645,1701121,27948754
Geo10,2021-05-10,1931839,306473,1023713,22728,3571,11927,27948754,977476,-0.20491126,-0.9759681,25590692,6,0.20119683,950923,20096734
Geo10,2021-05-17,2957057,1740512,1853415,34790,20283,21593,20096734,977476,-0.6542927,-0.1398325,20901118,0,1.0586084,270853,17716926
Geo10,2021-05-24,2462686,56647,1718683,28973,660,20023,17716926,977476,-1.0935966,0.6489837,20879162,-2,0.80257,0,23284754
Geo10,2021-05-31,2995122,1995809,1505602,35237,23258,17541,23284754,977476,1.1012125,-0.7571075,26152580,0,1.5460832,1655623,20945584
Geo10,2021-06-07,1981326,1983378,2838206,23310,23113,33066,20945584,977476,1.2122355,-0.14985579,24505272,-2,0,340748,23934892
Geo10,2021-06-14,1645221,1053038,2150088,19356,12272,25049,23934892,977476,-2.360023,0.05325356,24523956,2,0,2344098,25593460
Geo10,2021-06-21,2038705,1807888,2140828,23985,21068,24941,25593460,977476,2.675421,0.52788275,22129300,5,0.3898582,2634084,22232212
Geo10,2021-06-28,2291875,2148624,904916,26964,25039,10543,22232212,977476,-0.75186497,-0.37690645,24717998,3,0.5535859,795747,27291804
Geo10,2021-07-05,2483775,1880951,3058521,29222,21920,35633,27291804,977476,-0.1642048,-1.8449198,22478324,4,0,0,19739782
Geo10,2021-07-12,2606439,2000453,2173290,30665,23312,25320,19739782,977476,0.12519574,-0.22252448,25618486,-2,0,576502,21893042
Geo10,2021-07-19,2783874,1284196,1519212,32752,14965,17699,21893042,977476,0.4307776,-0.64989483,23437144,-1,0,1457546,21910600
Geo10,2021-07-26,2350848,1038635,2686596,27658,12104,31300,21910600,977476,2.6665573,-0.39470783,24274648,0,1.0000412,3080152,21935400
Geo10,2021-08-02,1782659,2925115,1360328,20973,34088,15848,21935400,977476,0.74793994,-0.46941394,23568032,1,2.3485775,3058280,20161918
Geo10,2021-08-09,481247,821702,1793575,5662,9576,20896,20161918,977476,0.38428536,0.008588031,22987490,-1,0,587561,17456988
Geo10,2021-08-16,545079,1891826,1354558,6413,22046,15781,17456988,977476,0.63009214,-1.0164334,25837008,-1,1.6437073,1494507,26644758
Geo10,2021-08-23,2992792,1597270,2404195,35210,18614,28010,26644758,977476,2.6054075,0.067258954,23281108,3,1.1572912,2765960,23330430
Geo10,2021-08-30,2308647,1587756,2290056,27161,18503,26680,23330430,977476,-0.6489057,-2.5084596,26838484,2,0.18846294,0,16971548
Geo10,2021-09-06,1499670,1704570,1079802,17644,19864,12580,16971548,977476,1.6124029,0.5994847,22968678,0,0.9995647,161251,23845416
Geo10,2021-09-13,1598108,1830813,1300096,18802,21335,15147,23845416,977476,-0.17389017,0.56818557,21120922,2,0,339572,15940530
Geo10,2021-09-20,2517093,2041797,2099126,29613,23794,24456,15940530,977476,0.15841123,1.0607653,24655916,-3,0.9291252,227525,13372847
Geo10,2021-09-27,1173523,2780298,2673770,13806,32400,31150,13372847,977476,0.5075002,0.68535775,20822070,-5,1.1719859,859437,13183604
Geo10,2021-10-04,2669610,2108940,992814,31408,24576,11567,13183604,977476,0.31421834,0.52752554,20932744,-6,0.82938576,2400750,27735154
Geo10,2021-10-11,1336114,1198486,1792848,15719,13967,20887,27735154,977476,-0.002206929,-2.1040802,23697094,4,1.177645,0,19707748
Geo10,2021-10-18,1597619,2491575,1646198,18796,29036,19179,19707748,977476,3.2732959,-0.94859415,22328366,-1,1.6233163,2710808,15983644
Geo10,2021-10-25,2143005,1898336,2504538,25212,22122,29179,15983644,977476,0.06403052,-1.0057425,24215382,-3,0,0,23174274
Geo10,2021-11-01,2289287,1971492,1290496,26933,22975,15035,23174274,977476,2.0869129,0.6945291,20967242,1,1.6223047,480162,24485618
Geo10,2021-11-08,2132268,1175856,1093849,25086,13703,12744,24485618,977476,0.18394884,0.23235124,22458336,4,0,1562647,15592117
Geo10,2021-11-15,1685674,1298936,1030411,19832,15137,12005,15592117,977476,0.94649863,1.6589808,22976040,-2,0,1916038,24648202
Geo10,2021-11-22,2714841,2811420,2043155,31940,32763,23804,24648202,977476,0.38543436,-0.18320112,22837572,2,0,713385,25251894
Geo10,2021-11-29,2386900,1173432,2783787,28082,13675,32432,25251894,977476,0.539577,0.9763987,23718196,3,0.31698355,0,16345689
Geo10,2021-12-06,2393703,2334980,2043612,28162,27211,23809,16345689,977476,-0.78355104,1.0769994,24572366,-2,0.1153065,846264,24028720
Geo10,2021-12-13,2996368,863540,490567,35252,10063,5715,24028720,977476,0.64244866,2.3544383,21998666,4,0,2257127,25648684
Geo10,2021-12-20,2706406,1952266,1276414,31841,22751,14871,25648684,977476,0.21582791,0.26034635,27752304,4,0.5660472,3043790,16184384
Geo10,2021-12-27,3597706,2283856,1714199,42327,26615,19971,16184384,977476,1.4696939,-1.9835196,24751796,-2,1.2583255,434118,24785682
Geo10,2022-01-03,2154265,1987882,1529791,25345,23166,17823,24785682,977476,-0.88391733,0.7788889,21107606,2,0.2481116,994051,16463733
Geo10,2022-01-10,2516914,1216128,281306,29611,14172,3277,16463733,977476,1.6593516,1.0306194,29949096,0,0.9487165,1023778,17203420
Geo10,2022-01-17,1264368,2613554,1872093,14875,30457,21811,17203420,977476,-1.582905,0.1360881,24876050,-1,0,0,8822482
Geo10,2022-01-24,1864214,2424717,1124412,21932,28256,13100,8822482,977476,-0.24477644,-1.3385048,20551614,-7,0,0,20315826
Geo10,2022-01-31,1852289,1871069,2129401,21792,21804,24808,20315826,977476,-0.33501214,0.12104857,22631164,-1,1.1508282,2660970,22410392
Geo10,2022-02-07,2455004,2772474,1718650,28883,32309,20023,22410392,977476,-2.2972689,0.23020774,21835712,0,0,1155190,18749272
Geo10,2022-02-14,2320542,623337,1068076,27301,7264,12443,18749272,977476,0.3040974,-2.1985385,23418754,1,0,0,21769120
Geo10,2022-02-21,2439734,1393626,1317735,28703,16241,15352,21769120,977476,1.0495224,-0.2729419,22641764,1,0,296796,16449146
Geo10,2022-02-28,2873031,1636101,1751383,33801,19066,20404,16449146,977476,1.4963984,-0.85902065,22046816,-2,0.7554698,0,17008224
Geo10,2022-03-07,1968615,2016489,1510412,23161,23499,17597,17008224,977476,-1.9399191,0.32318366,24641744,-3,0,1901424,15104913
Geo10,2022-03-14,2387495,2029136,1006172,28089,23646,11722,15104913,977476,0.112998426,-0.40385202,21658322,-1,0,0,20242538
Geo10,2022-03-21,816215,773484,533681,9603,9014,6218,20242538,977476,-1.1361103,-1.5495396,21420008,0,0,1788520,22299408
Geo10,2022-03-28,1983484,2344176,1899399,23336,27318,22129,22299408,977476,-2.3916693,-1.2233623,19085250,1,0.60852236,0,21033740
Geo10,2022-04-04,963295,1842156,1676974,11333,21468,19537,21033740,977476,0.4950735,-0.27449256,23978958,0,0,272778,21215146
Geo10,2022-04-11,2421204,2210966,1934150,28485,25765,22534,21215146,977476,0.6861692,0.121566534,22801508,1,0,0,14867756
Geo10,2022-04-18,2042304,1436413,1040139,24028,16739,12118,14867756,977476,-0.47191703,-1.3713481,20241376,-2,0,0,26509506
Geo10,2022-04-25,2304522,2725085,1230567,27113,31757,14337,26509506,977476,-1.059211,-1.3635254,24616042,4,0,209800,24097830
Geo10,2022-05-02,2090571,1762062,1670972,24595,20534,19467,24097830,977476,3.0176916,-0.9130107,16822684,4,0,500853,17687148
Geo10,2022-05-09,2036825,695988,1744312,23963,8111,20322,17687148,977476,-2.5049932,0.7104815,20895464,1,1.5335808,1707535,19938140
Geo10,2022-05-16,3100636,1972259,1573700,36479,22984,18334,19938140,977476,-0.46834666,-2.1546268,22484428,2,0,0,24588842
Geo10,2022-05-23,2227549,232249,2121429,26207,2707,24715,24588842,977476,-0.35829055,0.32840908,20372928,3,0.49707904,744085,23712774
Geo10,2022-05-30,3758587,2056453,2510264,44220,23965,29246,23712774,977476,-1.1847123,-0.8005353,25654384,1,0,1126415,27245834
Geo10,2022-06-06,2465731,2046054,2769504,29009,23844,32266,27245834,977476,-1.5693464,-0.18587852,20308656,5,0,710592,22684228
Geo10,2022-06-13,639346,2299241,2079919,7522,26794,24232,22684228,977476,0.47887808,-0.606393,21630074,-1,1.5754286,753883,28251184
Geo10,2022-06-20,3070082,2570452,689981,36119,29955,8039,28251184,977476,-0.55087686,-0.6443779,22930714,6,0.16187453,0,16766312
Geo10,2022-06-27,1603619,1389140,2188422,18867,16188,25496,16766312,977476,0.016363159,-0.36001202,17030752,-3,0.26848745,0,15811824
Geo10,2022-07-04,3412712,579774,2483198,40150,6756,28930,15811824,977476,0.18032989,1.5189279,24208652,-6,0,1949912,20889696
Geo10,2022-07-11,2345579,2175426,1975623,27596,25351,23017,20889696,977476,-1.2069939,1.4540395,22733790,1,1.1723416,1577275,17223188
Geo10,2022-07-18,1436704,2118322,1739676,16903,24686,20268,17223188,977476,-1.1405549,0.6850564,25521008,0,0.03991297,565895,20675746
Geo10,2022-07-25,1713238,1443452,2651572,20156,16821,30892,20675746,977476,0.04651484,-0.23882663,22085376,0,1.2192186,1910218,22201484
Geo10,2022-08-01,3472834,415501,995321,40858,4842,11596,22201484,977476,-1.5762918,-1.6081289,23679206,2,0,0,21328908
Geo10,2022-08-08,3023742,1299842,1978975,35574,15148,23056,21328908,977476,-0.005699337,-0.62229145,22195620,3,0.010510109,651213,13476910
Geo10,2022-08-15,1949836,1282482,1594557,22940,14945,18577,13476910,977476,0.18471047,1.4229213,25209492,-4,1.5108266,2050503,23419136
Geo10,2022-08-22,3043429,2429675,1245767,35806,28314,14514,23419136,977476,1.1690784,0.49614275,24864162,2,1.4997396,1968450,15953241
Geo10,2022-08-29,2044556,1834196,2187673,24054,21375,25487,15953241,977476,1.9062778,-1.1819125,23266344,-2,0.16218546,988512,9897465
Geo10,2022-09-05,2114212,2509594,1849841,24874,29246,21551,9897465,977476,2.0690181,0.095603436,23546530,-4,0.78818417,1260231,20528254
Geo10,2022-09-12,1782507,1530510,1866081,20971,17836,21741,20528254,977476,1.5827937,1.1846284,28172766,-1,0,1744303,22490640
Geo10,2022-09-19,2352864,1666560,2124373,27681,19421,24750,22490640,977476,0.081923544,-0.9101554,26310342,1,2.340512,2832180,12465390
Geo10,2022-09-26,1690208,2881869,1967923,19885,33584,22927,12465390,977476,1.2686737,1.002898,22364628,-5,0.5572603,1051161,19998998
Geo10,2022-10-03,1884096,1342856,2006138,22166,15649,23372,19998998,977476,2.1053529,-1.0064287,20193370,-1,0,0,20705560
Geo10,2022-10-10,2060649,1728678,1453064,24243,20145,16929,20705560,977476,1.351916,0.36766282,24413234,-1,0.060623825,392525,25534748
Geo10,2022-10-17,1592810,1781862,1220175,18739,20765,14216,25534748,977476,0.31421375,-0.047738314,18922730,4,1.7643127,1818997,21783990
Geo10,2022-10-24,2311008,1538002,666985,27189,17923,7771,21783990,977476,0.2680072,0.04235041,22326028,1,0.8432981,1764801,16552261
Geo10,2022-10-31,1692696,2014375,1678031,19914,23474,19550,16552261,977476,0.6538201,1.5812337,23897668,0,0,1361500,26399020
Geo10,2022-11-07,3115904,925731,1223257,36658,10788,14251,26399020,977476,1.4319538,1.5097544,24046804,2,3.0055392,5801781,17179854
Geo10,2022-11-14,1755440,1556243,473700,20653,18136,5519,17179854,977476,1.4919583,-1.3394945,22698740,-1,0.48067018,157774,19854456
Geo10,2022-11-21,2310363,1978412,1194665,27181,23055,13918,19854456,977476,0.31058073,0.821401,19193846,0,0,36539,9820932
Geo10,2022-11-28,1741762,1801006,1274592,20492,20988,14849,9820932,977476,0.8898617,0.6741431,21911292,-5,0,451822,21873316
Geo10,2022-12-05,2589742,3272653,1116396,30468,38138,13006,21873316,977476,0.12014945,0.5628208,26028614,2,0.3931285,2308165,22749784
Geo10,2022-12-12,2014395,2396208,1809154,23699,27924,21077,22749784,977476,-1.5830272,0.2548185,28363364,0,0,692687,19149384
Geo10,2022-12-19,2363916,2424585,1762926,27811,28255,20539,19149384,977476,0.49830937,-0.086663455,23355020,-1,0.024039377,7175,26624902
Geo10,2022-12-26,1842934,2200394,904842,21682,25642,10542,26624902,977476,-0.55485743,1.0452559,21560148,3,0,0,20570508
Geo10,2023-01-02,1200775,2613436,200259,14127,30456,2333,20570508,977476,1.6704142,0.5625153,24963924,1,0,107320,20327442
Geo10,2023-01-09,2511364,1333991,560884,29546,15546,6535,20327442,977476,-0.22493921,-0.22919162,21087662,1,0.12816441,0,16674808
Geo10,2023-01-16,2029135,993440,1559521,23873,11577,18169,16674808,977476,-0.021834612,-0.7678641,22041440,-2,0.6671359,0,20403678
Geo10,2023-01-23,1180646,1853704,2152170,13890,21602,25074,20403678,977476,0.24870622,-1.3607348,25576732,1,0,0,16523419
Geo10,2023-01-30,645477,2399996,1819250,7594,27968,21195,16523419,977476,0.66728497,0.5260759,20139942,0,0,0,20462460
Geo10,2023-02-06,2782856,1028111,3189827,32740,11981,37163,20462460,977476,-1.978654,0.737517,21040976,0,1.6488992,0,28823604
Geo10,2023-02-13,2443408,1949516,2074590,28747,22719,24170,28823604,977476,-1.7123085,-1.6341043,25099438,6,0.8348744,1414906,23888520
Geo10,2023-02-20,1096322,1807999,1558513,12898,21069,18157,23888520,977476,-2.253419,-0.73438716,19851038,4,1.0937052,0,24338902
Geo10,2023-02-27,2859712,2289958,1778560,33644,26686,20721,24338902,977476,0.061418295,-1.4069664,23101296,2,0,0,20887422
Geo10,2023-03-06,2959016,880769,1615560,34813,10264,18822,20887422,977476,-1.023045,0.1526097,21080280,3,0.21314323,0,22353438
Geo10,2023-03-13,1626150,2848310,851721,19132,33193,9923,22353438,977476,-1.7255523,-1.1908005,22938206,2,2.303757,1981805,19451336
Geo10,2023-03-20,3491881,3592062,2386304,41082,41860,27801,19451336,977476,-2.3373988,-0.68580616,20268690,-1,1.1107666,0,25103632
Geo10,2023-03-27,2943135,1503380,1742712,34626,17520,20303,25103632,977476,-0.8478464,-0.30460697,25321234,2,0.5535936,0,24452868
Geo10,2023-04-03,3000017,1317814,2478501,35295,15357,28875,24452868,977476,-0.76259696,-0.32187614,21183232,1,0.47318,0,14804776
Geo10,2023-04-10,950288,2677238,1333192,11180,31199,15532,14804776,977476,-0.609559,-1.1360471,22559912,-3,0.08797924,0,18435204
Geo10,2023-04-17,2065374,2190056,1095488,24299,25522,12763,18435204,977476,-1.7310476,-1.5835052,25400782,-3,0,0,16110508
Geo10,2023-04-24,2933410,2040294,1116661,34511,23777,13010,16110508,977476,0.89931524,1.3733556,20695116,-4,0,3839498,22950358
Geo10,2023-05-01,2079322,1602308,2654500,24463,18672,30926,22950358,977476,0.19005638,-0.6503732,26118094,1,1.4186759,603850,27748038
Geo10,2023-05-08,2690400,986439,2045604,31652,11495,23832,27748038,977476,-0.7393594,-1.6413196,19968024,5,0.8784088,0,20766286
Geo10,2023-05-15,2334096,2412270,1865569,27461,28111,21735,20766286,977476,-2.9582934,-0.17302674,25421144,-1,0,823424,16651883
Geo10,2023-05-22,2176442,497024,3410039,25606,5792,39728,16651883,977476,0.606071,-0.69105864,21370074,-5,1.0747144,0,26454568
Geo10,2023-05-29,1858077,1388296,1377334,21860,16178,16046,26454568,977476,2.0283303,-0.04916483,25805962,3,0.084344655,419772,20612502
Geo10,2023-06-05,1697887,2770474,1340,19976,32286,16,20612502,977476,-0.13226181,-0.76555645,21979740,-1,0,513755,20360646
Geo10,2023-06-12,1712856,1615178,1366583,20152,18822,15921,20360646,977476,-1.2922049,-2.3440995,22622478,1,0,0,25386872
Geo10,2023-06-19,1521157,1511208,995351,17896,17611,11596,25386872,977476,-0.07513219,1.5964986,20663030,3,3.024769,3962920,29740526
Geo10,2023-06-26,2268186,1386248,2403734,26685,16155,28004,29740526,977476,-0.43368697,0.27084637,20820008,5,0.12927592,186712,12046988
Geo10,2023-07-03,2019973,1337354,10448,23765,15585,122,12046988,977476,-1.898789,-0.86637247,20197374,-8,0.4577961,0,23181686
Geo10,2023-07-10,1628400,1590185,322308,19158,18531,3755,23181686,977476,0.7531286,-0.70707536,23962552,0,0,0,15345760
Geo10,2023-07-17,2035457,1651964,1556618,23947,19251,18135,15345760,977476,-0.46899226,-1.3793626,22852432,-3,3.9359832,1964568,22311912
Geo10,2023-07-24,0,1302875,2150864,0,15183,25058,22311912,977476,2.468096,0.3569873,21841630,1,0,1535682,15642137
Geo10,2023-07-31,1041114,1237816,1590392,12249,14425,18529,15642137,977476,0.38410497,0.18006875,21560748,-4,2.146913,2204680,21583768
Geo10,2023-08-07,1123059,1088922,1797240,13213,12690,20939,21583768,977476,-0.06638569,0.53021187,19882784,2,0.91339135,1310988,19229438
Geo10,2023-08-14,2201505,1717172,1193630,25901,20011,13906,19229438,977476,1.2234514,0.61901087,23244952,0,0.59102,3605421,22608886
Geo10,2023-08-21,3428327,1811368,641347,40334,21109,7472,22608886,977476,0.9580687,0.24112326,21874406,1,2.1137426,1443273,24728336
Geo10,2023-08-28,1347858,925963,1121173,15857,10791,13062,24728336,977476,1.2678277,0.22000223,20337132,2,1.1496452,735819,15434531
Geo10,2023-09-04,1526156,2026877,2252573,17955,23620,26243,15434531,977476,2.0341983,-2.75088,21368048,-4,2.256398,0,26159312
Geo10,2023-09-11,3501658,900933,1512698,41197,10499,17624,26159312,977476,-1.8374803,-1.763552,23502708,5,0,0,12669025
Geo10,2023-09-18,2377512,1447927,1106988,27971,16873,12897,12669025,977476,0.44036305,0.3561562,24038448,-5,0,338543,13271484
Geo10,2023-09-25,2249481,2372074,1445575,26465,27643,16841,13271484,977476,-0.25028494,1.033197,23126430,-1,1.2556536,1669469,17808494
Geo10,2023-10-02,2501855,963340,2735051,29434,11226,31864,17808494,977476,-0.888956,1.8944087,25161770,-3,1.1311846,2371765,27931330
Geo10,2023-10-09,2170475,1784264,1434817,25536,20793,16716,27931330,977476,1.0636145,1.414556,23744172,5,0.41676337,1296652,15394395
Geo10,2023-10-16,1927069,1696552,2030598,22672,19771,23657,15394395,977476,-0.22193754,0.95737696,26687506,-5,0,118479,13294017
Geo10,2023-10-23,1557685,984280,1504572,18326,11470,17529,13294017,977476,-0.9913937,-2.3315682,21959692,-5,0,385673,24915068
Geo10,2023-10-30,2037732,1714844,1892479,23974,19984,22048,24915068,977476,-0.9651232,2.7972772,24123874,1,0.77232826,2311146,29436838
Geo10,2023-11-06,1763304,1990800,2348975,20745,23200,27366,29436838,977476,-1.3289125,1.6924479,25000518,4,0,838229,22525222
Geo10,2023-11-13,1985294,1734962,2347499,23357,20218,27349,22525222,977476,0.53119373,-0.22148627,25123510,1,0.1472798,1420036,22062004
Geo10,2023-11-20,2534898,474265,1330587,29823,5527,15502,22062004,977476,-0.09702006,0.27794117,20736468,2,0.1777372,516508,15426268
Geo10,2023-11-27,2225959,2119298,1105034,26188,24697,12874,15426268,977476,-1.1189485,0.9860594,25726020,-5,1.5726702,1822241,20449812
Geo10,2023-12-04,2415266,2354912,2499603,28416,27443,29121,20449812,977476,0.16730389,0.57708454,24509072,1,0.07271075,1554615,29403494
Geo10,2023-12-11,2685230,1109684,1909378,31592,12932,22245,29403494,977476,0.059948936,0.7385616,25437630,7,0.11087525,3081013,13625583
Geo10,2023-12-18,1603854,2285302,1170059,18869,26632,13632,13625583,977476,-0.381042,0.67839867,21420750,-4,0,0,16879028
Geo10,2023-12-25,2687355,2414666,1007647,31617,28139,11739,16879028,977476,0.6780484,0.3361238,19751322,-2,0,0,30464006
Geo10,2024-01-01,2264366,1847610,976857,26640,21531,11381,30464006,977476,0.4850886,-1.0155689,25196848,5,0.2566537,0,11067756
Geo10,2024-01-08,2235118,375691,875345,26296,4378,10198,11067756,977476,-2.0884814,1.279819,19883574,-5,0,721022,19356646
Geo10,2024-01-15,1792495,1227054,2073992,21089,14299,24163,19356646,977476,-1.6889827,0.34784633,22114806,-2,0.14715216,780034,3655880
Geo11,2021-01-25,421658,169085,330963,4961,1970,3856,3655880,240069,-1.0522182,-0.41528934,4547352,-5,0.2426188,681526,6574961
Geo11,2021-02-01,376154,381717,669002,4425,4448,7794,6574961,240069,-1.3807817,-0.23190254,4879133,4,1.4686844,0,6654271
Geo11,2021-02-08,523646,498403,587185,6161,5808,6841,6654271,240069,-1.3728563,0.4776796,5416566,3,0,729388,4424367
Geo11,2021-02-15,0,402460,631988,0,4690,7363,4424367,240069,2.3095977,-0.7880238,4599868,-1,0.9952378,0,3293388
Geo11,2021-02-22,589462,596234,482079,6935,6948,5616,3293388,240069,-0.59927106,-1.0956504,4590017,-7,0,0,5247275
Geo11,2021-03-01,445254,298490,407185,5238,3478,4744,5247275,240069,-1.2459205,-1.1432413,3678006,0,0.2827705,0,6183271
Geo11,2021-03-08,495433,183293,450931,5829,2136,5254,6183271,240069,0.5868739,0.029462248,5007280,1,0,406725,4546362
Geo11,2021-03-15,553114,435973,290979,6507,5081,3390,4546362,240069,2.1268084,-2.0903816,5128490,-3,2.8871818,1266386,6154949
Geo11,2021-03-22,604838,244734,306751,7116,2852,3574,6154949,240069,-0.4810663,-0.06154941,5649598,4,0.24112076,330272,5475498
Geo11,2021-03-29,795597,180654,249013,9360,2105,2901,5475498,240069,-1.1372532,1.4073514,5590328,-1,0.3959537,874136,6609820
Geo11,2021-04-05,429369,646401,691545,5052,7533,8057,6609820,240069,-1.0744572,0.67566764,5910300,3,0,0,7492572
Geo11,2021-04-12,476417,402927,473279,5605,4696,5514,7492572,240069,-1.7520262,0.18513012,5257051,4,1.0987945,0,6157719
Geo11,2021-04-19,742961,577853,383528,8741,6734,4468,6157719,240069,1.4018624,-1.824704,5041748,1,0,0,5537124
Geo11,2021-04-26,387643,452153,102250,4561,5269,1191,5537124,240069,-0.6716858,1.2260394,6586806,-2,0.83844954,1965809,4645416
Geo11,2021-05-03,519208,205835,301872,6108,2399,3517,4645416,240069,0.83199924,1.2507178,5594698,-1,0.6341013,749392,5347639
Geo11,2021-05-10,416513,170147,444077,4900,1983,5174,5347639,240069,-2.0216408,-0.6157149,6378382,-1,0,0,4919336
Geo11,2021-05-17,390564,55300,703595,4595,644,8197,4919336,240069,0.027671158,-0.2311549,4944091,-2,0,132836,5578243
Geo11,2021-05-24,763802,184607,484373,8986,2151,5643,5578243,240069,1.9631777,0.6818477,5084453,0,0.18257841,162829,7027941
Geo11,2021-05-31,691510,331547,409181,8136,3864,4767,7027941,240069,0.44153327,0.23822984,6397504,3,0,1489923,5700052
Geo11,2021-06-07,584612,621678,423531,6878,7245,4934,5700052,240069,1.7119622,0.11705735,6136102,-2,0.35343271,224272,6988040
Geo11,2021-06-14,534506,301011,607788,6288,3508,7081,6988040,240069,-0.7467362,0.13713336,5970982,3,0,309209,8047471
Geo11,2021-06-21,466948,672571,490038,5494,7838,5709,8047471,240069,0.2571153,-1.6112975,5386352,7,1.4944084,414872,5316977
Geo11,2021-06-28,814015,631873,313084,9577,7364,3648,5316977,240069,1.039448,1.3894503,6530475,1,1.6714135,2997194,5238823
Geo11,2021-07-05,471851,115769,436780,5551,1349,5089,5238823,240069,-0.06662975,1.6985016,5790860,-1,0,1114286,6602636
Geo11,2021-07-12,589964,368173,400481,6941,4290,4666,6602636,240069,-1.0293385,-0.7269342,5955656,2,0,269192,6663621
Geo11,2021-07-19,505922,465642,415848,5952,5426,4845,6663621,240069,-1.5410326,0.58884096,5798016,0,0,372432,6772905
Geo11,2021-07-26,614584,369922,303178,7231,4311,3532,6772905,240069,1.054526,-0.45073113,5719642,3,0,733721,5896424
Geo11,2021-08-02,420702,534808,433061,4950,6232,5045,5896424,240069,-0.66002136,0.5099885,6050228,1,0,0,5815089
Geo11,2021-08-09,156348,374832,389243,1839,4368,4535,5815089,240069,0.69891405,-0.4142037,5537698,0,0,0,5812049
Geo11,2021-08-16,160092,427741,250737,1883,4985,2921,5812049,240069,1.4442644,-0.06601292,6123432,3,1.6201752,2201649,6576499
Geo11,2021-08-23,796218,403274,699534,9367,4700,8150,6576499,240069,1.197264,1.7350595,5801388,2,0.14290297,2248896,4856211
Geo11,2021-08-30,567534,584810,691765,6677,6815,8059,4856211,240069,0.37961662,0.7286011,6730925,-3,0,1356214,5231808
Geo11,2021-09-06,716356,489661,503687,8428,5706,5868,5231808,240069,-0.34483314,-0.77006817,5810998,2,0,0,6838219
Geo11,2021-09-13,313794,578047,429876,3692,6736,5008,6838219,240069,0.24860552,0.77545154,5233012,2,0.041953817,1589949,6033283
Geo11,2021-09-20,700830,510360,689822,8245,5947,8037,6033283,240069,0.50599736,1.1099786,5963384,3,0,423376,7352408
Geo11,2021-09-27,788997,783260,440369,9283,9128,5130,7352408,240069,1.0255857,0.012317121,5475939,6,0.39384204,0,5825977
Geo11,2021-10-04,465441,473315,572152,5476,5516,6666,5825977,240069,0.39387837,0.9940017,5362624,1,0.37133422,1503886,7476223
Geo11,2021-10-11,570725,347569,403802,6715,4050,4704,7476223,240069,1.3446136,-0.096005455,6160004,5,0.4106599,0,6463985
Geo11,2021-10-18,322812,695128,262060,3798,8101,3053,6463985,240069,-0.012523651,-0.27575052,5814559,2,1.0719984,1336038,5083909
Geo11,2021-10-25,671456,357888,531808,7900,4171,6196,5083909,240069,-0.7952192,1.5150943,6226961,-2,0,1363777,6222041
Geo11,2021-11-01,636564,426157,373093,7489,4966,4347,6222041,240069,1.5075512,1.3999758,5852993,1,1.4470866,3414778,6089802
Geo11,2021-11-08,476985,401572,483642,5612,4680,5635,6089802,240069,0.4096989,0.9435993,6123067,3,0.13700904,1014142,5155428
Geo11,2021-11-15,315399,480104,415440,3711,5595,4840,5155428,240069,1.1726317,1.0831903,5535807,0,2.3315015,2045684,5417824
Geo11,2021-11-22,329832,433099,475038,3880,5047,5534,5417824,240069,0.4221574,-1.4378002,5715876,-1,0,1242415,7956985
Geo11,2021-11-29,763884,278589,364677,8987,3247,4249,7956985,240069,-0.29222244,-0.5696572,5916788,6,0.024673939,461020,4033039
Geo11,2021-12-06,658685,404497,514752,7749,4714,5997,4033039,240069,-0.26458943,1.9865552,6261746,-4,1.101893,1481482,4765414
Geo11,2021-12-13,568182,238443,212284,6685,2779,2473,4765414,240069,-0.6688661,1.549274,5560942,-2,0,845392,5408288
Geo11,2021-12-20,747101,230033,553547,8790,2681,6449,5408288,240069,0.83445084,-1.0796429,6968058,0,0,242506,5062318
Geo11,2021-12-27,686684,606016,475992,8079,7062,5545,5062318,240069,1.2090887,-0.08440775,6291650,0,0,0,4694682
Geo11,2022-01-03,617823,516095,466880,7269,6014,5439,4694682,240069,-1.8619382,0.02319318,5238160,-5,1.1930444,205301,4737960
Geo11,2022-01-10,524310,362961,318024,6168,4230,3705,4737960,240069,-0.56613725,-1.2001244,7278078,-1,0.9767506,726574,5581354
Geo11,2022-01-17,648370,360237,362674,7628,4198,4225,5581354,240069,-1.932991,-0.049428165,6250512,2,0,437202,5686346
Geo11,2022-01-24,622351,541187,449344,7322,6307,5235,5686346,240069,-0.87387556,1.0836091,4908433,2,0,1186734,5501993
Geo11,2022-01-31,460440,403191,374064,5417,4699,4358,5501993,240069,1.0066103,-0.06549999,5962335,-1,1.0689425,1144423,5108221
Geo11,2022-02-07,630374,459631,463036,7416,5356,5395,5108221,240069,-0.63039505,0.31597328,5253762,-4,0,2091208,6437038
Geo11,2022-02-14,732088,373173,176682,8613,4349,2058,6437038,240069,-0.6065252,0.21829394,6117670,5,0,239716,4092922
Geo11,2022-02-21,411986,250600,216330,4847,2920,2520,4092922,240069,-0.12854213,0.2558949,5831683,-5,0,2573,5688983
Geo11,2022-02-28,441586,262626,80501,5195,3061,938,5688983,240069,-0.48481894,-0.31548446,5653742,2,0.056891084,313970,5364481
Geo11,2022-03-07,396734,362336,185590,4668,4222,2162,5364481,240069,-0.7987026,-0.6093116,6128750,0,0,1869890,5626788
Geo11,2022-03-14,607017,508667,358224,7142,5928,4173,5626788,240069,0.8704466,-0.15225893,5345570,3,0,0,5357013
Geo11,2022-03-21,204803,284630,309432,2409,3317,3605,5357013,240069,-1.4739861,-1.695661,5517050,0,0,0,6106895
Geo11,2022-03-28,384998,507376,524749,4529,5913,6114,6106895,240069,-0.46510828,-0.03350754,4975174,2,0.70648426,882736,4978758
Geo11,2022-04-04,150628,349847,598554,1772,4077,6973,4978758,240069,-1.4476964,-1.2708366,5699966,-2,0,915537,2820773
Geo11,2022-04-11,431326,476137,463724,5075,5549,5403,2820773,240069,-0.6749237,-0.5369343,5502985,-8,0,0,5343809
Geo11,2022-04-18,423542,503055,208345,4983,5862,2427,5343809,240069,0.83193165,-2.2309947,4723870,2,0,0,6167414
Geo11,2022-04-25,527849,875535,113365,6210,10203,1321,6167414,240069,-0.21190614,-0.5846046,5708947,1,2.1153092,229224,5340085
Geo11,2022-05-02,422355,132109,292964,4969,1540,3413,5340085,240069,-0.79852486,-0.15917137,3957081,0,0,198356,3337177
Geo11,2022-05-09,438565,113618,532645,5160,1324,6206,3337177,240069,-2.697597,-0.65586746,4895852,-4,0.113803685,0,3559689
Geo11,2022-05-16,868536,135995,510598,10218,1585,5949,3559689,240069,0.41419,-1.4174539,5813948,-5,0.8650261,0,6872870
Geo11,2022-05-23,753412,131488,719648,8864,1532,8384,6872870,240069,-0.14754,0.63932765,5037609,3,0,0,7287224
Geo11,2022-05-30,558932,443529,622467,6576,5169,7252,7287224,240069,-1.9367455,-0.18521869,6174739,4,0.019804657,1011336,6026505
Geo11,2022-06-06,716740,570481,509558,8432,6648,5937,6026505,240069,-1.3629453,0.038413584,4814008,1,1.9665214,1246080,7250169
Geo11,2022-06-13,532557,563471,479846,6266,6566,5590,7250169,240069,-0.56472504,2.4753096,5714975,3,1.4816055,1883832,5431340
Geo11,2022-06-20,488752,531186,245869,5750,6190,2864,5431340,240069,-0.6953207,-0.9070175,5583760,0,2.0872416,0,5739465
Geo11,2022-06-27,677243,497995,316489,7968,5803,3687,5739465,240069,-0.29397303,-1.3110036,4654893,1,1.8329192,1438067,6894513
Geo11,2022-07-04,701612,266972,495878,8254,3111,5777,6894513,240069,0.28692707,3.1524527,6111867,2,1.1664934,1172894,5235080
Geo11,2022-07-11,518869,573627,767048,6104,6685,8936,5235080,240069,-1.9067333,0.36597276,5737744,0,0,0,5519868
Geo11,2022-07-18,555897,527496,415428,6540,6147,4840,5519868,240069,-1.1281197,-0.879197,6350374,3,0,0,5467427
Geo11,2022-07-25,591178,352710,552123,6955,4110,6432,5467427,240069,0.6960687,1.3170553,5548535,-1,0,1100932,6465806
Geo11,2022-08-01,570602,141386,408932,6713,1648,4764,6465806,240069,-0.6575433,-0.2815415,5739126,3,0,103677,4016285
Geo11,2022-08-08,392782,192584,78779,4621,2244,918,4016285,240069,0.51812315,-0.8334423,5431704,-2,0,178100,4176144
Geo11,2022-08-15,611450,386972,425080,7194,4510,4952,4176144,240069,0.5783934,-0.26608354,6085782,-4,1.0394838,647867,4619599
Geo11,2022-08-22,902170,492320,335233,10614,5737,3906,4619599,240069,0.22167338,1.054403,6326023,-3,0.42972136,1416835,4711099
Geo11,2022-08-29,607393,343118,342384,7146,3999,3989,4711099,240069,1.1501819,1.6791683,5788512,-2,0.095352545,1219500,3176773
Geo11,2022-09-05,755159,600281,283332,8884,6995,3301,3176773,240069,0.3182162,1.4582711,5884219,-3,0.70361173,844413,7935324
Geo11,2022-09-12,550220,705693,612706,6473,8224,7138,7935324,240069,1.971606,-2.1254542,7051748,6,1.8866076,417,5213911
Geo11,2022-09-19,422335,761309,244408,4969,8872,2847,5213911,240069,1.6163478,0.44416955,6553198,-2,0.9849317,905717,3604013
Geo11,2022-09-26,188557,615808,582870,2218,7176,6791,3604013,240069,-0.5174284,2.3846793,5131092,-5,0,1507611,3573027
Geo11,2022-10-03,577034,215981,446732,6789,2517,5205,3573027,240069,1.8687617,0.60021985,5182564,-6,0,986356,6169631
Geo11,2022-10-10,658225,285425,352188,7744,3326,4103,6169631,240069,3.4125714,1.6198819,5923354,2,0,2090695,6089102
Geo11,2022-10-17,649436,315594,257561,7641,3678,3001,6089102,240069,-0.3132969,-0.48015717,4715854,0,1.3254025,298966,4526142
Geo11,2022-10-24,565818,382362,0,6657,4456,0,4526142,240069,-0.64652604,-1.3441093,5905462,-3,2.5976985,0,4090121
Geo11,2022-10-31,664325,551064,664071,7816,6422,7737,4090121,240069,1.4551114,-0.39597976,5729012,-1,0.772232,940510,4968098
Geo11,2022-11-07,684294,341888,294231,8051,3984,3428,4968098,240069,0.7896268,1.2899609,6050768,-5,0.22065492,882509,4647068
Geo11,2022-11-14,368712,511693,282016,4338,5963,3286,4647068,240069,0.122805834,0.4668689,5579878,-1,0,739476,2757168
Geo11,2022-11-21,619451,416867,508642,7288,4858,5926,2757168,240069,2.6446943,-0.06898101,4775202,-8,0.2905234,1272480,5486493
Geo11,2022-11-28,602590,544681,614874,7089,6347,7164,5486493,240069,-1.7806443,2.7850745,5767182,3,0,730858,5692584
Geo11,2022-12-05,387906,733936,113469,4564,8553,1322,5692584,240069,-0.7150904,-0.23352697,6295958,1,1.3226386,1406162,4773880
Geo11,2022-12-12,772647,336208,418203,9090,3918,4872,4773880,240069,0.54988897,0.9292264,7108275,-4,0,337807,4632910
Geo11,2022-12-19,428671,343698,257847,5043,4005,3004,4632910,240069,1.0759339,0.34248358,5883425,-3,0,722458,4741607
Geo11,2022-12-26,780085,483204,216519,9178,5631,2523,4741607,240069,0.51143545,-1.4042875,5472478,-4,0,0,6323915
Geo11,2023-01-02,694178,552421,190553,8167,6438,2220,6323915,240069,-0.32948467,2.1537826,6151558,3,0.452143,2299290,5097565
Geo11,2023-01-09,525276,244618,304697,6180,2851,3550,5097565,240069,-0.6688242,0.20666865,5468398,-1,0.006943226,300342,5105731
Geo11,2023-01-16,353250,462274,78517,4156,5387,915,5105731,240069,-0.23196024,-0.41790235,5217852,0,1.875823,0,5579078
Geo11,2023-01-23,213205,194950,561018,2508,2272,6536,5579078,240069,-0.37089288,-0.3497758,6513746,1,0,0,3951527
Geo11,2023-01-30,344155,403358,207361,4049,4701,2416,3951527,240069,0.2276777,1.685055,4893589,-2,0,2621219,4070333
Geo11,2023-02-06,404069,359843,813151,4754,4193,9474,4070333,240069,-0.0631592,2.202767,5524812,-6,1.2429669,1232279,5621494
Geo11,2023-02-13,462129,328942,353439,5437,3833,4118,5621494,240069,0.74021244,1.4932795,6039631,-1,0.040980995,322891,4106882
Geo11,2023-02-20,545436,513184,160590,6417,5980,1871,4106882,240069,-1.4618158,-0.8054642,5074550,-3,0.052175254,0,5322457
Geo11,2023-02-27,460572,567146,377688,5419,6609,4400,5322457,240069,1.7678503,-1.6142445,5827636,-2,0,467201,5469054
Geo11,2023-03-06,752848,448277,408044,8857,5224,4754,5469054,240069,-0.43356448,-0.8554262,5174820,3,0,0,6593183
Geo11,2023-03-13,573203,716115,384938,6744,8345,4485,6593183,240069,0.37462974,-1.463659,5271577,3,0,0,7456808
Geo11,2023-03-20,684136,577793,553624,8049,6733,6450,7456808,240069,-1.2463949,-0.4696082,4882529,6,1.2221546,0,6471545
Geo11,2023-03-27,743683,144486,519126,8749,1684,6048,6471545,240069,-1.1424459,0.9368774,6157410,2,1.3256721,1226524,6443256
Geo11,2023-04-03,939696,323802,376232,11055,3773,4383,6443256,240069,-2.0378227,-1.220783,5265577,2,1.123675,608532,3666557
Geo11,2023-04-10,386865,521825,389750,4551,6081,4541,3666557,240069,-1.7841692,-0.19475761,5866911,-5,0.37442076,0,7656624
Geo11,2023-04-17,581955,521097,349835,6847,6073,4076,7656624,240069,-0.756132,0.0831818,5998058,6,0,859427,6029833
Geo11,2023-04-24,720204,682185,355988,8473,7950,4147,6029833,240069,0.46787822,1.6298168,5463454,1,1.071576,1765624,5026605
Geo11,2023-05-01,904915,439244,364177,10646,5119,4243,5026605,240069,-1.0699909,-1.0863534,6680580,-3,0.045818448,0,4011813
Geo11,2023-05-08,505335,387217,210767,5945,4512,2456,4011813,240069,-1.631887,-1.536288,5354182,-5,2.4898489,0,6065581
Geo11,2023-05-15,632737,483140,360917,7444,5630,4205,6065581,240069,0.21949393,-0.4982227,6420878,1,1.4181025,902860,5209641
Geo11,2023-05-22,385563,402908,802975,4536,4695,9355,5209641,240069,-1.1943303,-0.73125285,5692406,-2,0.82621944,0,4639901
Geo11,2023-05-29,2556,591812,227131,30,6897,2646,4639901,240069,0.16551128,-0.3340876,6268180,-4,0,60508,5764646
Geo11,2023-06-05,173423,685081,31525,2040,7984,367,5764646,240069,-1.5592842,-1.3579962,5402072,0,0.33118904,0,4386325
Geo11,2023-06-12,543239,419881,277459,6391,4893,3233,4386325,240069,-0.8754278,-0.6828109,5593992,-3,0.15490279,683113,5045774
Geo11,2023-06-19,557007,330529,317983,6553,3852,3705,5045774,240069,0.90614164,0.10005668,5132578,-2,2.3864374,2100958,6951801
Geo11,2023-06-26,739644,507393,530418,8702,5913,6180,6951801,240069,0.73617613,1.1548713,5439527,1,0,1582305,5655516
Geo11,2023-07-03,562242,538179,177075,6615,6272,2063,5655516,240069,-0.55973905,0.31439397,5125009,-1,0.9823313,0,8816960
Geo11,2023-07-10,330471,516609,59101,3888,6020,689,8816960,240069,-1.9410467,0.2046963,5886632,9,0,0,3863098
Geo11,2023-07-17,517804,589231,230341,6092,6867,2684,3863098,240069,0.28595084,0.9739247,5839652,-4,1.0700153,812445,3861882
Geo11,2023-07-24,118591,77194,659400,1395,900,7682,3861882,240069,0.91333103,-0.4953798,5176752,-6,0,0,5701998
Geo11,2023-07-31,400169,514583,671509,4708,5997,7823,5701998,240069,1.3955635,0.19869484,5447087,0,2.101315,1879867,5162078
Geo11,2023-08-07,285833,488384,307580,3363,5691,3583,5162078,240069,0.7500824,1.0941496,5164850,-1,2.3306582,966711,4578405
Geo11,2023-08-14,515661,585758,393674,6067,6826,4586,4578405,240069,1.3887993,1.1839163,6058622,-2,2.0309455,2143401,5492600
Geo11,2023-08-21,983434,311916,205430,11570,3635,2393,5492600,240069,-1.2519147,-1.7467679,5710408,0,0,0,5698339
Geo11,2023-08-28,423568,316633,111391,4983,3690,1298,5698339,240069,-0.023443758,1.4606254,5384827,-1,0.8201691,0,5454445
Geo11,2023-09-04,135262,580500,428144,1591,6765,4988,5454445,240069,1.3919243,0.001741007,5421653,-1,2.5599012,2405720,5124256
Geo11,2023-09-11,767289,336796,313963,9027,3925,3658,5124256,240069,-0.5509911,-0.3869842,5898338,-2,0,421605,5636064
Geo11,2023-09-18,643426,470139,345601,7570,5479,4026,5636064,240069,-0.95686746,0.52284646,6072085,0,0,0,4505052
Geo11,2023-09-25,703505,691294,0,8277,8056,0,4505052,240069,-0.2208862,-0.53060085,5795830,1,0.4984202,1513607,5530895
Geo11,2023-10-02,750049,438651,564048,8824,5112,6571,5530895,240069,-0.9050378,1.2482808,6366486,-1,0,1869338,5362422
Geo11,2023-10-09,564982,406764,509879,6647,4740,5940,5362422,240069,1.3033496,0.5066216,6039648,-1,0.5022501,1436565,6692349
Geo11,2023-10-16,623788,577638,509025,7339,6731,5930,6692349,240069,2.7747972,1.1938257,6944974,2,1.464589,161442,5437268
Geo11,2023-10-23,472174,289746,187656,5555,3377,2186,5437268,240069,1.100258,-1.3257114,5577694,2,0.29936466,886176,3747559
Geo11,2023-10-30,445839,123258,514063,5245,1436,5989,3747559,240069,0.15356931,-0.5016972,6012606,-7,0,308753,5623385
Geo11,2023-11-06,724828,541997,453649,8528,6316,5285,5623385,240069,0.42493984,0.4272014,6428075,-3,0,398889,3229819
Geo11,2023-11-13,453238,376608,415402,5332,4389,4840,3229819,240069,0.33411938,0.14580947,6530769,-8,1.4056606,1121366,5493603
Geo11,2023-11-20,625472,663109,406219,7359,7728,4733,5493603,240069,-0.3170332,-1.570878,5247582,-1,2.6573372,318177,7238870
Geo11,2023-11-27,675418,612910,129219,7946,7143,1505,7238870,240069,-0.69396925,-0.45254302,6552346,5,0.84086424,81378,6235782
Geo11,2023-12-04,648849,466543,468744,7634,5437,5461,6235782,240069,0.9580538,-0.013786554,6169678,4,2.7401624,698151,4888716
Geo11,2023-12-11,495750,264005,455999,5832,3077,5313,4888716,240069,-0.7372726,-0.010879338,6277012,-2,0.36543968,363902,6331893
Geo11,2023-12-18,606645,587770,414982,7137,6850,4835,6331893,240069,-1.0675923,0.96829337,5661136,3,0,577356,6227924
Geo11,2023-12-25,494924,613529,502538,5823,7150,5855,6227924,240069,1.8447402,-1.4220747,4991300,2,0,716507,5562686
Geo11,2024-01-01,401365,459957,227657,4722,5360,2652,5562686,240069,-1.129326,0.34995037,6165431,-3,0.17709231,1337470,4065902
Geo11,2024-01-08,471790,118428,352446,5551,1380,4106,4065902,240069,-0.22037524,1.692105,5262144,-3,1.0960689,1762694,6874556
Geo11,2024-01-15,458357,391007,435138,5393,4557,5070,6874556,240069,0.82591546,-0.9822403,5822368,3,0,370143,6750324
Geo12,2021-01-25,855799,211381,564609,10068,2463,6578,6750324,310436,0.4546743,2.488192,6240012,2,0,1361834,4958144
Geo12,2021-02-01,521940,253240,762264,6141,2951,8881,4958144,310436,-0.3577652,0.0780943,6066836,-1,0,0,5092305
Geo12,2021-02-08,452299,937890,581087,5321,10930,6770,5092305,310436,-1.3038476,-0.25067854,6832923,-3,0,0,7129334
Geo12,2021-02-15,505534,725066,512965,5948,8450,5976,7129334,310436,-0.21154334,-0.21823148,6215786,4,0,1386,5170844
Geo12,2021-02-22,655098,1027186,389660,7707,11970,4540,5170844,310436,-2.5119028,0.8007902,5857380,-1,0,0,5976384
Geo12,2021-03-01,421954,496785,515917,4964,5789,6011,5976384,310436,-1.8121219,1.0648082,4515244,1,0,807224,4806193
Geo12,2021-03-08,515483,666813,440227,6065,7771,5129,4806193,310436,1.9869937,-0.3129329,6589952,-4,0.071397066,217582,5324191
Geo12,2021-03-15,530554,394004,718160,6242,4592,8367,5324191,310436,-0.59007293,-1.2138661,6317730,0,2.246624,1051811,5523129
Geo12,2021-03-22,926355,461197,603075,10899,5375,7026,5523129,310436,-0.45436764,-0.5258612,7446823,0,0,0,3906565
Geo12,2021-03-29,848619,355810,218337,9984,4146,2544,3906565,310436,2.2032158,0.15147905,6561794,-6,0,346018,6777728
Geo12,2021-04-05,879010,595408,781656,10342,6939,9107,6777728,310436,0.07386866,-0.78065735,7248956,2,0,255976,7381211
Geo12,2021-04-12,825553,955410,873086,9713,11134,10172,7381211,310436,-1.1811202,-1.6217473,6359715,2,0,0,6754579
Geo12,2021-04-19,1101936,903355,719813,12964,10527,8386,6754579,310436,1.5576897,-1.4370378,6212054,1,0,246102,6692014
Geo12,2021-04-26,740542,238453,284150,8712,2779,3310,6692014,310436,0.77027917,0.048233002,8283860,1,0.17736635,579966,4470876
Geo12,2021-05-03,546431,27232,391773,6429,317,4564,4470876,310436,0.16003126,0.2875151,7169800,-2,1.2786045,159196,5527654
Geo12,2021-05-10,258105,341332,399437,3037,3978,4654,5527654,310436,-0.55991393,-1.5177442,8189200,-1,2.2919097,1164584,4699370
Geo12,2021-05-17,482978,240709,715117,5682,2805,8331,4699370,310436,-1.4623073,-0.86321735,6498316,-3,0,0,6838120
Geo12,2021-05-24,726969,258537,856343,8553,3013,9977,6838120,310436,-0.76607305,-1.5355768,5974796,3,0,0,6612479
Geo12,2021-05-31,663343,358183,418700,7804,4174,4878,6612479,310436,0.020225957,1.9603591,7700963,0,0.37232143,1726085,5171208
Geo12,2021-06-07,673518,909056,797694,7924,10594,9293,5171208,310436,1.3241711,1.0658245,7588961,-4,0,1310502,5171158
Geo12,2021-06-14,290807,381812,660614,3421,4449,7696,5171158,310436,-0.5720786,-2.8606493,7066300,-3,0.31501698,0,7000319
Geo12,2021-06-21,630901,531590,572829,7423,6195,6674,7000319,310436,0.14685833,-0.17152724,6698872,2,0,934366,4644968
Geo12,2021-06-28,1094743,741429,591847,12880,8640,6895,4644968,310436,-0.79318434,-1.6636088,7830627,-3,2.2528095,800690,5490473
Geo12,2021-07-05,307104,547678,1164817,3613,6382,13571,5490473,310436,0.54277855,-0.94207925,6712545,-2,0,0,5200436
Geo12,2021-07-12,750884,367042,582986,8834,4277,6792,5200436,310436,-1.2489942,-0.03981787,7388100,-4,0,183257,8253742
Geo12,2021-07-19,868810,590303,344658,10222,6879,4015,8253742,310436,-1.6797323,-0.16678327,7291460,3,0,0,7825544
Geo12,2021-07-26,978179,332868,456587,11508,3879,5319,7825544,310436,0.6096124,0.40065205,7288003,4,0,935518,4770307
Geo12,2021-08-02,666972,564221,590740,7847,6575,6882,4770307,310436,-1.9889803,0.018255055,7528194,-3,0,257563,7689494
Geo12,2021-08-09,156606,502951,255935,1842,5861,2982,7689494,310436,-0.1265031,-1.8118536,7066752,4,0,0,5901183
Geo12,2021-08-16,472635,561194,607358,5561,6540,7076,5901183,310436,-0.62591183,0.2420947,8120188,1,0,0,6521422
Geo12,2021-08-23,689606,764359,427418,8113,8907,4980,6521422,310436,1.7326128,0.23555297,7321192,-1,1.550199,1342402,7462091
Geo12,2021-08-30,889408,639201,1086052,10464,7449,12653,7462091,310436,-0.20027655,0.30780542,8154950,3,0,41020,5102513
Geo12,2021-09-06,1134904,353878,410238,13352,4124,4779,5102513,310436,0.32944822,-0.304326,7138516,0,0,0,5777495
Geo12,2021-09-13,346300,435607,718416,4074,5076,8370,5777495,310436,0.4224988,0.36752695,6542246,-2,0,714561,5506883
Geo12,2021-09-20,901735,327705,625133,10609,3819,7283,5506883,310436,-0.35977328,3.1212516,7662614,0,0.8343773,1661413,2942659
Geo12,2021-09-27,487806,524426,764837,5739,6111,8911,2942659,310436,-2.0883284,0.97266597,6714231,-6,0.65688396,1057488,3579502
Geo12,2021-10-04,485523,552291,299677,5712,6436,3491,3579502,310436,2.1366916,1.7685913,6724696,-7,0.74110866,1465741,5439694
Geo12,2021-10-11,610914,253486,661970,7187,2954,7712,5439694,310436,-0.31942868,0.21983966,7504796,-2,1.9340926,522219,4528762
Geo12,2021-10-18,813450,617599,286263,9570,7197,3335,4528762,310436,0.2045671,-1.1589283,6992278,-3,0,0,5127060
Geo12,2021-10-25,465782,304605,626918,5480,3550,7304,5127060,310436,0.29764494,1.815002,7559606,-2,0,1045945,6554725
Geo12,2021-11-01,1095816,623773,616934,12892,7269,7188,6554725,310436,-0.7152749,2.094794,6971984,1,0,97921,4482993
Geo12,2021-11-08,757497,577397,566384,8912,6729,6599,4482993,310436,-1.3703728,1.0538945,7136826,-2,0,0,6489397
Geo12,2021-11-15,519264,925392,758336,6109,10784,8835,6489397,310436,0.9857881,1.9594113,6805083,3,0.25258365,2041647,5034007
Geo12,2021-11-22,375553,472467,628502,4418,5506,7322,5034007,310436,0.058170974,1.2847052,6802222,-3,0.01078777,1901807,6640805
Geo12,2021-11-29,723226,388720,332719,8509,4530,3876,6640805,310436,1.1910005,-0.8550012,7382830,0,0.104189634,0,7915734
Geo12,2021-12-06,1027850,498958,848172,12093,5815,9882,7915734,310436,0.15694228,2.4756608,7655238,6,0,2132041,5673913
Geo12,2021-12-13,566350,433954,388841,6663,5057,4530,5673913,310436,0.9202032,-1.0102267,6662604,0,0,0,3935091
Geo12,2021-12-20,888908,394508,614626,10458,4597,7161,3935091,310436,-0.9091253,-0.93602645,8380370,-4,0,751551,7273763
Geo12,2021-12-27,855675,482347,478662,10067,5621,5577,7273763,310436,2.4184866,0.5168874,7417807,5,0,0,5780378
Geo12,2022-01-03,725296,541276,629029,8533,6308,7328,5780378,310436,-1.1439853,-0.11843076,6421746,-2,0,309976,5952447
Geo12,2022-01-10,978752,416752,310699,11515,4857,3620,5952447,310436,1.8692935,-0.21117416,9196244,3,0,659867,7563241
Geo12,2022-01-17,752931,667248,631597,8858,7776,7358,7563241,310436,-2.378081,1.5869454,7693870,6,0,1937246,5718495
Geo12,2022-01-24,538306,721434,454020,6333,8407,5290,5718495,310436,-0.24450688,-0.686996,6516122,2,0,0,6155403
Geo12,2022-01-31,814567,820636,866322,9583,9563,10093,6155403,310436,-0.008317888,-1.0114254,7204281,-1,2.392444,672143,5197167
Geo12,2022-02-07,795294,465163,908907,9357,5421,10589,5197167,310436,-2.1366014,1.6335037,6528788,-4,1.0074944,557802,4273647
Geo12,2022-02-14,466646,425606,344103,5490,4960,4009,4273647,310436,-1.107716,0.37916172,7322976,-3,0.29234034,187891,6173247
Geo12,2022-02-21,488950,367587,309009,5752,4284,3600,6173247,310436,-1.4315581,-0.90016764,6956292,1,0,799766,6049367
Geo12,2022-02-28,693844,726963,318799,8163,8472,3714,6049367,310436,-1.6932429,-0.41527733,6908917,2,0,33526,7441321
Geo12,2022-03-07,794039,726865,661922,9342,8471,7712,7441321,310436,-0.80531025,-0.23367018,7884280,4,0.49250782,1659642,4372953
Geo12,2022-03-14,629285,614869,688355,7404,7165,8020,4372953,310436,-0.2005103,-0.82410455,6385752,-1,0,0,4494479
Geo12,2022-03-21,126265,227906,448716,1486,2656,5228,4494479,310436,-2.243504,-1.7667489,6498530,-3,0,0,5426649
Geo12,2022-03-28,696591,659685,559154,8195,7688,6514,5426649,310436,-0.80907464,0.8215451,5821616,-2,0,320117,5621196
Geo12,2022-04-04,333071,498036,369593,3919,5804,4306,5621196,310436,-0.8788222,-0.7462243,7192248,0,0,298834,4102426
Geo12,2022-04-11,530349,726389,692838,6240,8465,8072,4102426,310436,0.1392473,-0.8016361,6796180,-5,0,0,5503417
Geo12,2022-04-18,764834,343180,593273,8998,3999,6912,5503417,310436,-1.7276931,-0.76611316,6097376,1,2.3165178,0,7518236
Geo12,2022-04-25,996962,766774,348214,11729,8936,4057,7518236,310436,-1.754816,-1.6232721,7282682,3,0.0897739,0,8276010
Geo12,2022-05-02,785605,519254,491308,9243,6051,5724,8276010,310436,-0.61809266,-0.46881026,5309147,6,0,0,3615852
Geo12,2022-05-09,710046,277925,522540,8354,3239,6088,3615852,310436,-1.311984,0.22232187,6338875,-3,0,0,6462911
Geo12,2022-05-16,958896,243257,554283,11281,2835,6458,6462911,310436,-1.4118986,2.0275922,7367663,3,0,770798,5296398
Geo12,2022-05-23,736076,29863,415227,8660,348,4838,5296398,310436,0.0743435,1.2915174,6368496,-2,1.2393972,718346,6415300
Geo12,2022-05-30,819329,610922,649984,9639,7119,7573,6415300,310436,-2.4381113,-1.3253558,7691899,1,0.061163276,396950,5015542
Geo12,2022-06-06,844407,565065,830456,9934,6585,9675,5015542,310436,2.0117018,1.254551,6457354,-3,0.16917825,734362,7491909
Geo12,2022-06-13,829324,650400,708736,9757,7579,8257,7491909,310436,-0.2581925,0.645914,6985964,1,1.2130641,924511,3689833
Geo12,2022-06-20,661508,532459,429906,7783,6205,5009,3689833,310436,-1.4991213,0.3523035,6721642,-5,1.545047,1265221,7790167
Geo12,2022-06-27,817348,813040,741345,9616,9475,8637,7790167,310436,0.1604152,-0.45062307,5636105,5,0.61661166,189724,5349619
Geo12,2022-07-04,857700,254446,700613,10091,2965,8162,5349619,310436,-0.07513162,0.35813898,7746840,-3,1.9765475,693155,5446356
Geo12,2022-07-11,612019,719471,620606,7200,8384,7230,5446356,310436,-0.2876696,-0.8168814,7252964,0,0,56723,4353614
Geo12,2022-07-18,708096,478222,388199,8331,5573,4523,4353614,310436,-1.4107143,1.6199795,7973450,0,0,701804,5440885
Geo12,2022-07-25,563694,473791,696189,6632,5521,8111,5440885,310436,1.1626192,1.6020515,6689710,-2,0.9469739,1831446,4648650
Geo12,2022-08-01,876496,234060,651633,10312,2728,7592,4648650,310436,1.2462503,-1.9178752,7347220,-3,0,0,5705247
Geo12,2022-08-08,1020156,183634,411183,12002,2140,4790,5705247,310436,0.3108262,0.74804217,6956044,2,0,483457,4868698
Geo12,2022-08-15,337664,358955,615945,3973,4183,7176,4868698,310436,1.2157538,-0.38148886,7844889,0,0,0,4275882
Geo12,2022-08-22,965140,578531,495127,11355,6742,5768,4275882,310436,-0.83623266,-0.080432594,7784867,-5,0,0,5616079
Geo12,2022-08-29,836868,648474,458688,9846,7557,5344,5616079,310436,0.6031128,0.28161728,7038882,1,0.8016417,1239020,4692997
Geo12,2022-09-05,909037,807091,677457,10695,9405,7893,4692997,310436,2.0615425,-1.9795797,6843299,2,1.4144406,0,5622890
Geo12,2022-09-12,656753,500935,463351,7727,5838,5398,5622890,310436,0.7360561,-0.24263826,8433517,-2,0.7759891,1125857,5431735
Geo12,2022-09-19,780088,942483,451444,9178,10983,5259,5431735,310436,0.609449,1.0431917,8104012,-1,0.3735103,1669023,4161444
Geo12,2022-09-26,141126,758079,751064,1660,8834,8750,4161444,310436,0.32889998,0.806296,6533920,-3,0,1321050,6789310
Geo12,2022-10-03,691801,458191,600049,8139,5340,6991,6789310,310436,1.8495381,2.2631083,6190830,2,0.29580784,1917141,7531761
Geo12,2022-10-10,983365,491288,620258,11569,5725,7226,7531761,310436,-1.3692222,0.9573438,7398346,4,1.7477634,1342336,6447644
Geo12,2022-10-17,1026472,538984,403335,12076,6281,4699,6447644,310436,-1.1885016,0.20536405,6173046,1,0.33935064,9720,6762936
Geo12,2022-10-24,736482,255008,275539,8665,2972,3210,6762936,310436,-0.69977134,1.0420055,7213101,3,1.5466081,2580430,7113352
Geo12,2022-10-31,740121,589640,705685,8707,6871,8221,7113352,310436,-0.103985906,0.9362366,7267983,7,1.9774656,1083926,4738848
Geo12,2022-11-07,896893,175442,498489,10552,2045,5808,4738848,310436,1.4955981,-0.13937092,7628610,-6,0,0,6338726
Geo12,2022-11-14,704926,480764,391199,8293,5603,4558,6338726,310436,-0.37750542,0.60197693,7054296,2,0,90780,3344719
Geo12,2022-11-21,1005232,650421,530840,11827,7580,6184,3344719,310436,1.5207858,-0.223113,6000581,-6,0,831519,6019833
Geo12,2022-11-28,778895,498664,872212,9164,5811,10162,6019833,310436,0.05811259,0.40682283,7124492,3,0,346183,4951023
Geo12,2022-12-05,476382,761824,372348,5605,8878,4338,4951023,310436,-0.1887407,1.2256616,8085272,-2,0.4399655,1786064,7653600
Geo12,2022-12-12,714936,1024938,764624,8411,11944,8908,7653600,310436,-0.049515292,0.9733814,8666104,3,0,173962,8264958
Geo12,2022-12-19,681824,595001,925260,8022,6934,10780,8264958,310436,0.29394436,1.4202936,7060648,6,0,1881875,6401704
Geo12,2022-12-26,974507,280757,288740,11465,3272,3364,6401704,310436,0.33693108,0.15286651,6744315,-1,0,571428,6333615
Geo12,2023-01-02,666207,568628,219994,7838,6626,2563,6333615,310436,0.73170304,-0.7034312,7624192,2,1.8886667,645525,4152899
Geo12,2023-01-09,1077700,712364,228192,12679,8302,2659,4152899,310436,-1.9462867,1.4482381,6613360,-4,0,992515,4809573
Geo12,2023-01-16,561177,343520,302777,6602,4003,3527,4809573,310436,-1.4342372,-2.3164737,6574918,-1,1.3462272,0,7842221
Geo12,2023-01-23,408472,730429,383365,4806,8512,4466,7842221,310436,-0.19788906,1.1335064,8018811,6,0.5201452,167150,4440109
Geo12,2023-01-30,439867,694551,289044,5175,8094,3367,4440109,310436,-1.2699498,0.27515316,6601214,-1,0,122455,5800809
Geo12,2023-02-06,362969,415325,701117,4270,4840,8168,5800809,310436,-0.24766102,-0.7676782,6806921,-1,0.6517595,0,5623520
Geo12,2023-02-13,882052,395343,592945,10377,4607,6908,5623520,310436,-1.0319042,-0.65078545,7985448,-2,0.7693167,270351,5243410
Geo12,2023-02-20,995587,443947,690005,11713,5174,8039,5243410,310436,-1.0429738,0.13305885,6379510,0,0,872820,6086293
Geo12,2023-02-27,659804,694810,501020,7763,8097,5837,6086293,310436,-0.16038905,-0.68664485,7163231,0,0,0,3858056
Geo12,2023-03-06,1017883,238046,452008,11975,2774,5266,3858056,310436,-1.5104756,0.78521144,6594722,-3,0,0,6508203
Geo12,2023-03-13,608943,1008449,242631,7164,11752,2827,6508203,310436,-0.51941836,-1.5722982,6549697,2,0,0,6572191
Geo12,2023-03-20,746964,835941,858888,8788,9742,10006,6572191,310436,-1.188608,-0.15825018,6161960,2,0.22897917,0,6431707
Geo12,2023-03-27,876575,166487,855788,10313,1940,9970,6431707,310436,-1.767263,0.77290064,7589480,0,0.7912504,0,6048480
Geo12,2023-04-03,751423,313081,500109,8840,3648,5826,6048480,310436,1.132392,0.9432848,6372910,0,0,1392036,2565392
Geo12,2023-04-10,518332,431966,635731,6098,5034,7407,2565392,310436,-1.2943254,0.5873616,7073595,-8,1.2496,916878,6581080
Geo12,2023-04-17,948081,703929,519418,11154,8203,6051,6581080,310436,-0.5112678,-0.19827363,7325977,0,0,0,5799953
Geo12,2023-04-24,878795,724775,434601,10339,8446,5063,5799953,310436,0.26817155,-0.38365984,6542770,0,0,157190,5852716
Geo12,2023-05-01,1056386,427277,668184,12428,4979,7785,5852716,310436,-1.930834,-0.6408322,8105068,0,0,0,5906643
Geo12,2023-05-08,581770,542348,692201,6845,6320,8064,5906643,310436,-2.6418552,-0.6719853,6144812,-1,0,0,6430676
Geo12,2023-05-15,834016,760858,554357,9812,8867,6458,6430676,310436,-0.08997458,-1.73042,7758596,0,0,0,5591442
Geo12,2023-05-22,419206,434905,981656,4932,5068,11437,5591442,310436,0.60754764,-1.958557,6651756,-2,0.61441743,0,6164486
Geo12,2023-05-29,172608,689908,476530,2031,8040,5552,6164486,310436,1.8239031,0.7475907,8168604,-1,0.68383634,1575883,6800058
Geo12,2023-06-05,640732,982605,625529,7538,11451,7288,6800058,310436,-0.054319263,2.3989549,6742802,2,1.2607794,937371,4637237
Geo12,2023-06-12,597326,733668,385688,7028,8550,4493,4637237,310436,-1.0026276,-0.98737204,7324223,-2,0,0,4594905
Geo12,2023-06-19,613851,679751,408712,7222,7921,4762,4594905,310436,0.64705473,1.3157945,6369672,-3,2.3297033,2028557,8152915
Geo12,2023-06-26,524181,513229,818106,6167,5981,9531,8152915,310436,0.72014934,0.53401613,6484832,3,0,538328,6047900
Geo12,2023-07-03,266092,663438,189996,3131,7731,2214,6047900,310436,-0.3527084,0.38983217,6085172,-2,0.27622077,0,8684332
Geo12,2023-07-10,610629,517327,243310,7184,6029,2835,8684332,310436,-1.8343356,0.28852892,7140025,5,0,0,5185544
Geo12,2023-07-17,1008080,494746,354903,11860,5766,4135,5185544,310436,0.32237142,0.8637815,6926448,0,1.5364239,811631,4916513
Geo12,2023-07-24,129411,254981,605339,1523,2971,7052,4916513,310436,-1.323967,-0.2665316,6630337,-2,0,545489,5430898
Geo12,2023-07-31,538798,421995,462832,6339,4918,5392,5430898,310436,0.3166241,-0.26841915,6614572,-1,2.1249986,764732,5567630
Geo12,2023-08-07,332167,606847,438052,3908,7072,5103,5567630,310436,-0.5905533,0.9684872,6539736,-1,0.61824477,915040,5962070
Geo12,2023-08-14,682012,994896,483794,8024,11594,5636,5962070,310436,0.18082142,-1.5476198,7570940,1,0,0,5507107
Geo12,2023-08-21,1075220,429398,379937,12650,5004,4426,5507107,310436,-0.64390635,0.001829565,6980865,-2,0.11870131,0,7891470
Geo12,2023-08-28,647581,469754,132219,7619,5474,1540,7891470,310436,2.4326952,0.5190848,6501868,4,1.0044314,1211234,6296968
Geo12,2023-09-04,566818,531462,479451,6669,6193,5586,6296968,310436,0.7176876,1.0979235,7193690,0,0.8770383,1420217,3665714
Geo12,2023-09-11,692742,378393,398283,8150,4410,4640,3665714,310436,-0.106346175,-1.7363069,7180240,-5,0.9972298,0,4127098
Geo12,2023-09-18,596707,131070,443683,7020,1527,5169,4127098,310436,3.1351292,0.28458256,7568135,-3,0,0,5141362
Geo12,2023-09-25,1102808,892739,83431,12974,10404,972,5141362,310436,0.15324005,-1.0148113,7234921,1,0,300702,4820553
Geo12,2023-10-02,758723,703050,822152,8926,8193,9578,4820553,310436,-0.39402583,0.07314125,7861536,-3,0,0,7297410
Geo12,2023-10-09,747530,371116,573261,8795,4325,6679,7297410,310436,-0.5249888,0.99044144,7436126,2,0,0,7836400
Geo12,2023-10-16,362577,769329,290725,4266,8965,3387,7836400,310436,3.5509286,1.4496979,8071858,4,0,773145,3661518
Geo12,2023-10-23,541823,392800,521196,6375,4577,6072,3661518,310436,1.4427428,-1.7991537,6510060,-5,0,0,7846120
Geo12,2023-10-30,558762,471063,507108,6574,5490,5908,7846120,310436,0.64865506,0.7591301,7007092,3,1.7531812,810268,7489127
Geo12,2023-11-06,821494,585817,614185,9665,6827,7155,7489127,310436,0.9531933,1.560363,7609096,1,0,806981,5927087
Geo12,2023-11-13,609938,771060,357373,7176,8986,4164,5927087,310436,1.1069669,-0.38993555,7810416,0,0,0,6480605
Geo12,2023-11-20,1186302,425648,388506,13957,4960,4526,6480605,310436,-0.81755686,0.16027403,6378358,2,0.06931397,15145,6122771
Geo12,2023-11-27,1036686,516805,354395,12197,6023,4129,6122771,310436,-0.21141565,0.82246506,8405785,0,0,1748032,3207012
Geo12,2023-12-04,602722,332192,461373,7091,3871,5375,3207012,310436,-2.4430351,-1.2202986,7495370,-4,1.5250381,985614,4504784
Geo12,2023-12-11,542851,443088,741693,6387,5164,8641,4504784,310436,0.059621736,-1.2681739,7870122,-4,0,0,5198949
Geo12,2023-12-18,722353,319470,370130,8498,3723,4312,5198949,310436,-1.2014382,0.915753,6812048,-1,0,131477,3549248
Geo12,2023-12-25,634460,877394,472430,7464,10225,5504,3549248,310436,0.08924702,-1.7944928,6019246,-5,0,466297,7693269
Geo12,2024-01-01,508522,915164,472918,5983,10665,5510,7693269,310436,0.8392111,0.6863897,7857684,1,0,1458087,4920698
Geo12,2024-01-08,431965,42709,536849,5082,498,6254,4920698,310436,-0.2960508,-1.5391796,6235582,-1,0,0,4808115
Geo12,2024-01-15,445678,607772,520046,5243,7083,6059,4808115,310436,1.2738452,-0.31240645,6694528,-4,0,342404,12437009
Geo13,2021-01-25,1860588,638156,654947,21890,7437,7630,12437009,642480,-0.12735501,0.7200396,14460874,-2,0.5941833,438591,10890621
Geo13,2021-02-01,1723626,631755,559279,20278,7362,6516,10890621,642480,-0.9184526,-1.3025453,14770606,-3,0.60125875,0,17210452
Geo13,2021-02-08,1084750,1932636,1250352,12762,22522,14567,17210452,642480,1.3547295,1.4032319,17637004,2,2.0668547,915554,11414658
Geo13,2021-02-15,1179604,1334109,918275,13878,15547,10698,11414658,642480,0.478066,0.42854586,16265017,-2,0,497082,13434788
Geo13,2021-02-22,1917575,2207325,1298166,22560,25723,15124,13434788,642480,-0.9884727,-2.7753992,16230845,-1,1.3632191,0,16211875
Geo13,2021-03-01,1096310,1208655,987413,12898,14085,11504,16211875,642480,-2.9498005,-0.7503652,14005329,2,0,0,14421909
Geo13,2021-03-08,2143916,786167,1178082,25223,9162,13725,14421909,642480,1.6533326,-1.2460403,17974802,-2,0.16592896,0,17129648
Geo13,2021-03-15,1398474,567469,755658,16453,6613,8804,17129648,642480,1.7524791,-4.1138744,18522304,3,1.1253555,0,14831254
Geo13,2021-03-22,2004757,1002037,1531006,23586,11677,17837,14831254,642480,0.53630507,0.30660948,20079700,1,0,481123,12562891
Geo13,2021-03-29,2130274,0,641761,25063,0,7477,12562891,642480,0.6729819,0.27422488,20604952,-3,1.4857266,557385,9782664
Geo13,2021-04-05,1332319,1616884,1933340,15675,18842,22524,9782664,642480,-1.04705,-0.6451492,21333398,-7,0,0,17874246
Geo13,2021-04-12,962945,1808832,752077,11329,21079,8762,17874246,642480,-1.2774618,-0.7200229,18910198,1,0.5343257,0,18298364
Geo13,2021-04-19,2296818,1555999,1448317,27022,18133,16873,18298364,642480,0.35853508,-2.7454786,18333074,3,0.81035,0,17146002
Geo13,2021-04-26,1308343,1109784,1014402,15393,12933,11818,17146002,642480,0.12591141,-1.4858336,22253866,1,0.6907802,688729,16889936
Geo13,2021-05-03,896599,1181484,849765,10548,13768,9900,16889936,642480,0.91997534,-0.07873758,19135142,4,1.8837118,1016490,13847787
Geo13,2021-05-10,941020,1000679,1055474,11071,11661,12297,13847787,642480,-0.73726165,-0.87097293,21590244,-3,1.6979861,0,15571971
Geo13,2021-05-17,1063913,1562162,1314352,12517,18205,15313,15571971,642480,-1.1253574,0.3325553,16785348,1,0,673232,16536745
Geo13,2021-05-24,1469296,538909,823965,17286,6280,9600,16536745,642480,0.56636864,0.25984308,16826758,2,0.23462531,0,11958503
Geo13,2021-05-31,1352215,1721432,950202,15909,20061,11070,11958503,642480,0.18652235,0.35207057,20459942,-5,0,0,18785230
Geo13,2021-06-07,1776479,2470782,1301503,20900,28793,15163,18785230,642480,0.47752196,-0.014811754,20291496,3,0,506194,16603187
Geo13,2021-06-14,733096,1592174,1146458,8625,18554,13357,16603187,642480,-0.20028907,-0.43232572,20004126,0,1.0171831,326123,16901310
Geo13,2021-06-21,1111821,1314375,2099331,13081,15317,24458,16901310,642480,0.59845424,0.42507273,17853858,2,1.4991531,582937,11762363
Geo13,2021-06-28,1690456,971550,1021392,19888,11322,11900,11762363,642480,0.45755348,0.35386133,20743622,-2,1.1947744,1345569,19072402
Geo13,2021-07-05,1218953,1107629,1647128,14341,12908,19190,19072402,642480,-0.8432178,0.14016014,18415502,5,0.38546228,602145,15903706
Geo13,2021-07-12,1740958,780575,868926,20482,9096,10123,15903706,642480,0.9067755,-0.61195505,19591416,-1,0,0,19337042
Geo13,2021-07-19,1726345,1530946,1759599,20310,17841,20500,19337042,642480,0.65839213,-0.79530406,19331612,2,0,390402,18724162
Geo13,2021-07-26,1867964,1003760,2073234,21977,11697,24154,18724162,642480,0.7637141,-0.51837224,19030870,4,0.40040666,289896,15073638
Geo13,2021-08-02,885085,1294794,1161395,10413,15089,13531,15073638,642480,1.0651227,-0.4157604,19772020,0,1.8269453,0,14896703
Geo13,2021-08-09,437475,209573,499337,5147,2442,5817,14896703,642480,-0.3992707,-0.780396,18655422,-1,0.2847438,0,11310046
Geo13,2021-08-16,893044,1381742,878927,10507,16102,10240,11310046,642480,1.0559896,-1.0019904,20643496,-3,0.57577825,36451,17422704
Geo13,2021-08-23,2564619,1666301,1649816,30173,19418,19221,17422704,642480,0.6810971,0.6583046,19661914,1,1.0082392,755451,15219671
Geo13,2021-08-30,1673296,1059002,2225368,19686,12341,25926,15219671,642480,-2.8023438,-0.88097245,21789314,-1,0,0,11796873
Geo13,2021-09-06,1755042,839188,1121677,20648,9779,13068,11796873,642480,-0.4578011,1.4828222,19686992,-1,0.09371024,0,16215821
Geo13,2021-09-13,1535734,1155994,1085074,18068,13471,12642,16215821,642480,0.91883934,0.8973839,19360200,0,0,426349,11030658
Geo13,2021-09-20,2319736,1477270,1100418,27292,17215,12820,11030658,642480,0.142804,-1.745559,20967318,-4,0,0,15264784
Geo13,2021-09-27,1631175,1946068,1550018,19191,22678,18058,15264784,642480,0.60543513,0.18420714,19759464,1,0.45219117,888504,18156870
Geo13,2021-10-04,2042140,1421369,1024487,24026,16564,11936,18156870,642480,1.3919051,0.54629517,19767572,3,1.7697834,586431,17608696
Geo13,2021-10-11,1215369,1924362,1410787,14299,22426,16436,17608696,642480,1.5439663,0.003793538,21883702,1,1.9692243,518342,15153985
Geo13,2021-10-18,2135473,1443692,583234,25124,16824,6795,15153985,642480,1.2494309,-0.64999485,19868476,0,0,44629,16250220
Geo13,2021-10-25,1769046,1273468,1788755,20813,14840,20840,16250220,642480,0.924644,1.1252053,21574284,2,0.06862509,161306,13534087
Geo13,2021-11-01,1862545,1736339,1732531,21913,20234,20185,13534087,642480,0.90888,-0.17123473,19745914,-3,0.000658542,598376,19553052
Geo13,2021-11-08,490999,1166674,676151,5777,13596,7877,19553052,642480,1.2865919,2.5576673,20980266,7,0.4352711,1069205,13320223
Geo13,2021-11-15,777928,2025814,934383,9152,23608,10886,13320223,642480,1.6791298,4.320259,20077656,0,0,1995628,17107230
Geo13,2021-11-22,1238104,1578601,1451427,14566,18396,16910,17107230,642480,-0.61663175,-0.96313596,19530040,2,0,246554,10696056
Geo13,2021-11-29,1690326,961874,1539753,19887,11209,17939,10696056,642480,-1.2696006,0.42509794,19816112,-7,0.10867715,157721,17930110
Geo13,2021-12-06,1530207,905521,1589574,18003,10552,18519,17930110,642480,-0.36050943,1.7488556,20588228,5,0,1052809,10809274
Geo13,2021-12-13,1934224,411078,886408,22756,4790,10327,10809274,642480,-0.44881088,0.8148515,18757428,-4,0,1193726,12326407
Geo13,2021-12-20,2126462,1375726,734310,25018,16032,8555,12326407,642480,-0.6735356,1.344473,22587798,-3,2.3573968,918837,14158211
Geo13,2021-12-27,1659243,1014317,1825288,19521,11820,21265,14158211,642480,1.6083875,0.090154104,20174056,0,0,0,17825582
Geo13,2022-01-03,1428154,1210191,1427577,16802,14103,16632,17825582,642480,-2.1402638,-1.5568722,17499118,2,1.2318832,0,12597531
Geo13,2022-01-10,1450132,1014409,1281769,17061,11821,14933,12597531,642480,0.251484,-0.07105759,23862534,-1,0,376712,15156149
Geo13,2022-01-17,1694703,1645060,1291206,19938,19171,15043,15156149,642480,-0.6354911,1.5414482,20577140,1,0,1046851,13922206
Geo13,2022-01-24,1653912,1208510,1065776,19458,14083,12417,13922206,642480,1.6010578,-0.4124511,18781046,0,0,1017327,17646562
Geo13,2022-01-31,2076810,1651793,1369616,24434,19249,15957,17646562,642480,0.12320198,-0.41601276,20020220,2,0.15616085,603273,19540458
Geo13,2022-02-07,1736161,1411441,1091035,20426,16448,12711,19540458,642480,1.6956451,-1.3380139,19275116,5,0,0,15151705
Geo13,2022-02-14,1126384,314136,1079060,13252,3661,12571,15151705,642480,-0.61229324,-2.4506643,20196748,3,0.42131788,0,16858298
Geo13,2022-02-21,946255,1278725,545500,11133,14902,6355,16858298,642480,-1.148391,-0.32277003,19624852,3,1.8504606,0,13912285
Geo13,2022-02-28,1612901,749148,786734,18976,8730,9166,13912285,642480,-0.35449693,0.03633213,19053784,1,1.2363306,49071,13977994
Geo13,2022-03-07,999835,1606164,636287,11763,18717,7413,13977994,642480,-1.5499305,-1.5392126,20334192,-1,0,0,14702697
Geo13,2022-03-14,1223476,1297373,535145,14394,15119,6235,14702697,642480,-0.25161654,-1.5113026,18068000,2,0,0,14550864
Geo13,2022-03-21,214521,905931,1302720,2524,10557,15177,14550864,642480,-2.7092876,-0.75559103,18221114,-1,0.38845038,968543,16343337
Geo13,2022-03-28,1225385,1132267,1633131,14417,13195,19027,16343337,642480,-0.15540016,-0.1389572,16233982,1,0,696984,10282539
Geo13,2022-04-04,795269,748773,1834845,9356,8726,21377,10282539,642480,0.6480238,-0.15565923,18373230,-5,0.05069086,487033,11699549
Geo13,2022-04-11,1018776,1308357,2039643,11986,15247,23763,11699549,642480,-0.2708214,-2.1202378,17224058,-4,0,0,11788287
Geo13,2022-04-18,1226819,909996,818819,14433,10605,9540,11788287,642480,0.6983687,-0.9387694,15776878,-1,0,0,16057629
Geo13,2022-04-25,1825738,2371217,828515,21480,27633,9653,16057629,642480,0.05714518,-2.9309301,18745028,0,0,0,13218342
Geo13,2022-05-02,1390296,903055,1494652,16357,10524,17413,13218342,642480,0.68728,1.2676666,14122086,-2,0,541741,15027615
Geo13,2022-05-09,1178430,579188,444685,13864,6750,5181,15027615,642480,-2.8055167,-1.2768643,17039636,2,1.8116672,0,13712429
Geo13,2022-05-16,1595297,982305,1518241,18769,11447,17688,13712429,642480,-0.2555791,-1.3093396,19302216,0,0,216779,15917210
Geo13,2022-05-23,1667668,94311,1130698,19620,1099,13173,15917210,642480,0.121409,-0.04250761,17066498,1,0.11822189,492337,14522485
Geo13,2022-05-30,1648971,1579804,1606895,19400,18410,18721,14522485,642480,-1.6036336,-0.3259599,19714368,-1,0,1036024,15277622
Geo13,2022-06-06,1290250,1585298,1599917,15180,18474,18640,15277622,642480,-2.669141,-0.36985433,17076424,0,0,31736,20502928
Geo13,2022-06-13,1024244,2094903,1604953,12050,24413,18698,20502928,642480,0.27796835,0.22385746,17865666,4,0,108148,10518971
Geo13,2022-06-20,867138,1115629,984801,10202,13001,11473,10518971,642480,-1.8751007,-1.6011555,18150546,-5,1.7320383,170320,15688337
Geo13,2022-06-27,1465924,1452348,1523868,17247,16925,17754,15688337,642480,1.1445466,0.52835727,15621368,2,2.3648462,778777,16662269
Geo13,2022-07-04,2371041,751749,1648388,27895,8760,19204,16662269,642480,1.7175387,0.04995066,19852138,0,0,0,15003571
Geo13,2022-07-11,954950,1392886,1223994,11235,16232,14260,15003571,642480,0.91091573,-0.5282343,19067798,1,2.1781566,587093,13396158
Geo13,2022-07-18,1886197,1329459,1389890,22191,15493,16193,13396158,642480,-0.46881074,-1.6391358,20962480,2,1.0156918,448591,15572413
Geo13,2022-07-25,1438959,1539565,1448200,16929,17941,16872,15572413,642480,-0.30574036,0.13394564,18366342,0,0.76617134,716681,14181069
Geo13,2022-08-01,2151585,359958,1104854,25313,4195,12872,14181069,642480,-1.0141207,0.11308818,19676162,0,0.38997787,586687,11834317
Geo13,2022-08-08,1803351,533607,713941,21216,6218,8318,11834317,642480,0.066005826,0.09008521,19331502,-1,0,207662,15862791
Geo13,2022-08-15,1305514,1116772,863283,15359,13014,10058,15862791,642480,-0.8877993,1.2719975,21053074,3,0.010435045,802203,15841288
Geo13,2022-08-22,2097604,2162559,1960837,24678,25201,22844,15841288,642480,0.80632734,1.0632257,20781778,1,1.4980152,1260047,16322517
Geo13,2022-08-29,1836312,1612788,1256925,21604,18795,14644,16322517,642480,0.65126586,-0.9177706,20310724,3,1.9065609,6078,13973681
Geo13,2022-09-05,1330086,1910750,1194589,15648,22267,13917,13973681,642480,0.101637304,1.0547686,19455166,4,0.010173898,380658,16016448
Geo13,2022-09-12,1100749,1583932,1460267,12950,18458,17013,16016448,642480,1.3196065,0.9833919,23037482,0,0,556886,15063671
Geo13,2022-09-19,1837836,1805825,1222621,21622,21044,14244,15063671,642480,0.25994235,-0.5894916,21621864,0,0.34925634,0,16801936
Geo13,2022-09-26,201703,1908124,847016,2373,22236,9868,16801936,642480,-0.5188416,0.8230526,18312714,4,0.31561828,817108,17851376
Geo13,2022-10-03,1152622,1156279,761603,13561,13475,8873,17851376,642480,2.2830925,0.087706715,16939684,3,1.4555598,749582,20587578
Geo13,2022-10-10,1286456,1004202,1255005,15135,11702,14621,20587578,642480,1.5343995,0.97724366,19840360,6,2.0094693,845855,15992503
Geo13,2022-10-17,1204672,1124480,345753,14173,13104,4028,15992503,642480,1.8611903,-1.1480111,16210079,0,0.4606834,934684,11475086
Geo13,2022-10-24,1652863,703794,0,19446,8202,0,11475086,642480,0.28456998,0.5558164,18733132,-4,0.001846373,0,11358896
Geo13,2022-10-31,970994,790715,427077,11424,9215,4976,11358896,642480,-0.94197583,1.3690383,18707170,0,0.65378356,1279090,17626350
Geo13,2022-11-07,1778779,309512,648788,20927,3607,7559,17626350,642480,-1.511627,2.4204922,18707446,1,0,453680,9181361
Geo13,2022-11-14,871264,954178,227668,10250,11119,2652,9181361,642480,0.6144586,-0.9473996,18129816,-6,2.6622648,814712,6792459
Geo13,2022-11-21,2276128,1280220,1139830,26779,14919,13279,6792459,642480,0.3907035,1.2217476,16615504,-9,0,911442,8368769
Geo13,2022-11-28,834258,1296410,1701019,9815,15108,19818,8368769,642480,-0.17070723,-0.08096862,18254472,-5,0,0,18205470
Geo13,2022-12-05,1401612,926839,1101274,16490,10801,12830,18205470,642480,-0.03269893,-1.0700868,20839182,5,0,444712,16695429
Geo13,2022-12-12,1583328,1467544,1087326,18628,17102,12668,16695429,642480,-0.06205973,0.058661282,22110368,1,1.7702138,0,9981343
Geo13,2022-12-19,1530241,1414068,1368411,18003,16479,15943,9981343,642480,-0.4465751,-0.3592401,18558588,-5,0.36822566,72848,19513648
Geo13,2022-12-26,2056577,1266486,1364422,24196,14759,15896,19513648,642480,0.62056476,-1.1185277,18297198,4,1.0339576,264604,6559141
Geo13,2023-01-02,884535,1488063,372070,10407,17341,4335,6559141,642480,1.0576698,-0.6061633,20887208,-10,0.47868508,67552,12910211
Geo13,2023-01-09,1249742,1229728,863662,14703,14331,10062,12910211,642480,0.32334027,-2.845256,18125248,-3,0.13382816,0,14433131
Geo13,2023-01-16,825407,607342,435078,9711,7078,5069,14433131,642480,0.64788353,-0.5290742,17396028,1,0,0,14793090
Geo13,2023-01-23,749705,1962193,1577912,8820,22866,18383,14793090,642480,-0.86978054,-0.5537473,19913448,-1,0,0,10674251
Geo13,2023-01-30,734793,1042859,1102333,8645,12153,12843,10674251,642480,-0.3716346,-1.0710447,16785538,-2,0,32679,11683620
Geo13,2023-02-06,1593425,1400073,2186805,18747,16316,25477,11683620,642480,-0.6153167,1.3049568,18094022,-5,0,0,18511182
Geo13,2023-02-13,1491028,1405243,1239035,17542,16376,14435,18511182,642480,-0.5556258,-1.5497336,19490094,2,0,0,9677947
Geo13,2023-02-20,850472,1020129,345766,10006,11888,4028,9677947,642480,-3.7545688,0.36886722,16615892,-5,0.9162731,234395,16484507
Geo13,2023-02-27,1476773,1466289,993607,17374,17087,11576,16484507,642480,-0.53878,-1.2510995,18188754,1,0.24954903,0,14301909
Geo13,2023-03-06,2011222,534823,1488759,23662,6233,17345,14301909,642480,-0.70413053,-2.208786,17130440,3,0,0,12534084
Geo13,2023-03-13,1127150,2198128,648996,13261,25616,7561,12534084,642480,-0.7966651,0.28859413,18190410,-2,0,805044,11916066
Geo13,2023-03-20,1967235,1892581,1123373,23144,22055,13088,11916066,642480,-0.1446963,-0.8074119,17291882,-4,0,0,15774746
Geo13,2023-03-27,1850120,500302,1281591,21767,5830,14931,15774746,642480,-3.1159248,0.53304195,20599266,0,1.2829201,24435,18730376
Geo13,2023-04-03,2260449,1274338,1684993,26594,14850,19631,18730376,642480,0.5803802,-1.3655756,18586158,4,0.49059135,0,11758436
Geo13,2023-04-10,818596,1421891,1291086,9631,16570,15042,11758436,642480,-0.13903189,1.2772772,19191260,-3,1.6731428,532678,15595052
Geo13,2023-04-17,1410912,1667116,1154560,16599,19428,13451,15595052,642480,0.015086532,-0.7731264,19789744,0,0,0,10938147
Geo13,2023-04-24,2012973,1213272,897865,23683,14139,10460,10938147,642480,2.1622143,0.24005848,18517252,-6,1.5700985,902004,17966574
Geo13,2023-05-01,1545343,1459979,1603305,18181,17014,18679,17966574,642480,1.0803466,-0.7087341,22425148,4,0,0,16670332
Geo13,2023-05-08,1450536,1602104,1128373,17065,18670,13146,16670332,642480,-0.76224613,-0.690708,17744680,2,0,0,19499232
Geo13,2023-05-15,1679780,1419980,1486861,19763,16548,17322,19499232,642480,0.1630854,0.5076292,20816874,4,0,0,20799730
Geo13,2023-05-22,1329247,1108364,2256018,15639,12916,26283,20799730,642480,-0.43395254,-1.9654499,18507176,6,0.42087603,0,14130769
Geo13,2023-05-29,634165,1189254,850817,7461,13859,9912,14130769,642480,1.3364505,-0.2964723,21434544,-3,0.37097198,271226,15853104
Geo13,2023-06-05,1281717,1466815,554822,15079,17093,6464,15853104,642480,-2.6585026,0.055276662,18160302,1,0,0,16269409
Geo13,2023-06-12,1209505,1239134,1614878,14230,14440,18814,16269409,642480,-1.0992002,0.7415177,18844926,3,0,607621,17919022
Geo13,2023-06-19,1527236,1382686,650400,17968,16113,7577,17919022,642480,-1.03216,2.1150675,18326710,3,0.8078588,727670,19585530
Geo13,2023-06-26,1484790,561241,1298710,17468,6540,15130,19585530,642480,-0.8623617,-1.4702888,17903756,2,0.5590329,0,15839835
Geo13,2023-07-03,1143215,424070,196004,13450,4942,2284,15839835,642480,-0.8930665,0.2851227,17566848,0,1.0332153,250758,18564196
Geo13,2023-07-10,833190,1724117,407757,9802,20092,4751,18564196,642480,-1.0118096,-1.0449251,19507798,2,0,124914,12101013
Geo13,2023-07-17,1188041,1073501,767990,13977,12510,8947,12101013,642480,-0.78709733,1.5761907,18671586,-3,0,439171,12037870
Geo13,2023-07-24,105897,1243092,1406971,1246,14486,16392,12037870,642480,-0.31590477,0.16388851,17441732,-4,0,603956,18958992
Geo13,2023-07-31,1101137,1102754,821249,12955,12851,9568,18958992,642480,1.820902,-0.83402246,17713026,4,2.900675,671774,13100541
Geo13,2023-08-07,620600,921955,1017020,7301,10744,11849,13100541,642480,0.080742896,0.32545823,16694672,-2,1.593092,537028,16312216
Geo13,2023-08-14,1177657,1834041,744690,13855,21373,8676,16312216,642480,0.16596842,-0.09578052,19252034,2,0,492870,11567850
Geo13,2023-08-21,1771096,1307003,686084,20837,15231,7993,11567850,642480,1.0837189,0.9950869,18204182,-4,2.44419,247224,16998902
Geo13,2023-08-28,1585846,658738,988693,18657,7677,11519,16998902,642480,2.737258,1.7354529,17572670,2,1.314669,832621,14154312
Geo13,2023-09-04,869785,1304506,852703,10233,15202,9934,14154312,642480,1.1795157,2.0773466,17673126,-1,0,700812,11533765
Geo13,2023-09-11,1817035,1118576,831531,21377,13035,9688,11533765,642480,0.22981542,-1.1823633,18829246,-3,0,0,15600948
Geo13,2023-09-18,954539,1100629,674776,11230,12826,7861,15600948,642480,0.4980483,1.1981086,19225288,2,0.3117588,60711,7714375
Geo13,2023-09-25,1478613,1715457,317008,17396,19991,3693,7714375,642480,1.3088386,1.4953358,18908858,-4,0.7126591,248888,15607616
Geo13,2023-10-02,2118238,1114316,1876804,24921,12986,21865,15607616,642480,-0.7119445,-0.52521825,21407346,-1,0.25496015,0,17756466
Geo13,2023-10-09,2038022,988107,1171266,23977,11515,13646,17756466,642480,0.99437606,2.4483557,19917238,3,2.4265609,925081,17127004
Geo13,2023-10-16,981333,1617336,823615,11545,18848,9595,17127004,642480,-0.09662461,0.06482279,21813886,1,1.2259728,1035674,12040908
Geo13,2023-10-23,1273926,539556,1479340,14988,6288,17235,12040908,642480,-0.5502402,-2.0984976,18097166,-2,0,0,17630788
Geo13,2023-10-30,1491581,1482578,1027978,17548,17277,11976,17630788,642480,-0.19025916,0.1466428,19995934,2,0,967140,16705601
Geo13,2023-11-06,743539,1332146,1481963,8748,15524,17265,16705601,642480,0.60019946,2.052214,20118730,-2,1.2229867,554053,14639781
Geo13,2023-11-13,796010,1511347,1165071,9365,17612,13574,14639781,642480,0.29216766,-1.6848545,20800610,-1,1.7826169,754783,13555152
Geo13,2023-11-20,1521637,782894,1457956,17902,9123,16986,13555152,642480,0.36475933,1.7468308,17073764,-1,0.7245263,571677,11451211
Geo13,2023-11-27,1331517,1726503,278805,15665,20120,3248,11451211,642480,-1.5671359,1.4600352,21469436,-4,0.15031262,111169,16932930
Geo13,2023-12-04,1223475,1609915,1583536,14394,18761,18449,16932930,642480,-0.6140042,-2.2954545,20220612,4,2.0347648,0,11433934
Geo13,2023-12-11,1594760,977855,1297246,18762,11395,15113,11433934,642480,0.49077368,1.4364765,19847804,-5,0,1271374,11669167
Geo13,2023-12-18,1283873,1621815,780400,15105,18900,9092,11669167,642480,0.4961495,1.1194037,17619856,-3,0,706506,14873885
Geo13,2023-12-25,1814674,821547,949366,21350,9574,11060,14873885,642480,1.1884968,-0.08655754,16218925,1,1.2246795,337245,15327031
Geo13,2024-01-01,613587,1240287,452742,7219,14454,5275,15327031,642480,-0.20680094,-0.9072835,19372614,-3,0.92958647,172469,11803975
Geo13,2024-01-08,1399903,198641,891128,16470,2315,10382,11803975,642480,-0.98870015,0.079304814,17509782,-2,0.5373459,0,11431145
Geo13,2024-01-15,979254,1033851,1146475,11521,12048,13357,11431145,642480,-0.7945945,-1.4088103,17900652,-5,0,0,17463522
Geo14,2021-01-25,2449560,1296074,1484050,28819,15104,17290,17463522,949707,0.28020394,1.9460647,20782460,-3,0,2681267,21166890
Geo14,2021-02-01,677916,1333446,2506468,7976,15539,29201,21166890,949707,-0.22830087,0.94855905,20284034,2,0,2356260,21280082
Geo14,2021-02-08,1090607,1897304,1836415,12831,22110,21395,21280082,949707,1.6847156,-0.7865919,21873382,0,0,0,21713038
Geo14,2021-02-15,534554,1768780,1717126,6289,20612,20005,21713038,949707,1.5227451,-0.09875205,20179928,3,0,0,21083884
Geo14,2021-02-22,2100284,2755846,2031973,24710,32115,23673,21083884,949707,-1.310523,-1.0732651,20083874,1,0.23059162,0,20879848
Geo14,2021-03-01,2474980,1645143,1797435,29118,19172,20941,20879848,949707,-0.44599366,-1.4119524,17706338,0,0,0,18527612
Geo14,2021-03-08,2511752,2441433,1257719,29551,28451,14653,18527612,949707,0.31983677,0.6691929,22612648,-3,0,318186,17204538
Geo14,2021-03-15,1810774,1023974,1790803,21304,11933,20864,17204538,949707,0.9808986,-0.19777763,23475878,-2,0,2033068,21087208
Geo14,2021-03-22,2942749,1786203,1494307,34621,20815,17409,21087208,949707,-2.254837,0.59198177,26329322,1,0,1029192,18868394
Geo14,2021-03-29,2308937,253352,599704,27165,2952,6987,18868394,949707,-0.1527968,-0.14367682,24472936,-2,1.5579438,0,17471504
Geo14,2021-04-05,3001316,836583,950747,35310,9749,11077,17471504,949707,-1.0976491,0.7103425,27381594,-3,0,1413498,20045410
Geo14,2021-04-12,2287032,1696197,1733282,26907,19767,20193,20045410,949707,0.2468288,-1.6210968,25084602,-3,0,0,17332884
Geo14,2021-04-19,2562484,1882408,1243678,30148,21937,14489,17332884,949707,0.08345261,-2.7303803,23889570,-4,0,0,24265362
Geo14,2021-04-26,940880,1885558,842919,11069,21973,9820,24265362,949707,-0.26770467,-0.48059896,29022380,1,1.1419606,1057953,19919712
Geo14,2021-05-03,1534458,1146004,1327910,18053,13355,15471,19919712,949707,-0.22692174,-1.2610878,25760414,1,0.46727037,1732408,23146548
Geo14,2021-05-10,1468355,1440933,1459776,17275,16792,17007,23146548,949707,0.3790657,0.26323038,27624596,1,0.23610014,1819270,19051288
Geo14,2021-05-17,2641272,1463072,2811401,31074,17050,32754,19051288,949707,-0.9042577,0.28249145,23098080,-2,0.7315769,865938,26062422
Geo14,2021-05-24,2082363,725562,1811220,24499,8455,21101,26062422,949707,-2.2750704,0.92541003,22681004,5,1.5223875,866421,17786608
Geo14,2021-05-31,1986059,1704438,1287411,23366,19863,14999,17786608,949707,-0.5648619,0.61934066,26913924,-4,0,515228,26976860
Geo14,2021-06-07,2183059,2054689,2307612,25684,23944,26885,26976860,949707,0.99040794,-1.4429612,27156372,3,0,789208,18382402
Geo14,2021-06-14,1200820,2287168,2119783,14128,26653,24696,18382402,949707,-0.3533076,0.22498208,25638202,-3,0,693287,22115152
Geo14,2021-06-21,930626,1886822,2198177,10949,21988,25610,22115152,949707,0.62427306,-0.40285245,23707472,0,0,0,22899798
Geo14,2021-06-28,2496961,2214056,2072538,29377,25801,24146,22899798,949707,2.1022108,-1.5815493,27426716,3,0,446374,21198362
Geo14,2021-07-05,1723835,2241686,1949258,20281,26123,22710,21198362,949707,0.6383441,0.378354,24748068,0,0,0,22497044
Geo14,2021-07-12,2677605,1405946,1846292,31502,16384,21510,22497044,949707,0.147156,0.406718,25907990,-1,1.0847259,554747,24336702
Geo14,2021-07-19,2080777,1024883,1671970,24480,11943,19479,24336702,949707,1.5580041,-0.5856272,25946352,0,0,220212,21651932
Geo14,2021-07-26,3056831,1272550,2618762,35963,14830,30510,21651932,949707,0.22684124,-0.15954056,25415842,0,0,194167,25802120
Geo14,2021-08-02,1725286,2445604,2361294,20298,28500,27510,25802120,949707,-0.09453665,1.2343285,26977730,4,0.53386456,0,23923926
Geo14,2021-08-09,622118,728410,1819424,7319,8489,21197,23923926,949707,-0.5113411,-1.8481268,23636710,2,0,0,17962910
Geo14,2021-08-16,713229,1815584,1132733,8391,21158,13197,17962910,949707,0.52980006,-0.004034877,27832370,-1,0.47083813,1992175,24516102
Geo14,2021-08-23,2635439,2069900,2704327,31006,24122,31506,24516102,949707,0.96105444,0.8201218,26019452,1,0.018328965,634888,21969772
Geo14,2021-08-30,1730084,2255228,3038939,20354,26281,35405,21969772,949707,-1.2980182,-2.31882,28523354,0,0,0,21596880
Geo14,2021-09-06,2700720,1304790,1746170,31774,15205,20344,21596880,949707,2.0650773,1.6810784,25821582,3,0,0,26726110
Geo14,2021-09-13,1392326,1765260,1448848,16381,20571,16880,26726110,949707,-1.2407827,-0.8246882,24312922,3,1.8505669,0,25982026
Geo14,2021-09-20,3273032,2322558,2441217,38507,27066,28441,25982026,949707,1.3846093,2.9495664,26768818,5,0,2490315,18840912
Geo14,2021-09-27,1775757,1732106,1352681,20892,20185,15759,18840912,949707,0.21736652,1.4124235,24061310,0,0,1441910,14413013
Geo14,2021-10-04,3132076,965283,1410356,36849,11249,16431,14413013,949707,0.12924284,-0.57841897,24409326,-5,0,0,25311400
Geo14,2021-10-11,1533129,2543494,1728047,18037,29641,20132,25311400,949707,1.0798674,-0.5536586,27801488,2,0.3083582,30361,24841912
Geo14,2021-10-18,2300085,1396152,1729256,27060,16270,20146,24841912,949707,0.8608848,-0.16014925,25106440,3,0,0,20060230
Geo14,2021-10-25,2053893,1365160,1766905,24164,15909,20585,20060230,949707,-0.20476973,2.384663,27460382,0,0,1026974,22162658
Geo14,2021-11-01,1970058,1189131,1122853,23178,13858,13082,22162658,949707,-1.3439758,0.22387755,25928202,0,0,799663,23020458
Geo14,2021-11-08,2301443,2325708,2027282,27076,27103,23619,23020458,949707,-0.39010203,0.9677827,26406586,3,1.1686342,1320141,17438098
Geo14,2021-11-15,1112843,1652261,1875651,13093,19255,21852,17438098,949707,1.5143672,1.5079151,25309098,-1,0,1773918,22630496
Geo14,2021-11-22,1695018,1662921,1682407,19942,19379,19601,22630496,949707,-1.200543,-1.1548866,25078564,1,0,0,31784060
Geo14,2021-11-29,2272282,2454300,2156676,26733,28601,25126,31784060,949707,1.6704743,-0.0658195,26465740,7,0.59850085,435717,18865080
Geo14,2021-12-06,2074246,976692,2249716,24403,11382,26210,18865080,949707,-1.50404,1.2786915,27074938,0,2.1098285,2265750,25078544
Geo14,2021-12-13,3512450,515825,678291,41324,6011,7902,25078544,949707,1.0577489,2.1968138,24325736,4,1.7126354,1056024,23155626
Geo14,2021-12-20,2625284,1820073,2289939,30886,21210,26679,23155626,949707,0.7907578,-1.2783432,30776298,2,1.8308667,2176129,17926818
Geo14,2021-12-27,2911776,2189850,1250348,34257,25519,14567,17926818,949707,1.7827256,1.0985725,27086828,-2,0,2209065,21945262
Geo14,2022-01-03,2381837,1804496,2010840,28022,21029,23427,21945262,949707,-0.12126267,0.5968035,23949508,-1,0.296871,1426484,16915150
Geo14,2022-01-10,2475806,1811359,1714459,29128,21109,19974,16915150,949707,0.027756274,-0.5167068,33310046,-1,0,0,27992568
Geo14,2022-01-17,1490356,1718178,1426545,17534,20023,16620,27992568,949707,-1.7623807,1.2947593,26624408,8,0,504285,18997924
Geo14,2022-01-24,1188087,2006164,1871665,13978,23379,21806,18997924,949707,-0.32970673,-0.09761068,23809870,1,0,0,17184598
Geo14,2022-01-31,1945615,1618978,828823,22890,18867,9656,17184598,949707,1.1629465,-0.44269055,25510952,-4,0.70092046,1502405,22637444
Geo14,2022-02-07,2840655,1604502,1721907,33420,18698,20061,22637444,949707,-0.8238829,2.271266,23387344,0,0,0,16518951
Geo14,2022-02-14,2416258,1260921,2604921,28427,14694,30348,16518951,949707,0.9280219,-0.12498677,25661576,-1,0,0,21006008
Geo14,2022-02-21,2123194,1119456,871289,24979,13046,10151,21006008,949707,-0.336972,-0.7562046,25136550,0,0.21594846,0,20216644
Geo14,2022-02-28,2175797,1235838,1778291,25598,14402,20718,20216644,949707,-1.8103368,-2.4367197,24923564,1,0,0,20976754
Geo14,2022-03-07,3157414,2797611,894044,37147,32602,10416,20976754,949707,1.6052492,1.2750442,27213036,0,1.4653137,3815910,19744530
Geo14,2022-03-14,1196925,2476958,2118713,14082,28865,24684,19744530,949707,-0.19971979,-0.04944983,23368324,1,0,844429,22873996
Geo14,2022-03-21,611405,907653,1440404,7193,10577,16781,22873996,949707,-0.05051267,-1.3126789,23818448,2,0,1507382,15414758
Geo14,2022-03-28,1630143,1479476,2626899,19179,17241,30604,15414758,949707,-1.4835136,-0.37883177,22544940,-5,0.4048127,161281,18281650
Geo14,2022-04-04,1855405,1260162,1449644,21829,14685,16889,18281650,949707,0.9241968,0.06539428,24690878,-1,0,986861,18507658
Geo14,2022-04-11,1977652,792736,1683532,23267,9238,19614,18507658,949707,-1.2663921,-3.263442,24700798,-2,0,0,14949397
Geo14,2022-04-18,1749857,2004680,1047670,20587,23361,12206,14949397,949707,1.02688,-1.2466458,22073490,-3,0,0,20100012
Geo14,2022-04-25,2158656,2652804,977720,25396,30914,11391,20100012,949707,0.93123305,1.4204539,25757532,-1,0,1479400,16833542
Geo14,2022-05-02,2442938,2081013,3351458,28741,24251,39046,16833542,949707,0.47700182,-0.56567544,18544462,-4,0,0,18195702
Geo14,2022-05-09,1769468,190071,1909476,20818,2215,22246,18195702,949707,-3.9493327,-0.5592997,23626110,0,0.16103914,0,26997954
Geo14,2022-05-16,3589297,1469458,2160503,42228,17124,25171,26997954,949707,-1.5111479,-0.08222854,27067772,6,0,0,28854838
Geo14,2022-05-23,3316657,154936,2050176,39020,1806,23885,28854838,949707,-0.5756074,-1.3360292,23150660,6,0.21476728,0,19914638
Geo14,2022-05-30,3245610,2312056,2545134,38184,26943,29652,19914638,949707,0.31981003,-1.0090332,27702590,-3,1.4641126,561249,25732536
Geo14,2022-06-06,2588837,2184424,1761880,30458,25456,20527,25732536,949707,-0.12607026,1.7228703,22797422,3,0,1392178,26538554
Geo14,2022-06-13,1261550,1249866,2169716,14842,14565,25278,26538554,949707,-1.2266738,-0.38848728,25083958,2,1.5606838,548957,23607314
Geo14,2022-06-20,2578858,1883757,566436,30340,21952,6599,23607314,949707,-2.8205972,-1.438551,25364294,2,0,0,13514624
Geo14,2022-06-27,1906908,2521709,2512934,22435,29387,29277,13514624,949707,0.026515797,-2.1688519,21933362,-6,2.708109,1664820,25811036
Geo14,2022-07-04,2712691,1113069,2301182,31915,12971,26810,25811036,949707,0.7180041,-0.931381,28195424,1,0,859023,21218930
Geo14,2022-07-11,1701996,1959054,1690675,20024,22830,19697,21218930,949707,0.4278319,0.08561582,25926102,1,0.2735831,0,17462682
Geo14,2022-07-18,1336250,2269578,1876916,15721,26448,21867,17462682,949707,1.5065731,-1.1407151,27565296,0,0,157879,22995252
Geo14,2022-07-25,3096277,2379338,1961805,36428,27728,22856,22995252,949707,1.9244792,0.4736721,25700838,1,0.9164871,1071134,18867770
Geo14,2022-08-01,2393028,817504,1949499,28154,9527,22712,18867770,949707,1.9725786,2.5626233,24843566,-1,0.6346915,611578,23534952
Geo14,2022-08-08,2364484,385935,2340381,27818,4497,27266,23534952,949707,1.0957052,-0.1567733,24381466,5,0.28273243,0,25878778
Geo14,2022-08-15,1971259,2211589,1878425,23192,25773,21884,25878778,949707,1.1386478,0.025044441,28540322,5,1.9464133,1906710,21288444
Geo14,2022-08-22,2477402,3253320,1461338,29147,37912,17025,21288444,949707,1.3747538,0.60616344,27610836,0,0,1310315,16832522
Geo14,2022-08-29,2494645,1759230,2465256,29349,20501,28721,16832522,949707,-1.1334131,0.033738375,25626968,-3,0.74710405,46583,15794115
Geo14,2022-09-05,1765218,1858324,1804557,20768,21656,21024,15794115,949707,0.91913307,2.4440284,25339750,0,1.6294045,1180489,24735102
Geo14,2022-09-12,1638671,2025900,2027123,19279,23609,23617,24735102,949707,2.2400308,0.553705,30194526,2,0,1675114,17851902
Geo14,2022-09-19,2138968,2683134,1070452,25165,31268,12471,17851902,949707,1.6419003,1.0868266,28519632,-3,0.57331324,1586733,19145562
Geo14,2022-09-26,1208624,2743408,2004816,14219,31970,23357,19145562,949707,-0.06801748,0.78040123,22663452,0,1.8836681,776677,26810130
Geo14,2022-10-03,2038221,2106368,1846041,23980,24547,21507,26810130,949707,1.5152035,1.7620405,22656748,4,0.7370112,974775,14190175
Geo14,2022-10-10,3160392,1724885,2423238,37182,20101,28232,14190175,949707,0.40145588,1.1042314,26381186,-5,1.6888704,976120,23932592
Geo14,2022-10-17,1974256,1609233,1283057,23227,18753,14948,23932592,949707,-1.2102697,-2.1178408,22107172,2,0.14502528,0,17471852
Geo14,2022-10-24,2419770,1816750,395869,28468,21171,4612,17471852,949707,1.5180271,0.30312657,25199394,-3,0,2858896,12922001
Geo14,2022-10-31,1472710,1528963,2149830,17326,17818,25046,12922001,949707,2.2043526,-1.0081292,24997570,-3,0,1121818,21223414
Geo14,2022-11-07,2133832,568950,1286065,25104,6630,14983,21223414,949707,0.2839617,0.5196241,25749448,-3,0,198873,24996074
Geo14,2022-11-14,1850473,1934130,854098,21771,22539,9951,24996074,949707,0.31139153,0.88695085,24340966,5,0.38219044,1524440,24116630
Geo14,2022-11-21,2719811,1665742,1392213,31998,19412,16220,24116630,949707,-0.048291445,0.42643714,21878864,4,0.40476632,976501,19330920
Geo14,2022-11-28,1755166,1584802,2572622,20649,18468,29972,19330920,949707,0.3045866,-1.2634981,24912572,2,0.96420115,647031,20854856
Geo14,2022-12-05,1866414,3061114,969593,21958,35673,11296,20854856,949707,-0.949577,0.18828002,27613540,1,0.85119504,703959,21923586
Geo14,2022-12-12,2915246,2394668,991493,34298,27906,11551,21923586,949707,-0.37182876,0.5088577,30056428,-1,0,235193,15443308
Geo14,2022-12-19,2084328,2172217,2603800,24522,25314,30335,15443308,949707,0.39003718,-1.2450494,25323692,-5,1.041735,363559,21095972
Geo14,2022-12-26,2391724,2211666,1731896,28139,25774,20177,21095972,949707,1.4662411,-0.36680517,24883250,-2,0.037865072,195444,24505064
Geo14,2023-01-02,1783322,2612912,804939,20981,30450,9378,24505064,949707,1.6491868,0.27661765,27571958,4,0,2210226,23683226
Geo14,2023-01-09,1921946,1276578,1354753,22612,14877,15783,23683226,949707,0.19952735,-0.78739846,23279452,2,0.61369437,257779,22448026
Geo14,2023-01-16,1778142,1586008,262331,20920,18483,3056,22448026,949707,-0.26981097,0.800475,23502988,2,0,0,16322174
Geo14,2023-01-23,1540258,2401269,1023895,18121,27983,11929,16322174,949707,-0.7741226,-0.034569636,29026210,-4,0,176125,19325148
Geo14,2023-01-30,996929,2543140,1488290,11729,29636,17339,19325148,949707,-2.1549726,0.49626815,23001658,2,1.0072297,1567020,23936470
Geo14,2023-02-06,2411762,2053236,3128603,28374,23927,36449,23936470,949707,-0.35506034,0.8173257,24665834,2,0.74137855,520220,21257866
Geo14,2023-02-13,3427593,1452801,1232542,40325,16930,14360,21257866,949707,0.17150152,-1.5805073,27032494,0,0.041978434,0,17392750
Geo14,2023-02-20,758345,1246161,1327783,8922,14522,15469,17392750,949707,-1.0261642,0.55709153,22745368,-1,0.9009614,0,17014292
Geo14,2023-02-27,1766492,2124262,1679394,20783,24755,19566,17014292,949707,0.24514905,-1.369266,25253292,-4,0.09564865,148569,22040588
Geo14,2023-03-06,3238749,1710755,1608800,38104,19936,18743,22040588,949707,-0.16175151,-1.1136658,23153206,4,0,0,19876272
Geo14,2023-03-13,1663338,3074301,1070166,19569,35826,12468,19876272,949707,-0.67051846,-1.4185972,23544944,0,0,0,18598916
Geo14,2023-03-20,1080715,2910994,1906609,12715,33923,22213,18598916,949707,-0.5305528,0.06241271,22482882,-1,0,280880,23955870
Geo14,2023-03-27,2273230,717398,2070792,26744,8360,24126,23955870,949707,-0.8057728,1.3366749,26102966,1,0,784514,12275325
Geo14,2023-04-03,2218880,264727,1435301,26105,3085,16722,12275325,949707,-1.0165694,1.4698188,22473818,-7,0,1684876,13168364
Geo14,2023-04-10,2076752,1477125,1801294,24433,17214,20986,13168364,949707,-1.7523153,-0.14827116,24546078,-5,0.82516474,0,23998694
Geo14,2023-04-17,1986767,2601173,1286308,23374,30313,14986,23998694,949707,-1.2028639,-0.23335966,25661990,2,0,0,23963326
Geo14,2023-04-24,2291741,723545,1043246,26962,8432,12154,23963326,949707,0.34936187,-0.65218467,22734934,3,0,1239995,22111088
Geo14,2023-05-01,2721100,1383506,2394284,32014,16123,27894,22111088,949707,-0.9464706,-3.2519317,27179862,0,0.36028814,0,26538434
Geo14,2023-05-08,2438330,1448890,1673399,28687,16885,19496,26538434,949707,0.059604883,-0.058315694,22211286,6,0.1703709,0,22304598
Geo14,2023-05-15,2210876,1939049,2753822,26011,22597,32083,22304598,949707,-2.4464219,0.456524,26871862,0,0,0,25575816
Geo14,2023-05-22,1261803,1496689,2796006,14845,17442,32575,25575816,949707,1.8092496,0.776029,25121138,3,0.7103056,1430447,20996798
Geo14,2023-05-29,1549263,2008227,1059558,18227,23403,12344,20996798,949707,-0.7996813,1.4483998,28709502,-2,1.4977475,447387,21705354
Geo14,2023-06-05,461372,2505290,721366,5428,29195,8404,21705354,949707,0.36699307,-0.35225424,22965434,0,0,0,16368086
Geo14,2023-06-12,1121735,2460335,1077559,13197,28671,12554,16368086,949707,-0.7140343,-2.8136797,23041076,-2,0,0,24427372
Geo14,2023-06-19,2300654,2474933,677206,27067,28842,7890,24427372,949707,1.0823383,1.4059494,23287266,3,0,1717427,26524838
Geo14,2023-06-26,2610573,858693,1979925,30713,10007,23067,26524838,949707,-0.4562081,1.3278097,23690524,2,0,532227,23482102
Geo14,2023-07-03,2738708,1950106,1518410,32221,22726,17690,23482102,949707,-1.0465295,0.872049,23272478,0,0.52486783,785503,24440580
Geo14,2023-07-10,1264699,2349545,1671184,14879,27380,19470,24440580,949707,0.29351115,2.7020652,25106650,1,0,419983,19918148
Geo14,2023-07-17,2399079,2741902,1198014,28225,31953,13957,19918148,949707,-0.35445544,-0.3900239,25041152,1,0.3747933,533014,20525426
Geo14,2023-07-24,711100,1337658,1684320,8366,15588,19623,20525426,949707,-1.1688541,1.8154957,23952324,-1,0,1382475,20710006
Geo14,2023-07-31,2387845,1576431,2138884,28093,18371,24919,20710006,949707,-0.6969,-0.113852054,25122570,0,0,1510529,25510310
Geo14,2023-08-07,1170254,1945063,1667569,13768,22667,19428,25510310,949707,0.12013298,-0.92921656,23392572,4,0,912086,27182426
Geo14,2023-08-14,2405454,2351214,1571707,28300,27400,18311,27182426,949707,0.2334913,1.7874115,28001630,5,0.094561055,1655773,20088912
Geo14,2023-08-21,3244248,1420294,307890,38168,16551,3587,20088912,949707,1.413276,-0.70209044,26617238,-1,0.94165236,0,25117076
Geo14,2023-08-28,2740910,1833836,1158558,32247,21371,13498,25117076,949707,2.7500591,0.9334752,25251378,2,0,2666288,20698678
Geo14,2023-09-04,453618,2208410,3218134,5337,25736,37492,20698678,949707,2.2003598,0.36641723,24794398,-1,0.65012145,1447907,22470658
Geo14,2023-09-11,2628012,2090880,2527685,30918,24366,29448,22470658,949707,0.3308896,-0.24707276,26577464,1,0,1032135,15460651
Geo14,2023-09-18,3207130,1502662,936060,37732,17511,10905,15460651,949707,3.2357516,-0.17864543,27176054,-4,0,132188,15821694
Geo14,2023-09-25,2112380,1197068,67323,24852,13950,784,15821694,949707,1.5365461,0.6344713,25686768,0,1.3802304,502425,17748642
Geo14,2023-10-02,2329679,1884195,1670404,27409,21957,19461,17748642,949707,3.59091,0.4142974,28161562,-3,0.2676414,1830586,19259842
Geo14,2023-10-09,2601073,2606190,1727832,30602,30371,20130,19259842,949707,1.6939435,-0.023173869,26562824,-2,0.6091119,1037497,23077528
Geo14,2023-10-16,2066030,1084634,2022078,24307,12640,23558,23077528,949707,1.8616349,0.3058044,30389792,0,2.0881739,3372896,21891466
Geo14,2023-10-23,1440054,1048602,1263228,16942,12220,14717,21891466,949707,-0.14569335,-0.61757123,24407496,3,0.27948862,0,15612785
Geo14,2023-10-30,1884654,1656487,1556794,22173,19304,18137,15612785,949707,-2.3386297,1.1986305,26763892,-6,0.3236556,1326032,22222610
Geo14,2023-11-06,2071481,2266388,2009506,24371,26411,23412,22222610,949707,2.050021,1.5350397,27345772,-1,1.0902245,1884507,21638084
Geo14,2023-11-13,1601093,2367362,1352058,18837,27588,15752,21638084,949707,-1.0277166,-0.97405434,28012256,-1,0.595145,541192,16269166
Geo14,2023-11-20,2470064,1535396,1488889,29060,17893,17346,16269166,949707,0.07951933,0.51014286,22715036,-4,1.5994387,1629523,23574602
Geo14,2023-11-27,2741428,1140438,1577486,32253,13290,18378,23574602,949707,-0.33520737,0.68935394,28046636,2,0.27037904,1289158,21964576
Geo14,2023-12-04,1773013,2512937,2453650,20859,29284,28586,21964576,949707,0.6645895,-1.0546038,27139974,3,0,0,18549296
Geo14,2023-12-11,1741220,1946960,2204414,20485,22689,25682,18549296,949707,-0.7845108,-0.5696972,27526518,-3,1.2350304,1365093,20630840
Geo14,2023-12-18,2941117,1014583,1201670,34602,11823,14000,20630840,949707,-0.31178904,0.51014584,25054392,0,1.2864879,614646,18200730
Geo14,2023-12-25,2085186,2007343,426026,24532,23393,4963,18200730,949707,-0.8701425,1.6572256,21577446,-2,1.1808819,663788,22072336
Geo14,2024-01-01,2143605,1302053,1337565,25219,15173,15583,22072336,949707,0.5586814,-1.004586,27299594,-2,0,0,16678363
Geo14,2024-01-08,1900406,0,605960,22358,0,7060,16678363,949707,0.7922362,0.8375441,23099834,-1,0,1016860,25668306
Geo14,2024-01-15,1482134,1468292,2056506,17437,17111,23959,25668306,949707,0.322089,-2.8114681,25004290,3,0,0,4534326
Geo15,2021-01-25,420336,108037,299708,4945,1259,3492,4534326,187778,0.66366297,-0.095896184,3783012,1,0,203496,2849482
Geo15,2021-02-01,264513,140398,356869,3112,1636,4158,2849482,187778,-0.97695005,-0.93706965,3725313,-5,0.61584604,0,3036626
Geo15,2021-02-08,127294,530744,456436,1498,6185,5318,3036626,187778,-1.0234689,1.4942389,4211058,-6,0.4480175,1316194,3825473
Geo15,2021-02-15,244708,369579,410883,2879,4307,4787,3825473,187778,0.058423627,0.25238845,3872252,-1,0,0,4720339
Geo15,2021-02-22,351763,583868,361297,4138,6804,4209,4720339,187778,-1.4102015,-0.9999878,3831265,2,0,892234,4583781
Geo15,2021-03-01,397985,264900,161180,4682,3087,1878,4583781,187778,-1.4654474,-0.48862118,2862991,1,0,0,5078954
Geo15,2021-03-08,481622,233188,286783,5666,2717,3341,5078954,187778,-0.8607991,-0.7160285,4167480,1,0,0,4113003
Geo15,2021-03-15,268771,145500,394345,3162,1696,4594,4113003,187778,0.21896994,0.21197367,4248986,-1,0.3528418,1537178,4157431
Geo15,2021-03-22,443539,350937,535405,5218,4090,6238,4157431,187778,2.16626,-1.0035012,4697356,-1,0,0,5886920
Geo15,2021-03-29,488651,141424,211864,5749,1648,2468,5886920,187778,-0.18575695,1.4039278,4362292,5,0.788409,1356121,4525276
Geo15,2021-04-05,414564,277096,481384,4877,3229,5608,4525276,187778,1.0919155,0.9954537,4733528,0,0.8878563,2881272,4701316
Geo15,2021-04-12,412782,639545,459813,4856,7453,5357,4701316,187778,-2.2105536,-0.5120232,4374704,-2,0,0,4153401
Geo15,2021-04-19,538024,494913,294563,6330,5767,3432,4153401,187778,-0.38959056,-2.515378,4146755,-3,0.49310744,0,5061883
Geo15,2021-04-26,190473,429282,84393,2241,5003,983,5061883,187778,1.3366082,0.24759918,5142440,1,0.106630936,360326,3778978
Geo15,2021-05-03,237049,210294,360182,2789,2451,4196,3778978,187778,-0.13180736,-0.34870282,4366502,-1,0,0,5183431
Geo15,2021-05-10,491807,315900,210902,5786,3681,2457,5183431,187778,-0.48980248,0.33689594,5146148,2,0.20220804,832717,2982778
Geo15,2021-05-17,429824,240633,397247,5057,2804,4628,2982778,187778,-1.6250339,-0.6535274,4154813,-7,0,221504,3869038
Geo15,2021-05-24,251486,217509,478236,2959,2535,5572,3869038,187778,-0.46663064,0.90944767,4036924,-2,1.9415102,1093627,5040475
Geo15,2021-05-31,320455,363606,229390,3770,4237,2672,5040475,187778,-0.42180705,-0.42571762,4886650,0,0,0,5729464
Geo15,2021-06-07,448825,499238,542428,5280,5818,6319,5729464,187778,0.4095624,-0.5813291,4750110,3,0.75855803,843623,5716145
Geo15,2021-06-14,259242,229027,368835,3050,2669,4297,5716145,187778,-0.7016202,-2.3915546,4733454,3,1.0088747,243735,3298294
Geo15,2021-06-21,354350,315163,627707,4169,3673,7313,3298294,187778,0.74620247,-1.3689256,4290732,-5,0,0,4903485
Geo15,2021-06-28,641544,353079,439983,7548,4115,5126,4903485,187778,-0.15539652,-1.0869616,5020338,2,0.87550765,147286,4262362
Geo15,2021-07-05,500305,395799,542700,5886,4612,6323,4262362,187778,2.2126045,0.14702958,4486224,-2,0,300301,4685630
Geo15,2021-07-12,422427,342255,328033,4970,3988,3822,4685630,187778,0.3654096,-0.40183794,4773462,-1,1.0175409,0,5995389
Geo15,2021-07-19,388644,160321,303191,4572,1868,3532,5995389,187778,0.5002474,-1.3134351,4684603,4,0,157179,5832973
Geo15,2021-07-26,559619,417995,516274,6584,4871,6015,5832973,187778,1.869024,0.035512447,4530074,5,0,808744,4095650
Geo15,2021-08-02,355677,297902,446867,4185,3472,5206,4095650,187778,-0.6062567,0.8474451,4896282,-2,2.073876,476996,3902823
Geo15,2021-08-09,295462,229755,290717,3476,2677,3387,3902823,187778,1.5012311,-1.5248388,4708587,-5,0,0,5534712
Geo15,2021-08-16,245596,581645,271612,2889,6778,3164,5534712,187778,-0.16258144,0.46046412,5243310,5,0.018644998,0,5166585
Geo15,2021-08-23,469007,409701,534894,5518,4774,6232,5166585,187778,0.8495065,1.2247212,4787240,0,3.4844887,2510307,5056297
Geo15,2021-08-30,323017,344532,456129,3800,4015,5314,5056297,187778,-0.4370558,-0.6533169,5369663,2,0,1132694,4151577
Geo15,2021-09-06,535887,293441,268931,6305,3420,3133,4151577,187778,0.4704846,-0.49508077,4511068,1,0,0,5540892
Geo15,2021-09-13,200445,407049,388668,2358,4744,4528,5540892,187778,-0.6408477,-0.6491507,4363994,3,1.1724908,1070,3292219
Geo15,2021-09-20,695948,421967,424075,8188,4917,4941,3292219,187778,0.47502846,0.07056557,4912719,-4,0,0,3728392
Geo15,2021-09-27,467992,461199,517585,5506,5375,6030,3728392,187778,1.8517416,-0.8443109,4583924,-3,0,799677,4926869
Geo15,2021-10-04,572831,377309,306813,6739,4397,3574,4926869,187778,0.97126603,1.5379453,4386318,1,0.575198,686424,4907536
Geo15,2021-10-11,466652,328897,422035,5490,3833,4917,4907536,187778,0.8185282,-1.3257029,5073332,0,0,0,6004357
Geo15,2021-10-18,348436,579084,155967,4099,6748,1817,6004357,187778,0.38678706,-0.087171644,4686690,5,0.14002332,0,4638676
Geo15,2021-10-25,464641,386064,352581,5466,4499,4108,4638676,187778,0.5588798,1.9421632,5059542,0,0,1152497,5204956
Geo15,2021-11-01,445337,386078,150028,5239,4499,1748,5204956,187778,1.6533,-0.19202477,4516850,2,1.4161019,1769934,3352516
Geo15,2021-11-08,252812,417669,226807,2974,4867,2642,3352516,187778,-0.67241275,0.65658486,4881892,-4,1.376547,1732279,3748702
Geo15,2021-11-15,286698,526574,204467,3373,6136,2382,3748702,187778,1.8841233,3.6629674,4571149,-1,0.48521966,3410760,3076553
Geo15,2021-11-22,411096,447851,346297,4837,5219,4034,3076553,187778,1.7118071,0.6487026,4825306,-7,0.086516306,2124332,3924086
Geo15,2021-11-29,653625,289677,387040,7690,3376,4509,3924086,187778,1.5607724,-0.79857856,4811668,-4,0.48499048,39437,4361070
Geo15,2021-12-06,321313,316287,392053,3780,3686,4568,4361070,187778,1.2491475,2.227643,5211821,0,2.4327765,1704371,4895481
Geo15,2021-12-13,611931,514928,144890,7199,6001,1688,4895481,187778,-0.51953334,2.063271,4496656,2,0,1742508,4126579
Geo15,2021-12-20,581288,82607,163939,6839,963,1910,4126579,187778,0.57527804,-0.8000549,5474685,-1,0,458881,4486560
Geo15,2021-12-27,504594,296920,358989,5937,3460,4182,4486560,187778,2.07405,-1.575445,4927005,1,0,0,4680086
Geo15,2022-01-03,492609,277918,452105,5796,3239,5267,4680086,187778,-0.74969304,-0.009650037,4213442,-1,0,0,4454710
Geo15,2022-01-10,295556,336516,354962,3477,3922,4135,4454710,187778,0.65218604,-0.032431573,5909022,2,0.47976232,1172988,4462336
Geo15,2022-01-17,516600,192162,213739,6078,2239,2490,4462336,187778,-0.50989056,2.5267286,5112293,1,0.00326549,1956010,4029243
Geo15,2022-01-24,405979,164211,495706,4776,1914,5775,4029243,187778,-0.5295403,-1.6552258,4238578,1,0,0,6135375
Geo15,2022-01-31,546813,235464,472766,6433,2744,5508,6135375,187778,0.40879488,0.1286068,4662210,6,0.9235586,1308266,5102045
Geo15,2022-02-07,368412,293025,276031,4334,3415,3216,5102045,187778,1.4860811,1.7863648,4416524,2,1.3077401,2558675,3748728
Geo15,2022-02-14,350853,303304,318836,4128,3535,3715,3748728,187778,0.45630172,-0.08491947,4858970,-1,0.3652752,848330,3398814
Geo15,2022-02-21,334543,264079,205673,3936,3077,2396,3398814,187778,0.6931557,0.041065186,4433578,-4,0,1148271,4972949
Geo15,2022-02-28,408544,406034,280456,4807,4732,3267,4972949,187778,-0.45754218,-0.3035929,4482604,2,0,756932,5094281
Geo15,2022-03-07,474450,406912,315644,5582,4742,3677,5094281,187778,0.6037032,-0.9991168,4857249,2,0,580971,4319193
Geo15,2022-03-14,372255,364975,390157,4380,4253,4545,4319193,187778,0.71815413,-0.54497707,4256442,2,0,1855782,4729968
Geo15,2022-03-21,232193,234978,306969,2732,2738,3576,4729968,187778,-0.6898578,-2.2382333,4258640,1,1.5415483,584152,3698470
Geo15,2022-03-28,305811,353402,282875,3598,4118,3296,3698470,187778,0.25401914,-0.029247493,4024123,-4,0,326437,6710576
Geo15,2022-04-04,301278,389015,393759,3545,4533,4587,6710576,187778,-0.06297295,-1.4779636,4719084,10,0.0596087,14857,3679419
Geo15,2022-04-11,484943,291756,361333,5705,3400,4210,3679419,187778,0.9759074,-0.567298,4484776,-3,0,95610,3490182
Geo15,2022-04-18,609302,225003,114731,7168,2622,1337,3490182,187778,0.8478181,-1.9903681,4073448,-1,0,0,3145891
Geo15,2022-04-25,624217,549593,167059,7344,6405,1946,3145891,187778,0.13851684,-0.32082173,5013242,-7,0.7736532,1270982,6001419
Geo15,2022-05-02,422587,275954,218185,4972,3216,2542,6001419,187778,0.9275532,-0.7923524,3433360,7,0.18164474,0,3512974
Geo15,2022-05-09,429081,120564,332391,5048,1405,3872,3512974,187778,-1.3480349,0.30697528,4261558,-2,0.48143986,812067,5279666
Geo15,2022-05-16,500901,280506,572687,5893,3269,6672,5279666,187778,1.1430515,-1.641521,4770480,4,1.2964737,0,3054817
Geo15,2022-05-23,552128,0,420616,6496,0,4900,3054817,187778,-0.03761491,-1.2041295,4167684,-6,0,292339,4342645
Geo15,2022-05-30,429403,304839,447822,5052,3552,5217,4342645,187778,0.499779,-0.4376657,5089632,-2,2.1782048,1433552,5421161
Geo15,2022-06-06,385453,375595,296878,4535,4377,3459,5421161,187778,-2.257813,-0.40541744,4130166,3,0,109677,6158211
Geo15,2022-06-13,408678,527947,300427,4808,6152,3500,6158211,187778,0.9140158,-0.80738765,4458974,3,0.091056004,36524,5098367
Geo15,2022-06-20,486834,535279,98584,5728,6238,1149,5098367,187778,0.043063045,-0.20340216,4552704,3,0.54652876,0,3536440
Geo15,2022-06-27,462777,370115,449570,5445,4313,5238,3536440,187778,0.49557585,-0.49070466,3870657,-4,2.743651,1437703,4291719
Geo15,2022-07-04,584964,387492,475330,6882,4516,5538,4291719,187778,1.1790029,1.7784042,4964000,-3,1.2526337,1565140,3461372
Geo15,2022-07-11,268222,436028,174506,3156,5081,2033,3461372,187778,-1.3502717,-0.75752157,4598070,-3,0,0,4778033
Geo15,2022-07-18,428914,336743,435055,5046,3924,5069,4778033,187778,-0.8322727,-1.52674,5039544,5,0.6604629,0,3699507
Geo15,2022-07-25,353067,536696,579854,4154,6254,6756,3699507,187778,0.1784932,2.2763343,4381214,-4,0.9037707,2209277,3300293
Geo15,2022-08-01,634608,127939,312157,7466,1491,3637,3300293,187778,0.29138273,0.038392376,4783746,-5,0.83371186,276137,3846845
Geo15,2022-08-08,446428,41445,450124,5252,483,5244,3846845,187778,-1.2992154,-0.45473403,4472178,0,0,0,3620146
Geo15,2022-08-15,472690,404206,535003,5561,4710,6233,3620146,187778,-0.6553212,0.16036087,4942413,-3,0,0,4202896
Geo15,2022-08-22,465359,487648,276509,5475,5683,3221,4202896,187778,0.809832,0.15030706,5262000,-2,0.26278695,185513,4983048
Geo15,2022-08-29,476331,480816,365790,5604,5603,4262,4983048,187778,0.5270679,0.9632685,4916158,3,1.6423651,1362315,3081332
Geo15,2022-09-05,414830,405560,400965,4880,4726,4671,3081332,187778,1.5558994,0.30228004,4489738,-1,0.26651746,1233698,4561501
Geo15,2022-09-12,324977,443927,465212,3823,5173,5420,4561501,187778,2.9479601,0.49188665,5669054,-2,0.19228834,1021913,5236884
Geo15,2022-09-19,415499,528262,149866,4888,6156,1746,5236884,187778,0.49235755,2.0410635,5252235,2,1.299722,1600981,4560101
Geo15,2022-09-26,138934,578097,411602,1635,6737,4795,4560101,187778,0.45298067,0.6100227,4224310,2,1.5128824,1751940,4083705
Geo15,2022-10-03,463228,94779,397860,5450,1105,4635,4083705,187778,3.2604184,0.3924926,4212974,-2,0,1057782,3840729
Geo15,2022-10-10,504426,286801,272307,5935,3342,3172,3840729,187778,1.6489761,-1.2041981,4728202,-3,1.6143024,0,5206722
Geo15,2022-10-17,352171,440573,303620,4143,5134,3537,5206722,187778,0.4140452,-0.8759028,3948234,2,2.6281505,334026,4245385
Geo15,2022-10-24,715024,208157,95663,8412,2426,1115,4245385,187778,1.1349993,-0.2775613,4681852,-1,1.0796407,1003151,2052983
Geo15,2022-10-31,429488,323434,272717,5053,3769,3177,2052983,187778,1.6168144,2.529872,4871719,-7,0.91898984,2110270,6849457
Geo15,2022-11-07,568561,138925,288237,6689,1619,3358,6849457,187778,-0.20366567,0.52191836,5000364,7,1.0072343,822716,2803088
Geo15,2022-11-14,273298,267235,190569,3215,3114,2220,2803088,187778,2.1723108,-0.4737343,4631796,-6,1.3722591,307283,3840553
Geo15,2022-11-21,658793,24705,243887,7751,288,2841,3840553,187778,1.2622244,-0.033850282,4124064,-2,0.004323363,323501,3536322
Geo15,2022-11-28,497901,202276,476660,5858,2357,5553,3536322,187778,0.6217026,1.3053911,4858803,0,0,1380650,5336564
Geo15,2022-12-05,270869,384352,449822,3187,4479,5241,5336564,187778,1.1659718,0.48788378,5115489,4,1.7253425,1441126,4694784
Geo15,2022-12-12,576106,439842,422701,6778,5126,4925,4694784,187778,-0.19724788,0.47773153,5702270,-1,0.004939072,0,4428044
Geo15,2022-12-19,415432,338302,358115,4888,3942,4172,4428044,187778,1.4141791,0.42137086,4680404,-1,0.09307664,788778,5417268
Geo15,2022-12-26,523059,523156,321611,6154,6097,3747,5417268,187778,2.269845,0.13167247,4527068,1,0,1294420,3323066
Geo15,2023-01-02,188711,372560,311553,2220,4342,3630,3323066,187778,-1.1976447,1.1793134,5091877,-5,0,344673,4036440
Geo15,2023-01-09,449584,243957,324482,5289,2843,3780,4036440,187778,0.009820133,0.2364712,4166115,-2,0,0,3960747
Geo15,2023-01-16,532823,418098,232980,6269,4872,2714,3960747,187778,-0.26314306,-2.8114042,4294723,-2,0,0,3871512
Geo15,2023-01-23,278971,262806,454290,3282,3063,5293,3871512,187778,-0.79538023,0.5136694,5174093,-2,0,0,3308852
Geo15,2023-01-30,358660,460915,219550,4220,5371,2558,3308852,187778,-0.95483476,0.5906502,4244495,-2,0.5047145,973416,3724823
Geo15,2023-02-06,331897,219299,577260,3905,2556,6725,3724823,187778,-1.1397607,2.0117202,4453358,-4,0.3241033,1129648,4772117
Geo15,2023-02-13,503807,137877,473704,5927,1607,5519,4772117,187778,0.41403645,-1.3734977,5000406,0,0,0,5483180
Geo15,2023-02-20,280862,287901,407745,3304,3355,4750,5483180,187778,-0.7492182,0.2385233,4022917,5,1.5542297,952588,3987685
Geo15,2023-02-27,472858,287057,356206,5563,3345,4150,3987685,187778,-0.16363657,-2.8652973,4654420,-3,0,0,2731876
Geo15,2023-03-06,522379,221147,213996,6146,2577,2493,2731876,187778,-0.981423,-1.050941,4174352,-4,0,233438,4735681
Geo15,2023-03-13,350341,521973,152940,4122,6083,1782,4735681,187778,-2.7441328,-1.0416119,4466914,2,0,0,6278390
Geo15,2023-03-20,623333,451950,443967,7333,5267,5172,6278390,187778,0.7221639,-0.12263509,4018933,8,0,107282,4655254
Geo15,2023-03-27,474076,0,352735,5577,0,4109,4655254,187778,-0.7841023,-0.25086,4890880,-1,1.9132421,0,4761508
Geo15,2023-04-03,367179,198991,586153,4320,2319,6829,4761508,187778,0.81842446,0.79809666,4256709,0,1.4586084,1616208,4677538
Geo15,2023-04-10,305102,518105,231738,3590,6038,2700,4677538,187778,-1.0521362,0.87796706,4528371,2,0.49284256,705466,5243147
Geo15,2023-04-17,586711,393941,382798,6903,4591,4460,5243147,187778,1.5749693,-0.25415903,4630122,2,0,91231,4153360
Geo15,2023-04-24,504542,309043,96899,5936,3601,1129,4153360,187778,0.8602267,-1.4135764,4211035,-2,0,0,4005690
Geo15,2023-05-01,571293,107912,298689,6721,1258,3480,4005690,187778,-0.54673934,-0.16721213,5245803,-3,0,408580,3327676
Geo15,2023-05-08,521158,213513,148723,6131,2488,1733,3327676,187778,-0.84479725,-1.5153112,4099555,-5,0,0,4651715
Geo15,2023-05-15,583668,231493,423353,6867,2698,4932,4651715,187778,-1.1543187,0.8999385,5126710,0,0.42053008,198795,3877355
Geo15,2023-05-22,269121,214176,521268,3166,2496,6073,3877355,187778,-0.9286057,-1.2200413,4381690,-3,1.5875852,5496,5200217
Geo15,2023-05-29,130297,362110,202856,1533,4220,2363,5200217,187778,0.21938089,-0.3318188,5247045,1,0,1097303,5267366
Geo15,2023-06-05,296218,517216,0,3485,6027,0,5267366,187778,-0.9733716,-0.5156326,4176410,3,0,0,3770866
Geo15,2023-06-12,441543,108488,165244,5195,1264,1925,3770866,187778,0.41439366,0.28951293,4671626,-1,0,178573,4281972
Geo15,2023-06-19,379022,387747,385067,4459,4519,4486,4281972,187778,1.5725398,-1.1346691,4194103,-2,0,450258,5071997
Geo15,2023-06-26,476472,392210,427782,5606,4571,4984,5071997,187778,0.17546931,-1.5734692,4335746,-1,0,0,5013387
Geo15,2023-07-03,329688,260627,247792,3879,3037,2887,5013387,187778,0.71296465,0.10047305,3968565,0,1.9639903,863547,4605486
Geo15,2023-07-10,345693,450663,134288,4067,5252,1565,4605486,187778,-1.5253196,-0.13948098,4740122,-2,0,0,4022251
Geo15,2023-07-17,435719,307360,221767,5126,3582,2584,4022251,187778,0.52335525,0.090344466,4588669,-2,0,475596,4231832
Geo15,2023-07-24,52216,85616,398336,614,998,4641,4231832,187778,1.9237919,0.27925825,4327148,-1,1.261802,1736208,3117875
Geo15,2023-07-31,286251,241711,515238,3368,2817,6003,3117875,187778,-0.9699671,1.1268868,4632778,-6,2.5289016,2224126,4355678
Geo15,2023-08-07,292688,412376,259572,3443,4806,3024,4355678,187778,0.6494788,0.22049725,4160511,-2,2.085196,2126262,5216024
Geo15,2023-08-14,533164,544484,271051,6273,6345,3158,5216024,187778,3.3643146,1.7987742,5036794,3,0,2279820,4375087
Geo15,2023-08-21,547250,147336,136874,6438,1717,1595,4375087,187778,-1.078106,-1.6036899,4637916,0,0.87151563,0,4119076
Geo15,2023-08-28,196163,224258,250609,2308,2613,2920,4119076,187778,1.4801116,0.66351414,4341076,-3,0,1414483,5441587
Geo15,2023-09-04,243877,442034,427987,2869,5151,4986,5441587,187778,3.2311502,-1.1605593,4445932,4,0.43637067,491209,3837015
Geo15,2023-09-11,589082,261876,355475,6931,3052,4141,3837015,187778,0.30153888,-3.018793,4773395,-2,3.247843,0,3524698
Geo15,2023-09-18,323327,254269,372256,3804,2963,4337,3524698,187778,0.6746783,-0.6845294,4934426,-3,0,739328,2782700
Geo15,2023-09-25,468627,430830,98914,5513,5021,1152,2782700,187778,-0.72803175,0.19042566,4553695,-3,0.48789772,38029,4252396
Geo15,2023-10-02,470168,408547,552254,5532,4761,6434,4252396,187778,-1.4244528,1.0608994,5010242,-3,0.088759676,0,4263202
Geo15,2023-10-09,418971,189111,358064,4929,2204,4172,4263202,187778,1.9131563,1.776358,4795711,-3,0,1395675,3344177
Geo15,2023-10-16,133045,200710,266198,1565,2339,3101,3344177,187778,1.2281474,0.939083,5130667,-6,0.14431667,1709066,4231348
Geo15,2023-10-23,417644,123337,162764,4914,1437,1896,4231348,187778,1.3794565,0.41449925,4230152,0,1.4620508,2874377,4259276
Geo15,2023-10-30,451582,233693,271554,5313,2723,3164,4259276,187778,-0.047667146,0.33389387,4898694,-3,1.5603203,1767613,6875076
Geo15,2023-11-06,419224,403215,249692,4932,4699,2909,6875076,187778,-0.27792066,0.8447682,4742877,7,2.1838076,1099725,4429362
Geo15,2023-11-13,290563,583490,118635,3418,6800,1382,4429362,187778,0.40458062,-0.32524204,5248520,-1,1.9400878,1572103,5258059
Geo15,2023-11-20,528434,345867,0,6217,4031,0,5258059,187778,0.1803593,-0.31252676,3977815,3,0,0,5037990
Geo15,2023-11-27,558366,427200,320076,6569,4978,3729,5037990,187778,-0.19079728,-0.21818805,5209749,3,0.58372855,0,4264167
Geo15,2023-12-04,378572,138356,291413,4454,1612,3395,4264167,187778,-0.90920043,0.12048063,5107242,2,1.954886,596554,4863635
Geo15,2023-12-11,372963,188306,207107,4388,2194,2413,4863635,187778,-0.5941599,-2.0710618,4934783,1,0.2419629,0,3999974
Geo15,2023-12-18,394426,293566,399326,4640,3421,4652,3999974,187778,-1.2303737,-1.7420269,4567829,-2,0,0,5526927
Geo15,2023-12-25,439382,305349,168934,5169,3558,1968,5526927,187778,0.0641993,-0.700127,4051295,6,0.050923556,0,5240966
Geo15,2024-01-01,449034,564865,144068,5283,6583,1678,5240966,187778,-1.2279187,-1.0070068,4965228,0,1.9998944,1359016,3255655
Geo15,2024-01-08,480018,0,0,5647,0,0,3255655,187778,0.33778495,-0.14599764,4069919,-2,0.078605145,294836,4678157
Geo15,2024-01-15,376585,255377,359017,4431,2976,4183,4678157,187778,-0.43257207,-2.174355,4509176,0,0,0,8887879
Geo16,2021-01-25,1101087,409341,679838,12954,4770,7920,8887879,307289,0.012078233,0.39237034,5789076,7,0,157050,6839221
Geo16,2021-02-01,486007,555590,786514,5718,6475,9163,6839221,307289,-1.9059372,-1.1869929,5905904,2,0,0,7835352
Geo16,2021-02-08,651404,467131,661207,7664,5444,7703,7835352,307289,2.9311147,-0.5773641,7076642,3,0.3202456,0,5917074
Geo16,2021-02-15,320202,716848,630268,3767,8354,7343,5917074,307289,1.3732309,-0.49441755,6350127,0,0.47046077,0,5423194
Geo16,2021-02-22,752795,662861,580256,8857,7725,6760,5423194,307289,0.15914273,-2.2073522,6460132,-2,0,0,5059026
Geo16,2021-03-01,828271,256110,457821,9745,2985,5334,5059026,307289,-0.14592344,-1.1713085,5136244,-3,0,0,6626317
Geo16,2021-03-08,724781,595488,803901,8527,6940,9366,6626317,307289,1.5300915,-0.32582933,7256399,-1,0.37513363,141583,3571915
Geo16,2021-03-15,606967,433269,440006,7141,5049,5126,3571915,307289,-0.81519383,-2.5279899,7001049,-7,0.118317604,0,3736549
Geo16,2021-03-22,608906,282251,895315,7164,3289,10431,3736549,307289,0.1317007,-0.5467913,7814962,-5,0,915629,5615271
Geo16,2021-03-29,745068,262308,459675,8766,3057,5355,5615271,307289,1.2560468,0.30048886,7259069,-4,0.98013777,0,5421864
Geo16,2021-04-05,681287,428839,517011,8015,4997,6023,5421864,307289,-0.54811305,0.31230807,8344978,-4,0.22461082,184996,5961715
Geo16,2021-04-12,452641,610959,793558,5325,7120,9245,5961715,307289,-1.5262947,-1.1866226,6765392,-4,0,0,8039018
Geo16,2021-04-19,915461,722343,78824,10770,8418,918,8039018,307289,-1.2173343,-0.035413623,7190762,3,0,22093,5115938
Geo16,2021-04-26,317161,549570,170786,3731,6404,1990,5115938,307289,0.67009914,-1.3570068,8869353,-5,0,97081,8222833
Geo16,2021-05-03,814061,196842,623889,9577,2294,7269,8222833,307289,-1.1152065,-1.1990068,7412184,6,0.4462728,0,7466627
Geo16,2021-05-10,656023,499125,400115,7718,5817,4661,7466627,307289,-0.61669725,2.4692583,8248276,2,0.3030448,770126,6744987
Geo16,2021-05-17,820238,502406,912749,9650,5855,10634,6744987,307289,-1.4649377,-0.15804088,6718628,0,1.5591058,1171390,7006946
Geo16,2021-05-24,703605,206435,739646,8278,2406,8617,7006946,307289,1.6841712,-0.34051627,6610610,1,0.14168218,0,5065192
Geo16,2021-05-31,761980,548901,130216,8965,6397,1517,5065192,307289,-0.40158498,0.95471907,8561063,-6,1.9383292,672833,6777164
Geo16,2021-06-07,675037,651450,575885,7942,7592,6709,6777164,307289,-0.11531806,-3.0139015,8272654,-1,0.7022636,0,7158401
Geo16,2021-06-14,415070,449282,568561,4883,5236,6624,7158401,307289,-0.8788636,-0.4718316,8261250,0,0,0,8195997
Geo16,2021-06-21,939957,440133,789736,11059,5129,9201,8195997,307289,1.0097831,-0.4357049,7541566,4,0,212222,4497719
Geo16,2021-06-28,699244,403702,531506,8227,4705,6192,4497719,307289,0.29866272,-0.673843,8418240,-4,0,265623,5794514
Geo16,2021-07-05,573231,337526,828102,6744,3933,9648,5794514,307289,0.31182092,-0.7252327,7620750,-2,0,0,7606600
Geo16,2021-07-12,1271296,839844,538300,14957,9787,6271,7606600,307289,0.00000519,0.40797487,8016895,1,0,374487,7683809
Geo16,2021-07-19,785440,261907,583630,9241,3052,6800,7683809,307289,1.901695,2.185151,7975669,0,0,883735,5097507
Geo16,2021-07-26,1122023,390497,762428,13201,4551,8883,5097507,307289,0.097219765,-2.2022948,7958484,-4,0,0,8630508
Geo16,2021-08-02,585094,723510,632139,6884,8431,7365,8630508,307289,-0.2761739,-0.43827093,8356284,5,0.958603,0,8347370
Geo16,2021-08-09,417265,429295,503023,4909,5003,5860,8347370,307289,-0.59622836,-0.843686,7788660,3,0,149092,3863673
Geo16,2021-08-16,329215,369391,636150,3873,4305,7411,3863673,307289,0.1384652,-0.08663374,8779097,-5,0.43786594,0,6439547
Geo16,2021-08-23,902567,723012,651201,10619,8426,7587,6439547,307289,-0.37520546,0.94357216,7725142,-3,1.1101291,840406,8132806
Geo16,2021-08-30,441623,494006,688448,5196,5757,8021,8132806,307289,-1.0203873,-0.9131981,8941920,3,0.18003958,181357,5454512
Geo16,2021-09-06,685111,585495,584426,8060,6823,6809,5454512,307289,0.38054806,1.7559083,7810881,0,0,0,7391761
Geo16,2021-09-13,691402,652937,810579,8134,7609,9444,7391761,307289,-1.3030276,3.2111778,7340333,0,0.000372019,1179022,7001356
Geo16,2021-09-20,891381,640666,864706,10487,7466,10074,7001356,307289,-2.318319,1.2143241,7932174,2,0,159287,8280358
Geo16,2021-09-27,619711,726475,818725,7291,8466,9538,8280358,307289,-0.19864023,1.0146472,7364760,5,0.618136,325839,4901286
Geo16,2021-10-04,665396,652121,193275,7828,7599,2252,4901286,307289,2.3300493,-0.04795599,6950270,-5,0.6430497,239921,4940758
Geo16,2021-10-11,471508,765387,727979,5547,8919,8481,4940758,307289,-1.591968,-0.015008673,7932820,-5,1.7831824,419538,6491515
Geo16,2021-10-18,561300,546440,727397,6604,6368,8474,6491515,307289,0.8806001,0.7168778,7436692,-1,1.08517,87802,7351981
Geo16,2021-10-25,595036,268011,441175,7001,3123,5140,7351981,307289,0.22029705,1.0735741,7934420,3,0,194544,6269100
Geo16,2021-11-01,938799,700257,586566,11045,8160,6834,6269100,307289,0.13927096,1.5198619,7602806,-1,0.5026151,633450,6851113
Geo16,2021-11-08,622171,737865,160052,7320,8599,1865,6851113,307289,-0.5192819,2.3958879,7919047,1,0.07051234,1131854,5505435
Geo16,2021-11-15,676531,887947,158985,7959,10348,1852,5505435,307289,1.5668511,1.4422724,7938990,-1,0.6665945,575661,6313344
Geo16,2021-11-22,937347,765518,420192,11028,8921,4895,6313344,307289,1.2400534,-1.1486447,7490076,-1,0,182936,5353916
Geo16,2021-11-29,870724,447187,681170,10244,5211,7936,5353916,307289,0.72982526,-0.7251655,8174670,-4,0,0,6665757
Geo16,2021-12-06,695909,417556,368381,8187,4866,4292,6665757,307289,-1.0901915,0.279446,8330224,2,2.3936276,176626,5877030
Geo16,2021-12-13,927812,563204,0,10916,6563,0,5877030,307289,0.026427865,0.009189904,7634328,-1,1.0478778,653945,5696427
Geo16,2021-12-20,753627,365570,255364,8866,4260,2975,5696427,307289,-0.22710474,-0.0783139,9148289,-1,0.15094697,361770,3226455
Geo16,2021-12-27,1008131,578679,434330,11861,6744,5060,3226455,307289,1.3422753,-1.3822138,8435684,-7,0.64405197,254190,8187181
Geo16,2022-01-03,1033895,560940,571983,12164,6537,6664,8187181,307289,-0.88544,1.5788018,7179158,3,0.12633649,317472,6555091
Geo16,2022-01-10,682824,492374,183080,8033,5738,2133,6555091,307289,-0.8889622,-1.1781762,10187261,3,1.4253701,0,4220699
Geo16,2022-01-17,723807,699456,625678,8516,8151,7289,4220699,307289,-1.5374533,0.014262199,8434295,-4,0,14353,6431820
Geo16,2022-01-24,495315,776841,590428,5827,9053,6879,6431820,307289,1.0349414,-1.4310473,7054633,2,0,0,5016855
Geo16,2022-01-31,935549,524880,590990,11007,6117,6885,5016855,307289,1.0028203,-1.7945604,7964974,-4,1.4608867,554147,6122783
Geo16,2022-02-07,723149,562566,710390,8508,6556,8276,6122783,307289,-0.80630124,1.5594068,7662330,-2,0,0,6212025
Geo16,2022-02-14,571463,336751,170734,6723,3924,1989,6212025,307289,1.5582515,-0.9250816,8002800,2,1.173672,494115,6596777
Geo16,2022-02-21,568686,526194,370854,6691,6132,4321,6596777,307289,-2.9192393,-0.120874986,7682779,1,0,26154,3464269
Geo16,2022-02-28,704442,441472,381229,8288,5145,4441,3464269,307289,0.028768927,-2.4404151,7595746,-7,0,0,8473978
Geo16,2022-03-07,688604,926795,191408,8101,10800,2230,8473978,307289,1.6344638,-1.4374655,7994493,5,0.7820265,916759,5770174
Geo16,2022-03-14,806674,547008,506916,9490,6375,5906,5770174,307289,-1.5595691,0.8486471,7213394,0,0,217827,5089314
Geo16,2022-03-21,266096,491953,511058,3131,5733,5954,5089314,307289,-1.7797866,-1.5576595,7301419,-4,0.78019476,70701,8452026
Geo16,2022-03-28,668435,729924,827963,7864,8506,9646,8452026,307289,-1.7282847,1.6431934,6545109,4,0,667615,6921851
Geo16,2022-04-04,427919,607243,444872,5034,7076,5183,6921851,307289,1.0793934,-0.030135572,7328974,1,0,1088447,6972246
Geo16,2022-04-11,880828,446932,802027,10363,5208,9344,6972246,307289,-0.4357666,-1.2942779,7640268,2,0,226909,4111128
Geo16,2022-04-18,673397,244387,369386,7922,2848,4303,4111128,307289,0.44650537,0.11405331,6562804,-3,0,0,6560265
Geo16,2022-04-25,859502,962955,214430,10112,11222,2498,6560265,307289,0.3654238,-1.4033433,8038980,-1,0.45479816,433680,6915563
Geo16,2022-05-02,549045,202016,473039,6459,2354,5511,6915563,307289,-0.79584026,0.6389014,5819013,2,0.2789992,404389,3155228
Geo16,2022-05-09,388771,29924,831805,4574,349,9691,3155228,307289,-1.6941576,-0.1775343,6470770,-6,1.5124167,211361,4724063
Geo16,2022-05-16,977750,514275,682539,11503,5993,7952,4724063,307289,0.5738969,-2.309608,7840571,-4,0,0,6398441
Geo16,2022-05-23,834950,383472,439624,9823,4469,5122,6398441,307289,-0.62102616,-0.16904142,6837331,-1,0.98790896,146699,6461739
Geo16,2022-05-30,852103,713014,1011382,10025,8309,11783,6461739,307289,-2.3933816,0.25433135,8311210,-1,0,1024506,6592237
Geo16,2022-06-06,588886,669860,986738,6928,7806,11496,6592237,307289,-0.3328333,1.4514835,6355616,0,0,760296,5155486
Geo16,2022-06-13,448575,804862,739731,5277,9379,8618,5155486,307289,-2.174448,-0.44383946,7401046,-6,0,0,6908223
Geo16,2022-06-20,684531,649619,254488,8053,7570,2965,6908223,307289,0.5379877,-1.3047394,7044089,1,0.6457881,0,9799572
Geo16,2022-06-27,539842,764931,926917,6351,8914,10799,9799572,307289,0.4731443,-0.38121244,6040395,9,1.4650207,116184,6733669
Geo16,2022-07-04,1079379,224833,753771,12699,2620,8782,6733669,307289,1.2828983,0.7391901,8225546,-2,2.5060494,900878,6642128
Geo16,2022-07-11,390712,900096,641702,4597,10489,7476,6642128,307289,1.1805538,0.4114436,7460247,1,0,824294,2845048
Geo16,2022-07-18,384415,454351,560617,4523,5295,6531,2845048,307289,-2.240483,-0.77329624,8163810,-7,0.7241603,0,6417881
Geo16,2022-07-25,850502,703063,517813,10006,8193,6033,6417881,307289,0.5325922,1.3881799,7138549,-2,0.21516335,0,6582590
Geo16,2022-08-01,1020380,213004,379815,12005,2482,4425,6582590,307289,-0.50219405,-1.0090413,7496643,1,0,0,5298288
Geo16,2022-08-08,590512,275902,801565,6947,3215,9339,5298288,307289,0.49139932,-0.39959607,7098928,0,1.6991618,558257,4404859
Geo16,2022-08-15,806634,495914,564328,9490,5779,6575,4404859,307289,0.45034367,-0.20155078,8464988,-4,0,0,6244388
Geo16,2022-08-22,911359,712721,677418,10722,8306,7892,6244388,307289,-1.4637516,0.35477304,8178578,-1,2.4160938,654921,5629447
Geo16,2022-08-29,501668,693054,508010,5902,8076,5919,5629447,307289,-0.73451114,0.17357516,7865185,-1,1.2399118,261284,4607083
Geo16,2022-09-05,470574,658090,434456,5536,7669,5062,4607083,307289,1.3813523,0.2609761,7533376,-1,0,815151,5340867
Geo16,2022-09-12,300088,484630,727755,3531,5648,8479,5340867,307289,0.8960058,0.4729885,9063566,-4,0,486537,8011823
Geo16,2022-09-19,673205,797433,519862,7920,9293,6057,8011823,307289,1.3042873,2.0087183,8114755,3,0.71664953,766419,6191067
Geo16,2022-09-26,492225,950527,1008147,5791,11077,11745,6191067,307289,1.0840796,0.77155495,7069895,1,0.06424758,760177,5561804
Geo16,2022-10-03,754656,463608,460645,8878,5403,5367,5561804,307289,0.12442911,0.90381336,6760764,-3,0.019185543,632554,7358740
Geo16,2022-10-10,743982,309372,372145,8753,3605,4336,7358740,307289,0.3768127,-0.49877298,7694443,2,0.43902367,0,6664202
Geo16,2022-10-17,469356,462029,212926,5522,5384,2481,6664202,307289,0.685028,1.757603,6321302,0,0,942570,7623441
Geo16,2022-10-24,759720,423510,186328,8938,4935,2171,7623441,307289,-0.22103333,0.83509105,7396414,3,0.2820473,173855,3740668
Geo16,2022-10-31,700058,598368,775647,8236,6973,9037,3740668,307289,1.2378206,0.9564795,7666138,-3,0,677652,7404185
Geo16,2022-11-07,976625,522617,727981,11490,6090,8481,7404185,307289,0.0672887,1.0842046,7953634,-2,0.0163109,0,2316912
Geo16,2022-11-14,594410,487159,35391,6993,5677,412,2316912,307289,1.1714435,1.8657203,7523976,-8,2.4712567,1326162,6983826
Geo16,2022-11-21,1178806,566205,195495,13869,6598,2278,6983826,307289,1.7657799,-0.3523064,7118516,1,0,309258,5450062
Geo16,2022-11-28,589405,392129,489640,6934,4570,5704,5450062,307289,-0.2466733,-0.49076706,7570334,1,1.1011387,0,5862903
Geo16,2022-12-05,882125,748253,412608,10378,8720,4807,5862903,307289,-0.6557685,-1.2639037,8415277,-1,0.29143828,453155,7069433
Geo16,2022-12-12,883098,526249,531384,10390,6133,6191,7069433,307289,1.138479,0.90969193,9207448,0,0,340135,7683249
Geo16,2022-12-19,729832,748161,853371,8586,8719,9942,7683249,307289,-0.21620035,-0.15932012,8007374,3,1.3706167,40218,7040833
Geo16,2022-12-26,618826,611309,243081,7280,7124,2832,7040833,307289,-0.11675984,-1.8056732,7362574,0,0.9410101,0,4382597
Geo16,2023-01-02,239207,745088,468711,2814,8683,5461,4382597,307289,-0.53378177,1.0360029,8279892,-5,0.4402064,0,6010484
Geo16,2023-01-09,958152,102223,294829,11273,1191,3435,6010484,307289,-0.31703106,-1.5515649,7268401,-1,0,0,5618668
Geo16,2023-01-16,393329,524857,27045,4627,6116,315,5618668,307289,2.6752982,0.37644488,7078990,-1,1.1008873,288668,6149760
Geo16,2023-01-23,261305,779629,616551,3074,9085,7183,6149760,307289,-0.039298087,-0.36703423,8254904,0,0,129714,3481683
Geo16,2023-01-30,372270,565300,556435,4380,6588,6483,3481683,307289,-1.0976789,1.2080743,6423364,-4,0,175434,7034040
Geo16,2023-02-06,695573,548534,926908,8183,6392,10799,7034040,307289,-0.73583513,1.4270653,7114234,1,1.0612339,0,9020324
Geo16,2023-02-13,752409,837362,635503,8852,9758,7404,9020324,307289,0.5783409,0.41895533,7626302,5,1.336803,148445,8490430
Geo16,2023-02-20,460555,520123,485551,5418,6061,5657,8490430,307289,-1.484324,-0.18450543,6255617,6,0.2998176,224921,7077191
Geo16,2023-02-27,600604,568386,511671,7066,6624,5961,7077191,307289,0.6029186,0.098305106,7269690,0,0,201255,4015861
Geo16,2023-03-06,925340,352789,398235,10887,4111,4640,4015861,307289,-0.8163962,0.20313257,6668702,-3,0,0,6206291
Geo16,2023-03-13,771404,784159,28726,9076,9138,335,6206291,307289,-2.4532876,-1.674174,7123120,0,0,0,5353760
Geo16,2023-03-20,674862,820922,608395,7940,9567,7088,5353760,307289,0.4713999,1.276825,6447196,-3,1.0649736,1126541,7759018
Geo16,2023-03-27,889999,538792,756511,10471,6279,8814,7759018,307289,-2.4110246,0.68996876,8321510,2,2.1208231,1043946,6908893
Geo16,2023-04-03,821883,405848,717230,9669,4730,8356,6908893,307289,-0.64050996,-1.4694088,6842196,0,1.7495595,534191,6676226
Geo16,2023-04-10,308667,827347,522460,3631,9641,6087,6676226,307289,-2.0203078,0.33608454,7323908,0,0.11783266,0,5773566
Geo16,2023-04-17,373091,543107,150656,4389,6329,1755,5773566,307289,-2.7398243,-1.4742156,7769820,-2,0,0,8909374
Geo16,2023-04-24,663282,925113,479161,7803,10781,5582,8909374,307289,-0.35142064,0.06417024,6752342,6,0.96653455,622708,6662883
Geo16,2023-05-01,889431,585145,551508,10464,6819,6425,6662883,307289,0.9026592,-1.0427023,8624131,0,0,318032,5474771
Geo16,2023-05-08,825350,388478,249932,9710,4527,2912,5474771,307289,-1.301974,-1.4964201,6552549,-2,0,0,5361419
Geo16,2023-05-15,815672,679149,661241,9596,7914,7704,5361419,307289,-1.6399786,0.1421194,7686478,-3,0,0,6002347
Geo16,2023-05-22,494290,305452,824599,5815,3560,9607,6002347,307289,-0.5271854,0.091385186,7096320,-2,1.9537202,75478,5976577
Geo16,2023-05-29,424624,734504,327378,4996,8560,3814,5976577,307289,-0.08631759,-0.76357454,8474843,-3,0.7800789,499639,7555068
Geo16,2023-06-05,442765,536581,48090,5209,6253,560,7555068,307289,-1.7469642,0.05024068,7014971,2,0.11091125,0,4982686
Geo16,2023-06-12,756364,664354,635126,8899,7742,7399,4982686,307289,-2.05126,-2.126668,7200550,-3,0.27294177,0,5756417
Geo16,2023-06-19,584371,547482,379172,6875,6380,4417,5756417,307289,1.3731925,-1.07402,7161539,-2,1.1745887,808074,6299432
Geo16,2023-06-26,506596,409509,662511,5960,4772,7719,6299432,307289,-0.53642094,-0.15419704,6992773,-3,0,0,7855305
Geo16,2023-07-03,674533,506746,299839,7936,5905,3493,7855305,307289,-1.4699312,-1.1222097,6705367,2,1.8848106,0,7973426
Geo16,2023-07-10,521932,781007,160543,6141,9101,1870,7973426,307289,-0.8967333,-0.106247246,7587058,1,0,103685,4224400
Geo16,2023-07-17,598158,810328,390970,7037,9443,4555,4224400,307289,0.013315178,-1.692821,7426072,-5,0,23252,5489416
Geo16,2023-07-24,194929,378899,601141,2293,4415,7004,5489416,307289,0.21900897,0.77566814,7095726,-4,0,13227,6901047
Geo16,2023-07-31,460001,527241,329551,5412,6144,3839,6901047,307289,-0.47173512,-0.5530241,7053122,1,0.4630029,0,6850329
Geo16,2023-08-07,444713,631392,471365,5232,7358,5492,6850329,307289,1.0885403,2.4062984,6739682,1,2.402574,1805597,4759253
Geo16,2023-08-14,670661,850225,479433,7890,9908,5586,4759253,307289,3.1123567,0.012239605,7819582,-4,0.6731647,519788,6054342
Geo16,2023-08-21,1173195,396353,437569,13803,4619,5098,6054342,307289,0.52503407,-1.3202853,7708582,-2,0.9300806,93030,6633175
Geo16,2023-08-28,687378,491454,484279,8087,5727,5642,6633175,307289,2.212318,0.7786136,7160582,-1,0.9338136,345378,6034237
Geo16,2023-09-04,433677,454197,733839,5102,5293,8550,6034237,307289,-0.254377,2.9259708,7525928,-1,0.3429667,1711626,6496689
Geo16,2023-09-11,1091936,386858,297911,12847,4508,3471,6496689,307289,0.53758234,-1.6265533,7808484,1,1.135029,251402,6578155
Geo16,2023-09-18,334463,80669,700488,3935,940,8161,6578155,307289,1.2124429,0.05530411,7882910,1,0,93618,4497583
Geo16,2023-09-25,818499,627104,216649,9630,7308,2524,4497583,307289,1.6578112,-0.5972485,7556424,-1,1.0158995,415188,5491642
Geo16,2023-10-02,796389,661926,458539,9369,7714,5342,5491642,307289,-0.4018921,0.9892962,8435228,-3,0.30579045,644650,6407944
Geo16,2023-10-09,583296,376386,648787,6862,4386,7559,6407944,307289,2.55007,1.1277511,8257046,-1,0,1163371,5621294
Geo16,2023-10-16,658934,844733,704342,7752,9844,8206,5621294,307289,0.3700775,0.87320733,8852461,-4,1.1473877,1072442,6162793
Geo16,2023-10-23,515614,187298,344556,6066,2183,4014,6162793,307289,-0.36153364,-1.8466471,7082444,0,1.5306805,457257,6647291
Geo16,2023-10-30,252621,348666,504046,2972,4063,5872,6647291,307289,0.77991724,-0.06981214,7671155,-1,1.0395355,664403,7175239
Geo16,2023-11-06,694964,796537,803147,8176,9282,9357,7175239,307289,-1.3609061,1.5189924,8075734,-1,1.6533024,407664,8830927
Geo16,2023-11-13,691231,748298,622273,8132,8720,7250,8830927,307289,1.4942763,1.2170539,8348108,5,0,486540,7092413
Geo16,2023-11-20,802245,526681,306855,9438,6138,3575,7092413,307289,0.66484374,0.9484589,6868816,2,0,1199007,6835882
Geo16,2023-11-27,900015,664156,136751,10589,7740,1593,6835882,307289,-0.30468395,0.4112776,8880396,0,0.13180764,0,5523206
Geo16,2023-12-04,768201,594208,530047,9038,6925,6175,5523206,307289,1.1763827,-2.0172465,8244858,-1,1.4720656,0,7429942
Geo16,2023-12-11,751394,496716,860564,8840,5788,10026,7429942,307289,-0.40255994,1.5695987,8345299,2,0.39532793,405434,8044421
Geo16,2023-12-18,909272,382184,527611,10698,4454,6147,8044421,307289,-1.2874762,0.27708924,7468987,5,0,0,4534767
Geo16,2023-12-25,861120,690929,443487,10131,8052,5167,4534767,307289,3.4432638,0.66435707,6631188,-4,0,506541,8330740
Geo16,2024-01-01,859622,675544,168439,10113,7872,1962,8330740,307289,0.10809925,0.66469646,8447714,1,0,753492,6008800
Geo16,2024-01-08,694486,101975,117857,8171,1188,1373,6008800,307289,0.36879325,3.5214682,7122571,2,0,159814,8852800
Geo16,2024-01-15,294254,709100,733677,3462,8263,8548,8852800,307289,0.4547656,-0.42124954,7531970,5,0,0,1547444
Geo17,2021-01-25,265557,38371,192288,3124,447,2240,1547444,119545,0.21806176,1.3149148,2279843,-4,0.39952695,3019217,2011873
Geo17,2021-02-01,79508,171518,378193,935,1999,4406,2011873,119545,-0.48039114,-0.044819742,2330540,1,1.0644648,728179,1843631
Geo17,2021-02-08,290239,218931,246625,3415,2551,2873,1843631,119545,-0.6502687,0.5950257,2710849,-2,0.14701262,0,2020462
Geo17,2021-02-15,95445,317811,195950,1123,3704,2283,2020462,119545,-0.61690474,-1.5192459,2366784,1,0,0,2349270
Geo17,2021-02-22,322776,296875,76784,3797,3460,895,2349270,119545,-0.07395136,-0.4493166,2273724,2,0.12312887,654336,2027877
Geo17,2021-03-01,329254,142130,304725,3874,1656,3550,2027877,119545,-2.2670147,-1.2167964,1964935,-1,0,0,1739350
Geo17,2021-03-08,153402,100575,174178,1805,1172,2029,1739350,119545,1.4026245,-0.78016,2620455,-4,0,28960,2128474
Geo17,2021-03-15,260899,167210,311139,3069,1949,3625,2128474,119545,0.903819,-1.3608884,2621627,0,1.7056706,981819,1564555
Geo17,2021-03-22,323713,168336,120204,3808,1962,1400,1564555,119545,-2.296278,1.4778917,3099751,-3,0.99793184,1833232,2795872
Geo17,2021-03-29,319199,77726,71155,3755,906,829,2795872,119545,-0.05360189,-0.023217678,2903812,3,0,146178,1990550
Geo17,2021-04-05,305210,303531,306370,3591,3537,3569,1990550,119545,1.0641005,0.53827703,3173864,-1,0.88216287,1896424,2401952
Geo17,2021-04-12,210868,362736,205357,2481,4227,2392,2401952,119545,-3.4744775,-1.9409041,2775504,0,0.2005989,0,2411782
Geo17,2021-04-19,307253,330984,51436,3615,3857,599,2411782,119545,-1.5949955,-2.0793207,2614124,1,0,283206,1982148
Geo17,2021-04-26,291796,183403,154314,3433,2137,1798,1982148,119545,0.5653098,-0.46468103,3456373,-2,0,1074687,2845995
Geo17,2021-05-03,352139,36638,108776,4143,427,1267,2845995,119545,-1.3955755,0.5468774,3068120,7,1.7278411,939073,1923310
Geo17,2021-05-10,223991,153142,249032,2635,1785,2901,1923310,119545,-0.10094032,0.7998204,3316533,-2,2.0092952,1813670,2041565
Geo17,2021-05-17,336442,83408,186649,3958,972,2175,2041565,119545,-0.02634877,0.26956213,2680344,0,0,264753,2158109
Geo17,2021-05-24,191790,227407,188089,2256,2650,2191,2158109,119545,1.4376698,0.38959375,2574528,1,0.18170698,0,3189708
Geo17,2021-05-31,311069,225144,249629,3660,2624,2908,3189708,119545,-1.0033683,0.2654271,3228520,6,0,993412,2449772
Geo17,2021-06-07,349546,242877,252312,4112,2830,2940,2449772,119545,-1.0059116,1.9687836,3293324,0,0,663714,2810121
Geo17,2021-06-14,133159,183784,263357,1567,2142,3068,2810121,119545,-0.65937227,-1.6966887,3305737,2,0,0,2419232
Geo17,2021-06-21,249528,253054,246625,2936,2949,2873,2419232,119545,2.4217782,1.1272055,2870168,1,0,1921482,1892533
Geo17,2021-06-28,403435,274222,115720,4746,3196,1348,1892533,119545,1.5287793,-1.67137,3293019,-1,0,605315,2553727
Geo17,2021-07-05,172287,128370,300304,2027,1496,3499,2553727,119545,-1.4649047,0.47996557,2998532,2,0,0,3290904
Geo17,2021-07-12,323895,169350,143036,3811,1974,1666,3290904,119545,-0.69357455,-0.001455516,3153717,6,0,0,2020169
Geo17,2021-07-19,248130,239968,95066,2919,2796,1108,2020169,119545,2.0950365,1.0556065,3085176,-4,0,1790542,2016757
Geo17,2021-07-26,347688,209507,213339,4091,2441,2485,2016757,119545,-0.26779568,0.42386907,3093002,-2,0,886262,1571432
Geo17,2021-08-02,206103,226886,230643,2425,2644,2687,1571432,119545,0.3467188,-0.41829574,3145289,-5,0,0,2348845
Geo17,2021-08-09,86193,93307,269250,1014,1087,3137,2348845,119545,0.8629497,-0.033633918,2884181,1,0,0,1738232
Geo17,2021-08-16,161512,255726,126075,1900,2980,1469,1738232,119545,-0.35136017,0.8804178,3330780,-1,0.13071081,348475,2134525
Geo17,2021-08-23,271830,331512,273684,3198,3863,3189,2134525,119545,1.0405596,1.4111263,3004070,-3,0.77345926,2292125,1950548
Geo17,2021-08-30,257104,225100,285488,3025,2623,3326,1950548,119545,-0.046433225,-1.3330367,3411186,-2,0.34155902,0,1728635
Geo17,2021-09-06,304209,211713,341612,3579,2467,3980,1728635,119545,1.5213909,0.49137744,2875134,-1,0.7493226,597564,2138031
Geo17,2021-09-13,185411,271027,192878,2181,3158,2247,2138031,119545,0.91156346,0.31688362,2655794,-2,0,323550,1210659
Geo17,2021-09-20,329618,171765,337052,3878,2002,3927,1210659,119545,-0.6987441,-0.15013456,3166336,-5,0.061788023,460419,1556869
Geo17,2021-09-27,322854,269294,314449,3798,3138,3663,1556869,119545,0.613721,1.6504426,2772444,-3,0,1001452,3258607
Geo17,2021-10-04,256952,341082,122976,3023,3975,1433,3258607,119545,-0.6912758,-0.6651771,2803703,7,2.1130862,0,2886098
Geo17,2021-10-11,163796,239441,257267,1927,2790,2997,2886098,119545,0.592738,0.028987512,3179662,3,1.8694836,442163,1921904
Geo17,2021-10-18,241780,325571,128477,2845,3794,1497,1921904,119545,0.06409973,1.9886863,2853335,-2,0.19544965,1333929,2191613
Geo17,2021-10-25,304570,37141,241568,3583,433,2814,2191613,119545,1.26478,1.3885376,3221899,1,0,0,1747413
Geo17,2021-11-01,286218,335714,233330,3367,3912,2718,1747413,119545,0.84250784,1.273485,2992473,-3,1.5134513,1450114,2180421
Geo17,2021-11-08,186398,249912,290513,2193,2912,3385,2180421,119545,0.12618478,1.9645712,3003652,2,0,3601830,1232496
Geo17,2021-11-15,129734,253167,176228,1526,2950,2053,1232496,119545,-0.2892785,1.1496813,2822870,-3,0,276098,2310051
Geo17,2021-11-22,389042,290725,232270,4577,3388,2706,2310051,119545,3.178909,0.83055615,2927245,1,0,3307660,2026482
Geo17,2021-11-29,371246,258902,257442,4368,3017,2999,2026482,119545,0.5209316,-0.5487364,3017586,-2,0,0,2590120
Geo17,2021-12-06,388079,91568,228146,4566,1067,2658,2590120,119545,-1.1083409,-0.003815174,3330172,5,0,142402,1665421
Geo17,2021-12-13,237881,81240,153447,2799,947,1788,1665421,119545,-0.987166,-1.1310785,2915020,-3,1.5861675,413349,1917480
Geo17,2021-12-20,349469,118780,177026,4111,1384,2062,1917480,119545,-2.026717,1.5033481,3622990,-1,2.6841025,2187166,1534067
Geo17,2021-12-27,337924,196966,229298,3976,2295,2671,1534067,119545,0.24252361,-0.17874284,3176517,-2,0,958459,2616913
Geo17,2022-01-03,345199,226669,226072,4061,2641,2634,2616913,119545,-0.53974974,-1.1434586,2734626,2,0.19450015,0,1947940
Geo17,2022-01-10,288009,260236,279472,3388,3033,3256,1947940,119545,0.66925824,-2.3756847,3900466,0,0,0,2056938
Geo17,2022-01-17,242565,286070,235239,2854,3334,2741,2056938,119545,-0.8271156,1.4818437,3212790,1,0.13077469,1687582,1460198
Geo17,2022-01-24,305422,285902,226907,3593,3332,2644,1460198,119545,0.3285364,-1.4181092,2781822,-3,0,0,1840525
Geo17,2022-01-31,267575,188015,214853,3148,2191,2503,1840525,119545,1.1732095,-0.81331307,3021015,-3,0.24334617,448324,2618065
Geo17,2022-02-07,316472,270109,370117,3723,3148,4312,2618065,119545,-2.2467785,-1.460114,2843676,1,0,0,958202
Geo17,2022-02-14,92169,57849,130351,1084,674,1519,958202,119545,-0.78081405,-1.1284754,3094864,-5,0,0,2114250
Geo17,2022-02-21,216923,280962,203659,2552,3274,2373,2114250,119545,-0.6093322,1.4333955,2928491,0,1.5855483,1075733,1653362
Geo17,2022-02-28,281331,256107,178114,3310,2985,2075,1653362,119545,-1.1109211,-1.162072,2950149,-2,0,0,2754281
Geo17,2022-03-07,353934,393579,176238,4164,4587,2053,2754281,119545,-0.5212327,-1.6690271,3107366,4,0,235205,1920595
Geo17,2022-03-14,183929,292645,194605,2164,3410,2267,1920595,119545,-1.2952976,-0.09288946,2778950,0,0.11422056,194152,1533932
Geo17,2022-03-21,42870,111806,67450,504,1303,786,1533932,119545,-1.6211545,-2.8472633,2720308,-4,0.1593308,0,1752112
Geo17,2022-03-28,171067,293908,200124,2013,3425,2332,1752112,119545,-1.1665617,0.20520812,2384844,-4,0.09949267,491012,2034087
Geo17,2022-04-04,133010,133785,295341,1565,1559,3441,2034087,119545,-1.350663,0.51675063,2879370,0,0.59315366,466645,2000812
Geo17,2022-04-11,253998,202050,315884,2988,2355,3680,2000812,119545,-1.1775665,-2.4666014,2711231,-1,0,0,2381080
Geo17,2022-04-18,193146,189562,188672,2272,2209,2198,2381080,119545,-1.6931705,0.25662345,2414138,4,0,0,2518764
Geo17,2022-04-25,294841,420932,134753,3469,4905,1570,2518764,119545,-1.3522308,0.30926675,2940292,2,1.2725754,1298472,2199078
Geo17,2022-05-02,287096,186785,287628,3378,2177,3351,2199078,119545,-0.94644284,0.39355832,2201936,0,0,0,1646177
Geo17,2022-05-09,169203,53731,248204,1991,626,2892,1646177,119545,-0.96913534,-0.05466023,2506442,0,0,0,1724407
Geo17,2022-05-16,473937,108967,283047,5576,1270,3298,1724407,119545,1.3620832,-1.6239021,2998116,-2,0.8212383,215074,1713766
Geo17,2022-05-23,410671,28908,172174,4832,337,2006,1713766,119545,-0.14974645,0.42505926,2656990,-3,0,1501,1588900
Geo17,2022-05-30,438733,379434,328856,5162,4422,3831,1588900,119545,-1.6511292,-0.17199302,3368818,-5,0.7446144,756762,2439695
Geo17,2022-06-06,284548,189996,319801,3348,2214,3726,2439695,119545,-0.42213896,1.8624537,2701960,2,2.0099652,3381217,3409313
Geo17,2022-06-13,338048,279631,310304,3977,3259,3615,3409313,119545,1.203062,1.5413637,2955817,5,1.043431,212855,2489196
Geo17,2022-06-20,220812,183553,150010,2598,2139,1748,2489196,119545,-0.48734128,-0.8460934,2915320,3,0.7562047,332905,1401686
Geo17,2022-06-27,163348,250083,250273,1922,2914,2916,1401686,119545,-0.21474208,-0.3561149,2544410,-4,1.1515764,442313,2584444
Geo17,2022-07-04,314826,93632,316254,3704,1091,3684,2584444,119545,0.10739787,1.3715181,3268944,1,0.23345119,452020,2225125
Geo17,2022-07-11,261015,228884,250080,3071,2667,2914,2225125,119545,-1.2989364,1.6884809,2966333,1,0,899422,2542170
Geo17,2022-07-18,187603,270477,178203,2207,3152,2076,2542170,119545,-0.61802006,-0.2640658,3253564,6,0,525081,2541608
Geo17,2022-07-25,294354,250051,287650,3463,2914,3351,2541608,119545,0.7141438,0.20840901,2846131,1,0,75715,2156785
Geo17,2022-08-01,227706,197010,153292,2679,2296,1786,2156785,119545,-0.27777565,-0.21733943,2799056,0,0,0,1338375
Geo17,2022-08-08,262944,146637,210045,3094,1709,2447,1338375,119545,-0.61688054,-0.3946396,2785786,-3,0.744355,598381,2231583
Geo17,2022-08-15,250992,364507,116507,2953,4248,1357,2231583,119545,0.04144013,0.74560404,3096121,2,0.5044899,1889270,1986899
Geo17,2022-08-22,418914,289390,101525,4929,3372,1183,1986899,119545,-0.35692844,-0.096726,3117404,-1,2.2949302,2159994,1652223
Geo17,2022-08-29,269313,157020,197999,3168,1830,2307,1652223,119545,0.4561723,0.2742712,3066376,-2,0.20274213,168308,1371224
Geo17,2022-09-05,308195,172826,374826,3626,2014,4367,1371224,119545,-1.0189631,1.357588,2891716,0,1.0843589,1623580,2186219
Geo17,2022-09-12,163430,249527,289523,1923,2908,3373,2186219,119545,0.6914927,0.494193,3602512,-1,0.2954597,1564568,2262098
Geo17,2022-09-19,321213,330412,142650,3779,3850,1662,2262098,119545,0.4300189,-0.49204957,3432884,0,1.0420868,1451464,2289531
Geo17,2022-09-26,65150,420607,375246,766,4902,4372,2289531,119545,0.79823625,-0.12615967,2736586,2,0.04402569,443698,2640553
Geo17,2022-10-03,243003,177195,175609,2859,2065,2046,2640553,119545,3.4011354,-0.30172116,2736148,3,0,1547323,2049961
Geo17,2022-10-10,216953,181152,195745,2552,2111,2281,2049961,119545,0.7069358,-1.298985,3032170,-2,0,0,2395009
Geo17,2022-10-17,244782,138654,98758,2880,1616,1151,2395009,119545,-1.1941013,-0.9067093,2453582,1,0,0,2093861
Geo17,2022-10-24,219791,152703,78838,2586,1780,918,2093861,119545,0.30466878,2.1846595,2862408,1,0.8781405,3118368,1676774
Geo17,2022-10-31,196813,214595,198858,2315,2501,2317,1676774,119545,1.6854175,0.5425044,2864637,0,0.5290037,600205,2542800
Geo17,2022-11-07,299553,36468,133728,3524,425,1558,2542800,119545,-0.14037246,3.1455812,2918026,0,0.49434614,3249557,2164981
Geo17,2022-11-14,262768,325374,245204,3091,3792,2857,2164981,119545,0.44886768,-0.37645796,2826403,2,1.3999361,1137579,2360861
Geo17,2022-11-21,424662,169730,149252,4996,1978,1739,2360861,119545,1.3556991,0.057395577,2517994,3,0,824634,988899
Geo17,2022-11-28,345985,193513,317782,4070,2255,3702,988899,119545,0.15349573,0.4007599,2894497,-4,0,283707,2164281
Geo17,2022-12-05,312617,334855,94123,3678,3902,1097,2164281,119545,0.6010081,-0.068914205,3246341,0,1.6394345,1498797,2057531
Geo17,2022-12-12,378393,335958,257016,4452,3915,2994,2057531,119545,-0.5081086,-0.032022595,3723167,-3,0,0,2556522
Geo17,2022-12-19,266042,330999,246274,3130,3857,2869,2556522,119545,0.30693322,0.50049376,2973763,2,1.3633623,528133,2129025
Geo17,2022-12-26,218531,207297,274501,2571,2416,3198,2129025,119545,0.309456,-0.5568451,2954411,-2,1.2242851,0,1907651
Geo17,2023-01-02,228380,366446,131867,2687,4270,1536,1907651,119545,0.40761703,2.1651082,3358138,-1,0,630337,2246185
Geo17,2023-01-09,322641,285763,139807,3796,3330,1629,2246185,119545,-0.6647268,-1.0549475,2822594,1,0,0,1909111
Geo17,2023-01-16,193367,209563,232922,2275,2442,2714,1909111,119545,1.5655458,-1.753898,2818127,-1,0.3241066,0,2766350
Geo17,2023-01-23,134226,301104,198772,1579,3509,2316,2766350,119545,-0.5856354,-0.22822931,3389772,4,0,0,1327644
Geo17,2023-01-30,140753,311625,121249,1656,3632,1413,1327644,119545,-0.79483867,-1.0395977,2560349,-2,0,501377,1687140
Geo17,2023-02-06,317440,168180,321994,3735,1960,3751,1687140,119545,-1.0466458,1.1862953,2788985,-3,0.4761407,705981,2497822
Geo17,2023-02-13,240805,271944,228370,2833,3169,2661,2497822,119545,-0.9523654,0.48397553,3128341,1,0.5977306,1226126,2507568
Geo17,2023-02-20,207436,219331,226138,2440,2556,2635,2507568,119545,-0.1658448,-1.2724969,2572442,4,2.3485026,217382,2397291
Geo17,2023-02-27,264861,277184,222953,3116,3230,2597,2397291,119545,-0.4602993,-0.36004865,3103617,1,0.35885006,1599774,1528074
Geo17,2023-03-06,441471,191421,181076,5194,2231,2110,1528074,119545,-1.4249431,-0.69622535,2657136,-1,0.29562306,0,1554760
Geo17,2023-03-13,130810,324672,119711,1539,3784,1395,1554760,119545,-1.9006565,0.5277175,2791852,-4,0,719637,2939567
Geo17,2023-03-20,301164,339426,270211,3543,3955,3148,2939567,119545,-0.5151136,-1.7609906,2479221,6,0.3200947,0,2297298
Geo17,2023-03-27,394090,108758,266779,4636,1267,3108,2297298,119545,-1.4633846,0.8729723,3048532,0,0.31566587,0,2553965
Geo17,2023-04-03,464041,108055,418589,5459,1259,4877,2553965,119545,-0.53989595,-1.0015507,2735045,1,0.3225102,173302,1164249
Geo17,2023-04-10,177359,372850,200562,2087,4345,2337,1164249,119545,-1.0785218,-1.1985,3022351,-6,0,0,2248469
Geo17,2023-04-17,359464,228508,154909,4229,2663,1805,2248469,119545,-1.9952592,-1.3469343,3156262,0,0,0,1993510
Geo17,2023-04-24,347320,229553,244311,4086,2675,2846,1993510,119545,0.39105448,0.14755714,2776307,-1,0.5709606,0,2550775
Geo17,2023-05-01,310200,127047,277497,3649,1481,3233,2550775,119545,-0.12554882,-0.02785486,3426858,2,0,0,2039378
Geo17,2023-05-08,333060,130544,208230,3918,1521,2426,2039378,119545,-0.045159698,-0.4251946,2578291,-1,0,0,2263372
Geo17,2023-05-15,297198,294477,308569,3497,3432,3595,2263372,119545,-0.07187039,-0.33926773,3404270,-1,2.0439312,441526,1781386
Geo17,2023-05-22,134592,145996,354888,1583,1701,4135,1781386,119545,-0.5543624,-1.2723814,2900498,-4,2.1890469,0,2481842
Geo17,2023-05-29,195354,254462,267592,2298,2965,3118,2481842,119545,0.7684288,-0.7146191,3365239,1,0,90507,2351610
Geo17,2023-06-05,100663,265576,141251,1184,3095,1646,2351610,119545,0.64325607,0.442552,2864410,1,0.7531507,1752213,2326532
Geo17,2023-06-12,260344,161496,187809,3063,1882,2188,2326532,119545,-1.4655329,0.5007213,2940439,2,0.46853483,1592936,2616678
Geo17,2023-06-19,169250,253767,46022,1991,2957,536,2616678,119545,-0.013628066,-1.1869732,2713273,3,0.36459255,1207108,1639125
Geo17,2023-06-26,160083,121760,209282,1883,1419,2438,1639125,119545,1.0565637,-0.2979205,2543721,-7,0,503463,2513379
Geo17,2023-07-03,207491,214092,0,2441,2495,0,2513379,119545,-0.7110038,2.8837068,2592315,1,0,0,2503059
Geo17,2023-07-10,149185,272737,41651,1755,3178,485,2503059,119545,-0.6381531,-0.015627563,2888380,1,0,754924,1980159
Geo17,2023-07-17,268347,259085,186892,3157,3019,2177,1980159,119545,-0.27039135,1.4975705,2835818,0,0,706437,2152138
Geo17,2023-07-24,65470,88825,121576,770,1035,1416,2152138,119545,-0.8817358,2.2022371,2768790,0,0.65379685,2160376,2476432
Geo17,2023-07-31,179978,214603,341243,2117,2501,3976,2476432,119545,0.038714916,-1.2441744,2695308,3,0.84742534,1691138,1917971
Geo17,2023-08-07,106293,125560,148925,1251,1463,1735,1917971,119545,0.008959353,-1.0703063,2497600,-2,0.02660811,0,2058996
Geo17,2023-08-14,334957,275107,202241,3941,3206,2356,2058996,119545,1.2925711,1.2024889,3144579,0,0.27899396,1337684,1674854
Geo17,2023-08-21,458298,279090,47621,5392,3252,555,1674854,119545,1.1678275,0.07089543,2871777,-3,0.20766187,648167,1600109
Geo17,2023-08-28,311285,163457,87060,3662,1905,1014,1600109,119545,1.3258066,0.7189796,2787723,-5,0,3344468,2121026
Geo17,2023-09-04,180935,245460,200336,2129,2860,2334,2121026,119545,1.0538368,-0.30132413,2933055,0,0,0,2763112
Geo17,2023-09-11,391588,219785,178988,4607,2561,2085,2763112,119545,0.24801812,-0.33796403,3174309,4,2.2540889,524364,2633150
Geo17,2023-09-18,244346,295135,225213,2875,3439,2624,2633150,119545,0.71378577,0.4273687,3062212,5,0.88358384,662035,1248786
Geo17,2023-09-25,276043,186835,0,3248,2177,0,1248786,119545,0.47271597,1.6523445,3102874,-2,1.952317,3534762,2420982
Geo17,2023-10-02,186271,182701,257370,2191,2129,2998,2420982,119545,-0.6630349,-0.2818161,3348230,2,0,0,2108974
Geo17,2023-10-09,345704,121625,112931,4067,1417,1316,2108974,119545,0.28713173,0.25520292,3098855,-1,1.5425689,2587761,3100363
Geo17,2023-10-16,299156,234036,355663,3520,2727,4144,3100363,119545,2.1378963,0.4637828,3562261,4,0.5419903,2334698,1066091
Geo17,2023-10-23,204030,81414,168046,2400,949,1958,1066091,119545,-0.7745006,-0.6103226,2844263,-6,0.37322783,276252,1872664
Geo17,2023-10-30,215614,210025,327078,2537,2448,3811,1872664,119545,0.6857147,-0.53961235,3112276,-3,1.0019768,1895938,2121864
Geo17,2023-11-06,207083,316810,168402,2436,3692,1962,2121864,119545,0.27924067,0.19155496,3117553,-3,1.8010895,1013882,3327893
Geo17,2023-11-13,200514,261658,178078,2359,3049,2075,3327893,119545,0.1611377,1.598315,3280318,7,0.52695537,1189974,1526560
Geo17,2023-11-20,401176,286697,253543,4720,3341,2954,1526560,119545,1.1688156,-0.59333456,2650190,-4,1.2677178,1207105,2116251
Geo17,2023-11-27,318450,159434,28472,3747,1858,332,2116251,119545,-1.3652862,2.7011526,3481858,-1,0.5026107,415332,662149
Geo17,2023-12-04,166190,158495,168003,1955,1847,1957,662149,119545,-0.7149918,0.7589718,3138890,-7,0.6529893,538048,2245725
Geo17,2023-12-11,341659,145163,205774,4020,1692,2397,2245725,119545,-0.2191784,0.8054976,3267376,0,0,1481496,2084666
Geo17,2023-12-18,283222,210847,193799,3332,2457,2258,2084666,119545,0.25843596,1.1663377,2880783,0,0,3179865,1624370
Geo17,2023-12-25,254329,287946,164748,2992,3356,1919,1624370,119545,3.1412728,-0.65745497,2502216,-3,1.7046478,809210,2905568
Geo17,2024-01-01,291393,249935,195371,3428,2913,2276,2905568,119545,1.8519619,0.81063473,3377661,1,0,2091766,2004193
Geo17,2024-01-08,329923,36160,214395,3882,421,2498,2004193,119545,-0.30132055,1.211981,2764828,1,0,1281502,2219229
Geo17,2024-01-15,151811,253460,189807,1786,2954,2211,2219229,119545,-1.8362807,-2.047354,2854281,0,0.12454814,0,22902406
Geo18,2021-01-25,2350524,1730459,881164,27654,20166,10266,22902406,856852,0.21337771,-0.35174137,17721606,3,0,491727,19146166
Geo18,2021-02-01,854900,1165854,1848795,10058,13586,21539,19146166,856852,-1.8570282,-0.49837536,17565628,2,2.1322758,401349,16794292
Geo18,2021-02-08,1489456,1321606,1985302,17523,15401,23130,16794292,856852,1.8182713,0.4522465,20786532,-2,0,782863,11071633
Geo18,2021-02-15,1277841,1508282,1424062,15034,17577,16591,11071633,856852,-1.2386744,-1.3237466,18769578,-5,0,0,16562527
Geo18,2021-02-22,1387083,2144262,1056218,16319,24988,12305,16562527,856852,0.55555916,-0.41242763,17370506,-2,0,0,14453261
Geo18,2021-03-01,1268438,962309,1222337,14923,11214,14241,14453261,856852,-1.7219036,0.1932357,14719150,-4,0,736323,18230644
Geo18,2021-03-08,933851,1146386,1381922,10987,13359,16100,18230644,856852,1.6646839,0.36799496,19352798,-1,0,863955,17526424
Geo18,2021-03-15,1592780,386884,2133824,18739,4509,24860,17526424,856852,-1.7148049,-1.7809342,19725510,0,0,0,21408018
Geo18,2021-03-22,2307177,570368,2071083,27144,6647,24129,21408018,856852,1.2014657,-0.107565895,22835758,3,0.82887113,6427,20374250
Geo18,2021-03-29,1957891,740545,1501368,23035,8630,17492,20374250,856852,1.0484343,-0.013466805,21049948,0,0.7513174,1024797,22197802
Geo18,2021-04-05,2199150,1317062,1710350,25873,15348,19926,22197802,856852,-0.12975284,-1.5771291,23745956,3,0.0648884,0,26860240
Geo18,2021-04-12,2487466,2307804,2054671,29265,26894,23938,26860240,856852,-1.3867311,-1.3900143,21794366,5,0,411938,23757654
Geo18,2021-04-19,2218221,2369127,1344331,26097,27609,15662,23757654,856852,0.9270721,-2.193049,20097022,3,0,0,22330938
Geo18,2021-04-26,2050718,1538227,678686,24127,17926,7907,22330938,856852,2.5731368,-2.1887114,26194626,2,1.7390498,756853,16532904
Geo18,2021-05-03,718503,1206864,1394205,8453,14064,16243,16532904,856852,-0.29565808,1.5014461,22485010,-1,2.076727,2239963,15374471
Geo18,2021-05-10,1972746,557800,1786260,23209,6500,20811,15374471,856852,-1.2974215,1.4941666,24514416,-4,0,1689990,18052102
Geo18,2021-05-17,1566968,1227655,2126966,18435,14306,24780,18052102,856852,-0.4259725,0.83845687,20510568,-1,0,490718,20370204
Geo18,2021-05-24,2345237,1470550,1629511,27592,17137,18984,20370204,856852,-0.20087388,-0.44185174,20717292,1,0.8419285,0,21979444
Geo18,2021-05-31,1963857,1839750,1229729,23105,21439,14327,21979444,856852,1.4116713,1.8524808,24416954,1,0,2062206,16068444
Geo18,2021-06-07,2572026,2105586,1443430,30260,24537,16817,16068444,856852,-0.272332,0.9690035,24182058,-5,0,1537660,17946082
Geo18,2021-06-14,1462659,2057677,1470938,17208,23979,17137,17946082,856852,-0.81342244,-0.23293044,24798614,-3,0.3898302,0,19631298
Geo18,2021-06-21,607247,986878,2201208,7144,11501,25645,19631298,856852,-0.47814566,-0.22494256,21701768,1,1.2093643,1223374,11683550
Geo18,2021-06-28,2433196,1348628,497737,28626,15716,5799,11683550,856852,0.3190228,-2.2551706,24391750,-5,1.0021572,1237128,24299494
Geo18,2021-07-05,2253450,1997694,2587930,26512,23280,30150,24299494,856852,-0.6130424,0.87265253,22852216,4,0,1298573,22890996
Geo18,2021-07-12,2077081,896761,1300982,24437,10450,15157,22890996,856852,-0.08474368,-0.7515913,23931386,2,0.5760278,0,22294674
Geo18,2021-07-19,1674940,1133143,1590993,19706,13205,18536,22294674,856852,0.7616036,1.9325343,23684578,0,0,2723396,14081382
Geo18,2021-07-26,2416374,1124694,1980322,28429,13107,23072,14081382,856852,-0.50813633,-2.161645,22288996,-5,0,762587,20571220
Geo18,2021-08-02,2766566,1433256,970192,32549,16702,11303,20571220,856852,1.8136197,0.6150925,24409656,1,0,0,17927666
Geo18,2021-08-09,1033939,1120473,1420631,12164,13057,16551,17927666,856852,0.36993995,-1.4125048,22116996,-2,0.7001572,0,14437585
Geo18,2021-08-16,769553,1333716,1093071,9054,15542,12735,14437585,856852,-1.5529125,-1.7242681,25186194,-2,0,183018,15887143
Geo18,2021-08-23,1936970,1092653,562686,22788,12733,6556,15887143,856852,0.5223094,1.3704048,23517316,-4,0.57211417,1865465,21688546
Geo18,2021-08-30,1954637,1521976,2733742,22996,17736,31849,21688546,856852,0.006814957,-0.95084417,26288596,2,0,0,20580342
Geo18,2021-09-06,2448894,1721292,1488183,28811,20059,17338,20580342,856852,0.78800654,-1.1088047,22194752,4,0,0,18759376
Geo18,2021-09-13,1572847,2357692,1782259,18504,27475,20764,18759376,856852,-0.42579126,-0.8802452,21441628,-1,1.4968091,0,20983500
Geo18,2021-09-20,2785821,1192883,2332502,32775,13901,27175,20983500,856852,-1.3976059,-0.028829515,24943456,3,0.33133298,91476,16298618
Geo18,2021-09-27,1492377,1887433,1925283,17558,21995,22430,16298618,856852,2.5989928,0.87001884,22506858,-2,0,822061,22349342
Geo18,2021-10-04,2324424,2350414,794503,27347,27391,9256,22349342,856852,-1.6585085,0.96244603,21389444,3,0,0,20376978
Geo18,2021-10-11,1886953,1874687,2015886,22200,21847,23486,20376978,856852,-0.43556172,0.034837395,24994288,-1,1.238583,345752,25910698
Geo18,2021-10-18,1934994,2089193,1587712,22765,24346,18497,25910698,856852,-0.30424875,-0.6014354,22440464,6,1.564275,0,16844678
Geo18,2021-10-25,1937801,859406,1710389,22798,10015,19927,16844678,856852,-1.2343228,1.394608,23866976,-2,0,518982,23582900
Geo18,2021-11-01,2003723,2265443,1783743,23574,26400,20781,23582900,856852,0.17908397,0.7003036,22590374,4,0.73636436,844539,17559710
Geo18,2021-11-08,1679285,1574687,1554792,19757,18351,18114,17559710,856852,0.5058565,-0.004378676,23535870,0,0,853741,17979894
Geo18,2021-11-15,1346170,2009321,1474776,15838,23416,17182,17979894,856852,2.0394976,1.5659153,23881160,2,2.3929038,4049722,15223650
Geo18,2021-11-22,1993097,1456190,687562,23449,16970,8010,15223650,856852,0.20676975,0.46647778,22803676,-4,0,904173,17044014
Geo18,2021-11-29,3451151,1534768,1549149,40603,17885,18048,17044014,856852,-0.3973595,-0.82824755,24713506,-3,0.8163041,796668,18027578
Geo18,2021-12-06,2318000,1691831,2063018,27271,19716,24035,18027578,856852,-0.9922333,3.1740804,25085782,0,1.8587661,2354501,20533016
Geo18,2021-12-13,2190884,1252281,1058443,25776,14593,12331,20533016,856852,-1.8697853,1.26562,23014850,2,0,1208239,20614504
Geo18,2021-12-20,2511256,262458,1984150,29545,3059,23116,20614504,856852,-1.6022977,-0.18483207,27254938,3,0.48676628,0,17604330
Geo18,2021-12-27,2844459,2053702,1702350,33465,23933,19833,17604330,856852,2.7680342,0.31502393,24155964,0,0,1061510,14217709
Geo18,2022-01-03,1651501,976866,2032357,19430,11384,23678,14217709,856852,-0.8628189,0.51766205,21266140,-6,0.24465925,1045432,16623701
Geo18,2022-01-10,894377,1229078,1251716,10522,14323,14583,16623701,856852,1.2933624,-2.9078505,29900006,0,0,528484,21082732
Geo18,2022-01-17,1836593,1909590,1418216,21607,22253,16523,21082732,856852,-0.63471615,1.6449002,25128628,3,0.20523433,1475073,9770045
Geo18,2022-01-24,2072124,1214112,1941780,24378,14149,22622,9770045,856852,0.10843842,0.74043447,21378994,-5,0,0,19438222
Geo18,2022-01-31,2657672,1396186,1456095,31267,16270,16964,19438222,856852,1.0502977,-0.48971295,22729308,0,0,0,23853662
Geo18,2022-02-07,2200078,1857048,1452746,25884,21641,16925,23853662,856852,-1.9184978,-0.064468354,21246756,4,0,181047,23450920
Geo18,2022-02-14,1587550,1423197,1693941,18677,16585,19735,23450920,856852,-0.004241705,0.66152734,22461368,6,0,1324803,20565702
Geo18,2022-02-21,1613036,1050949,1701641,18977,12247,19825,20565702,856852,0.08630407,-0.09282535,22852852,2,0,0,21945272
Geo18,2022-02-28,2588205,1275142,1413644,30450,14860,16469,21945272,856852,-1.5703326,-1.3062627,22352674,4,0.2861818,0,15203448
Geo18,2022-03-07,1731613,2012536,231628,20372,23453,2699,15203448,856852,-0.8077083,-2.1363344,24748004,-3,0,0,15670866
Geo18,2022-03-14,790040,2813415,1303144,9295,32786,15182,15670866,856852,-1.6914508,-1.1692604,21051220,-1,0,582243,20367408
Geo18,2022-03-21,274911,1299284,1788413,3234,15141,20836,20367408,856852,-0.9908906,-0.61224157,21447278,1,0.73388296,271134,18595592
Geo18,2022-03-28,1904547,2101259,2390442,22407,24487,27850,18595592,856852,-1.4861144,0.9241203,18740514,-1,0,967291,21740184
Geo18,2022-04-04,719108,1524477,1791872,8460,17765,20876,21740184,856852,1.2315698,0.38398117,21445582,3,0.38105446,1408113,21546574
Geo18,2022-04-11,1647136,1260761,1010026,19378,14692,11767,21546574,856852,-1.7114506,-0.9556264,21519182,3,0.78274417,698093,15449972
Geo18,2022-04-18,2613242,987110,1211722,30745,11503,14117,15449972,856852,1.1221957,0.10756749,19460574,-1,0,0,23953726
Geo18,2022-04-25,2573516,2974872,0,30277,34668,0,23953726,856852,-0.64859074,-1.5150775,23713736,4,0,662678,16421927
Geo18,2022-05-02,2075187,923726,1696396,24414,10765,19764,16421927,856852,0.2273786,-0.17624517,16942578,-2,0,0,18202684
Geo18,2022-05-09,1435523,1170782,1095432,16889,13644,12762,18202684,856852,-0.4806764,-0.7384269,21113060,2,0,0,19939544
Geo18,2022-05-16,2821007,204345,1965916,33189,2381,22904,19939544,856852,0.22771293,-2.5438604,23269252,3,0,537570,23082410
Geo18,2022-05-23,1485174,1683605,1687594,17473,19620,19661,23082410,856852,0.42712164,-0.92806137,20071388,3,0.005270585,0,21891380
Geo18,2022-05-30,1713097,1746642,2296732,20155,20354,26758,21891380,856852,-1.8707299,-0.6541509,24107766,2,0.28196967,0,16250811
Geo18,2022-06-06,2319976,1786855,2280264,27294,20823,26566,16250811,856852,-0.73486495,-0.83536196,19636538,-3,0,0,20627032
Geo18,2022-06-13,1745180,1507653,1694960,20532,17569,19747,20627032,856852,-0.50363076,0.18080825,22217724,-1,0.73719454,528904,20362146
Geo18,2022-06-20,2763341,1386890,551627,32511,16162,6427,20362146,856852,-1.2956382,-1.890713,22968732,1,0.9536268,0,20996790
Geo18,2022-06-27,2352870,1460720,1679306,27681,17022,19565,20996790,856852,1.6326938,-0.6125879,18441266,2,0.48944318,0,25483370
Geo18,2022-07-04,3238777,940684,2185651,38104,10962,25464,25483370,856852,0.10820635,2.3283694,25493862,4,0.8187289,1186554,20203250
Geo18,2022-07-11,2063524,2803670,1775537,24277,32673,20686,20203250,856852,0.82136285,-1.5614917,23169690,2,0.98079216,603324,13565143
Geo18,2022-07-18,2132203,2043580,1039205,25085,23815,12107,13565143,856852,-2.3468418,1.2552044,26178098,-2,0,564700,16356543
Geo18,2022-07-25,1517214,1926524,2487162,17850,22451,28976,16356543,856852,-0.007889032,-0.9239831,22167814,-3,2.962813,1487944,13472618
Geo18,2022-08-01,2841966,1264549,1086943,33436,14736,12663,13472618,856852,0.58049047,-0.63959664,23515744,-4,0,0,13336023
Geo18,2022-08-08,1659356,677277,1560676,19522,7893,18182,13336023,856852,-0.9319136,-0.9148911,22581302,-3,1.0543183,1238824,20614860
Geo18,2022-08-15,2499413,1312704,2009290,29405,15298,23409,20614860,856852,0.19143815,1.3325491,25757680,3,0,1316090,14322282
Geo18,2022-08-22,2568590,1667610,1085714,30219,19433,12649,14322282,856852,2.2245092,0.7010656,25930000,-4,0.13486767,68040,10810538
Geo18,2022-08-29,2236998,1699383,388811,26318,19804,4530,10810538,856852,-1.7060201,0.29230493,24691616,-7,0,270671,17434838
Geo18,2022-09-05,2177579,2846356,1410482,25619,33170,16433,17434838,856852,-0.7880153,-0.33593708,23534450,4,0,0,18777104
Geo18,2022-09-12,1074235,1559349,2310181,12638,18172,26914,18777104,856852,0.069443405,-1.4299662,27095936,-2,0,0,18543290
Geo18,2022-09-19,1316355,2345954,1125122,15487,27339,13108,18543290,856852,1.5720361,0.8117916,25051662,-1,0.038901687,551062,20090022
Geo18,2022-09-26,1275899,2179592,2391749,15011,25400,27865,20090022,856852,-1.2354828,0.9797533,20663774,3,0,116708,17588816
Geo18,2022-10-03,2443960,1675375,1110012,28753,19524,12932,17588816,856852,1.6912776,0.59040546,20922356,-2,0.3496242,216772,20090842
Geo18,2022-10-10,2679749,1464496,1328146,31527,17066,15473,20090842,856852,2.764614,1.150218,23771172,0,1.5500671,2484494,14305151
Geo18,2022-10-17,1173950,1543017,580186,13811,17982,6759,14305151,856852,-0.8177423,-0.46879795,18643878,-4,1.1851398,1229522,21007258
Geo18,2022-10-24,2157555,1255448,867538,25384,14630,10107,21007258,856852,-1.3566637,0.9662881,22818972,2,1.3462591,1591969,21804776
Geo18,2022-10-31,2285864,2176160,1623319,26893,25360,18912,21804776,856852,3.258544,0.021572232,22916310,6,0,975647,20495610
Geo18,2022-11-07,2581606,483810,726688,30372,5638,8466,20495610,856852,-0.185211,1.896045,23784168,-1,0.36456418,1524010,12087571
Geo18,2022-11-14,1047840,902548,299430,12328,10518,3488,12087571,856852,1.8562602,0.13222691,21510174,-4,0.6811762,624105,18904868
Geo18,2022-11-21,3430735,0,1401246,40362,0,16325,18904868,856852,3.1455755,-0.5670618,21310454,2,0,356668,15219404
Geo18,2022-11-28,2037193,1680649,1788364,23967,19585,20835,15219404,856852,-1.0263722,-0.09430903,22800168,0,0.37186366,0,14437302
Geo18,2022-12-05,1452692,2365228,633506,17091,27563,7381,14437302,856852,1.6776094,-0.745498,26231274,-3,1.4041042,764872,17976606
Geo18,2022-12-12,1946694,606388,1310699,22903,7067,15270,17976606,856852,-0.69928455,-0.22501919,26985760,-2,0.94520533,0,23010890
Geo18,2022-12-19,2499426,1795160,2136480,29406,20920,24891,23010890,856852,0.35306212,-0.06303653,22936794,3,1.0882207,0,25502258
Geo18,2022-12-26,2990244,1400920,920320,35180,16326,10722,25502258,856852,1.3902501,2.2645407,23088402,4,0.2220295,2596958,28362994
Geo18,2023-01-02,2611939,2125661,633670,30729,24771,7382,28362994,856852,0.815989,1.7728422,26695190,8,0.13599564,1638023,16002434
Geo18,2023-01-09,1953159,777608,1190531,22979,9062,13870,16002434,856852,-0.2998381,-0.6013526,22125782,-3,0,128924,19257994
Geo18,2023-01-16,1776557,1528020,1659307,20901,17807,19332,19257994,856852,-0.31428874,0.64497745,21908716,0,1.6732297,342260,18905480
Geo18,2023-01-23,1284653,2086603,2459138,15114,24316,28650,18905480,856852,-2.200636,-0.29865104,25747108,0,0,0,15368375
Geo18,2023-01-30,456180,2105704,1304939,5367,24539,15203,15368375,856852,-0.68467665,0.25496978,20854630,0,0,626195,16446393
Geo18,2023-02-06,1109602,1429844,2479244,13054,16663,28884,16446393,856852,-1.2277523,0.2657369,21467184,-3,0.54622626,726784,17845514
Geo18,2023-02-13,2930437,1642734,872380,34476,19144,10164,17845514,856852,1.7404865,-2.1718233,24650382,-2,0,26737,19991368
Geo18,2023-02-20,799046,1886680,1649693,9401,21986,19220,19991368,856852,-1.6659648,-0.7107583,20219264,2,0,0,20987066
Geo18,2023-02-27,1078089,1619146,1680857,12684,18869,19583,20987066,856852,-0.8832747,-0.2667318,22212566,1,0,0,14226279
Geo18,2023-03-06,3183261,845706,1634154,37451,9855,19039,14226279,856852,0.010185897,-0.9081918,20909314,-1,1.014904,0,15764355
Geo18,2023-03-13,1568156,2503769,691476,18449,29178,8056,15764355,856852,-0.51337814,-0.9030607,21332344,-2,0,0,15927556
Geo18,2023-03-20,1689419,2343907,1569809,19876,27315,18289,15927556,856852,-0.8855436,0.76832235,18777368,-3,0,565295,19110688
Geo18,2023-03-27,1544767,1632529,1362144,18174,19025,15869,19110688,856852,-1.7347507,0.79217476,23286188,0,0.30274218,178654,24457802
Geo18,2023-04-03,3650341,1275928,1526821,42946,14869,17788,24457802,856852,-0.45375288,0.011599787,21130466,5,0,744885,17090762
Geo18,2023-04-10,1626867,1925696,1451310,19140,22441,16908,17090762,856852,-1.7995167,-1.0779108,23715828,0,1.309095,0,17553642
Geo18,2023-04-17,2045009,1466047,1306096,24059,17085,15217,17553642,856852,-1.4160073,0.2070548,22318454,-2,0.01126802,398282,16493025
Geo18,2023-04-24,1778537,1922638,1126997,20924,22405,13130,16493025,856852,1.6001701,-1.183161,20780338,-2,1.3434212,1329931,15890815
Geo18,2023-05-01,2524822,440522,2568072,29704,5134,29919,15890815,856852,-1.7945848,0.15886724,26215372,-3,0,0,19663998
Geo18,2023-05-08,2535468,1717790,1889966,29830,20018,22019,19663998,856852,-0.9503239,-2.1083174,20286026,0,1.0143565,0,20246762
Geo18,2023-05-15,2292186,2545918,2372202,26967,29669,27637,20246762,856852,-0.09977454,-0.72415257,25461286,0,0,0,16038749
Geo18,2023-05-22,1075024,785550,2421308,12648,9154,28209,16038749,856852,0.51871085,-1.3749032,22445684,-3,1.1052333,438267,28356562
Geo18,2023-05-29,1557156,1629072,885464,18320,18984,10316,28356562,856852,0.37426427,-0.9413505,25474780,7,0.6826011,2002695,26113668
Geo18,2023-06-05,744690,2689198,569154,8761,31339,6631,26113668,856852,-1.2954813,-0.75251174,21950274,5,0,512917,21255854
Geo18,2023-06-12,1373806,2076535,1424881,16163,24199,16600,21255854,856852,-1.2942713,-2.1120145,22977296,3,0.98748666,0,17694058
Geo18,2023-06-19,1957578,1405259,1794583,23031,16376,20908,17694058,856852,0.78567135,-0.4440211,21027226,-2,0.43137097,1889318,19291352
Geo18,2023-06-26,1526223,1365650,1210248,17956,15915,14100,19291352,856852,-0.22417301,-0.5586491,20916728,-3,1.2818334,261389,17827066
Geo18,2023-07-03,1720926,1439277,961470,20247,16773,11201,17827066,856852,0.33162642,1.7604086,19730466,-3,0.36484,995032,25693992
Geo18,2023-07-10,1796101,1817916,549279,21131,21185,6399,25693992,856852,-0.20631287,-0.22524202,22483550,4,0,0,20542074
Geo18,2023-07-17,2318590,1850521,1813372,27278,21565,21126,20542074,856852,0.09235226,1.4422133,21870142,3,1.1101048,605552,20288016
Geo18,2023-07-24,528844,1404705,1804464,6222,16370,21023,20288016,856852,-0.40091857,-1.010412,21256416,1,0.9086215,0,18180346
Geo18,2023-07-31,1789207,1135397,1960496,21050,13231,22841,18180346,856852,1.2699542,-1.7280453,21766496,0,0.8034378,115153,18943608
Geo18,2023-08-07,1103440,1330724,1487669,12982,15508,17332,18943608,856852,-1.0938945,0.8124835,20760588,0,2.616191,1314015,19821328
Geo18,2023-08-14,2476952,2781768,1592413,29141,32417,18552,19821328,856852,1.7285408,-1.0612392,25166874,1,0,510810,19601604
Geo18,2023-08-21,3260360,1344233,1095644,38358,15665,12765,19601604,856852,1.2505918,-0.70359176,23329514,0,0.004481316,0,15031495
Geo18,2023-08-28,1875547,1259202,1361578,22066,14674,15863,15031495,856852,0.81102866,0.84506035,21683702,-5,0,1069059,24582952
Geo18,2023-09-04,1462925,1533593,2550476,17211,17872,29714,24582952,856852,0.56938016,0.5918087,22526746,4,0,247275,20979042
Geo18,2023-09-11,3324735,1290262,1630429,39115,15036,18995,20979042,856852,1.4747972,-2.4676266,24365790,2,0.39682117,0,22932108
Geo18,2023-09-18,1250998,1802004,1756665,14718,21000,20466,22932108,856852,2.0769358,0.6722084,25282586,4,0,0,15467016
Geo18,2023-09-25,2618826,1469758,927654,30810,17128,10808,15467016,856852,-0.45714805,1.2655244,22975264,1,0,1887939,18132692
Geo18,2023-10-02,1110620,1609919,911332,13066,18761,10617,18132692,856852,0.003681719,1.8684516,24835054,-2,1.3401396,2139222,24489362
Geo18,2023-10-09,2591709,1646475,1346387,30491,19187,15686,24489362,856852,-0.8303839,2.0687904,24459444,4,0,1583707,19560588
Geo18,2023-10-16,1716632,1859471,2264257,20196,21669,26379,19560588,856852,1.8699815,0.24547371,26413356,-2,0.17823881,1490472,16086987
Geo18,2023-10-23,1369356,0,1037627,16110,0,12089,16086987,856852,-0.20870715,-0.26061687,21761534,-1,0.46464682,962343,27782286
Geo18,2023-10-30,1574999,889271,1781608,18530,10363,20756,27782286,856852,1.6421901,-0.036249563,23643760,6,1.2795526,1495292,25421800
Geo18,2023-11-06,1925570,2400097,1486203,22654,27969,17315,25421800,856852,-0.09277384,1.3754413,23494770,3,0.28133127,490323,21310136
Geo18,2023-11-13,1120556,2300338,1966106,13183,26807,22906,21310136,856852,1.1308609,0.6175753,24691298,2,0.6095336,1137201,19868220
Geo18,2023-11-20,2536308,835856,636680,29840,9741,7418,19868220,856852,-0.014072657,0.04612708,20172564,1,1.477005,1821000,15897763
Geo18,2023-11-27,1609581,2062032,315682,18937,24030,3678,15897763,856852,2.1871507,-0.012037993,25328106,-3,0,551009,14630568
Geo18,2023-12-04,2325412,1680273,947875,27358,19581,11043,14630568,856852,-1.4862039,-1.270887,24332022,-1,0.51174325,323503,16178151
Geo18,2023-12-11,1725939,788434,1877741,20306,9188,21876,16178151,856852,-0.0856203,-0.10334214,24288762,-3,0.55571896,2040996,15200957
Geo18,2023-12-18,2369001,1853356,1421442,27871,21598,16560,15200957,856852,-0.09801576,0.55898154,22055660,-2,0,389438,22255086
Geo18,2023-12-25,1922474,1414184,504422,22618,16480,5877,22255086,856852,-1.760103,0.39681998,19125842,4,2.2755044,605609,18325592
Geo18,2024-01-01,1426777,1379886,787696,16786,16080,9177,18325592,856852,0.9661964,-1.7612879,24739808,-3,0.11528933,0,13564233
Geo18,2024-01-08,1997677,762927,1549772,23503,8891,18055,13564233,856852,0.44803524,1.3825641,20133518,-2,0.64205265,2483578,20021146
Geo18,2024-01-15,2466434,1268817,970884,29017,14786,11311,20021146,856852,0.24830711,0.5830791,23456674,0,0.5803838,767505,24321996
Geo19,2021-01-25,3251882,1200408,1627901,38258,13989,18966,24321996,987610,1.204394,2.0933726,19687094,1,0,752736,20469816
Geo19,2021-02-01,1581297,769259,2171138,18604,8965,25295,20469816,987610,-1.081787,-1.2932596,20188376,0,0,0,25698780
Geo19,2021-02-08,1886511,1281565,2466626,22195,14935,28737,25698780,987610,-0.609906,-0.49976647,24361896,1,0,0,24221408
Geo19,2021-02-15,161277,1087567,2194862,1897,12674,25571,24221408,987610,0.40038624,0.34548053,20433078,3,0.4294731,0,22108066
Geo19,2021-02-22,1932390,2429035,2200409,22734,28307,25636,22108066,987610,-0.48040223,0.008115411,20705200,0,0.5780004,0,22438638
Geo19,2021-03-01,2400869,1659640,1523359,28246,19341,17748,22438638,987610,0.048970103,0.1937387,17287212,0,0,19427,24757774
Geo19,2021-03-08,2974466,676268,1273781,34994,7881,14840,24757774,987610,-1.5676737,-0.045759052,22150358,2,0,247081,21641408
Geo19,2021-03-15,940323,822925,2198507,11063,9590,25613,21641408,987610,0.99828374,0.21222031,22665812,-1,1.5550461,713844,23614904
Geo19,2021-03-22,2778892,865983,1994594,32694,10092,23238,23614904,987610,-0.46447864,0.8643043,26556812,1,0.32627124,556290,27900376
Geo19,2021-03-29,1318752,1118110,1013697,15515,13030,11810,27900376,987610,1.0286882,-0.03934066,23003738,3,0.7287261,751740,21053694
Geo19,2021-04-05,2940221,1013915,1860584,34592,11816,21677,21053694,987610,0.22939318,0.70370847,26995026,-2,1.1867194,674118,28549942
Geo19,2021-04-12,2878684,2462164,1812425,33868,28693,21115,28549942,987610,-0.77538997,-0.31460953,23609226,2,0,0,17328196
Geo19,2021-04-19,2449353,1847724,1767672,28817,21532,20594,17328196,987610,-2.1546452,-1.7161152,22543736,-5,0,13850,29951754
Geo19,2021-04-26,2228015,1189805,981255,26213,13865,11432,29951754,987610,-0.74209994,0.3918088,29391454,4,0.43169296,594985,15391581
Geo19,2021-05-03,1182157,350313,1657725,13908,4082,19313,15391581,987610,2.0606947,1.2676436,24532456,-4,2.1961074,403928,26549092
Geo19,2021-05-10,2355686,1161446,2018558,27715,13535,23517,26549092,987610,-0.15741849,0.2595374,26585548,2,1.3922884,0,28840294
Geo19,2021-05-17,2242496,1386265,2788700,26383,16155,32489,28840294,987610,-1.3324976,-0.004670739,22249774,4,0,0,19427846
Geo19,2021-05-24,1649969,190541,1140013,19412,2220,13282,19427846,987610,-0.79653376,2.4570808,21582710,-1,0.7111833,390640,26241484
Geo19,2021-05-31,2073562,1105998,1679843,24395,12889,19571,26241484,987610,1.3704776,0.5424214,27512478,1,0,0,25401342
Geo19,2021-06-07,2481884,2165250,2530325,29199,25233,29479,25401342,987610,0.97117496,1.3129768,25901046,1,0.32990068,720940,25156240
Geo19,2021-06-14,2164624,764264,2012414,25467,8906,23445,25156240,987610,-2.0491767,1.4547114,26758322,1,0.4920982,253444,24641136
Geo19,2021-06-21,2073537,2097278,2366548,24395,24441,27571,24641136,987610,0.7735886,-2.0199604,24278556,1,0.21263996,0,19535834
Geo19,2021-06-28,2264828,2372146,1240879,26646,27644,14457,19535834,987610,-0.3569107,-2.0010884,27060732,-2,0.36932588,0,21583880
Geo19,2021-07-05,2258660,848228,2593415,26573,9885,30214,21583880,987610,-1.746143,0.3782457,24854076,-1,0,415958,24605282
Geo19,2021-07-12,2278945,1150433,1344180,26812,13407,15660,24605282,987610,-0.56539464,-0.38391572,26313960,0,0,0,29868696
Geo19,2021-07-19,2338244,1362856,1170627,27509,15882,13638,29868696,987610,1.3480396,0.48283032,25557294,2,1.329345,1593047,29168458
Geo19,2021-07-26,3104019,2112552,2256358,36519,24619,26287,29168458,987610,1.9985116,0.7749514,25422686,4,0.15146351,875760,20552814
Geo19,2021-08-02,1583301,2563875,2262605,18627,29878,26360,20552814,987610,1.5796516,-0.4516691,27923594,-2,1.302913,373803,28198984
Geo19,2021-08-09,1678882,2138087,2193508,19752,24916,25555,28198984,987610,-0.73324394,0.24464244,25273130,4,0.3431179,236830,9451129
Geo19,2021-08-16,983135,1575958,1583232,11567,18365,18445,9451129,987610,2.043126,-1.8103354,27527672,-9,0.5293453,0,25790574
Geo19,2021-08-23,2636129,1607678,2485707,31014,18735,28959,25790574,987610,-0.9291634,1.4678457,24875782,0,0.022245824,752,23850026
Geo19,2021-08-30,2375190,1921547,3385636,27944,22393,39444,23850026,987610,0.6969115,-0.94712704,30117968,0,1.0985852,0,18667670
Geo19,2021-09-06,1926834,1598834,1338720,22669,18632,15597,18667670,987610,1.653781,1.0623095,24258922,-1,0,35474,24587332
Geo19,2021-09-13,879689,2258599,2543342,10350,26321,29631,24587332,987610,0.7408815,1.2070947,23290362,0,1.4095317,956320,26555810
Geo19,2021-09-20,3665878,2248406,1648136,43129,26202,19201,26555810,987610,-2.0950482,0.8961436,27426988,4,0,403441,22943074
Geo19,2021-09-27,2555986,2945263,2799356,30071,34323,32614,22943074,987610,3.0042984,1.1073298,25195128,1,0,979364,25245634
Geo19,2021-10-04,2570644,1249618,1929765,30244,14562,22482,25245634,987610,-0.3978042,2.7289352,23632004,1,1.8492829,660712,24461530
Geo19,2021-10-11,1639455,1550508,2402293,19288,18069,27988,24461530,987610,0.51052994,-0.5407952,26513684,0,4.8005548,838054,31350978
Geo19,2021-10-18,2321907,2165542,1700900,27317,25236,19816,31350978,987610,-0.11529726,0.090431005,25577742,6,0.15983596,208718,21155836
Geo19,2021-10-25,2395017,1120153,2121448,28177,13054,24716,21155836,987610,-0.86835676,3.051346,27190198,-1,0,612860,18035560
Geo19,2021-11-01,2791516,2176170,2163150,32842,25360,25202,18035560,987610,-1.1527646,1.8944261,24966086,-4,1.2785065,987781,15141337
Geo19,2021-11-08,2624992,1971012,1896208,30883,22969,22092,15141337,987610,0.24544361,0.15272295,26605748,-4,1.9364638,528649,23582014
Geo19,2021-11-15,1185316,2632056,1343738,13945,30673,15655,23582014,987610,0.7877688,1.7725652,25117942,3,0.9275696,1323640,24125552
Geo19,2021-11-22,3183585,1910993,1419920,37455,22270,16543,24125552,987610,0.37851262,-0.10904532,26088642,0,0,86432,22812208
Geo19,2021-11-29,3175018,1406286,1600158,37354,16388,18642,22812208,987610,1.2357893,-1.322315,26910360,-1,0.23611161,1671,26580350
Geo19,2021-12-06,2271128,1607334,2619572,26720,18731,30519,26580350,987610,0.113474935,1.8484924,27875496,5,2.2356274,1441317,25518586
Geo19,2021-12-13,2470532,1874532,608540,29066,21845,7090,25518586,987610,-0.24300912,0.07457888,25427606,3,0.09552068,993427,6389387
Geo19,2021-12-20,3237004,428463,2119094,38083,4993,24688,6389387,987610,-0.09275303,-1.6273428,29938694,-12,0.62709546,17505,20825124
Geo19,2021-12-27,2726064,1584050,1707138,32072,18460,19889,20825124,987610,1.5386407,0.07504747,27566576,0,0.11826627,442371,20330110
Geo19,2022-01-03,1415412,2083556,2730133,16652,24281,31807,20330110,987610,-1.1781929,-1.3212202,23903826,-4,0,68228,19920966
Geo19,2022-01-10,2192596,2175364,466014,25796,25351,5429,19920966,987610,-1.2236497,1.3856837,32459100,0,0.66358566,1006878,21277890
Geo19,2022-01-17,2706410,2617966,1199686,31841,30508,13977,21277890,987610,-0.93888223,1.0231112,27826574,0,0,743089,24072446
Geo19,2022-01-24,1799881,1356796,2648235,21176,15811,30853,24072446,987610,-0.75256747,0.30528527,23371236,3,0,762532,25871944
Geo19,2022-01-31,3316551,1954622,847901,39019,22778,9878,25871944,987610,0.26686323,-1.5854499,25259820,1,0,0,22505832
Geo19,2022-02-07,2065356,2509073,2208894,24299,29239,25734,22505832,987610,-2.1755712,-0.7908027,23255982,-1,0,0,22637082
Geo19,2022-02-14,1963308,1082912,1390727,23098,12620,16202,22637082,987610,0.22756422,1.0345569,25950912,2,0,712125,19765698
Geo19,2022-02-21,1799547,1144338,1226864,21172,13336,14293,19765698,987610,2.0829754,0.51960945,25689042,-2,0.30173975,637906,25112654
Geo19,2022-02-28,2476510,1618984,1529773,29136,18867,17822,25112654,987610,-0.2464988,-0.37596974,23889384,3,0,40332,17043756
Geo19,2022-03-07,1656087,1543311,1248486,19484,17985,14545,17043756,987610,-0.7900997,0.010639429,26257720,-4,0,173854,18733828
Geo19,2022-03-14,2246269,3328663,1793572,26427,38791,20896,18733828,987610,-0.93275994,-0.46407217,24065068,-1,0,459992,18030744
Geo19,2022-03-21,51125,928036,1654999,601,10815,19281,18030744,987610,-1.96047,-1.9044735,23184080,-4,3.4956765,866518,27600638
Geo19,2022-03-28,2502803,2292100,1992060,29445,26711,23208,27600638,987610,-1.8879993,0.3634285,20554294,4,0.9769569,854446,30114400
Geo19,2022-04-04,1039778,406509,3379057,12233,4737,39367,30114400,987610,1.1491814,0.30315864,24554046,6,1.55586,736461,28121388
Geo19,2022-04-11,2031934,1001284,1587431,23906,11668,18494,28121388,987610,0.13613522,-2.1120133,24582128,5,0,0,28085212
Geo19,2022-04-18,2999699,2267608,1574317,35291,26426,18341,28085212,987610,-1.2339916,-0.6162306,22117712,7,0,0,15585240
Geo19,2022-04-25,2991093,3156087,1435811,35190,36779,16728,15585240,987610,0.12628871,-1.7003603,26079466,-6,0.29632443,489965,21564924
Geo19,2022-05-02,2172010,2139470,911077,25554,24932,10614,21564924,987610,2.3306234,-1.0017872,19450248,-1,0,1235812,13591185
Geo19,2022-05-09,1864049,217713,1763366,21930,2537,20544,13591185,987610,-2.318206,1.7239733,23836044,-4,0.33224145,645435,14658335
Geo19,2022-05-16,2767448,480250,2362577,32559,5597,27525,14658335,987610,0.66957176,-1.2463865,26236236,-5,0,0,27757332
Geo19,2022-05-23,2890776,1657392,1780380,34010,19314,20742,27757332,987610,0.4314283,1.2028621,23097150,4,1.3485979,1297212,19989326
Geo19,2022-05-30,2335556,1674123,2281805,27478,19509,26584,19989326,987610,-0.85993856,-1.622421,27100304,-3,0,0,18895700
Geo19,2022-06-06,3388052,1601630,2298108,39860,18665,26774,18895700,987610,-1.5636473,0.8230366,23319312,-4,1.1187278,1280548,27389306
Geo19,2022-06-13,2145019,2494048,2250365,25236,29064,26218,27389306,987610,0.1456806,0.23764208,25101000,1,1.4829831,917928,21858016
Geo19,2022-06-20,2295662,1347666,1187348,27008,15705,13833,21858016,987610,-2.2532372,-0.54582703,24620838,0,0,0,17022260
Geo19,2022-06-27,2107045,2506366,3141501,24789,29208,36600,17022260,987610,-0.012701809,-0.14521734,20906384,-4,0.90119535,33776,30412752
Geo19,2022-07-04,3453636,2039234,2187722,40632,23764,25488,30412752,987610,0.7214345,2.2942493,27492580,4,0,551016,25501872
Geo19,2022-07-11,2383166,1438310,1697949,28038,16761,19782,25501872,987610,-0.5518264,1.4840381,24957264,3,0.858336,857659,15930331
Geo19,2022-07-18,1806177,2008504,1091499,21250,23406,12716,15930331,987610,0.570472,1.119603,28835694,-2,0.11897972,647119,28381344
Geo19,2022-07-25,1353906,1806369,1958761,15929,21050,22820,28381344,987610,-0.07784429,1.6231031,23868582,3,0.9560709,588990,17286008
Geo19,2022-08-01,2239636,637808,1098494,26349,7433,12798,17286008,987610,-1.2797804,-0.563777,25579772,-3,0,85947,20463058
Geo19,2022-08-08,1273779,450168,1872171,14986,5246,21812,20463058,987610,-0.015214503,0.1115253,23294270,1,0,731324,18037832
Geo19,2022-08-15,1682921,1510191,2416138,19799,17599,28149,18037832,987610,-0.10224526,1.2303917,26345796,-2,0.5068144,0,27804486
Geo19,2022-08-22,3220100,1790292,1439828,37884,20863,16775,27804486,987610,-0.25621685,-0.6075902,27373002,4,1.6042615,1383758,20008536
Geo19,2022-08-29,1483534,2421700,1270723,17454,28221,14804,20008536,987610,2.1009326,-0.9160534,24477224,0,0,0,17516380
Geo19,2022-09-05,3171320,2275051,2128018,37310,26512,24792,17516380,987610,-0.879631,0.20849004,24615972,0,1.4922917,222883,33170794
Geo19,2022-09-12,1517394,2983853,2124788,17852,34772,24755,33170794,987610,0.41134626,1.2199254,28412252,6,0.07183361,705341,25382216
Geo19,2022-09-19,1739255,1992994,857160,20462,23225,9986,25382216,987610,0.586445,-0.99768984,27611006,1,0.2430295,443048,20671050
Geo19,2022-09-26,1303205,3834181,1758204,15332,44682,20484,20671050,987610,1.4819689,-1.3281536,23046286,0,1.1164215,661139,18050274
Geo19,2022-10-03,1711560,1451201,1770098,20136,16912,20622,18050274,987610,3.459413,-0.97098136,21654020,-4,0,471151,21572356
Geo19,2022-10-10,3391879,1832290,2598180,39905,21353,30270,21572356,987610,-0.6071148,0.2919239,25497016,-1,0.42940626,162870,23825706
Geo19,2022-10-17,2189770,939140,1438777,25763,10944,16762,23825706,987610,-0.7528192,0.58545053,21337438,0,0,0,36395196
Geo19,2022-10-24,3099618,2662589,1532781,36467,31028,17857,36395196,987610,2.301687,1.6925017,25338534,11,0.6335899,1249196,23282786
Geo19,2022-10-31,2889752,1233559,2119323,33998,14375,24691,23282786,987610,0.3075943,-1.7234106,25989842,5,0,409656,25061432
Geo19,2022-11-07,3496765,1159454,1748200,41139,13512,20367,25061432,987610,0.99557287,1.5506214,26376888,-2,1.0543029,1044736,22437100
Geo19,2022-11-14,2265037,1087504,0,26648,12673,0,22437100,987610,2.2399712,1.3289635,26054374,1,1.4828851,876554,16756646
Geo19,2022-11-21,3688596,1973091,2403961,43396,22993,28007,16756646,987610,-1.3782783,1.5497653,23353508,-4,0,556594,20452706
Geo19,2022-11-28,1965168,1813756,1963101,23120,21137,22871,20452706,987610,-0.29645205,-1.3851154,26609774,1,0,34202,19760882
Geo19,2022-12-05,2567480,2338954,2282522,30206,27257,26592,19760882,987610,0.72727764,-0.7376281,29282360,-2,0.7149733,619296,25711568
Geo19,2022-12-12,3049291,2790903,2542047,35875,32524,29616,25711568,987610,-0.5074959,-1.496477,30986476,1,0.6626009,0,18350282
Geo19,2022-12-19,1908216,1256441,2437261,22450,14642,28395,18350282,987610,1.225359,-0.48498833,26334602,-4,0.16757417,0,23159952
Geo19,2022-12-26,2669266,1266062,1818989,31404,14754,21192,23159952,987610,2.159763,0.294175,25549922,-2,3.1242228,817888,11795409
Geo19,2023-01-02,1803506,2391468,878705,21218,27869,10237,11795409,987610,0.2904235,0.001905322,28523658,-8,0.8665258,0,20047692
Geo19,2023-01-09,2109686,1935545,1559739,24820,22556,18172,20047692,987610,-1.7150484,0.8577888,23810446,-2,0.7576774,112155,20944894
Geo19,2023-01-16,1582568,1142206,1461934,18619,13311,17032,20944894,987610,-0.19758263,0.022539914,22867194,0,0,420248,24174226
Geo19,2023-01-23,879030,1549266,1549886,10342,18054,18057,24174226,987610,-0.97657925,0.7892424,28222154,2,0,0,19445506
Geo19,2023-01-30,1448127,2709481,1768027,17037,31575,20598,19445506,987610,-0.96766484,1.0372953,22092244,0,0,119017,18181976
Geo19,2023-02-06,2184925,2179848,2705952,25706,25403,31525,18181976,987610,-0.6007366,0.22608876,23907488,-4,0,170127,24724534
Geo19,2023-02-13,2513459,1212490,1814391,29571,14130,21138,24724534,987610,0.934952,0.728502,27095850,0,0.6524795,388734,15983296
Geo19,2023-02-20,2005508,1785972,2089767,23595,20813,24347,15983296,987610,-1.2464023,-1.8603296,22273728,-3,1.066494,0,23974046
Geo19,2023-02-27,2266597,1645754,2035877,26666,19179,23719,23974046,987610,0.4088659,0.07427788,26014330,0,0,0,17655150
Geo19,2023-03-06,2963196,622380,2108760,34862,7253,24568,17655150,987610,-1.548674,0.13537723,23356790,-1,1.63882,423890,26037044
Geo19,2023-03-13,2392295,2569746,1218876,28145,29946,14200,26037044,987610,-2.334979,-0.61307555,24714820,3,0,301654,27030388
Geo19,2023-03-20,2944809,2545189,2428429,34646,29660,28292,27030388,987610,-0.035070777,0.47793105,22132268,3,0,282995,19344444
Geo19,2023-03-27,2881890,940223,832116,33905,10957,9694,19344444,987610,-1.5952237,0.02860549,27483832,-3,0.93091035,0,19752290
Geo19,2023-04-03,2433724,2121006,796871,28633,24717,9284,19752290,987610,0.75218976,0.29613185,23545624,-3,1.6308683,1412448,21212596
Geo19,2023-04-10,2232724,2390508,1631095,26268,27858,19003,21212596,987610,0.12675828,-0.2838074,25284740,1,0,171893,19490262
Geo19,2023-04-17,4076378,2508220,2245209,47958,29229,26158,19490262,987610,0.4105096,-1.7192581,27438864,-3,0,0,22163840
Geo19,2023-04-24,2727909,2562524,2013760,32094,29862,23461,22163840,987610,-0.6591426,-1.6245422,24234836,-1,0,0,23482772
Geo19,2023-05-01,3503890,2551947,2074154,41223,29739,24165,23482772,987610,0.78086746,-0.9523514,29950256,0,0.6937476,141883,24084392
Geo19,2023-05-08,2405224,1537718,1129302,28297,17920,13157,24084392,987610,-2.1387112,-2.2666051,23807476,1,0,0,29895002
Geo19,2023-05-15,2371162,1930450,2446524,27897,22496,28503,29895002,987610,-1.613946,-0.19482541,28813434,5,1.0366074,0,24946028
Geo19,2023-05-22,1432269,1185956,2511734,16851,13821,29263,24946028,987610,-0.804809,0.48647857,25433350,0,0,0,20457966
Geo19,2023-05-29,1779958,1668846,1848811,20941,19448,21539,20457966,987610,1.9721673,-1.4103519,29614770,-3,0.37354302,31765,26060726
Geo19,2023-06-05,861372,2522298,313449,10134,29394,3652,26060726,987610,-0.6883715,0.34030476,23523002,1,0.68159133,537790,21366258
Geo19,2023-06-12,2123502,1463842,1180054,24983,17059,13748,21366258,987610,-0.70648265,-0.25661755,25339322,0,0.444718,104201,23002162
Geo19,2023-06-19,1893149,3742468,1015571,22273,43613,11832,23002162,987610,-1.7341924,0.823037,23183874,0,2.956283,643674,26944924
Geo19,2023-06-26,1635764,1087216,2506608,19245,12670,29203,26944924,987610,-0.36502892,-0.5934959,23364628,1,1.7651322,0,26961504
Geo19,2023-07-03,1863046,2033464,1287024,21919,23697,14994,26961504,987610,-1.7271272,-0.3511465,21626322,1,0.50225437,148816,36007024
Geo19,2023-07-10,1410935,2767028,1400349,16600,32246,16315,36007024,987610,0.67702,-0.02170229,25561402,8,0,0,20909678
Geo19,2023-07-17,2346402,2064774,933696,27605,24062,10878,20909678,987610,1.4992996,0.34316742,23543014,0,0,512627,23417766
Geo19,2023-07-24,632059,587937,1680234,7436,6852,19575,23417766,987610,-0.5340122,0.10714047,24012278,1,0,101147,17357492
Geo19,2023-07-31,1300514,1228824,2388580,15300,14320,27828,17357492,987610,3.5040593,-1.4820108,23015890,-4,2.4082265,622883,26802314
Geo19,2023-08-07,1977630,1555157,1866271,23267,18123,21743,26802314,987610,-1.516193,-1.2492976,22583722,3,1.6324937,490648,25944616
Geo19,2023-08-14,1884107,2169716,702518,22166,25285,8185,25944616,987610,0.24595922,-0.023201883,26278388,3,1.119411,0,19122042
Geo19,2023-08-21,2139608,2168827,0,25172,25274,0,19122042,987610,-1.2877935,0.08038038,24084504,-3,1.2066114,780724,25037584
Geo19,2023-08-28,2338786,1119579,1681012,27516,13047,19584,25037584,987610,0.89130527,0.4512568,24355160,1,0.044718757,1074815,26614768
Geo19,2023-09-04,1635573,1489800,2133410,19242,17361,24855,26614768,987610,1.0538378,0.25076202,23931560,3,1.3385017,1201871,23150094
Geo19,2023-09-11,3298239,768729,888134,38804,8958,10347,23150094,987610,0.6288444,-0.1949557,26363570,1,0,196882,24775342
Geo19,2023-09-18,1962033,1482829,1710183,23083,17280,19924,24775342,987610,0.45807523,-1.4002833,25702022,2,0.10492794,337128,10595087
Geo19,2023-09-25,3068023,1788694,527048,36095,20845,6140,10595087,987610,0.9963697,1.0033132,25239316,-5,0.7954378,656537,23696190
Geo19,2023-10-02,2069278,2149309,1475906,24345,25047,17195,23696190,987610,0.18909079,-0.12124601,27578406,0,0.66784894,613430,20828076
Geo19,2023-10-09,2236959,1458713,1834803,26318,16999,21376,20828076,987610,0.7940995,1.0512005,26136666,-3,0.38621902,1563075,22171178
Geo19,2023-10-16,2547599,2284100,1774475,29972,26618,20673,22171178,987610,0.034304857,1.5236707,29943938,-3,0,914164,25826142
Geo19,2023-10-23,1257016,1346698,1740877,14789,15694,20282,25826142,987610,-0.46300256,0.43611178,24095914,4,2.667879,1095552,21380056
Geo19,2023-10-30,1479038,943125,2445802,17401,10991,28495,21380056,987610,0.029757798,-1.6327494,26431434,-2,0.44242752,261638,31625786
Geo19,2023-11-06,2068612,1315988,2058783,24337,15336,23986,31625786,987610,-0.99976903,3.1342254,26413416,4,0.58398235,1375858,30025954
Geo19,2023-11-13,2266455,2120856,1153134,26665,24715,13434,30025954,987610,-0.32223853,0.9803269,27875780,5,2.216888,510738,29003196
Geo19,2023-11-20,3316254,1784886,1667694,39016,20800,19429,29003196,987610,0.35102123,1.3270726,23866666,5,0.8105423,1012120,25611220
Geo19,2023-11-27,2711558,2478650,493884,31901,28885,5754,25611220,987610,0.18404157,0.97369736,30033268,3,0.37470073,935462,14817022
Geo19,2023-12-04,2374896,1595872,1137306,27941,18597,13250,14817022,987610,1.2558664,-2.7759748,26916050,-3,1.7149392,557889,22456372
Geo19,2023-12-11,3063130,1137680,2086631,36038,13258,24310,22456372,987610,-0.93093777,-1.4087043,26991820,0,0,0,33303108
Geo19,2023-12-18,2619344,2297282,1653658,30816,26771,19266,33303108,987610,0.7039039,0.71487373,25036920,9,0.3207365,163014,22121788
Geo19,2023-12-25,1993237,3161392,962921,23450,36841,11218,22121788,987610,0.36276197,0.20727003,21320330,0,0.58945614,597268,21559262
Geo19,2024-01-01,1591135,1783126,1293524,18720,20780,15070,21559262,987610,0.011572212,0.030403584,28025880,-3,0,0,14208276
Geo19,2024-01-08,1729890,1163813,1454799,20352,13562,16949,14208276,987610,-0.04850939,-0.69101864,22650512,-5,0,139986,28329380
Geo19,2024-01-15,1219369,1428960,2157338,14346,16652,25134,28329380,987610,-0.47405672,-0.6412591,24922004,4,0.0204131,896493,5140482
Geo2,2021-01-25,569121,228232,258458,6696,2660,3011,5140482,225415,-0.23277704,1.6467006,4395418,1,0.17164934,2091540,2951607
Geo2,2021-02-01,172883,341446,670362,2034,3979,7810,2951607,225415,-1.7031298,0.34903827,4469510,-5,2.0258684,2329438,4006253
Geo2,2021-02-08,417189,614692,376857,4908,7163,4391,4006253,225415,0.21943647,-1.2186031,5178670,-4,0,0,3590367
Geo2,2021-02-15,251756,488094,515770,2962,5688,6009,3590367,225415,0.38927925,0.78442943,4789206,-2,0,0,4043586
Geo2,2021-02-22,463656,550379,544438,5455,6414,6343,4043586,225415,-2.3347964,0.5584457,4739306,-2,0.4459346,1122724,3737430
Geo2,2021-03-01,409394,308474,493954,4817,3595,5755,3737430,225415,1.4466101,-1.3140869,3775628,-4,0,265555,6777886
Geo2,2021-03-08,693503,276920,450360,8159,3227,5247,6777886,225415,0.483175,0.7078975,5686270,6,0,837947,5329538
Geo2,2021-03-15,412300,378808,594063,4851,4414,6921,5329538,225415,1.2809638,-2.7552695,5346570,2,1.0876812,0,5747902
Geo2,2021-03-22,628678,435853,392742,7396,5079,4576,5747902,225415,-1.366907,0.9239099,6042492,5,0.122092634,0,4991379
Geo2,2021-03-29,641997,107159,373973,7553,1249,4357,4991379,225415,0.62954295,-0.5655899,5847092,0,0.52749294,637338,4539797
Geo2,2021-04-05,764877,598150,514859,8999,6971,5998,4539797,225415,-0.6049521,2.2983997,6436349,-2,0,1249358,5154547
Geo2,2021-04-12,654145,578579,315365,7696,6742,3674,5154547,225415,-2.1688788,-0.22038645,5780168,-1,0.016810648,1525195,5429741
Geo2,2021-04-19,703011,455733,328518,8271,5311,3827,5429741,225415,-0.33790255,-0.21260154,5681572,1,0,964344,5895057
Geo2,2021-04-26,371284,585332,213972,4368,6821,2493,5895057,225415,-0.96441233,-1.8348837,7149602,3,0.9778638,0,2235572
Geo2,2021-05-03,277632,284951,166967,3266,3321,1945,2235572,225415,-0.42620918,-0.12582892,6370730,-7,0.5620655,985192,4748355
Geo2,2021-05-10,413438,154162,457113,4864,1797,5326,4748355,225415,0.09706789,0.73688334,6694574,0,0.80699795,222776,4976355
Geo2,2021-05-17,514602,249650,513356,6054,2909,5981,4976355,225415,-0.001012623,-1.1134357,5602034,0,0.11734158,0,4705684
Geo2,2021-05-24,542178,225290,366283,6379,2625,4267,4705684,225415,0.012850225,-1.851142,5318164,0,2.4723482,0,5114144
Geo2,2021-05-31,463086,211253,180389,5448,2462,2102,5114144,225415,0.47761887,0.3294001,6570286,-1,0,360543,6479315
Geo2,2021-06-07,566856,511972,407669,6669,5966,4749,6479315,225415,-0.31309408,1.892952,6505576,4,1.7057672,3030569,5429488
Geo2,2021-06-14,427376,442920,418648,5028,5162,4877,5429488,225415,-1.2725935,1.5134627,6124864,0,0.44810718,143210,5641028
Geo2,2021-06-21,415688,332382,658872,4891,3873,7676,5641028,225415,-1.2255697,-2.1846952,5686232,3,1.4037166,142746,6281445
Geo2,2021-06-28,688576,632971,382712,8101,7376,4459,6281445,225415,0.43740562,-2.8398588,6606560,6,0,0,4376237
Geo2,2021-07-05,386402,345130,709926,4546,4022,8271,4376237,225415,-2.0877175,1.3235172,6030252,-2,0,738368,6342188
Geo2,2021-07-12,750596,479651,301049,8831,5590,3507,6342188,225415,0.41110432,-0.5700276,6508374,4,0,0,5744593
Geo2,2021-07-19,332365,195140,214716,3910,2274,2502,5744593,225415,-0.23837472,0.5819788,6028214,1,0,473265,4111682
Geo2,2021-07-26,608284,174646,584044,7156,2035,6804,4111682,225415,-2.1891537,-1.0112815,6122818,-3,2.5009947,342872,5244970
Geo2,2021-08-02,594207,410200,262619,6991,4780,3060,5244970,225415,0.45885286,-0.1383223,6495056,1,1.0345128,0,4563877
Geo2,2021-08-09,151511,301196,337056,1783,3510,3927,4563877,225415,0.51899195,-0.9335884,6041147,-1,0,853790,3356091
Geo2,2021-08-16,190144,607151,544882,2237,7075,6348,3356091,225415,0.28863293,-1.6589972,6715932,-3,0.55948627,0,5785567
Geo2,2021-08-23,649505,587694,380686,7641,6849,4435,5785567,225415,1.5734763,1.0440335,6162039,1,0.4804793,2651655,6140793
Geo2,2021-08-30,517622,452038,641956,6090,5268,7479,6140793,225415,-1.209938,-1.8935874,7050871,3,0.0111866,0,6312587
Geo2,2021-09-06,568856,391882,229873,6693,4567,2678,6312587,225415,0.581567,-0.05248761,6173263,8,0,0,6167464
Geo2,2021-09-13,406726,524665,514824,4785,6114,5998,6167464,225415,3.1061783,-0.8644196,5833492,3,0,1693694,4200391
Geo2,2021-09-20,708808,370918,464233,8339,4322,5408,4200391,225415,-0.4538286,0.399565,6514352,-1,0,0,5138637
Geo2,2021-09-27,480040,521919,400409,5648,6082,4665,5138637,225415,-0.13330472,0.19813539,5778056,2,0,1912601,4316304
Geo2,2021-10-04,204470,452239,346683,2406,5270,4039,4316304,225415,1.3105245,-2.100678,5563556,-1,0,623741,5122111
Geo2,2021-10-11,419479,320600,511473,4935,3736,5959,5122111,225415,-1.4924791,-1.300945,6212410,-1,0.9370409,0,4345613
Geo2,2021-10-18,619779,367374,225989,7292,4281,2633,4345613,225415,-0.26529497,-0.40821522,5911368,-2,0,955407,3147544
Geo2,2021-10-25,434951,211751,626110,5117,2468,7294,3147544,225415,-3.4891922,1.3019147,6449154,-5,0,0,4838330
Geo2,2021-11-01,508041,444132,533551,5977,5176,6216,4838330,225415,0.4926282,1.1948309,5941960,-1,0.1011748,1025839,5691526
Geo2,2021-11-08,422383,368561,422712,4969,4295,4925,5691526,225415,-0.45111668,0.5124022,6127260,4,2.013689,902402,6339806
Geo2,2021-11-15,478994,588176,261856,5635,6854,3051,6339806,225415,2.0349457,3.1250415,6011959,7,0.6042257,3775915,5044480
Geo2,2021-11-22,709179,502124,378508,8343,5851,4410,5044480,225415,0.27170902,1.1169646,6103166,0,0,2058230,4619930
Geo2,2021-11-29,563578,512451,491577,6630,5972,5727,4619930,225415,-0.021499753,0.2315687,6462531,-2,2.9863744,1428960,4074116
Geo2,2021-12-06,534016,275857,262317,6283,3215,3056,4074116,225415,0.006453008,2.7730465,6768950,0,2.0173821,3385423,5737827
Geo2,2021-12-13,532619,264716,81615,6266,3085,951,5737827,225415,-1.3662179,1.4733658,5996356,4,0,756485,5499466
Geo2,2021-12-20,739094,322784,430868,8695,3762,5020,5499466,225415,1.498442,-0.3138074,7387645,3,0.72396815,1786537,6472780
Geo2,2021-12-27,640491,549065,544948,7535,6399,6349,6472780,225415,1.4688839,0.33615196,6629762,7,0.52252835,2362283,6155849
Geo2,2022-01-03,580433,592647,504886,6829,6906,5882,6155849,225415,-1.2459378,-0.031015083,5646014,3,0.4192815,1199468,4720597
Geo2,2022-01-10,616394,234369,304145,7252,2731,3543,4720597,225415,0.5283258,-0.02128154,7992178,2,0,279526,4821495
Geo2,2022-01-17,503924,330216,174906,5929,3848,2038,4821495,225415,-1.7549835,0.53119415,6910414,2,1.6731287,2693402,4816446
Geo2,2022-01-24,389408,525080,388540,4581,6119,4527,4816446,225415,1.3354334,-0.14803642,5238870,2,0,0,5125289
Geo2,2022-01-31,454139,467894,499106,5343,5453,5815,5125289,225415,0.22468148,-0.16051622,6049708,1,0,1677416,5028486
Geo2,2022-02-07,499201,431493,300449,5873,5028,3500,5028486,225415,-0.3154289,1.859175,5846416,0,0.8851303,1928630,4389792
Geo2,2022-02-14,452720,265960,138452,5326,3099,1613,4389792,225415,0.95752835,0.4377001,5988808,1,0.58658737,1524266,4219569
Geo2,2022-02-21,414729,131337,197604,4879,1531,2302,4219569,225415,-1.2803953,-0.48827422,6170368,-1,0,0,2857530
Geo2,2022-02-28,657004,393241,329548,7730,4583,3839,2857530,225415,-2.6337323,-0.43215138,5821901,-5,0,0,4389009
Geo2,2022-03-07,366026,340936,126045,4306,3973,1468,4389009,225415,1.8009712,-0.15837568,6176064,-1,0,1773676,3345630
Geo2,2022-03-14,397933,586741,415809,4682,6838,4844,3345630,225415,0.30811924,-0.6598896,5551468,-2,0,0,4701029
Geo2,2022-03-21,377125,222995,382704,4437,2599,4459,4701029,225415,-3.4221087,-1.0003439,5658352,-1,0.59639883,900108,3497350
Geo2,2022-03-28,525234,593099,564804,6179,6912,6580,3497350,225415,-3.2470422,0.12292055,4993930,-5,0.58056825,0,5313511
Geo2,2022-04-04,217824,472236,501735,2563,5503,5845,5313511,225415,-0.22765702,0.9785531,5921006,2,1.1640807,3470431,4699985
Geo2,2022-04-11,504769,579108,413640,5939,6749,4819,4699985,225415,-0.036567897,0.31736624,5878477,-1,0,0,5747643
Geo2,2022-04-18,584762,469610,245211,6880,5473,2857,5747643,225415,-0.6047442,0.074919105,5293227,6,0.88472486,0,5258880
Geo2,2022-04-25,535702,549688,0,6303,6406,0,5258880,225415,-1.5903925,0.34623325,6113874,1,1.3754436,2337580,4476036
Geo2,2022-05-02,590229,200362,209736,6944,2335,2444,4476036,225415,0.8008785,-0.6076934,4653165,0,0,493823,4622778
Geo2,2022-05-09,283303,219479,461750,3333,2558,5380,4622778,225415,-1.8788184,-0.23821126,5467970,1,0,1171080,4810474
Geo2,2022-05-16,845965,11541,551030,9953,134,6420,4810474,225415,0.5162662,0.42735767,6536269,2,0.9636364,1010733,2668698
Geo2,2022-05-23,520068,45478,79961,6119,530,932,2668698,225415,-0.852664,-0.30871204,5519691,-7,2.1655397,359900,4983495
Geo2,2022-05-30,589376,518724,512113,6934,6045,5966,4983495,225415,0.014848888,0.27404553,6493296,0,0,2062817,4676554
Geo2,2022-06-06,587609,558630,651984,6913,6510,7596,4676554,225415,-0.32528403,2.221847,5515107,-1,0.7233694,2492043,5594613
Geo2,2022-06-13,409704,606633,586746,4820,7069,6836,5594613,225415,-0.0882099,0.7307961,6027286,1,0,0,4073535
Geo2,2022-06-20,449326,330335,210910,5286,3850,2457,4073535,225415,-1.3291688,0.6128229,5758448,-2,0,1633010,4610435
Geo2,2022-06-27,358124,363080,609694,4213,4231,7103,4610435,225415,0.056138128,1.5780091,4827594,0,0.5650739,1816559,5545651
Geo2,2022-07-04,770753,477355,442845,9068,5563,5159,5545651,225415,-0.90496486,0.87368286,6237502,0,1.7359495,814001,4198118
Geo2,2022-07-11,592890,600685,371188,6975,7000,4324,4198118,225415,-1.1972108,1.1257032,6275937,-1,0,0,4926184
Geo2,2022-07-18,485555,457830,365002,5713,5335,4252,4926184,225415,-2.742564,-0.79033047,6549746,3,0.7038308,1673083,5405457
Geo2,2022-07-25,419080,525891,395229,4930,6128,4605,5405457,225415,-0.119892985,-0.30528486,5800474,0,1.5420889,269062,5259210
Geo2,2022-08-01,765433,382657,336846,9005,4459,3924,5259210,225415,1.7283549,0.051264778,6014249,2,0,926921,3973223
Geo2,2022-08-08,450127,103636,457079,5296,1208,5325,3973223,225415,0.3948939,-1.8484571,5963531,0,0,0,3567189
Geo2,2022-08-15,647669,352192,433423,7620,4104,5050,3567189,225415,0.22925733,-1.9426506,6566282,-3,0.17450637,0,4878480
Geo2,2022-08-22,696251,636956,466282,8191,7423,5432,4878480,225415,-0.1431512,0.5058379,6754832,-1,1.8809357,1329626,4363783
Geo2,2022-08-29,693960,404177,377614,8164,4710,4399,4363783,225415,0.86089134,-1.4259465,6593944,0,2.6649387,901719,2911510
Geo2,2022-09-05,429561,492736,304715,5054,5742,3550,2911510,225415,0.79626435,1.1501088,6051180,-3,1.9629161,1971579,6109775
Geo2,2022-09-12,73939,586427,621899,870,6834,7245,6109775,225415,-0.45053154,-0.36602095,7176982,3,0.48513025,745152,7235462
Geo2,2022-09-19,587601,745214,270393,6913,8684,3150,7235462,225415,0.54544663,0.66125417,6752876,8,1.5828819,1179339,4334110
Geo2,2022-09-26,341753,760119,728399,4021,8858,8486,4334110,225415,-0.9711205,2.1280522,5678368,0,0,1385593,3376625
Geo2,2022-10-03,371908,259577,242239,4375,3025,2822,3376625,225415,2.4622362,-0.3999086,5148816,-6,0,639746,5807200
Geo2,2022-10-10,509948,316795,309217,6000,3692,3602,5807200,225415,1.4775169,1.2610135,6239548,4,0,2249027,4083810
Geo2,2022-10-17,442743,71547,222712,5209,834,2595,4083810,225415,0.1560376,-0.32425392,4924560,-3,1.0440968,1795689,4038296
Geo2,2022-10-24,405005,272099,70500,4765,3171,821,4038296,225415,-0.9842127,0.8621916,5766172,-1,0,1696469,4231681
Geo2,2022-10-31,591914,398786,648571,6964,4647,7556,4231681,225415,2.4767416,1.302519,5701652,3,0.49773937,4453918,5979199
Geo2,2022-11-07,672254,221537,317728,7909,2582,3702,5979199,225415,1.3084092,2.5703938,6151692,0,0,1009380,4067873
Geo2,2022-11-14,374119,339020,252048,4401,3951,2936,4067873,225415,1.6419747,-1.0083076,5875342,0,0,1385512,5595430
Geo2,2022-11-21,1144292,326592,316109,13463,3806,3683,5595430,225415,2.4801483,-0.14126661,5644053,4,0,731241,2962732
Geo2,2022-11-28,345068,448531,483348,4060,5227,5631,2962732,225415,-0.47911367,0.54886484,6306262,-3,0,0,4111514
Geo2,2022-12-05,389285,703955,398454,4580,8204,4642,4111514,225415,-0.09169912,-1.1079335,6588606,-1,3.3612795,1231724,4379470
Geo2,2022-12-12,559725,420225,529927,6585,4897,6174,4379470,225415,-0.8193575,-1.6758759,7166919,-3,0,0,5116645
Geo2,2022-12-19,497841,560654,477654,5857,6534,5565,5116645,225415,-1.5546517,1.2586929,6244536,1,0,1696046,4637262
Geo2,2022-12-26,584750,516210,346772,6880,6016,4040,4637262,225415,1.346365,-3.1655092,6223664,-3,0,0,5727054
Geo2,2023-01-02,375388,500670,140096,4416,5835,1632,5727054,225415,-0.35401455,0.44484144,6734797,3,1.4170765,1895470,4530585
Geo2,2023-01-09,664812,587919,195279,7821,6851,2275,4530585,225415,0.1386812,1.1640164,5905767,-1,0,1605656,4039169
Geo2,2023-01-16,441582,252932,106824,5195,2948,1245,4039169,225415,0.14886305,-0.69071186,5734186,-2,0.7231615,0,5068282
Geo2,2023-01-23,285647,399871,430226,3361,4660,5012,5068282,225415,0.4430766,-0.37476397,6566460,1,0,0,3007722
Geo2,2023-01-30,377542,492136,307939,4442,5735,3588,3007722,225415,-1.3814701,0.02476421,5663955,-3,0,862106,4873252
Geo2,2023-02-06,660978,332067,805265,7776,3870,9382,4873252,225415,-0.86011326,1.0574901,6069552,0,0,190235,4728933
Geo2,2023-02-13,268482,506865,263623,3159,5907,3071,4728933,225415,1.9209741,1.1933582,6609456,-1,0,693361,3305458
Geo2,2023-02-20,353996,226989,565657,4165,2645,6590,3305458,225415,-1.1232367,-1.2227628,5424052,-4,0,0,3002660
Geo2,2023-02-27,321146,690155,267579,3778,8043,3117,3002660,225415,0.84752345,-2.0435522,5750954,-8,0,0,3876729
Geo2,2023-03-06,623700,499860,418266,7338,5825,4873,3876729,225415,1.9086747,-0.9226767,5580176,-1,0,307322,5990922
Geo2,2023-03-13,446229,950615,212595,5250,11078,2477,5990922,225415,-1.1268322,-0.27801377,5732862,5,0.046543956,658955,5216902
Geo2,2023-03-20,491498,525790,549097,5782,6127,6397,5216902,225415,-2.4019,-0.24335128,5115454,2,0.5397773,0,5950000
Geo2,2023-03-27,618254,458177,239295,7274,5339,2788,5950000,225415,-2.1181676,0.003081054,6113725,2,0,0,5901386
Geo2,2023-04-03,810275,380499,430058,9533,4434,5010,5901386,225415,-1.9781158,0.24734712,5327640,3,2.292167,1653230,6771228
Geo2,2023-04-10,332246,561491,284995,3909,6543,3320,6771228,225415,-0.16300899,-1.3818364,6216880,8,0.45998472,0,5252997
Geo2,2023-04-17,466196,471164,416992,5485,5491,4858,5252997,225415,-1.686336,-0.095896065,6236298,1,0,0,3968809
Geo2,2023-04-24,617821,381948,337950,7269,4451,3937,3968809,225415,-0.54716146,0.27410483,5413304,-3,0,448021,5582688
Geo2,2023-05-01,850293,309527,547330,10004,3607,6377,5582688,225415,-0.12499699,-0.9135729,6949098,2,0,0,5311651
Geo2,2023-05-08,558794,351283,195994,6574,4094,2283,5311651,225415,-2.328156,-0.7042434,5428552,2,0.1215045,128024,5505390
Geo2,2023-05-15,723763,497138,604559,8515,5793,7043,5505390,225415,0.10901171,-0.5119314,6806922,1,0.3600477,0,5946133
Geo2,2023-05-22,439296,271446,717121,5168,3163,8355,5946133,225415,-1.342164,-1.6275377,6047594,2,1.6335423,0,4979994
Geo2,2023-05-29,321609,524807,220533,3784,6116,2569,4979994,225415,0.6057581,0.7373898,6753400,-2,1.9425815,3002530,3957053
Geo2,2023-06-05,400241,647947,418581,4709,7551,4877,3957053,225415,-1.2700664,0.2568655,5782073,-4,0,0,5094306
Geo2,2023-06-12,673976,499487,476557,7929,5821,5552,5094306,225415,-1.3726339,-0.16830784,6265062,2,0,0,5826863
Geo2,2023-06-19,479152,399256,356984,5637,4653,4159,5826863,225415,0.9192299,0.017463923,5864632,3,0,901808,4761084
Geo2,2023-06-26,333382,391574,402082,3922,4563,4684,4761084,225415,-1.0510178,-0.29853436,5860179,-3,0,0,4957137
Geo2,2023-07-03,601359,441541,50724,7075,5145,591,4957137,225415,-1.0738498,-0.2548928,5783122,-1,0,0,4947414
Geo2,2023-07-10,369081,406407,183901,4342,4736,2143,4947414,225415,0.8054382,0.52664214,6146288,-1,0.012813747,0,5851410
Geo2,2023-07-17,605727,430242,258438,7126,5014,3011,5851410,225415,1.3070856,0.94904673,6262097,4,0,1823023,4712601
Geo2,2023-07-24,0,59058,473061,0,688,5511,4712601,225415,2.4523215,0.85967004,5722986,0,0,2260260,5046061
Geo2,2023-07-31,246243,418644,563410,2897,4879,6564,5046061,225415,-0.19178629,-0.6066259,5757902,1,1.3460072,1344944,3664821
Geo2,2023-08-07,338111,279157,422046,3978,3253,4917,3664821,225415,2.0136182,-2.6572747,5294101,-3,2.3663366,0,5701317
Geo2,2023-08-14,562734,705814,306093,6621,8225,3566,5701317,225415,0.5232538,-0.19692594,6082538,3,0,983316,6089811
Geo2,2023-08-21,671406,277869,204298,7899,3238,2380,6089811,225415,0.32326657,-0.7928889,5823500,4,1.596294,449990,6127256
Geo2,2023-08-28,528771,532782,451349,6221,6209,5258,6127256,225415,0.78250766,1.6563921,5520834,3,0,1430252,4013389
Geo2,2023-09-04,246174,633396,594338,2896,7381,6924,4013389,225415,2.045932,-0.31030822,5813546,-4,1.1888195,0,4010602
Geo2,2023-09-11,758736,371767,3273,8926,4332,38,4010602,225415,-1.9302962,-2.6865294,6198135,-2,0,0,3998722
Geo2,2023-09-18,412494,337814,357044,4853,3937,4160,3998722,225415,0.7166749,0.22018267,6238980,-2,0.064548485,0,4341550
Geo2,2023-09-25,643275,680964,132189,7568,7936,1540,4341550,225415,-0.72213626,-0.15973169,6068093,2,0,948795,4629128
Geo2,2023-10-02,456278,508019,566788,5368,5920,6603,4629128,225415,-1.6753492,1.7962587,6722304,-1,0.7034557,4021679,5048042
Geo2,2023-10-09,684733,418701,351847,8056,4879,4099,5048042,225415,0.8765232,0.32940105,6298934,0,0,3472609,6406924
Geo2,2023-10-16,526157,424389,223420,6190,4946,2603,6406924,225415,0.749048,1.8870838,6978374,4,1.0819743,2366099,5058906
Geo2,2023-10-23,380166,103502,206748,4473,1206,2409,5058906,225415,0.532467,1.1209077,5903693,3,1.6629826,3226188,3765361
Geo2,2023-10-30,212328,313531,415024,2498,3654,4835,3765361,225415,0.31184316,1.2675395,5865561,-5,1.125913,2719681,5370236
Geo2,2023-11-06,438669,395239,385954,5161,4606,4497,5370236,225415,-1.0866277,1.6245424,6357866,-1,0.51207054,56488,4796539
Geo2,2023-11-13,456260,565682,372361,5368,6592,4338,4796539,225415,-0.23121575,0.015347838,6553486,0,0.99986583,1789718,4829705
Geo2,2023-11-20,501114,340396,209398,5896,3967,2440,4829705,225415,1.4494424,3.3192983,5368273,1,0,2271281,4626783
Geo2,2023-11-27,632334,485065,43480,7439,5653,507,4626783,225415,0.42999804,0.5885323,6827658,-1,0.5886443,279908,4075257
Geo2,2023-12-04,332528,735120,667522,3912,8567,7777,4075257,225415,-1.8873186,1.0775639,6427250,0,1.7919471,918465,4908855
Geo2,2023-12-11,599071,327330,322688,7048,3815,3759,4908855,225415,-0.42078435,0.2912054,6476502,0,0.77591056,1493478,3557111
Geo2,2023-12-18,607202,531516,335191,7144,6194,3905,3557111,225415,0.55119634,2.4663544,5666408,-3,0,3029794,5400003
Geo2,2023-12-25,652004,396395,349928,7671,4619,4077,5400003,225415,1.7602341,-0.9696387,5030528,3,1.8026501,2874201,5010585
Geo2,2024-01-01,618792,500188,112619,7280,5829,1312,5010585,225415,-1.0150855,0.5904602,6772089,-1,0,2331459,3327997
Geo2,2024-01-08,413165,0,146679,4861,0,1709,3327997,225415,0.4410693,2.486236,5549346,-2,0.5391237,899749,5299107
Geo2,2024-01-15,617808,349371,386198,7268,4071,4499,5299107,225415,-0.40240583,1.4733785,5934530,1,0,1097520,20875624
Geo3,2021-01-25,2054089,1391491,1138764,24166,16216,13267,20875624,833551,1.1241915,1.2724485,14774581,4,1.2389792,980185,16216360
Geo3,2021-02-01,1200595,842807,2372082,14125,9822,27636,16216360,833551,-2.0405478,-0.30629158,16512710,0,1.1741452,0,21468226
Geo3,2021-02-08,1561724,1474814,1760734,18374,17187,20513,21468226,833551,1.249001,-0.34415543,18730868,3,0.97850597,699386,15445779
Geo3,2021-02-15,1110756,1876821,1180885,13068,21871,13758,15445779,833551,-0.42696074,-0.57255054,17433154,1,0,86184,17354890
Geo3,2021-02-22,2745629,1983517,1201517,32302,23115,13998,17354890,833551,-0.7416167,0.2973001,17243574,0,0,896360,20739892
Geo3,2021-03-01,1529183,976894,1615127,17991,11384,18817,20739892,833551,-2.5591044,0.43810695,14902700,4,0,670526,20741340
Geo3,2021-03-08,1430651,1096696,1413356,16832,12780,16466,20741340,833551,-0.6692513,-0.5178104,18640918,2,0,195919,20572016
Geo3,2021-03-15,2293210,601036,1442800,26980,7004,16809,20572016,833551,-0.17668575,-0.002693772,18713124,4,0.317722,1233397,11185229
Geo3,2021-03-22,1847111,850542,1322621,21731,9912,15409,11185229,833551,-0.8827609,0.9487474,21949160,-4,0.29743415,1181495,13341056
Geo3,2021-03-29,2147138,201034,506337,25261,2343,5899,13341056,833551,0.44914222,2.0281153,20391424,-4,3.0040627,732402,14734855
Geo3,2021-04-05,1640735,1885266,738282,19303,21970,8601,14734855,833551,-1.3825643,0.84309834,22430998,-3,0.2065378,505046,25161766
Geo3,2021-04-12,1829389,2245657,2162734,21523,26170,25197,25161766,833551,-0.006910443,0.24399829,19338496,5,0.46444508,0,19756986
Geo3,2021-04-19,2558955,1675359,1346260,30106,19524,15684,19756986,833551,0.04710847,-2.238172,19011750,2,0.22142936,0,17987740
Geo3,2021-04-26,2125404,1093306,719488,25005,12741,8382,17987740,833551,-0.4815632,-0.03641373,24370790,-1,0,333774,15893934
Geo3,2021-05-03,1490470,1125243,693976,17535,13113,8085,15893934,833551,-0.48104522,0.0885371,21163636,0,0.16528352,1096244,17163346
Geo3,2021-05-10,1260063,1238688,779576,14825,14435,9082,17163346,833551,-1.4341812,-0.42600173,23046270,-1,2.5647042,858345,18485842
Geo3,2021-05-17,1916264,1528516,1981503,22545,17813,23085,18485842,833551,-1.1835196,-1.128287,18328728,2,0.95644486,0,20494486
Geo3,2021-05-24,1803873,962505,2048318,21222,11217,23864,20494486,833551,-1.0242807,-1.132661,17815050,4,0.6790358,0,17696938
Geo3,2021-05-31,2209934,890820,1062470,26000,10381,12378,17696938,833551,1.2172034,1.7474991,23637918,-2,0,1261153,21011568
Geo3,2021-06-07,2127872,2898968,2048890,25034,33783,23870,21011568,833551,1.6228821,-0.02152285,21850324,2,0,482387,24909204
Geo3,2021-06-14,1152532,1741489,954759,13559,20294,11123,24909204,833551,1.4777426,-0.8146622,22290548,6,0.15767297,0,13497884
Geo3,2021-06-21,1097146,1382383,2195454,12908,16110,25578,13497884,833551,3.0748591,1.3375515,19136628,-4,0.3121171,2287652,11406053
Geo3,2021-06-28,2629218,1888532,1410446,30933,22008,16432,11406053,833551,-0.16662449,-0.80049133,23119546,-4,1.8357868,985068,20619412
Geo3,2021-07-05,1325778,2051984,2195058,15598,23913,25573,20619412,833551,-0.5620814,-1.1401666,20011948,2,0.27994585,0,20104818
Geo3,2021-07-12,2536218,1186835,772755,29839,13831,9003,20104818,833551,-0.9748391,0.7193445,21586474,1,0,0,19731252
Geo3,2021-07-19,1066706,336412,2297963,12550,3920,26772,19731252,833551,1.1098967,-0.04466796,21282382,0,0,615347,19182346
Geo3,2021-07-26,2401396,1483720,1778593,28252,17291,20721,19182346,833551,0.049078107,-0.6497024,20111688,2,1.6579719,662604,18711588
Geo3,2021-08-02,1503247,2218043,1342603,17686,25848,15642,18711588,833551,0.8096027,2.8245115,22036954,1,0.35738042,566862,10417928
Geo3,2021-08-09,138124,0,1404586,1625,0,16364,10417928,833551,-0.3608223,-0.03638546,20053370,-7,0.122045696,425076,15410369
Geo3,2021-08-16,1136202,2160099,2201759,13367,25173,25651,15410369,833551,-0.6936908,-1.2080336,22752424,0,0,0,21496726
Geo3,2021-08-23,1960597,1522730,2772224,23066,17745,32297,21496726,833551,2.1968942,1.6603509,19757946,3,0.70292467,1676072,19306836
Geo3,2021-08-30,1560693,1425860,2721226,18361,16616,31703,19306836,833551,-0.51248646,-1.7847719,23292542,1,0,0,15952757
Geo3,2021-09-06,2885952,1406808,1979734,33953,16394,23065,15952757,833551,0.17943901,0.70716393,20228976,1,0,390185,17375734
Geo3,2021-09-13,993512,1303511,919569,11689,15190,10713,17375734,833551,0.21528678,-1.1411203,18937030,-1,0,1539207,21170914
Geo3,2021-09-20,3221219,2093949,1988867,37898,24402,23171,21170914,833551,1.4757624,-1.1842437,22305024,4,0.055909067,0,20150120
Geo3,2021-09-27,1481570,3219036,1293709,17431,37513,15072,20150120,833551,1.1521971,-1.9399629,20598442,3,0.04167798,0,21736898
Geo3,2021-10-04,2266614,1180985,1606613,26667,13763,18718,21736898,833551,-0.23958915,0.61451054,18798680,3,2.1003718,1543402,19296662
Geo3,2021-10-11,1788134,1584624,916230,21037,18466,10674,19296662,833551,-0.8092472,-1.25981,23205794,0,1.3141172,166821,20132200
Geo3,2021-10-18,1422106,1738353,1062955,16731,20258,12384,20132200,833551,-0.3074028,0.11545643,20787548,2,0.5638061,425156,10990062
Geo3,2021-10-25,2028064,189885,1286795,23860,2213,14992,10990062,833551,0.64479494,-0.9890428,22690846,-5,0,0,16901328
Geo3,2021-11-01,1481862,1710274,1511558,17434,19931,17610,16901328,833551,0.2065287,0.80105865,20863396,-1,0,799509,9867883
Geo3,2021-11-08,957078,1035511,1019163,11260,12067,11874,9867883,833551,-0.8253391,3.0121753,21513190,-5,1.4741334,2840856,12816851
Geo3,2021-11-15,1411367,2031918,989050,16605,23679,11523,12816851,833551,-0.3107146,3.1489549,20408706,-1,0.77276963,2596444,17010156
Geo3,2021-11-22,2491998,1588591,1978964,29318,18513,23056,17010156,833551,0.7852955,-0.88139176,19693030,-1,0,1285396,16608716
Geo3,2021-11-29,2100739,932334,1812905,24715,10865,21121,16608716,833551,0.15232414,-0.32017896,21933150,-2,0.7150962,186494,13303291
Geo3,2021-12-06,2368710,1619726,2353476,27868,18875,27419,13303291,833551,-0.5325964,3.3322234,22873152,-3,2.524555,2352283,17914176
Geo3,2021-12-13,1964786,1108555,113932,23116,12919,1327,17914176,833551,0.91886306,-0.85534555,20295368,2,1.1149137,882884,12128617
Geo3,2021-12-20,2414683,524207,1426020,28409,6109,16614,12128617,833551,-0.91802394,1.0656623,25025902,-4,2.000413,1675627,17659650
Geo3,2021-12-27,2199571,1986559,2092497,25878,23150,24378,17659650,833551,0.5583459,-2.0311174,23111904,1,0,0,19951874
Geo3,2022-01-03,1999681,1365351,1853332,23526,15911,21592,19951874,833551,0.24110246,0.52240574,19676208,1,0.46639934,0,13090230
Geo3,2022-01-10,1434326,1094626,1017184,16875,12756,11851,13090230,833551,-1.4661183,-0.15675409,26834270,-2,0,0,14288400
Geo3,2022-01-17,1966460,1700544,2022194,23135,19817,23559,14288400,833551,-1.1982923,2.7103305,22886608,-1,0.43348077,1826270,15719366
Geo3,2022-01-24,2177387,1993430,2080532,25617,23230,24239,15719366,833551,1.2151318,-0.023319542,19652452,1,0.49597073,0,16717724
Geo3,2022-01-31,1752689,1570584,1560642,20620,18303,18182,16717724,833551,0.23902422,0.594451,20681176,-2,0.052675903,614720,22976596
Geo3,2022-02-07,2496116,1385980,1307558,29367,16151,15234,22976596,833551,-0.08430755,-0.12936789,19770726,3,0,131225,15367548
Geo3,2022-02-14,1672138,657138,1637540,19673,7658,19078,15367548,833551,1.1198981,0.24407649,21054204,1,0,0,17107078
Geo3,2022-02-21,1463668,1613983,1473416,17220,18809,17166,17107078,833551,-1.9368277,1.4004663,20569844,0,0,1558626,12238258
Geo3,2022-02-28,2045544,1618505,399584,24066,18861,4655,12238258,833551,0.63961303,-0.43449187,20717890,-3,0,736341,17286924
Geo3,2022-03-07,2160866,1636825,1215817,25422,19075,14165,17286924,833551,1.2501894,1.3356719,22722714,0,0,1975667,17055402
Geo3,2022-03-14,1273244,1617449,1105669,14980,18849,12881,17055402,833551,-0.42874378,-0.003515035,19470184,2,0,131888,17714396
Geo3,2022-03-21,1422528,1033329,788034,16736,12042,9181,17714396,833551,-1.8798096,-1.3000605,20585644,1,0.21582443,1047832,20609404
Geo3,2022-03-28,1739069,2149402,1588289,20460,25048,18504,20609404,833551,-0.1599716,-0.57694733,18495032,3,2.0099187,0,12392841
Geo3,2022-04-04,0,933322,1529756,0,10876,17822,12392841,833551,0.06940228,-0.9412338,20474990,-4,0,238901,16831590
Geo3,2022-04-11,1458643,1448209,2389046,17161,16877,27833,16831590,833551,-0.12093642,0.55980206,19299180,0,0,864992,14465984
Geo3,2022-04-18,2025592,1613554,1283486,23831,18804,14953,14465984,833551,-1.6864758,-1.3857038,17594482,0,0,0,18656712
Geo3,2022-04-25,1940879,2876080,690199,22834,33516,8041,18656712,833551,0.5207571,0.026756763,20678482,0,0,216441,16636711
Geo3,2022-05-02,1955401,474698,1527885,23005,5532,17800,16636711,833551,1.2924868,-1.3299549,14806689,0,0.004622698,0,13365818
Geo3,2022-05-09,2109926,817210,1620189,24823,9523,18876,13365818,833551,-2.8069057,-0.4561611,18771014,-2,0.36090577,869474,16742752
Geo3,2022-05-16,2478719,595280,1488000,29162,6937,17336,16742752,833551,0.9489852,-0.6863837,21347142,0,1.0680039,500524,16939450
Geo3,2022-05-23,2317660,177811,1416750,27267,2072,16506,16939450,833551,-0.78559774,0.040563107,18332678,-1,1.2484866,0,15600480
Geo3,2022-05-30,1958008,1632149,1288387,23036,19020,15010,15600480,833551,0.64582956,-1.3789377,22209554,-1,0,0,17261942
Geo3,2022-06-06,2745362,1360647,2515524,32299,15856,29307,17261942,833551,0.48714203,-0.11337346,19425340,0,0,834072,16388643
Geo3,2022-06-13,1223677,1961726,1339564,14397,22861,15606,16388643,833551,0.63658786,-2.6065378,20604526,-3,0,0,18877034
Geo3,2022-06-20,894891,1871144,1040752,10528,21805,12125,18877034,833551,-1.2833842,-0.47258243,19799798,2,1.9462085,350835,17323262
Geo3,2022-06-27,1579679,1552880,2203411,18585,18096,25671,17323262,833551,0.93078256,-0.9426703,16659328,0,1.4793936,0,18757090
Geo3,2022-07-04,3061436,568704,2142712,36018,6627,24963,18757090,833551,-0.87729657,1.6175588,23155702,0,1.3243338,1940384,15977421
Geo3,2022-07-11,1158549,1983120,1442026,13630,23110,16800,15977421,833551,-0.47288817,0.61777824,19926668,-1,0.09242006,868203,14705689
Geo3,2022-07-18,2572505,2190679,582228,30265,25529,6783,14705689,833551,-1.3753197,2.064406,22992344,1,0.85657924,666401,14601091
Geo3,2022-07-25,1314867,832394,1249045,15469,9700,14552,14601091,833551,-0.9738982,0.78201205,19611864,-2,0,1323728,20102468
Geo3,2022-08-01,2611197,1457305,1062885,30721,16983,12383,20102468,833551,-0.12588593,1.3614781,20519326,3,0,593343,16072352
Geo3,2022-08-08,1723753,931587,1304320,20280,10856,15196,16072352,833551,-0.25803912,0.73999244,20516892,2,0,574269,9897898
Geo3,2022-08-15,1800699,1401929,1202658,21185,16337,14011,9897898,833551,0.4666006,-1.1291306,22718154,-5,1.3312497,0,20551862
Geo3,2022-08-22,2401944,2489212,1726072,28259,29008,20109,20551862,833551,2.8524208,1.2498493,23445292,4,0,1357764,16410214
Geo3,2022-08-29,2364292,2502786,894275,27816,29166,10419,16410214,833551,-1.2518216,0.9572685,22017008,1,0,1225548,9063809
Geo3,2022-09-05,1653172,1930626,2154510,19450,22499,25101,9063809,833551,0.47505176,-0.31919152,21128044,-3,0,705643,18963174
Geo3,2022-09-12,1915432,1463082,2668082,22535,17050,31084,18963174,833551,1.367532,0.4966142,24768144,1,0.4811675,744661,14697096
Geo3,2022-09-19,2052941,1692902,1648551,24153,19728,19206,14697096,833551,1.7724788,0.12911177,24383660,-3,0.40142056,686228,17670772
Geo3,2022-09-26,641014,2592874,2125455,7542,30216,24762,17670772,833551,1.0256586,1.4983604,19956480,2,1.3004252,904763,19512512
Geo3,2022-10-03,1454562,1503706,1443190,17113,17523,16814,19512512,833551,2.5702884,0.57743746,17498654,0,0.41240695,632989,21984364
Geo3,2022-10-10,2880394,1533381,1786104,33888,17869,20809,21984364,833551,1.7834203,-0.13054007,21970152,4,0.5712385,1483292,18634770
Geo3,2022-10-17,1466216,1503219,1265191,17250,17518,14740,18634770,833551,0.48771435,0.15162393,17463792,-1,1.2180988,1467924,19880436
Geo3,2022-10-24,1785446,1369306,0,21006,15957,0,19880436,833551,0.029410511,2.4019003,21812704,3,1.9527274,1270174,14492390
Geo3,2022-10-31,1784947,1671438,1517000,21000,19478,17674,14492390,833551,1.2656325,0.94282496,20891346,1,0,377607,11110302
Geo3,2022-11-07,2413910,197533,853910,28400,2302,9948,11110302,833551,0.40087232,0.23848546,21880572,-9,1.8375728,901364,14044089
Geo3,2022-11-14,1483409,1332257,0,17452,15525,0,14044089,833551,3.0943546,-0.8940637,19961734,-1,1.1495608,713176,21208924
Geo3,2022-11-21,3499223,1148588,836151,41168,13385,9741,21208924,833551,-0.058340967,0.33044276,18199988,5,0,664117,14776895
Geo3,2022-11-28,1659796,1344670,2065361,19527,15670,24062,14776895,833551,-0.66898423,-0.71389395,21926240,1,1.4945536,0,15025493
Geo3,2022-12-05,2084137,1909116,1267498,24520,22248,14767,15025493,833551,0.61864984,-1.5978932,23855988,-1,0.11206406,647884,17682386
Geo3,2022-12-12,2472939,2626826,1262815,29094,30612,14712,17682386,833551,0.02398628,0.17410716,26340668,-1,0.888102,291069,18797426
Geo3,2022-12-19,1765071,1591466,2278174,20766,18546,26542,18797426,833551,0.85207707,1.0395983,20677908,1,0.29128537,513708,16200331
Geo3,2022-12-26,1938454,1588718,1154644,22806,18514,13452,16200331,833551,2.2841277,1.5702319,19851698,-3,0.9456228,1391063,16103663
Geo3,2023-01-02,1364232,1819083,325681,16050,21199,3794,16103663,833551,-0.9725698,1.5575905,23287338,0,0.9506148,1652127,12947402
Geo3,2023-01-09,2574711,962216,1041653,30291,11213,12136,12947402,833551,0.059479564,-1.5920739,19940366,-4,0.5747054,33725,17608600
Geo3,2023-01-16,1372322,1384694,1044425,16145,16137,12168,17608600,833551,-0.9685237,-1.329014,19782008,0,0.2849693,0,14444152
Geo3,2023-01-23,925580,1801949,2519564,10889,20999,29354,14444152,833551,-1.0075712,-0.8909389,24094720,-2,0,0,8332957
Geo3,2023-01-30,618780,1175875,830980,7280,13703,9681,8332957,833551,0.51130974,0.037906915,18417468,-6,0,1185874,13912380
Geo3,2023-02-06,1841766,1469060,1699117,21668,17120,19795,13912380,833551,-0.087302566,1.1590644,19872698,-4,0.7416203,877093,19428512
Geo3,2023-02-13,1759338,2413985,1187842,20699,28131,13839,19428512,833551,0.8460907,-0.72807014,22590736,1,0.16790535,89930,15290207
Geo3,2023-02-20,724264,1162762,1213130,8521,13550,14133,15290207,833551,-1.9210687,-0.5493169,17641288,0,0,138540,18291484
Geo3,2023-02-27,1780720,1072348,1013956,20950,12497,11813,18291484,833551,-2.034174,-1.6573596,20313944,0,0.97236705,0,13400074
Geo3,2023-03-06,2506787,1030722,1142698,29492,12011,13313,13400074,833551,0.32927203,0.21548927,18505446,0,0,95213,10061708
Geo3,2023-03-13,1207779,2405641,674978,14209,28034,7864,10061708,833551,-0.13857567,-1.4227325,19320420,-6,0,367001,14570216
Geo3,2023-03-20,2690408,1331302,1540332,31653,15514,17945,14570216,833551,-0.073542416,0.43282095,18434750,-2,0.23651242,0,18426842
Geo3,2023-03-27,1931651,1349289,1528349,22726,15724,17806,18426842,833551,-0.09237468,-1.3709838,22123562,0,0,0,19115754
Geo3,2023-04-03,2274063,1413394,2720532,26754,16471,31695,19115754,833551,-0.07574746,-0.79446816,18581878,1,0,120728,13342178
Geo3,2023-04-10,1539056,1808720,1222328,18107,21078,14241,13342178,833551,-1.1589327,-1.6014671,20292636,-2,0.015940487,0,20864134
Geo3,2023-04-17,1682396,1920379,1285303,19793,22379,14974,20864134,833551,-0.11917055,0.4835809,21521462,3,0,133488,16053374
Geo3,2023-04-24,2638798,2643665,1423767,31045,30808,16587,16053374,833551,-0.15368634,0.19517446,19829074,-1,1.3051524,677947,13611674
Geo3,2023-05-01,2300892,1159968,1801777,27070,13518,20991,13611674,833551,-0.7091211,-1.3836193,24760850,-4,0,0,14347869
Geo3,2023-05-08,1547054,946684,738928,18201,11032,8609,14347869,833551,-1.5242349,-0.01606667,18822024,-2,0,0,13707676
Geo3,2023-05-15,2143830,2322828,1301055,25222,27069,15158,13707676,833551,-0.451896,-1.2431656,22602424,-4,2.0231833,0,27094480
Geo3,2023-05-22,1938712,872226,2515957,22809,10164,29312,27094480,833551,-1.3956429,-0.94299555,20684402,7,0.13447762,0,15360042
Geo3,2023-05-29,644052,1898154,566747,7577,22120,6603,15360042,833551,0.7576258,-2.6323326,22940450,-3,0.013679534,0,14958258
Geo3,2023-06-05,1102932,1760925,775722,12976,20521,9037,14958258,833551,-2.790618,-1.1474713,19488846,-2,1.5937763,0,12404187
Geo3,2023-06-12,1331039,1267201,1061641,15660,14767,12369,12404187,833551,-1.3587532,-0.276415,20435394,-2,0.03144452,536912,18947456
Geo3,2023-06-19,1641806,2123659,1020171,19316,24748,11885,18947456,833551,2.2404952,-0.6506778,18955548,1,1.6171122,0,19694222
Geo3,2023-06-26,1359819,792067,1726188,15998,9230,20111,19694222,833551,-2.1778827,-1.5178142,19575096,-1,0,0,15481612
Geo3,2023-07-03,1596474,1095868,645838,18782,12771,7524,15481612,833551,1.4024644,0.67987156,18608880,-3,0.5326505,322938,18711874
Geo3,2023-07-10,1578032,1883990,1309461,18565,21955,15256,18711874,833551,-0.5352089,-1.7422574,20535480,-1,0,0,11928164
Geo3,2023-07-17,1923702,2286990,954513,22632,26651,11120,11928164,833551,0.003284775,2.3807726,20318114,-4,0.8541101,904254,22687866
Geo3,2023-07-24,704812,1961132,2267920,8292,22854,26422,22687866,833551,1.5258625,-0.9928101,18844098,5,0,0,16762185
Geo3,2023-07-31,1863087,1927899,832008,21919,22467,9693,16762185,833551,-0.065933585,1.0609385,19157256,0,2.0143423,1299497,18281208
Geo3,2023-08-07,496430,943305,1438894,5840,10993,16764,18281208,833551,-1.5467052,0.3067929,18185958,0,1.8962957,294799,17553328
Geo3,2023-08-14,1514348,2696720,1672678,17816,31426,19487,17553328,833551,0.7298146,1.2637985,21872564,1,0.7647866,805951,16827460
Geo3,2023-08-21,3187003,1491772,920794,37495,17384,10728,16827460,833551,-1.5181048,-2.412888,20067994,-1,1.172845,0,17617634
Geo3,2023-08-28,2100416,801464,1025708,24711,9340,11950,17617634,833551,-0.44049823,0.7375219,18849298,0,0.022233814,88959,15525979
Geo3,2023-09-04,981060,1528290,2101038,11542,17810,24478,15525979,833551,1.1618451,-1.0080975,20113400,-1,0,0,19507956
Geo3,2023-09-11,3405026,1480062,1510880,40060,17248,17602,19507956,833551,-0.9040502,-3.2217736,22734258,3,0.2916528,0,12509052
Geo3,2023-09-18,1385086,1811714,635288,16295,21113,7401,12509052,833551,0.59249896,0.6516576,22571528,-4,0.6871701,131962,16935776
Geo3,2023-09-25,1521768,1874918,247740,17904,21849,2886,16935776,833551,-0.16324946,0.8304673,20844280,4,0,1148586,12807134
Geo3,2023-10-02,1786909,1475819,1790508,21023,17198,20860,12807134,833551,-0.5190296,1.370357,22173026,-5,0.37730289,628084,14864584
Geo3,2023-10-09,2284376,2002000,757149,26876,23330,8821,14864584,833551,0.20560539,0.8036952,21667492,-4,0.33586752,1149821,19006390
Geo3,2023-10-16,1960748,1313438,1323210,23068,15306,15416,19006390,833551,2.2611413,-0.9339405,24867678,1,1.414011,688038,14434024
Geo3,2023-10-23,994641,603943,998195,11702,7038,11629,14434024,833551,-1.5180271,0.2019696,20321390,-1,0,0,17990144
Geo3,2023-10-30,1957982,1342007,1413993,23036,15639,16474,17990144,833551,-1.374731,1.1545131,21541112,-1,1.0654373,651379,24799802
Geo3,2023-11-06,2429036,2198659,1935516,28578,25622,22549,24799802,833551,-0.057025038,-0.3039878,22321298,4,0,461028,17726108
Geo3,2023-11-13,904282,2683963,1931265,10639,31278,22500,17726108,833551,-0.8505665,-0.503712,22618540,-1,0,114850,13350560
Geo3,2023-11-20,1796526,1219455,1462018,21136,14211,17033,13350560,833551,0.10938981,-0.11837423,17920628,-4,1.493277,1086856,10137220
Geo3,2023-11-27,2504751,971778,515995,29468,11325,6012,10137220,833551,-0.47004008,0.6042633,24413202,-6,0,0,7870109
Geo3,2023-12-04,1585664,1144690,2049484,18655,13340,23877,7870109,833551,-0.8308238,1.9404862,21892804,-7,0.5922285,1297284,17959538
Geo3,2023-12-11,1603563,88792,1378170,18866,1035,16056,17959538,833551,0.98984087,-1.2094178,21790078,1,0,0,14524652
Geo3,2023-12-18,2502613,1619970,936675,29443,18878,10913,14524652,833551,0.37046173,1.8187371,20481802,-2,0,596458,10720847
Geo3,2023-12-25,1928381,1387607,508931,22687,16170,5929,10720847,833551,0.19872469,0.26207146,17217402,-5,0.8110509,920690,23773322
Geo3,2024-01-01,1668799,2586199,1129911,19633,30138,13164,23773322,833551,-0.75161064,-1.429829,23188626,3,0,583516,10532463
Geo3,2024-01-08,1769371,465659,1501646,20817,5427,17495,10532463,833551,-0.35525241,-0.9354425,18711624,-4,0,71638,10230069
Geo3,2024-01-15,1332098,1101819,1355677,15672,12840,15794,10230069,833551,0.64398956,-1.0900761,19949958,-7,0.3828926,248262,2884345
Geo4,2021-01-25,499785,157108,265544,5880,1831,3094,2884345,157739,-1.532923,-0.2948113,2773099,-3,0,0,3619721
Geo4,2021-02-01,339107,216524,382349,3990,2523,4455,3619721,157739,-1.8390503,0.36462614,2943778,2,1.2788706,190328,3223276
Geo4,2021-02-08,302898,177487,394014,3564,2068,4590,3223276,157739,1.5002784,-1.0496092,3460391,-1,0,1139964,3154961
Geo4,2021-02-15,204238,327837,306876,2403,3820,3575,3154961,157739,0.88255036,0.36532202,2957000,1,0.27049696,715951,2925554
Geo4,2021-02-22,457219,336372,302486,5379,3920,3524,2925554,157739,0.5383786,0.94751966,2749978,-2,0,396723,3562371
Geo4,2021-03-01,386993,163773,446092,4553,1909,5197,3562371,157739,-1.099897,-0.62782633,2172258,1,0,0,3423035
Geo4,2021-03-08,389337,284610,261767,4581,3317,3050,3423035,157739,1.3985792,-2.4298928,3090918,-2,0,0,2283395
Geo4,2021-03-15,247967,280975,208115,2917,3274,2425,2283395,157739,1.4495089,-1.5410395,2956632,-5,0.86400676,651988,4281301
Geo4,2021-03-22,491901,324840,303350,5787,3786,3534,4281301,157739,1.9722941,-0.48124433,3274330,5,0.3781873,667134,2852657
Geo4,2021-03-29,389559,85727,112044,4583,999,1305,2852657,157739,-0.42472863,1.5427463,3241088,-4,0,562119,3833700
Geo4,2021-04-05,347930,299802,340756,4093,3494,3970,3833700,157739,0.4980799,-0.9777569,3564480,1,0.9461842,893638,2607538
Geo4,2021-04-12,273162,251448,274900,3214,2930,3203,2607538,157739,-0.9720868,-0.28684932,2888972,-7,0.9793091,776353,2362563
Geo4,2021-04-19,570187,321927,273741,6708,3752,3189,2362563,157739,1.8593652,-2.3519757,2681088,-7,0,288829,3978965
Geo4,2021-04-26,254389,146396,32065,2993,1706,374,3978965,157739,-1.2023063,-1.2769673,4044240,1,0,0,3296388
Geo4,2021-05-03,296270,191795,278336,3486,2235,3243,3296388,157739,-0.4277526,-0.3598286,3193450,1,0,0,3713778
Geo4,2021-05-10,350672,175655,156122,4126,2047,1819,3713778,157739,-0.67272145,-0.11487231,3532648,1,1.2851208,1316157,2309363
Geo4,2021-05-17,252677,251429,353645,2973,2930,4120,2309363,157739,-0.9835015,0.7300619,2779749,-5,0,737129,4074517
Geo4,2021-05-24,400223,154612,346466,4709,1802,4036,4074517,157739,-0.52416533,2.666344,2606745,4,0,853626,4479892
Geo4,2021-05-31,245755,218035,338485,2891,2541,3943,4479892,157739,-1.0961016,-1.0219704,3383983,4,0.03137836,377682,5104400
Geo4,2021-06-07,595541,511262,354902,7007,5958,4135,5104400,157739,1.9739345,-0.10570446,3438702,6,0,1269076,3945841
Geo4,2021-06-14,322174,313522,334703,3790,3654,3899,3945841,157739,0.16017604,-0.4081838,3396135,1,0.97274405,191747,3808294
Geo4,2021-06-21,333074,303169,370842,3919,3533,4320,3808294,157739,-1.038235,-1.375495,3029262,0,1.0591455,365907,2786831
Geo4,2021-06-28,454060,251093,367197,5342,2926,4278,2786831,157739,0.43927237,-1.6571436,3531778,-2,1.6923624,1342864,3786981
Geo4,2021-07-05,337281,201733,467968,3968,2351,5452,3786981,157739,0.036708742,-2.2360554,3092706,0,0,0,3979035
Geo4,2021-07-12,346824,248981,195184,4080,2901,2274,3979035,157739,-1.4158814,-0.18978797,3349717,1,0,0,3951023
Geo4,2021-07-19,366346,319888,83811,4310,3728,976,3951023,157739,0.021681935,0.51900786,3297356,-1,0,872130,3032169
Geo4,2021-07-26,400478,218482,182340,4712,2546,2124,3032169,157739,1.5129583,-0.75078315,3085440,-2,0,669291,3619956
Geo4,2021-08-02,328908,420775,243675,3870,4903,2839,3619956,157739,-1.9762743,0.47094324,3476945,0,0.5750772,0,2444973
Geo4,2021-08-09,76082,77491,321914,895,903,3750,2444973,157739,-0.2277681,-0.81748784,3237507,-6,0,0,4053033
Geo4,2021-08-16,205538,358790,133256,2418,4181,1552,4053033,157739,-0.7390057,-1.5030133,3602739,4,0.36581028,0,3040111
Geo4,2021-08-23,372550,301411,223540,4383,3512,2604,3040111,157739,0.03233826,2.032623,3194182,-4,1.4453306,1595795,3371422
Geo4,2021-08-30,253655,286430,443361,2984,3338,5165,3371422,157739,-1.5281646,-2.7815144,3731396,-1,0.11676997,0,2669453
Geo4,2021-09-06,400331,313638,259341,4710,3655,3021,2669453,157739,1.5118424,1.5143785,3155939,-1,0,0,4015604
Geo4,2021-09-13,225364,372912,350796,2651,4346,4087,4015604,157739,1.1490136,1.6097766,2910089,2,0,1192776,3073580
Geo4,2021-09-20,510967,194286,245805,6012,2264,2864,3073580,157739,-0.26466447,-0.43621612,3548754,0,0.6930413,422672,3376748
Geo4,2021-09-27,315295,371162,238197,3709,4325,2775,3376748,157739,1.1243995,0.70077366,3066860,0,0.7786606,649414,3164048
Geo4,2021-10-04,422659,267720,353255,4973,3120,4116,3164048,157739,1.329767,0.29900295,3095148,-1,0.9444149,392884,4505936
Geo4,2021-10-11,323989,378117,257301,3812,4406,2998,4505936,157739,-0.17417502,-1.4946905,3451522,3,0.6382351,0,3554104
Geo4,2021-10-18,352702,335544,0,4150,3910,0,3554104,157739,0.62535167,0.06543401,3174730,0,1.4507444,237211,4444057
Geo4,2021-10-25,249952,171161,424243,2941,1995,4943,4444057,157739,-1.0291016,-0.7420016,3490668,5,0,0,4198507
Geo4,2021-11-01,496406,133341,272939,5840,1554,3180,4198507,157739,0.38619587,0.27045882,3272223,3,0.59412175,379682,3837832
Geo4,2021-11-08,376117,475102,260940,4425,5537,3040,3837832,157739,1.0210338,2.9535084,3363906,3,0.9580724,2253054,1928185
Geo4,2021-11-15,284367,507986,255003,3346,5920,2971,1928185,157739,0.6089339,0.062843084,3277835,-6,0.07473707,634192,2557469
Geo4,2021-11-22,328265,267407,269330,3862,3116,3138,2557469,157739,1.8084166,1.0539814,3257083,-5,1.6499345,1839936,3368014
Geo4,2021-11-29,410918,282692,192761,4834,3294,2246,3368014,157739,1.3483622,-1.6047015,3524582,-1,0,0,2712006
Geo4,2021-12-06,354483,365943,252610,4170,4265,2943,2712006,157739,-2.0885096,3.9332714,3533583,-1,0.41537553,1100743,2104973
Geo4,2021-12-13,410714,154501,218944,4832,1800,2551,2104973,157739,-0.32396662,-0.76315886,3085494,-6,0.32673374,0,3520893
Geo4,2021-12-20,382432,207875,181905,4499,2422,2119,3520893,157739,0.53208935,0.2677977,3971576,1,0,774860,3139354
Geo4,2021-12-27,421524,292921,262393,4959,3414,3057,3139354,157739,0.46432966,-1.480708,3575437,0,0,0,4465552
Geo4,2022-01-03,327348,366692,210691,3851,4273,2455,4465552,157739,0.48992544,-0.78180456,2958945,3,0,0,2336796
Geo4,2022-01-10,409812,258273,187833,4821,3010,2188,2336796,157739,-0.69150704,-1.2699357,4264658,-4,0,0,2794880
Geo4,2022-01-17,329494,256050,350579,3876,2984,4084,2794880,157739,-0.8717225,0.60819745,3577364,-1,1.5497005,578165,2281632
Geo4,2022-01-24,444425,370607,365757,5229,4319,4261,2281632,157739,2.109389,-1.1105309,2908920,-4,0,120570,3727873
Geo4,2022-01-31,276329,481943,358935,3251,5616,4182,3727873,157739,-0.045865,-0.4994382,3158796,-1,0.26442093,1253256,2112195
Geo4,2022-02-07,336227,159511,304182,3956,1859,3544,2112195,157739,0.623425,0.4830032,2930760,-8,0,0,2251470
Geo4,2022-02-14,223716,53782,261274,2632,627,3044,2251470,157739,-1.0649798,-1.4263964,3207084,-4,0,0,3503874
Geo4,2022-02-21,353157,224496,382983,4155,2616,4462,3503874,157739,-1.1185964,-1.2379098,3053292,1,0,0,3387753
Geo4,2022-02-28,452384,309456,390312,5322,3606,4547,3387753,157739,0.46743864,-1.1005423,2998836,1,0,157333,4349577
Geo4,2022-03-07,473656,505104,89888,5573,5886,1047,4349577,157739,-1.9680531,-1.7448103,3529238,4,0,0,2186170
Geo4,2022-03-14,204973,314589,209964,2411,3666,2446,2186170,157739,-1.503905,-1.1389186,2990790,-5,0,0,1922841
Geo4,2022-03-21,9549,69742,159705,112,813,1861,1922841,157739,-1.1115854,0.039343357,2927742,-7,1.2515411,1077034,3544465
Geo4,2022-03-28,364227,235107,246417,4285,2740,2871,3544465,157739,-1.981251,-0.7312192,2677526,0,0,0,3172099
Geo4,2022-04-04,266590,287230,279972,3136,3347,3262,3172099,157739,0.5450526,-0.005376518,3224111,-2,0.6976241,1544408,3742001
Geo4,2022-04-11,406075,303108,370719,4777,3532,4319,3742001,157739,-0.67630935,-3.5535417,3239622,1,0,0,2663491
Geo4,2022-04-18,324734,232406,185631,3820,2708,2163,2663491,157739,1.6291819,-1.8557513,2789738,-1,0,0,3009838
Geo4,2022-04-25,292361,440494,155669,3440,5133,1814,3009838,157739,-0.9624696,-0.121411085,3289540,-3,0.2068077,1902204,3089190
Geo4,2022-05-02,403779,194072,251376,4750,2262,2929,3089190,157739,1.2305564,-1.3715408,2384938,-1,0,0,2908186
Geo4,2022-05-09,213659,95370,241106,2514,1111,2809,2908186,157739,-3.4756804,-0.77238667,2818787,0,0.9422337,0,2385619
Geo4,2022-05-16,499276,127008,215949,5874,1480,2516,2385619,157739,0.5904404,-0.8892895,3317618,-3,0.2389963,0,2985520
Geo4,2022-05-23,533877,40680,340489,6281,474,3967,2985520,157739,-0.35131466,-0.020122878,2821540,-2,0,614505,3907384
Geo4,2022-05-30,419348,332006,453107,4934,3869,5279,3907384,157739,-0.7677663,-0.635036,3455298,1,0.315337,840312,2995518
Geo4,2022-06-06,468215,276545,348362,5509,3223,4059,2995518,157739,-1.3904846,2.627911,2651490,-2,1.4332823,2383082,5046045
Geo4,2022-06-13,353114,293934,324860,4154,3425,3785,5046045,157739,0.38723618,1.5188997,2995998,5,0.41176528,1226943,4205477
Geo4,2022-06-20,379330,397863,139044,4463,4636,1620,4205477,157739,-1.3299294,-0.7204366,3114539,4,0.20089889,8385,3583824
Geo4,2022-06-27,269314,299220,332579,3168,3487,3875,3583824,157739,-0.0166277,-0.92492914,2452447,1,1.4332213,0,2581589
Geo4,2022-07-04,365867,58487,345188,4304,682,4022,2581589,157739,-0.75089043,-1.4196166,3444256,-6,1.1099291,0,3000529
Geo4,2022-07-11,392820,182702,369073,4622,2129,4300,3000529,157739,-0.8873036,-0.4987387,3198045,-2,1.2873073,0,2813838
Geo4,2022-07-18,299906,306117,354380,3528,3567,4129,2813838,157739,-1.0193992,-0.036463127,3717829,0,0.24915022,439267,4186913
Geo4,2022-07-25,304393,163217,267493,3581,1902,3116,4186913,157739,-0.853974,0.49888992,3137162,4,0,606528,4072276
Geo4,2022-08-01,407539,326209,169994,4795,3801,1980,4072276,157739,0.41786718,0.004245587,3218470,3,0.5488217,283323,3046505
Geo4,2022-08-08,338836,41399,312068,3986,482,3636,3046505,157739,1.0571599,-0.06606272,3197094,2,0.9726834,253650,3267983
Geo4,2022-08-15,261468,283810,269299,3076,3307,3137,3267983,157739,0.9534364,0.3107735,3351980,1,0.9711299,1081740,4793742
Geo4,2022-08-22,594285,408026,273973,6992,4755,3192,4793742,157739,0.8815243,0.63946545,3478621,6,2.1700056,25273,3262030
Geo4,2022-08-29,445280,336839,336193,5239,3925,3917,3262030,157739,-0.32340947,-0.14500332,3171868,0,0.33670053,635710,2036383
Geo4,2022-09-05,343880,228523,189772,4046,2663,2211,2036383,157739,-0.28887963,1.0806413,3205888,-2,0,0,3328646
Geo4,2022-09-12,257899,337714,450843,3034,3936,5252,3328646,157739,0.78221816,-0.25614232,3953660,-3,1.287137,0,2898280
Geo4,2022-09-19,277290,465044,149317,3262,5419,1740,2898280,157739,-0.655833,0.87388444,3589556,-3,1.6511729,600299,3576687
Geo4,2022-09-26,188870,497353,372326,2222,5796,4338,3576687,157739,-1.0719264,-0.29649788,2907116,2,0,231612,4114791
Geo4,2022-10-03,453813,254389,253325,5339,2965,2951,4114791,157739,2.7128549,1.3036556,2593924,2,0,324482,3535670
Geo4,2022-10-10,256186,422698,447219,3014,4926,5210,3535670,157739,1.2864482,-1.2631176,3311796,0,0.44969952,475391,3558403
Geo4,2022-10-17,384904,199959,325086,4528,2330,3787,3558403,157739,-2.8303638,0.57244146,2565370,-2,1.8874433,2114252,3436293
Geo4,2022-10-24,405069,138215,0,4766,1611,0,3436293,157739,-0.28647065,1.4494101,3185365,1,0,607931,2451922
Geo4,2022-10-31,408198,261954,295594,4802,3053,3444,2451922,157739,1.5273199,0.1314354,3206607,-1,0,662571,4148995
Geo4,2022-11-07,404619,120065,197943,4760,1399,2306,4148995,157739,1.203157,0.4081856,3256716,1,0.21558,950943,3592501
Geo4,2022-11-14,275403,261599,154228,3240,3049,1797,3592501,157739,-0.7653184,0.724234,2975726,2,0.48599392,0,5080466
Geo4,2022-11-21,583827,329258,294185,6869,3837,3427,5080466,157739,0.39390457,-0.63632154,2673059,8,0,278522,3208132
Geo4,2022-11-28,211797,302645,331694,2492,3527,3864,3208132,157739,1.0547754,1.249166,3266894,2,0.53187597,583150,3152053
Geo4,2022-12-05,132192,420466,44151,1555,4900,514,3152053,157739,1.5141993,0.9082235,3660121,-1,0,732257,3325424
Geo4,2022-12-12,296620,224890,250014,3490,2621,2913,3325424,157739,0.5929587,0.14446887,3789699,-2,0,0,3838915
Geo4,2022-12-19,455880,229711,344757,5363,2677,4017,3838915,157739,-0.38310707,-0.013737991,3131475,2,0,1080339,4501779
Geo4,2022-12-26,436817,314313,363134,5139,3663,4231,4501779,157739,-0.17634636,0.5369118,3017638,3,0.80545247,566533,2774074
Geo4,2023-01-02,227312,382147,106517,2674,4453,1241,2774074,157739,-0.29690903,1.2312765,3562717,-3,0.66472024,1421531,3124211
Geo4,2023-01-09,421834,200696,216663,4963,2339,2524,3124211,157739,0.30468306,-0.20922357,2904899,-2,0,118030,2779727
Geo4,2023-01-16,233006,150415,179061,2741,1753,2086,2779727,157739,2.573471,-0.8601638,2784956,-1,0,295411,2669659
Geo4,2023-01-23,46210,289201,375078,544,3370,4370,2669659,157739,0.5145895,-1.3344824,3461031,-4,0,0,2619063
Geo4,2023-01-30,190357,376401,206019,2240,4386,2400,2619063,157739,-0.10040951,0.6099233,2573838,-1,0.80042434,1052207,4780537
Geo4,2023-02-06,479331,232564,485090,5639,2710,5651,4780537,157739,-1.4190849,2.843804,3054934,6,0,758875,3479334
Geo4,2023-02-13,381570,207669,75763,4489,2420,883,3479334,157739,0.44022256,3.0802343,3466342,-1,0,1524227,3685896
Geo4,2023-02-20,229146,323669,140040,2696,3772,1632,3685896,157739,-2.0028517,-1.0527503,2687830,2,0,0,3642647
Geo4,2023-02-27,450169,272147,373039,5296,3171,4346,3642647,157739,-0.9711257,-3.1875634,3158750,-1,0,0,3147663
Geo4,2023-03-06,453791,126919,243168,5339,1479,2833,3147663,157739,-1.3297559,-0.58890474,3020078,2,0,396566,3195491
Geo4,2023-03-13,315738,497483,63198,3715,5797,736,3195491,157739,-1.0754434,-1.4193394,3073114,0,0,44256,3708899
Geo4,2023-03-20,531595,528383,259415,6254,6158,3022,3708899,157739,-0.7867644,0.17060906,2672238,2,1.518168,263305,3530916
Geo4,2023-03-27,497235,113079,363882,5850,1318,4239,3530916,157739,-0.30258304,0.1558868,3460987,-1,1.0400271,0,3422747
Geo4,2023-04-03,429013,274864,251225,5047,3203,2927,3422747,157739,-2.012522,0.7539224,2866892,-1,1.140443,1396930,3484033
Geo4,2023-04-10,245647,419466,351742,2890,4888,4098,3484033,157739,-2.0611048,0.23509282,3340185,1,0,8693,4142677
Geo4,2023-04-17,377893,317832,294211,4446,3704,3428,4142677,157739,-0.90463006,-1.6645339,3275360,2,0,0,3028910
Geo4,2023-04-24,331182,217898,276566,3896,2539,3222,3028910,157739,-0.068564415,-1.7943769,2804834,-2,0,475300,2476476
Geo4,2023-05-01,325905,289180,284295,3834,3370,3312,2476476,157739,-3.0385532,-1.7268251,3700006,-6,0,235676,3440751
Geo4,2023-05-08,482391,305315,143707,5675,3558,1674,3440751,157739,-0.42009282,-2.965198,2692756,-1,0,0,3973116
Geo4,2023-05-15,421210,191426,212221,4956,2231,2472,3973116,157739,-0.41631,-0.6578555,3560756,2,1.4501083,0,3605566
Geo4,2023-05-22,361299,208994,567294,4251,2436,6609,3605566,157739,-0.042098343,-1.4273214,2956736,-2,1.1152349,0,3343193
Geo4,2023-05-29,253285,348176,133630,2980,4057,1557,3343193,157739,0.6512728,0.68578434,3711380,-2,0.1919491,192476,3018744
Geo4,2023-06-05,283319,244799,105404,3333,2853,1228,3018744,157739,-0.89362997,-1.4655564,3128199,-3,0,80279,1943982
Geo4,2023-06-12,200133,192463,70618,2355,2243,823,1943982,157739,-1.0422987,-0.4434067,3052343,-6,0.82417077,1851154,3449976
Geo4,2023-06-19,355998,247727,214019,4188,2887,2493,3449976,157739,1.5290229,-0.44771248,2945248,0,0,792888,4004145
Geo4,2023-06-26,336719,80749,241220,3961,941,2810,4004145,157739,-1.1801392,-0.38147193,3014383,0,0,197546,2792631
Geo4,2023-07-03,320189,230673,4694,3767,2688,55,2792631,157739,-2.0206394,0.99412036,2980394,-5,0.57346326,0,3978721
Geo4,2023-07-10,223286,231585,0,2627,2699,0,3978721,157739,0.68433183,-1.8686836,3211356,1,0,0,3013693
Geo4,2023-07-17,244528,306284,28625,2877,3569,333,3013693,157739,-0.3497355,1.7894917,3265846,-1,1.1087,2755668,2985270
Geo4,2023-07-24,28292,281019,283782,333,3275,3306,2985270,157739,-1.4178982,-0.059832126,2889818,-2,0.4946651,0,2764823
Geo4,2023-07-31,110430,400332,358424,1299,4665,4176,2764823,157739,0.9635028,-0.6997712,3036088,-3,0,1331949,2788538
Geo4,2023-08-07,225104,253979,221251,2648,2960,2578,2788538,157739,-0.14190954,0.22191888,2836292,-3,1.4164191,412146,3081323
Geo4,2023-08-14,327518,401897,213334,3853,4683,2485,3081323,157739,-0.87996423,0.7010797,3337199,-1,0.74085337,579047,3512481
Geo4,2023-08-21,449646,351314,1028,5290,4094,12,3512481,157739,0.5750043,-0.8730179,3030338,0,1.4040167,660613,2870802
Geo4,2023-08-28,373156,178212,212207,4390,2077,2472,2870802,157739,1.395432,-0.1732148,2973996,-4,1.5256675,220556,3318425
Geo4,2023-09-04,304841,364324,256507,3586,4246,2988,3318425,157739,2.7322426,0.39445633,3077940,0,1.1870056,525461,4235447
Geo4,2023-09-11,559032,270900,91566,6577,3157,1067,4235447,157739,-1.0116496,0.111142814,3360404,5,1.9902353,1670832,3311564
Geo4,2023-09-18,346616,228832,248005,4078,2667,2889,3311564,157739,-0.53690004,2.2963648,3413547,0,0,486317,3001185
Geo4,2023-09-25,350096,392807,211227,4119,4578,2461,3001185,157739,0.1329827,0.6216716,3339943,2,0,70917,4241650
Geo4,2023-10-02,298925,277096,180449,3517,3229,2102,4241650,157739,0.7183179,1.3455094,3471885,3,0.6122637,1319336,3701822
Geo4,2023-10-09,409063,109172,384258,4813,1272,4477,3701822,157739,1.601585,0.5507869,3417947,1,0,291463,3687336
Geo4,2023-10-16,244374,204150,328943,2875,2379,3832,3687336,157739,2.2486587,0.47517633,3963863,-1,2.2144403,1027793,3001910
Geo4,2023-10-23,249331,161562,106336,2933,1883,1239,3001910,157739,1.2246175,-0.02044934,2955899,-1,0,969341,3983513
Geo4,2023-10-30,421942,158207,313325,4964,1844,3650,3983513,157739,1.0835317,-1.0499761,3233740,1,1.4799516,635746,4504336
Geo4,2023-11-06,422794,425816,191338,4974,4962,2229,4504336,157739,-0.97143286,1.2299247,3353654,2,0,1366396,3155676
Geo4,2023-11-13,206845,243355,201530,2434,2836,2348,3155676,157739,0.16011363,1.8188124,3573486,-2,0.16832155,1969218,3478082
Geo4,2023-11-20,404492,87500,231427,4759,1020,2696,3478082,157739,0.7706251,-0.36565596,2907859,0,1.3846405,522649,3797795
Geo4,2023-11-27,406461,424434,177104,4782,4946,2063,3797795,157739,1.1038244,-1.2809366,3724074,2,1.4405677,38604,3623881
Geo4,2023-12-04,401648,444660,327041,4725,5182,3810,3623881,157739,-1.2997824,-2.4301975,3436564,4,2.6411972,0,3558234
Geo4,2023-12-11,426242,182143,347973,5015,2123,4054,3558234,157739,-0.5008042,-1.6795573,3593846,0,0.8126506,1038543,2675236
Geo4,2023-12-18,217894,279762,262228,2564,3260,3055,2675236,157739,-0.56606007,-0.66467214,2946978,-3,1.8048754,0,3143209
Geo4,2023-12-25,436951,267334,298702,5141,3115,3480,3143209,157739,1.5348442,1.3314149,2582641,-1,0,2244586,3980117
Geo4,2024-01-01,364271,318679,16849,4286,3714,196,3980117,157739,0.030540705,-0.8340922,3635872,0,0,0,3533090
Geo4,2024-01-08,392637,33673,116838,4619,392,1361,3533090,157739,0.31923026,-1.3879566,2846009,3,1.2430966,0,3231179
Geo4,2024-01-15,182276,355263,211393,2144,4140,2463,3231179,157739,2.1654038,1.1029183,3120432,-3,0.48590994,646996,14861466
Geo5,2021-01-25,1873709,251734,1172487,22044,2934,13660,14861466,598300,-0.445238,2.0792596,12167341,4,0,790634,9099215
Geo5,2021-02-01,1016108,641156,1277999,11954,7472,14889,9099215,598300,-1.541848,-2.9509609,12127106,-2,1.2639297,0,8669393
Geo5,2021-02-08,999368,1572939,786696,11758,18330,9165,8669393,598300,-0.1853008,-0.37189654,13391262,-5,1.7351345,95947,12816676
Geo5,2021-02-15,630207,1694102,1191928,7414,19742,13886,12816676,598300,-1.1480958,-0.4855673,12231169,4,0.32577652,0,13161020
Geo5,2021-02-22,589442,1301482,1246662,6935,15167,14524,13161020,598300,-0.5825355,-0.59280246,11409531,2,0.20474145,76344,11005390
Geo5,2021-03-01,803443,555397,1138145,9452,6472,13260,11005390,598300,-1.1168959,-3.4279013,9103400,-1,0,0,17915898
Geo5,2021-03-08,1940480,1746245,1132433,22830,20350,13193,17915898,598300,0.4604865,-0.45718712,12563704,7,0,1121368,13013550
Geo5,2021-03-15,1523471,473442,1355755,17924,5517,15795,13013550,598300,0.050320625,-2.2057366,12846520,2,0.1915395,0,11096422
Geo5,2021-03-22,1651009,1156116,1237518,19424,13473,14418,11096422,598300,0.50224745,1.4203687,14699771,0,0.6223946,1073160,11234833
Geo5,2021-03-29,1267095,317765,828512,14907,3703,9652,11234833,598300,-0.4381559,-1.2839767,14045945,-2,0.6279259,0,11556693
Geo5,2021-04-05,1402060,1090888,1864902,16495,12713,21727,11556693,598300,-0.1775956,-0.27153555,15075150,-1,0,320332,11673611
Geo5,2021-04-12,1360160,1173858,1316393,16002,13680,15336,11673611,598300,-1.7456236,-1.3595326,13229737,-2,0.77782714,0,13716261
Geo5,2021-04-19,956408,1059947,683427,11252,12352,7962,13716261,598300,1.0466352,-0.77070665,12134587,2,0,270692,14787520
Geo5,2021-04-26,982083,819961,660987,11554,9555,7701,14787520,598300,-0.8620903,-0.37581974,15802712,2,1.8189507,589676,9059821
Geo5,2021-05-03,1176290,627224,998824,13839,7309,11637,9059821,598300,1.3786011,-0.93642056,13448394,-2,0,93049,16857876
Geo5,2021-05-10,625163,782154,956081,7355,9115,11139,16857876,598300,-1.1518595,-0.6958861,14601584,6,0,234949,11554881
Geo5,2021-05-17,1566690,974292,1125055,18432,11354,13107,11554881,598300,-1.3339151,-1.5368314,12883054,-1,0,0,14597388
Geo5,2021-05-24,1619007,898339,1509915,19048,10469,17591,14597388,598300,-1.06843,-0.56084126,11779643,3,0.029002637,0,14541465
Geo5,2021-05-31,1582851,1170706,1110580,18622,13643,12939,14541465,598300,0.29069752,1.1190428,14618621,1,0,461152,11825767
Geo5,2021-06-07,1969155,1445265,1125369,23167,16842,13111,11825767,598300,0.25571087,0.43729597,15481348,-2,1.8678584,1060781,12488385
Geo5,2021-06-14,147996,632569,779251,1741,7372,9079,12488385,598300,-1.19295,0.8160881,14241702,-1,0,810175,9858245
Geo5,2021-06-21,646362,1278885,1393079,7604,14903,16230,9858245,598300,0.1704781,-0.39822757,13380564,-3,1.2057083,1071096,9399942
Geo5,2021-06-28,1541720,1019491,834966,18138,11881,9728,9399942,598300,-0.84339255,-1.6194332,14911136,-1,0,1031741,14732610
Geo5,2021-07-05,1336996,1452672,1358167,15730,16929,15823,14732610,598300,-1.5772363,-2.335834,13473522,3,0,0,12878213
Geo5,2021-07-12,1362717,1054753,976619,16032,12292,11378,12878213,598300,-0.028373122,-0.8626248,14160927,-1,0,0,14656580
Geo5,2021-07-19,1512946,693620,960953,17800,8083,11195,14656580,598300,-1.2653782,-0.83063626,13961478,2,0,0,11814901
Geo5,2021-07-26,1407059,1364606,1371603,16554,15902,15980,11814901,598300,0.78841984,-0.06929475,13871270,0,0,148121,15800698
Geo5,2021-08-02,1686355,1439671,843015,19840,16777,9821,15800698,598300,0.25494674,-1.120022,14696511,5,0.74616283,0,13446693
Geo5,2021-08-09,841157,868332,921696,9896,10119,10738,13446693,598300,-0.9528613,-0.4500625,13844592,1,0,168572,7325652
Geo5,2021-08-16,375912,1202357,1036559,4423,14012,12076,7325652,598300,-0.26649547,-0.45036602,15814697,-4,0,74920,12699283
Geo5,2021-08-23,1242072,1261736,1376025,14613,14704,16031,12699283,598300,0.98600745,3.4582407,14486753,-1,0,698282,13792094
Geo5,2021-08-30,971732,876114,1663680,11432,10210,19383,13792094,598300,-1.1803113,-0.7685842,16111800,2,0,0,7546615
Geo5,2021-09-06,1096549,1122741,701327,12901,13084,8171,7546615,598300,2.039782,1.4188026,13562924,-2,0,207562,12841552
Geo5,2021-09-13,809557,996602,857844,9524,11614,9994,12841552,598300,0.7445987,-0.66346556,12582419,0,0,106651,12020757
Geo5,2021-09-20,1973806,1228777,1421210,23222,14320,16558,12020757,598300,-0.20965324,1.1806237,14322971,2,0,0,13644406
Geo5,2021-09-27,1110078,1512341,1471116,13060,17624,17139,13644406,598300,1.9022684,0.07376212,13588971,3,0,615430,10310757
Geo5,2021-10-04,628030,1041167,719584,7389,12133,8383,10310757,598300,1.4839098,1.519156,12233311,-2,0,658779,12125466
Geo5,2021-10-11,1407378,1610258,1333467,16558,18765,15535,12125466,598300,0.23609783,1.7725383,14604993,-1,0.09944928,584086,11119884
Geo5,2021-10-18,1167113,947142,569340,13731,11038,6633,11119884,598300,-0.87226456,-0.74391454,13502297,-1,0,333460,9821107
Geo5,2021-10-25,1436764,1207506,958388,16903,14072,11166,9821107,598300,-0.480906,0.6127592,14647065,-3,0,115403,12349635
Geo5,2021-11-01,1563950,1323584,1375150,18400,15424,16021,12349635,598300,1.3783705,0.19967508,13313169,0,1.5787802,926254,8383824
Geo5,2021-11-08,861679,653415,952389,10138,7615,11096,8383824,598300,0.88785297,-0.1961149,13978256,-3,0.17018503,932171,14580548
Geo5,2021-11-15,623587,2004710,573987,7336,23362,6687,14580548,598300,0.011377692,0.44658768,13114874,6,2.4629824,1516095,11463426
Geo5,2021-11-22,1506064,1043138,1310653,17719,12156,15270,11463426,598300,-0.82934284,0.6352385,14204891,0,0,353930,10588340
Geo5,2021-11-29,1381222,896672,785100,16250,10449,9147,10588340,598300,-0.3153565,-0.30365866,14554648,-3,0.70144624,682580,6280605
Geo5,2021-12-06,1436814,921377,999403,16904,10737,11643,6280605,598300,-1.0750268,1.696134,14701865,-5,2.0230522,890916,14044550
Geo5,2021-12-13,2176238,1041370,937270,25603,12136,10920,14044550,598300,-0.965006,1.2860749,13509906,4,0.8800856,768690,6635450
Geo5,2021-12-20,1433087,832609,1156003,16860,9703,13468,6635450,598300,-0.6817267,-1.1492522,16900930,-6,1.4151543,705722,12579243
Geo5,2021-12-27,1832217,1341651,1610210,21556,15635,18760,12579243,598300,-0.19684988,-1.824945,14430732,3,1.3037668,682429,10822929
Geo5,2022-01-03,1568526,1663322,1512831,18454,19383,17625,10822929,598300,-1.7685504,0.73000586,12280317,-4,0,0,4879807
Geo5,2022-01-10,1277226,1231904,1510468,15027,14356,17598,4879807,598300,-1.0541418,-1.1440991,18679340,-7,0.11768206,0,14176412
Geo5,2022-01-17,1883439,1245025,1191700,22159,14509,13884,14176412,598300,0.21163392,0.32601872,15088263,4,0,745354,12326622
Geo5,2022-01-24,805275,1537406,726296,9474,17916,8462,12326622,598300,0.18691751,0.011482835,12429869,3,0,0,13753816
Geo5,2022-01-31,1687319,1497926,1074817,19851,17456,12522,13753816,598300,-1.1153836,-1.1365148,14650167,2,0.28753865,0,12238843
Geo5,2022-02-07,1562558,1197004,1039690,18383,13949,12113,12238843,598300,-1.2428802,-0.2791883,13502867,-1,0.62234116,0,9867785
Geo5,2022-02-14,1056074,511551,727689,12425,5961,8478,9867785,598300,-0.33851552,0.3699684,13579354,-1,0,0,9746298
Geo5,2022-02-21,1213783,668597,1025125,14280,7791,11943,9746298,598300,1.1233606,0.7277177,13706620,-2,0,707651,11901134
Geo5,2022-02-28,2052572,664352,316269,24148,7742,3685,11901134,598300,-1.7475098,0.8091266,14002000,1,0,410783,10700540
Geo5,2022-03-07,720005,1417915,574275,8471,16524,6691,10700540,598300,0.95454717,0.89878345,15047121,-1,0,723391,4845356
Geo5,2022-03-14,484217,1196124,1458558,5697,13939,16993,4845356,598300,0.24806184,-0.60145515,13025224,-6,0,0,9821470
Geo5,2022-03-21,141260,674352,459813,1662,7859,5357,9821470,598300,-0.66139203,-0.18248999,13314724,-2,0,91761,12787125
Geo5,2022-03-28,1278341,1705822,818206,15040,19879,9532,12787125,598300,-2.9908566,-1.1436131,11189153,1,0,0,10396181
Geo5,2022-04-04,657914,225543,942156,7740,2628,10976,10396181,598300,-1.5662911,-0.5482707,13098812,-1,0.3258664,0,8321000
Geo5,2022-04-11,1052774,1552476,1501977,12386,18092,17499,8321000,598300,-1.1755313,-2.6757472,12898717,-4,1.8417481,0,7712994
Geo5,2022-04-18,1663345,589628,637875,19569,6871,7431,7712994,598300,-0.7491513,-1.9320118,11466245,-3,0,0,13181750
Geo5,2022-04-25,1633552,1537109,668647,19219,17913,7790,13181750,598300,-0.15885967,-0.6245775,13923868,1,0.59070957,100717,9606160
Geo5,2022-05-02,1758675,777777,1100257,20691,9064,12818,9606160,598300,1.4498435,0.7469689,9142236,-3,0,1103754,8158724
Geo5,2022-05-09,552177,564950,1229096,6496,6584,14319,8158724,598300,-2.3298895,-0.552696,12014386,-2,1.650306,142735,8205432
Geo5,2022-05-16,2325905,675527,827118,27364,7872,9636,8205432,598300,-2.9083326,-1.1730473,14306508,-3,0,163200,9891208
Geo5,2022-05-23,840078,0,661186,9883,0,7703,9891208,598300,1.139972,1.2460846,12627584,-2,0,379032,12031452
Geo5,2022-05-30,1407404,829842,1546739,16558,9671,18020,12031452,598300,-1.0042361,0.14526099,14914255,0,0,667061,12850723
Geo5,2022-06-06,1770160,1031155,1453839,20826,12017,16938,12850723,598300,-1.4183085,0.022586346,12392350,1,1.0903324,573287,11501883
Geo5,2022-06-13,1551973,853613,915861,18259,9948,10670,11501883,598300,-1.2013028,0.04307401,13529066,-3,0,167093,8826462
Geo5,2022-06-20,1021598,1806020,176257,12019,21046,2053,8826462,598300,-0.8510488,-2.9017045,13341315,-3,0.23798352,0,11683950
Geo5,2022-06-27,1240113,1198486,1223704,14590,13967,14257,11683950,598300,-0.3762856,-0.28457338,11355885,1,1.1877639,0,14747802
Geo5,2022-07-04,2337237,562328,770154,27497,6553,8973,14747802,598300,-0.0795842,-1.6113701,15176772,2,0,0,11092170
Geo5,2022-07-11,1556219,2169532,900720,18309,25283,10494,11092170,598300,-1.2083584,0.2957092,14226863,0,0.025573045,248796,8953057
Geo5,2022-07-18,1414012,1157273,777439,16636,13486,9057,8953057,598300,-1.2767538,0.13560383,15425177,0,1.0203781,624353,14541785
Geo5,2022-07-25,1616302,873171,1774086,19016,10175,20669,14541785,598300,0.07162133,1.6062338,14059057,3,0,613121,8588653
Geo5,2022-08-01,1587179,742558,759892,18673,8653,8853,8588653,598300,0.43952286,0.5627709,14236291,-3,0.26008028,152865,9744867
Geo5,2022-08-08,1052247,1014718,1045500,12380,11825,12180,9744867,598300,-0.23108767,-1.3748353,13491727,0,0,0,15789447
Geo5,2022-08-15,1683724,1396003,1159225,19809,16268,13505,15789447,598300,0.5778777,0.75241584,15926487,7,0.94133204,187574,13442745
Geo5,2022-08-22,1961148,1970953,478929,23073,22968,5580,13442745,598300,-0.70373034,0.8927096,15272270,2,0.28465176,707481,11697289
Geo5,2022-08-29,1494935,1409589,1452167,17588,16427,16918,11697289,598300,1.3596735,1.072505,14625797,1,0,476496,7446643
Geo5,2022-09-05,1179872,1503504,691187,13881,17521,8053,7446643,598300,2.4548256,-1.1851976,14145153,-2,0,0,14856330
Geo5,2022-09-12,1212766,1442596,2202532,14268,16811,25660,14856330,598300,1.3355999,-0.9305775,16628806,3,0.39419287,680995,10135947
Geo5,2022-09-19,1050862,1670524,1356354,12363,19467,15802,10135947,598300,0.46289474,1.0963569,15480763,-3,0.45696282,219411,8323589
Geo5,2022-09-26,215378,1580211,1256947,2534,18415,14644,8323589,598300,-0.76024294,0.5477948,12824932,-3,1.2752817,1037921,10144590
Geo5,2022-10-03,1003186,796764,1365243,11802,9285,15906,10144590,598300,2.949228,0.3165598,12212716,-3,0.18756065,392153,11761711
Geo5,2022-10-10,1170794,792395,813847,13774,9234,9482,11761711,598300,0.14707386,1.6848881,14006070,-1,1.1661472,903120,14961658
Geo5,2022-10-17,1449402,1296160,764538,17052,15105,8907,14961658,598300,-0.21873517,-1.6122956,10915163,3,0.6567883,0,14988763
Geo5,2022-10-24,1735945,1391717,0,20423,16218,0,14988763,598300,-0.76269394,0.5195842,14179401,5,0,183884,12738524
Geo5,2022-10-31,1427935,1223170,1405452,16800,14254,16374,12738524,598300,2.678977,-0.767823,13624809,5,0,189514,14017374
Geo5,2022-11-07,1576745,830712,553137,18550,9681,6444,14017374,598300,0.5057697,0.9887535,14674418,-1,0.3659766,1433780,9680676
Geo5,2022-11-14,1194025,1037343,735394,14048,12089,8568,9680676,598300,0.7119795,1.35871,13329192,-1,0,1016307,11022433
Geo5,2022-11-21,2397097,167392,821799,28202,1951,9574,11022433,598300,2.493658,0.4941852,11745367,1,0,0,9142319
Geo5,2022-11-28,1635452,1185694,1507731,19241,13817,17566,9142319,598300,0.9716073,-0.16349894,14267972,-1,0,0,11960505
Geo5,2022-12-05,1936182,1394375,534159,22779,16249,6223,11960505,598300,-0.29912123,1.0618215,15892720,1,0,1615434,7846560
Geo5,2022-12-12,1164220,1343453,687380,13697,15656,8008,7846560,598300,1.0829294,1.1033447,17550696,-6,1.7248746,329959,8697973
Geo5,2022-12-19,1410533,1065205,1339036,16595,12413,15600,8697973,598300,-1.3395207,0.8162359,14458421,-4,0.09074749,396746,14532593
Geo5,2022-12-26,1362600,618605,841711,16031,7209,9806,14532593,598300,1.5036491,0.2748289,13390982,1,0.59938616,574555,8668667
Geo5,2023-01-02,1143900,1381182,621579,13458,16096,7242,8668667,598300,1.2709174,-1.6400015,15487453,-3,0.83342314,790904,13443124
Geo5,2023-01-09,1269176,741929,655181,14932,8646,7633,13443124,598300,-0.51973546,0.29664704,13066716,3,0.21495128,1035351,12354299
Geo5,2023-01-16,1132040,537630,288761,13318,6265,3364,12354299,598300,1.3771794,-1.1241081,12612682,2,0.16642413,152662,5943402
Geo5,2023-01-23,251982,1512942,1111450,2965,17631,12949,5943402,598300,-0.4163399,-2.4758716,15868372,-8,0.32907808,358508,9500359
Geo5,2023-01-30,1571619,1253257,600944,18490,14605,7001,9500359,598300,-2.208321,-0.6966881,12542195,1,0,0,9777493
Geo5,2023-02-06,1757023,550808,1406835,20671,6419,16390,9777493,598300,-2.21798,1.186234,13598239,-3,1.6758612,0,14252926
Geo5,2023-02-13,1277553,941268,632824,15030,10969,7373,14252926,598300,0.38212264,-1.0887498,15125736,2,0,0,9771439
Geo5,2023-02-20,1092176,1162855,1747983,12849,13551,20365,9771439,598300,-0.001068711,-1.9957926,12680072,-1,0,0,12180274
Geo5,2023-02-27,959961,890041,270861,11294,10372,3156,12180274,598300,-1.4715472,0.21234262,14537767,0,0,0,6817511
Geo5,2023-03-06,1406833,1021120,704694,16551,11900,8210,6817511,598300,0.17532647,-1.7202612,12302300,-4,0,0,11700798
Geo5,2023-03-13,1403162,1868812,996369,16508,21778,11608,11700798,598300,-1.9117748,-1.9276514,13260194,1,0,329327,15611459
Geo5,2023-03-20,1275373,1452983,1332619,15005,16932,15526,15611459,598300,0.14968038,0.5036392,12228341,5,0,0,15096918
Geo5,2023-03-27,2174565,577290,1136959,25584,6727,13246,15096918,598300,0.04795611,-0.9718408,14970691,4,0.77033484,677167,12483068
Geo5,2023-04-03,1807484,415527,846490,21265,4842,9862,12483068,598300,-0.27717584,0.31526667,12609753,-1,1.715116,1083766,9626737
Geo5,2023-04-10,1375675,1803972,1385788,16185,21023,16145,9626737,598300,-0.12900823,-1.52562,14206429,-2,0.3253855,0,11328167
Geo5,2023-04-17,1761506,1514372,923178,20724,17648,10755,11328167,598300,-1.0198345,-1.2752588,14975366,-2,0,0,10679239
Geo5,2023-04-24,1519197,1103592,792756,17873,12861,9236,10679239,598300,1.8493196,-2.547456,12990036,-1,0,0,10254042
Geo5,2023-05-01,2160424,516791,1414832,25417,6022,16483,10254042,598300,-0.27623996,-0.15027344,16400287,-3,0,271795,8782034
Geo5,2023-05-08,1513093,1053225,1409415,17801,12274,16420,8782034,598300,-0.81504047,-1.0055902,12339929,-4,0,0,18682044
Geo5,2023-05-15,1590440,1181259,1063594,18711,13766,12391,18682044,598300,-0.9747284,1.1877087,15753886,7,2.2484503,806806,10923639
Geo5,2023-05-22,915305,919988,1995136,10769,10721,23244,10923639,598300,0.5098065,-2.431158,14169895,-3,0.57446015,20765,14635905
Geo5,2023-05-29,754825,1755988,0,8880,20463,0,14635905,598300,1.378517,0.6135331,15570486,2,0.5228522,312519,9609777
Geo5,2023-06-05,1012578,1324538,256815,11913,15435,2992,9609777,598300,-2.1813731,-1.5862345,13037475,-4,0.10096565,0,11810526
Geo5,2023-06-12,1012589,499007,594827,11913,5815,6930,11810526,598300,-0.73775315,-0.26861715,13993783,3,0.11582276,81464,10885014
Geo5,2023-06-19,1064533,1206514,473080,12524,14060,5512,10885014,598300,0.28954595,-0.09081319,13137324,-1,1.3971276,672981,16884228
Geo5,2023-06-26,972130,1313529,1479020,11437,15307,17231,16884228,598300,-0.2382701,0.85314834,12694349,4,0,0,13505558
Geo5,2023-07-03,1182125,1344117,519008,13908,15664,6047,13505558,598300,-0.70472217,0.7509582,12085435,1,1.8989928,648732,11759068
Geo5,2023-07-10,455879,1271505,619060,5363,14817,7212,11759068,598300,-0.19465801,-1.4494395,13951163,-2,0.043919623,293151,7783325
Geo5,2023-07-17,1345097,1011492,206872,15825,11787,2410,7783325,598300,0.8637299,-1.236106,13490036,-3,0,67800,16099988
Geo5,2023-07-24,748353,913776,1462832,8804,10649,17043,16099988,598300,-0.720608,1.5186808,13299455,5,0.37333316,888225,12527101
Geo5,2023-07-31,484656,1113620,1272891,5702,12978,14830,12527101,598300,0.32763308,3.980857,13083319,2,0,1681888,13239699
Geo5,2023-08-07,840906,890482,869848,9893,10377,10134,13239699,598300,-1.8504722,-0.6595347,12143682,3,2.44954,489672,9683279
Geo5,2023-08-14,1386422,706487,947348,16311,8233,11037,9683279,598300,0.57468224,0.73801297,14757839,-2,0.07285995,319556,10881854
Geo5,2023-08-21,2149738,1454641,542953,25292,16952,6326,10881854,598300,-0.8088255,-0.9844253,13704530,-1,0.13325682,407339,7883908
Geo5,2023-08-28,1949860,1108722,761176,22940,12920,8868,7883908,598300,3.5564291,1.4998281,13024246,-5,0,1030648,11562679
Geo5,2023-09-04,919807,960954,987583,10821,11198,11506,11562679,598300,0.42665535,-1.3649302,13433276,-1,0.024485253,78084,10828462
Geo5,2023-09-11,2247689,866967,504412,26444,10103,5877,10828462,598300,1.1526918,-0.48730204,15282787,0,1.0630188,285817,12083448
Geo5,2023-09-18,1535606,786661,1054614,18066,9167,12287,12083448,598300,3.4971333,-1.0392051,15385613,1,0.59945136,593950,8083515
Geo5,2023-09-25,1512007,1221080,214804,17789,14230,2503,8083515,598300,0.6845311,1.0951126,13912007,-1,1.6652133,1133224,14135578
Geo5,2023-10-02,1535802,707795,1000695,18069,8248,11658,14135578,598300,0.31891862,0.62291855,16593189,3,2.354467,1123960,15391504
Geo5,2023-10-09,1819760,1779403,862736,21409,20736,10051,15391504,598300,-0.76071644,-0.50905216,14659615,3,2.3566916,621452,12860547
Geo5,2023-10-16,1131222,1299148,1447213,13309,15140,16861,12860547,598300,0.38429403,1.1370049,17088154,-1,0,1347415,12006117
Geo5,2023-10-23,1135970,642494,1459582,13365,7487,17005,12006117,598300,-1.3456208,-0.7651592,12985193,1,0,0,10425545
Geo5,2023-10-30,875987,1057369,1517990,10306,12322,17685,10425545,598300,-0.18765777,0.22549331,15128172,-4,1.3858566,595577,15771407
Geo5,2023-11-06,1351842,1058391,1533706,15904,12334,17868,15771407,598300,-0.547595,1.932709,15003176,2,0.8177421,1310995,15464973
Geo5,2023-11-13,868274,1761874,422141,10215,20532,4918,15464973,598300,-0.4116358,0.38050097,15301290,3,1.4193788,274167,11034516
Geo5,2023-11-20,1887096,477221,678744,22202,5561,7908,11034516,598300,-0.51115346,-0.08357245,12484517,0,0.04770121,153303,7111391
Geo5,2023-11-27,1606535,1038231,343763,18901,12099,4005,7111391,598300,0.27707148,0.38254046,16241292,-6,0.3857072,612492,4568107
Geo5,2023-12-04,932144,1614236,939484,10967,18811,10945,4568107,598300,0.6148912,-0.8347449,14452713,-6,0.82649964,66315,11203956
Geo5,2023-12-11,1090248,581653,1737145,12827,6778,20238,11203956,598300,-0.38956827,-0.24340048,15117856,-1,1.5548997,0,11956537
Geo5,2023-12-18,1273449,1300250,1312887,14982,15152,15296,11956537,598300,-0.6330049,0.27475196,13224927,1,0.47042492,0,14102233
Geo5,2023-12-25,1310012,1135820,919349,15412,13236,10711,14102233,598300,1.5213675,-0.37514424,10868091,3,0,26666,13793388
Geo5,2024-01-01,1404808,984620,1138598,16528,11474,13265,13793388,598300,-0.97140807,-0.56338215,15572596,0,1.4698534,662224,12154598
Geo5,2024-01-08,1422884,0,843765,16740,0,9830,12154598,598300,1.9865458,1.8574367,12461527,3,0,926214,13474315
Geo5,2024-01-15,1224205,991532,676338,14403,11555,7880,13474315,598300,0.20114031,-0.021955304,13572957,1,0,1436450,6108094
Geo6,2021-01-25,657608,98306,290167,7737,1146,3381,6108094,227916,0.71820533,0.95045084,4725826,5,0,0,4874449
Geo6,2021-02-01,325694,358140,551899,3832,4174,6430,4874449,227916,-2.0216947,-0.00751479,4640622,3,0.70971256,340335,3001571
Geo6,2021-02-08,474884,363933,331102,5587,4241,3857,3001571,227916,-0.15748826,0.5956901,5552198,-6,0,139328,3813312
Geo6,2021-02-15,355609,446151,581245,4184,5199,6772,3813312,227916,-0.53153914,0.80361545,5146709,0,0.4116642,0,4891202
Geo6,2021-02-22,370507,600747,353367,4359,7001,4117,4891202,227916,0.41152453,0.13977283,4684088,2,0.85487586,1304707,4824049
Geo6,2021-03-01,416540,400988,532134,4901,4673,6200,4824049,227916,-0.7954997,0.0962221,4079585,1,0.1936264,2996363,4740546
Geo6,2021-03-08,667295,207759,380806,7851,2421,4437,4740546,227916,0.50985897,-0.42665607,5370556,0,0,663916,4026514
Geo6,2021-03-15,401919,430700,174816,4729,5019,2037,4026514,227916,1.9756768,-1.7391762,5189608,-2,1.0877683,4147880,4632708
Geo6,2021-03-22,514926,262033,465909,6058,3054,5428,4632708,227916,0.24136192,0.1570231,6191690,1,0.16080034,2041128,5026544
Geo6,2021-03-29,671029,209927,245806,7895,2446,2864,5026544,227916,-0.5412037,0.6675265,5902024,0,0,131988,6577072
Geo6,2021-04-05,595194,311328,417151,7002,3628,4860,6577072,227916,1.2584772,-1.6025655,6062898,6,0,0,4740101
Geo6,2021-04-12,437722,450444,582633,5150,5249,6788,4740101,227916,-0.06280315,-0.52028346,5314890,-2,0.7048191,0,5488212
Geo6,2021-04-19,883048,675236,518377,10389,7869,6039,5488212,227916,-0.019446999,-3.2594008,5462345,2,0.15927376,1064934,4327745
Geo6,2021-04-26,400891,507022,208567,4716,5909,2430,4327745,227916,-1.6092937,-0.5324584,6719730,-3,0.6279535,0,4634218
Geo6,2021-05-03,515720,188166,349935,6067,2193,4077,4634218,227916,-1.4094298,-0.6505885,5801344,2,0.010013789,57047,4022486
Geo6,2021-05-10,218451,201163,380802,2570,2344,4436,4022486,227916,-0.043639958,-0.4057457,6262834,-3,2.8299587,1362829,6259575
Geo6,2021-05-17,571930,348749,633991,6729,4064,7386,6259575,227916,-1.2733366,-1.3261054,5199562,4,0,0,4901974
Geo6,2021-05-24,678128,229556,466735,7978,2675,5438,4901974,227916,-1.0332854,-1.2763078,5183998,1,0.031262457,0,4703492
Geo6,2021-05-31,520651,374645,414021,6125,4366,4824,4703492,227916,-3.084441,-0.16382572,6517080,-1,0,0,3600670
Geo6,2021-06-07,471948,592392,510660,5552,6903,5949,3600670,227916,0.8298042,0.3563919,6112423,-6,0.5281396,1148749,5409799
Geo6,2021-06-14,273994,491497,328676,3224,5728,3829,5409799,227916,0.6401074,-0.44626445,5988858,1,0.19980386,507129,3598779
Geo6,2021-06-21,593542,510640,474696,6983,5951,5530,3598779,227916,1.3164997,-1.4327078,5645358,-4,2.1427472,0,2364666
Geo6,2021-06-28,443607,400035,368102,5219,4662,4289,2364666,227916,0.7341018,-0.9013913,6362422,-7,1.4891584,526801,3801792
Geo6,2021-07-05,388406,283452,475987,4570,3303,5545,3801792,227916,0.10282627,-0.1960206,5856106,-2,0,0,5990679
Geo6,2021-07-12,635200,273250,163939,7473,3184,1910,5990679,227916,-0.077373505,-1.0487958,5939122,4,0.82469493,0,6469952
Geo6,2021-07-19,330692,418665,369516,3891,4879,4305,6469952,227916,-0.41041315,0.13223937,5676644,4,0,889706,4522892
Geo6,2021-07-26,740558,373421,454675,8713,4352,5297,4522892,227916,0.34423563,-0.12038818,5578640,0,0.035835266,162102,4734911
Geo6,2021-08-02,512553,441129,410396,6030,5141,4781,4734911,227916,2.1968246,0.69146276,5882119,1,0,0,2712755
Geo6,2021-08-09,207748,251391,448993,2444,2930,5231,2712755,227916,-1.121126,-0.2222935,5722291,-7,0,0,3661008
Geo6,2021-08-16,227205,370891,374919,2673,4322,4368,3661008,227916,-0.15621212,-1.2481225,6535114,-1,0.4756174,0,7664685
Geo6,2021-08-23,702417,468989,417610,8264,5465,4865,7664685,227916,0.6227526,0.87545276,5717750,8,2.6206222,2452400,5596659
Geo6,2021-08-30,449123,389494,710404,5284,4539,8276,5596659,227916,-0.07745451,-2.439302,6708724,3,0,0,4509540
Geo6,2021-09-06,618745,255957,180498,7280,2983,2103,4509540,227916,-0.18340993,0.03673151,5707676,2,0,0,6516718
Geo6,2021-09-13,482454,647328,356358,5676,7544,4152,6516718,227916,-0.3509417,-1.6601781,5656940,6,0,0,5670823
Geo6,2021-09-20,605104,504431,402742,7119,5878,4692,5670823,227916,0.8862177,0.6934339,6106814,4,0,1639942,3966880
Geo6,2021-09-27,532745,484681,753015,6268,5648,8773,3966880,227916,-0.06142664,0.10888983,5760889,-1,0,1946809,5159584
Geo6,2021-10-04,379313,404722,402175,4463,4716,4685,5159584,227916,-0.5293016,2.3831267,5384506,2,0.85558355,2973570,5488568
Geo6,2021-10-11,491505,407241,292126,5783,4746,3403,5488568,227916,1.7714777,3.127304,6057550,2,0.9560962,3124470,3793849
Geo6,2021-10-18,634750,397956,300517,7468,4638,3501,3793849,227916,0.047913134,1.4274929,5830866,-2,0.79467815,2122301,4947421
Geo6,2021-10-25,570562,257213,484392,6713,2997,5643,4947421,227916,-0.90754145,0.14642638,6269200,1,0,0,4494389
Geo6,2021-11-01,529058,430059,365744,6224,5012,4261,4494389,227916,-0.13296819,0.55739367,5802495,-1,0.48234063,530595,2902433
Geo6,2021-11-08,532301,355885,309879,6262,4147,3610,2902433,227916,1.2700148,1.52671,6178812,-4,1.9441527,3806846,3464207
Geo6,2021-11-15,480006,445328,276636,5647,5190,3223,3464207,227916,-0.6527674,2.4947543,5799965,-2,1.1775997,1697059,4973670
Geo6,2021-11-22,457001,584934,430071,5377,6817,5010,4973670,227916,0.84776676,1.9791521,5847037,1,0,3088048,5007770
Geo6,2021-11-29,435923,452904,267227,5129,5278,3113,5007770,227916,0.36030433,1.4158744,6082720,1,0.3730428,2417784,4471219
Geo6,2021-12-06,547829,383943,528019,6445,4474,6152,4471219,227916,-0.62941355,3.8080697,6304135,1,0,3253447,4268521
Geo6,2021-12-13,650138,179411,176923,7649,2091,2061,4268521,227916,-0.97991085,0.15865995,5540289,0,0,685517,5177759
Geo6,2021-12-20,501134,334025,410989,5896,3893,4788,5177759,227916,-1.3732597,-1.0787628,6812322,2,1.3759112,1414371,5443470
Geo6,2021-12-27,353148,374408,385615,4155,4363,4493,5443470,227916,0.7496632,0.49548626,6072506,5,0.66096145,2034483,7490111
Geo6,2022-01-03,779193,605440,457281,9167,7055,5327,7490111,227916,-0.7867701,-0.35128903,5236205,8,0,0,3222291
Geo6,2022-01-10,448713,345118,436069,5279,4022,5080,3222291,227916,0.73186827,-0.03645146,7423808,-3,0,37906,3292321
Geo6,2022-01-17,603800,400038,396646,7104,4662,4621,3292321,227916,-0.74370366,1.5875144,6403576,-3,1.1045007,3460146,2584575
Geo6,2022-01-24,465759,393747,345213,5480,4589,4022,2584575,227916,-0.24723272,-0.24459836,5262400,-5,0,0,5600502
Geo6,2022-01-31,514461,346559,432114,6053,4039,5034,5600502,227916,0.5289826,-0.64545995,5783906,3,2.3295932,1033851,3392174
Geo6,2022-02-07,573754,500206,298421,6750,5829,3477,3392174,227916,-1.824275,-0.38379836,5488056,-6,0,438203,1892708
Geo6,2022-02-14,481365,369080,252309,5663,4301,2939,1892708,227916,1.1230421,-0.029539987,5615615,-7,0.91230357,144591,4500552
Geo6,2022-02-21,605942,322921,394149,7129,3763,4592,4500552,227916,-3.1083846,0.2862954,5817786,1,0,1538556,3906039
Geo6,2022-02-28,717987,175817,376634,8447,2049,4388,3906039,227916,-0.36940986,-0.6788856,5755502,-1,0,601289,4647360
Geo6,2022-03-07,404258,681279,174800,4756,7939,2036,4647360,227916,-0.50100744,-1.4055046,6160224,1,0,762884,3883908
Geo6,2022-03-14,464240,486971,314068,5462,5675,3659,3883908,227916,-0.014605582,0.43370464,5485408,0,0.2322244,569487,4816999
Geo6,2022-03-21,259107,223865,442710,3048,2609,5158,4816999,227916,0.58805144,-3.1384487,5492065,1,0,0,4264976
Geo6,2022-03-28,511124,465130,736873,6013,5420,8585,4264976,227916,-0.80730635,1.1442852,5069100,-2,0,452285,2823618
Geo6,2022-04-04,228348,181407,320479,2687,2114,3734,2823618,227916,-1.3541477,-1.1772038,5768325,-5,0.58453566,640485,3788482
Geo6,2022-04-11,723583,509226,399536,8513,5934,4655,3788482,227916,-0.6961731,-3.3693938,5769956,-2,0,0,2934842
Geo6,2022-04-18,491407,167598,71354,5781,1953,831,2934842,227916,-1.3240993,0.11067456,5171176,-2,0.13787538,0,5206150
Geo6,2022-04-25,595190,881759,332902,7002,10276,3878,5206150,227916,-0.38806003,-1.3266358,6092585,1,2.0879803,136669,4842666
Geo6,2022-05-02,498396,372700,367458,5864,4343,4281,4842666,227916,0.039111316,-0.6668769,4368122,1,0,0,3724537
Geo6,2022-05-09,306252,235397,542185,3603,2743,6317,3724537,227916,-1.9956868,0.74086666,5228910,-1,0,1615561,4613841
Geo6,2022-05-16,924624,71099,479624,10878,829,5588,4613841,227916,0.641374,-0.9003247,6010077,1,0.8376218,743048,5113270
Geo6,2022-05-23,691381,255471,207038,8134,2977,2412,5113270,227916,0.111771196,0.43605196,5253323,1,0,0,3354710
Geo6,2022-05-30,701533,438091,641139,8254,5105,7470,3354710,227916,-2.3694205,-0.7142373,6412082,-5,0.35288498,2319169,4929917
Geo6,2022-06-06,459725,331312,189601,5409,3861,2209,4929917,227916,0.06201762,0.211119,5184097,1,0.88168555,1702069,5291042
Geo6,2022-06-13,413890,470716,511497,4869,5485,5959,5291042,227916,-1.5783949,1.3675153,5492186,0,0,0,3935747
Geo6,2022-06-20,538972,459137,220704,6341,5351,2571,3935747,227916,-0.8541756,-0.05423957,5710224,-1,0.47720885,2703763,5481153
Geo6,2022-06-27,343870,531433,578008,4046,6193,6734,5481153,227916,0.45278323,-0.73811686,4673800,3,1.8770585,1422025,4440479
Geo6,2022-07-04,519961,321556,681687,6117,3747,7942,4440479,227916,0.16301852,1.6717278,6192616,-2,1.7135708,2465068,5582932
Geo6,2022-07-11,447939,465340,677728,5270,5423,7896,5582932,227916,0.4115349,1.4363159,5690860,4,0.6965369,2361134,3897494
Geo6,2022-07-18,622190,518263,499253,7320,6040,5816,3897494,227916,-1.6000658,-0.5616659,6253668,1,0.86768234,0,4798890
Geo6,2022-07-25,736396,524495,190770,8664,6112,2223,4798890,227916,0.9166891,-0.38991022,5534022,-1,1.6066978,3449845,5077383
Geo6,2022-08-01,575159,56702,482714,6767,661,5624,5077383,227916,-0.19888216,-1.249987,5705920,3,0,0,2423622
Geo6,2022-08-08,551916,252974,266950,6493,2948,3110,2423622,227916,-0.59265566,-0.98456806,5575982,-4,0,0,4706385
Geo6,2022-08-15,474514,538187,425996,5583,6272,4963,4706385,227916,0.18968482,0.7982471,6298392,2,0,465491,4286918
Geo6,2022-08-22,634036,351833,498775,7459,4100,5811,4286918,227916,0.77841973,1.9574502,6245350,-2,0.8663231,1602217,3701728
Geo6,2022-08-29,638175,489511,70050,7508,5705,816,3701728,227916,-0.33075818,-0.68208826,5960466,-2,0,0,4346440
Geo6,2022-09-05,495240,440727,399326,5826,5136,4652,4346440,227916,1.4139824,-0.42923695,5971158,3,0,153237,4313387
Geo6,2022-09-12,246163,515794,571829,2896,6011,6662,4313387,227916,-0.1738196,0.18283744,6972833,-2,0,1649799,5412195
Geo6,2022-09-19,422709,513515,229289,4973,5984,2671,5412195,227916,1.0063734,-0.9154645,6368132,3,1.5770726,0,4698146
Geo6,2022-09-26,342533,1009000,688818,4030,11758,8025,4698146,227916,1.9815698,1.7875123,5300294,2,0.9855967,1134594,5212884
Geo6,2022-10-03,586048,389669,597052,6895,4541,6956,5212884,227916,3.1162486,-0.3317821,5042069,2,0.449394,0,4843214
Geo6,2022-10-10,682284,460690,367026,8027,5369,4276,4843214,227916,1.9403193,0.11464649,5572874,0,0.7646729,136301,4193042
Geo6,2022-10-17,535664,421513,151058,6302,4912,1760,4193042,227916,0.45124364,0.09048329,4926924,-2,1.1886218,1648094,3636150
Geo6,2022-10-24,556538,251597,148556,6548,2932,1731,3636150,227916,0.33952874,1.1871895,5734079,-2,1.1785741,805344,3043032
Geo6,2022-10-31,574747,484148,247521,6762,5642,2884,3043032,227916,1.4011891,0.6990051,5808568,-2,0.29863757,1826757,4449654
Geo6,2022-11-07,606460,268948,226003,7135,3134,2633,4449654,227916,0.27907705,2.5216033,6033764,-3,0.057515442,577667,4179098
Geo6,2022-11-14,335138,426435,76276,3943,4969,889,4179098,227916,1.1397077,-1.2465912,5695956,0,0.14557242,0,3420806
Geo6,2022-11-21,718487,287870,295567,8453,3355,3443,3420806,227916,1.4810476,1.3662945,5078596,-3,0,1797598,2938641
Geo6,2022-11-28,618310,330640,225901,7274,3853,2632,2938641,227916,0.6433202,0.8783724,5906176,-2,0.7787691,1531468,5201550
Geo6,2022-12-05,505716,505103,282809,5950,5886,3295,5201550,227916,-1.0139048,-0.49870104,6305706,4,0,0,4554034
Geo6,2022-12-12,413073,367267,448350,4860,4280,5223,4554034,227916,-0.611462,-0.24938694,6905204,-1,0,60011,3815726
Geo6,2022-12-19,588397,554525,404949,6922,6462,4718,3815726,227916,-1.7968519,-1.3093041,5915804,-2,0,0,5564695
Geo6,2022-12-26,317249,377288,428776,3732,4397,4995,5564695,227916,1.1539488,0.8689736,5509763,1,0,1546000,5355070
Geo6,2023-01-02,560112,675188,47581,6590,7868,554,5355070,227916,-1.1681635,-0.60880345,6164447,3,0.8533118,474526,4219268
Geo6,2023-01-09,485684,247597,419254,5714,2885,4884,4219268,227916,-0.14545882,0.8602779,5319347,0,0,451036,3527137
Geo6,2023-01-16,338752,326634,257709,3985,3806,3002,3527137,227916,1.9071023,-0.037783265,5297110,-2,0,0,4388062
Geo6,2023-01-23,482090,473338,790477,5672,5516,9209,4388062,227916,-1.0658123,-0.907922,6277542,-1,0,0,2528877
Geo6,2023-01-30,336548,502686,305732,3959,5858,3562,2528877,227916,0.35548812,0.8611518,5227084,-4,2.0174775,4113364,4091226
Geo6,2023-02-06,540351,446524,697010,6357,5204,8120,4091226,227916,-2.4323087,0.96997577,5584446,-2,0,36740,5320941
Geo6,2023-02-13,624402,287932,240843,7346,3355,2806,5320941,227916,1.2975962,-0.9640313,6326366,1,1.0863326,250805,3344174
Geo6,2023-02-20,115458,319322,487892,1358,3721,5684,3344174,227916,-1.6848193,0.22400403,4997463,-3,0.539044,227622,5232462
Geo6,2023-02-27,536310,452305,310441,6310,5271,3617,5232462,227916,-1.2316403,0.07207465,5659814,2,0,0,3990706
Geo6,2023-03-06,601374,182073,227994,7075,2122,2656,3990706,227916,-1.3886108,0.54357815,5142649,1,0,1600636,5181886
Geo6,2023-03-13,461763,891991,350188,5433,10395,4080,5181886,227916,-3.3808699,-0.6244019,5491022,3,0,0,3396028
Geo6,2023-03-20,370902,482149,525064,4364,5619,6117,3396028,227916,-0.116380155,-0.013814002,4920792,-4,0,1818438,4522501
Geo6,2023-03-27,734909,226495,593570,8646,2639,6915,4522501,227916,-0.61757624,-0.3146043,5815692,-1,0.008446991,0,5400112
Geo6,2023-04-03,485533,213949,533810,5712,2493,6219,5400112,227916,-0.254184,-0.52904856,5092569,3,0.6027723,799118,2628148
Geo6,2023-04-10,362947,580195,356032,4270,6761,4148,2628148,227916,-2.5293512,-0.011215687,5791436,-5,0,0,6198410
Geo6,2023-04-17,345051,457909,302624,4060,5336,3526,6198410,227916,0.8794199,0.08395171,5682402,5,0,0,4951723
Geo6,2023-04-24,668669,544985,588526,7867,6351,6857,4951723,227916,0.5541399,0.44689977,5297886,1,1.0546069,1959815,5282753
Geo6,2023-05-01,926011,177689,541169,10894,2071,6305,5282753,227916,-0.3731061,-1.2748173,6470748,2,0,0,4686338
Geo6,2023-05-08,463794,296678,409039,5457,3457,4765,4686338,227916,-2.6258311,0.06295502,5088234,0,1.001618,288046,5122207
Geo6,2023-05-15,644890,553954,539600,7587,6455,6287,5122207,227916,-0.685433,2.510156,6288706,0,2.2923837,2764388,2518755
Geo6,2023-05-22,387615,602838,738250,4560,7025,8601,2518755,227916,0.4750341,-2.469204,5489663,-8,0,0,5134206
Geo6,2023-05-29,322188,434962,355899,3791,5069,4146,5134206,227916,0.4631845,-3.2002027,6516170,0,0,0,4716272
Geo6,2023-06-05,205642,412653,159644,2419,4809,1860,4716272,227916,-2.1523175,1.5269642,5324452,0,0.568878,250529,4599852
Geo6,2023-06-12,491780,479712,319751,5786,5590,3725,4599852,227916,-0.047891498,-1.5095783,5684724,2,0,0,2838191
Geo6,2023-06-19,494031,136826,153645,5812,1594,1790,2838191,227916,-1.8271348,-0.16565028,5355594,-6,0,0,5311788
Geo6,2023-06-26,361366,275900,359019,4251,3215,4183,5311788,227916,-0.4323133,1.5659682,5390756,0,0.513279,1486974,5258846
Geo6,2023-07-03,852339,487177,354572,10028,5677,4131,5258846,227916,-1.0802466,-0.8963485,5236645,1,0,0,4688739
Geo6,2023-07-10,404536,535480,123593,4759,6240,1440,4688739,227916,0.051718354,0.50073546,5905233,-1,0.9147701,654966,3415807
Geo6,2023-07-17,525628,473242,159487,6184,5515,1858,3415807,227916,0.17397574,-0.13027757,5837434,-3,0.4421081,0,4269846
Geo6,2023-07-24,234624,196506,522734,2760,2290,6090,4269846,227916,0.22312945,-0.9525978,5571579,-1,0.9388884,1335841,4577667
Geo6,2023-07-31,228857,375002,513565,2692,4370,5983,4577667,227916,-0.29858887,1.4049263,5590464,1,0,1076477,2380580
Geo6,2023-08-07,382374,237348,438097,4499,2766,5104,2380580,227916,-0.69601065,-0.30643773,5042510,-7,0,0,4763598
Geo6,2023-08-14,622914,453150,314804,7329,5281,3668,4763598,227916,1.4829817,1.9469872,6429406,1,0.64990693,2531683,6166384
Geo6,2023-08-21,744078,435790,309068,8754,5078,3601,6166384,227916,1.5970261,1.2027029,5861640,5,1.3887194,3241647,5331403
Geo6,2023-08-28,479954,421637,282696,5647,4914,3294,5331403,227916,0.57483935,1.5693737,5603024,1,0.88510215,4974461,5304545
Geo6,2023-09-04,480708,538100,326105,5656,6271,3799,5304545,227916,1.6116394,-1.7596481,5635294,2,0,931572,5094692
Geo6,2023-09-11,735596,569747,238900,8654,6640,2783,5094692,227916,-0.36023825,0.3854791,6022646,3,0,986196,5635923
Geo6,2023-09-18,466034,508451,543389,5483,5925,6331,5635923,227916,2.0891957,-0.22650576,6385120,4,0.20903939,1353716,3213883
Geo6,2023-09-25,513987,667025,302865,6047,7773,3528,3213883,227916,2.2984114,2.0123417,5721876,-1,0,2330346,5823604
Geo6,2023-10-02,680951,561161,474729,8011,6539,5531,5823604,227916,-0.38033527,0.06147957,6346518,4,0,1012433,4668766
Geo6,2023-10-09,429000,340505,388846,5047,3968,4530,4668766,227916,0.66669846,0.026166081,5797192,-1,0.34640867,2552190,4715637
Geo6,2023-10-16,489109,440795,420218,5754,5137,4896,4715637,227916,1.4300809,1.6771061,6784611,-1,1.1991103,2796462,4306537
Geo6,2023-10-23,617980,274524,182502,7271,3199,2126,4306537,227916,-0.8128525,-1.262558,5619712,0,0.086743,0,6315595
Geo6,2023-10-30,471417,241912,490585,5546,2819,5716,6315595,227916,0.76305354,-0.19855824,6026915,5,0.107471466,1472820,4782140
Geo6,2023-11-06,611444,402346,213845,7194,4689,2491,4782140,227916,-0.16532461,-0.7982573,6636521,-2,2.1889505,522951,4704742
Geo6,2023-11-13,486725,285087,299251,5726,3322,3486,4704742,227916,1.7277485,2.3135808,6593234,-1,0.285451,2259682,4107014
Geo6,2023-11-20,412781,436022,273262,4856,5081,3184,4107014,227916,-0.1742076,0.84394205,5282746,-1,0.10902956,0,3206878
Geo6,2023-11-27,544756,502826,62197,6409,5860,725,3206878,227916,0.6272265,-0.6269058,6671782,-5,0.28424728,0,3784710
Geo6,2023-12-04,225857,525794,483423,2657,6127,5632,3784710,227916,0.3698456,-0.96512306,6017418,0,1.9144552,66241,2952488
Geo6,2023-12-11,512296,185212,519956,6027,2158,6058,2952488,227916,-0.37242818,-1.130965,5994453,-6,1.1750901,820961,4595437
Geo6,2023-12-18,560032,586063,451503,6589,6830,5260,4595437,227916,0.90896034,0.41196865,5473386,1,0,0,4843588
Geo6,2023-12-25,507146,459752,0,5967,5358,0,4843588,227916,0.8506228,0.9400848,4922304,1,0.5552715,763055,5925484
Geo6,2024-01-01,509160,631704,95831,5990,7362,1116,5925484,227916,-0.104588985,0.63983464,6229764,1,0,1489398,3726143
Geo6,2024-01-08,527498,109698,165614,6206,1278,1929,3726143,227916,-0.48801345,0.89157057,4935694,0,0.5543025,0,4096425
Geo6,2024-01-15,222036,350830,340261,2612,4088,3964,4096425,227916,1.4231764,1.7133293,5346868,-3,0.23884219,314633,10769426
Geo7,2021-01-25,1134362,552065,963167,13346,6433,11221,10769426,478603,1.0508322,0.16883004,10877410,1,0,35721,10310559
Geo7,2021-02-01,1006391,1066145,951770,11840,12424,11088,10310559,478603,-2.7668338,0.8610203,12118105,2,0.18963362,0,10711026
Geo7,2021-02-08,899596,1362423,1068747,10584,15877,12451,10711026,478603,-1.4698883,-0.09077427,14274249,0,0.675061,0,8231736
Geo7,2021-02-15,427233,1087630,1152527,5026,12675,13427,8231736,478603,0.87836224,-0.50592446,13512479,-1,0.17920485,0,8012366
Geo7,2021-02-22,1797945,1005041,844024,21153,11712,9833,8012366,478603,-0.17810166,0.018782198,14050004,-2,0.9991656,246955,8613245
Geo7,2021-03-01,1350822,576963,933847,15892,6724,10880,8613245,478603,-0.15336609,1.9678352,13447136,-2,0,470791,9443073
Geo7,2021-03-08,1107682,890237,968017,13032,10374,11278,9443073,478603,0.5763259,0.64120376,16272430,-2,0,309301,11704183
Geo7,2021-03-15,1271742,470333,876356,14962,5481,10210,11704183,478603,0.89078337,-2.3453321,17383864,3,0.62550384,134314,9992985
Geo7,2021-03-22,942069,1315105,1033419,11083,15326,12040,9992985,478603,-1.0717218,0.63686943,18888598,2,0,141588,9911212
Geo7,2021-03-29,1200872,0,695810,14128,0,8106,9911212,478603,-0.89093846,0.03921763,17921632,-1,1.5574551,241558,12005643
Geo7,2021-04-05,1363748,983203,1468729,16044,11458,17111,12005643,478603,0.296234,-0.7544791,19412910,3,0,0,11141081
Geo7,2021-04-12,757718,958486,1369992,8915,11170,15961,11141081,478603,-2.3634403,-0.61269486,17745826,0,0,0,10493521
Geo7,2021-04-19,979439,1237224,955620,11523,14418,11133,10493521,478603,-0.35836965,-2.671048,17154426,1,0,108294,12704313
Geo7,2021-04-26,836638,930986,346193,9843,10849,4033,12704313,478603,0.48814046,0.2875483,19740110,3,0,423930,13960784
Geo7,2021-05-03,877295,912971,679795,10321,10639,7920,13960784,478603,1.8645496,-1.0572927,17246398,9,1.0657787,281043,11449375
Geo7,2021-05-10,934322,594788,1040947,10992,6931,12127,11449375,478603,-0.3515941,-0.6138229,19248190,1,0,78404,10866748
Geo7,2021-05-17,1153357,561483,924622,13569,6543,10772,10866748,478603,1.2354697,1.7395371,16790224,2,0,431028,7730811
Geo7,2021-05-24,558518,445725,1154452,6571,5194,13450,7730811,478603,-1.1202152,-1.6690221,15740702,-3,0,0,12201804
Geo7,2021-05-31,1167173,613762,256175,13732,7152,2985,12201804,478603,0.08929975,0.79925895,18627814,3,0,362023,11935438
Geo7,2021-06-07,893002,1242614,1045055,10506,14481,12175,11935438,478603,1.1382129,-0.33479658,18275022,1,0.6065661,264435,8255736
Geo7,2021-06-14,101360,416860,1089036,1192,4858,12688,8255736,478603,-0.26791078,-0.8242191,17128998,-4,0,0,13459028
Geo7,2021-06-21,1044356,1220250,1216203,12287,14220,14169,13459028,478603,2.009569,-1.0645425,15801531,6,0,176556,7646513
Geo7,2021-06-28,1382274,1417804,613872,16262,16522,7152,7646513,478603,0.5186118,-3.3360703,17999100,-2,1.6104326,62584,10175632
Geo7,2021-07-05,716015,1201687,1426666,8424,14004,16621,10175632,478603,0.6421652,-0.63549364,17138868,0,0,0,11508229
Geo7,2021-07-12,1577646,973293,464369,18561,11342,5410,11508229,478603,0.915499,0.67995906,17914584,2,0,65520,11332766
Geo7,2021-07-19,881468,587351,1220859,10370,6845,14223,11332766,478603,0.40636086,1.5231613,17616528,0,0,290084,7076537
Geo7,2021-07-26,1196958,653748,1372040,14082,7618,15985,7076537,478603,-2.3700542,1.2976182,17577642,-5,0,211202,8955754
Geo7,2021-08-02,1444461,1153554,852308,16994,13443,9930,8955754,478603,0.15949291,-0.6553206,18729558,-2,0.6993507,0,10883470
Geo7,2021-08-09,477101,1084828,1145376,5613,12642,13344,10883470,478603,1.2466351,0.23825723,17374214,0,0,217333,11338037
Geo7,2021-08-16,363482,1468690,961992,4276,17115,11208,11338037,478603,-0.28946832,-0.20073584,19223020,3,0.45449746,0,11765442
Geo7,2021-08-23,1392780,1349510,1238877,16386,15726,14433,11765442,478603,-0.5692428,1.5598752,18195770,1,2.1263938,622137,9336339
Geo7,2021-08-30,1215452,1030086,1612811,14300,12004,18790,9336339,478603,-0.059637204,-0.96284276,19732848,-2,0.101332486,0,9594797
Geo7,2021-09-06,1317490,945106,744678,15500,11014,8676,9594797,478603,1.264019,-1.1456459,18401464,3,0,0,9087837
Geo7,2021-09-13,1095114,849579,1171448,12884,9901,13648,9087837,478603,-0.42101318,-2.2546005,17431950,-3,0,4557,6993475
Geo7,2021-09-20,1202844,1135095,1094488,14151,13228,12751,6993475,478603,-0.86569095,0.3434907,18563972,-4,0.13882354,133269,14100679
Geo7,2021-09-27,910983,1245940,1113970,10718,14520,12978,14100679,478603,2.6614842,-1.4126673,17675740,8,0,122572,11745646
Geo7,2021-10-04,1059734,1158890,626620,12468,13505,7300,11745646,478603,-0.7971814,1.5727361,17072336,3,0,256860,10468900
Geo7,2021-10-11,992343,468899,868349,11675,5464,10117,10468900,478603,-0.74938554,0.8368404,18934114,0,1.7688112,166796,10445954
Geo7,2021-10-18,885674,1050632,228009,10420,12244,2656,10445954,478603,1.5696914,-0.25341794,18363840,0,0,50171,10375102
Geo7,2021-10-25,1300720,678771,1375390,15303,7910,16024,10375102,478603,-1.2603021,-0.48090523,19042612,1,0,0,8627588
Geo7,2021-11-01,1076870,1183434,338840,12669,13791,3948,8627588,478603,2.0328276,2.3415265,17689704,-2,0.6416957,365325,8552185
Geo7,2021-11-08,772040,886021,825458,9083,10325,9617,8552185,478603,1.429123,1.466188,18582190,0,0.61262715,198670,7514179
Geo7,2021-11-15,358946,1234517,1052125,4223,14386,12258,7514179,478603,1.6947188,2.4337754,17048808,-1,0.887936,440603,9289548
Geo7,2021-11-22,693690,1521428,1068755,8161,17730,12451,9289548,478603,0.09193497,1.3721638,16729906,-1,0,275753,12104392
Geo7,2021-11-29,1527415,762172,1099858,17970,8882,12814,12104392,478603,-1.3802066,-0.34312248,18034228,2,0.5220183,61909,9809808
Geo7,2021-12-06,1480212,1034212,673151,17415,12052,7842,9809808,478603,-0.14472371,3.130845,18687126,1,3.0733776,736156,8071161
Geo7,2021-12-13,1108627,1021608,533107,13043,11905,6211,8071161,478603,-0.22841409,-0.6129409,17918238,-2,0,127572,12394821
Geo7,2021-12-20,1256103,496246,652228,14778,5783,7599,12394821,478603,0.23486578,-1.7235414,19911648,5,2.028186,193066,9940633
Geo7,2021-12-27,1529882,1282940,780124,17999,14951,9089,9940633,478603,2.2478116,-1.4998074,18768286,2,0,0,9430379
Geo7,2022-01-03,1368465,940828,897768,16100,10964,10459,9430379,478603,-0.8461106,-1.1363269,17191738,-2,0.6867259,45860,7828086
Geo7,2022-01-10,1051684,1037497,542787,12373,12090,6324,7828086,478603,1.0151796,-0.9783553,22077368,-1,0.7801104,8510,7810975
Geo7,2022-01-17,498481,1103658,772126,5865,12861,8996,7810975,478603,1.4572943,1.8712393,19584282,-1,0,262264,9169713
Geo7,2022-01-24,1578418,1352140,755249,18570,15757,8799,9169713,478603,-0.94171315,-0.6194249,17443208,1,0.38758278,0,12953712
Geo7,2022-01-31,832528,994739,873166,9795,11592,10173,12953712,478603,0.55358565,0.35643935,18572648,4,0,13736,8817848
Geo7,2022-02-07,1188722,991057,895566,13985,11549,10434,8817848,478603,-0.08747691,-0.9807736,17577084,-3,0,0,6771260
Geo7,2022-02-14,673107,917950,854526,7919,10697,9956,6771260,478603,-1.7991953,0.056889832,18217830,-3,0,20981,10203925
Geo7,2022-02-21,910405,625433,586840,10711,7288,6837,10203925,478603,1.3122025,-0.12862235,17623630,1,0.28434622,39806,10900586
Geo7,2022-02-28,1342192,896474,858122,15791,10447,9997,10900586,478603,0.13540024,-1.6512871,16926380,3,0,0,8066547
Geo7,2022-03-07,933942,1446981,474067,10988,16862,5523,8066547,478603,-1.2894212,-2.092164,18866414,-2,0,0,6530960
Geo7,2022-03-14,1031331,1197813,904282,12134,13959,10535,6530960,478603,-0.014419735,1.1311957,16643244,-2,0,115263,15396025
Geo7,2022-03-21,593432,256311,592515,6982,2987,6903,15396025,478603,-1.566328,-1.643784,17081410,10,1.8603412,328821,7776002
Geo7,2022-03-28,1288532,1197578,1107361,15160,13956,12901,7776002,478603,-1.8531069,-0.24284673,16270583,-4,0,0,7317805
Geo7,2022-04-04,559313,704749,377926,6580,8213,4403,7317805,478603,-1.5644088,-1.1789448,17407100,-3,0.385482,0,12053024
Geo7,2022-04-11,1312767,1293173,1148314,15445,15070,13378,12053024,478603,-0.2811331,0.8064929,17432310,5,0,248841,7524807
Geo7,2022-04-18,1252399,634448,315489,14734,7394,3676,7524807,478603,-0.06954171,0.19429845,16325862,-2,0,0,10315706
Geo7,2022-04-25,1419798,1148096,865712,16704,13379,10086,10315706,478603,0.5827577,0.2067833,18587528,0,0.7070074,62200,9307291
Geo7,2022-05-02,1146405,835356,629907,13487,9735,7339,9307291,478603,-0.27760053,0.72844154,15093366,0,0,0,9157769
Geo7,2022-05-09,790616,467034,981377,9302,5443,11433,9157769,478603,-2.0141768,-2.0341434,16990860,2,0.4024443,0,9868399
Geo7,2022-05-16,1704990,697084,1560706,20059,8123,18183,9868399,478603,-0.9762485,-1.1888546,18520356,1,0.10189557,0,12646002
Geo7,2022-05-23,1569355,534500,1050656,18463,6229,12241,12646002,478603,-0.11783233,-0.05412166,17926360,4,0,289330,11934376
Geo7,2022-05-30,789471,1144828,1475678,9288,13341,17192,11934376,478603,0.100290656,-0.7227002,19305978,2,3.086849,206255,11958186
Geo7,2022-06-06,1473263,1055637,1003140,17333,12302,11687,11958186,478603,-1.1619853,0.9678997,17389778,2,1.737969,253236,12026928
Geo7,2022-06-13,874085,1224322,1345097,10284,14268,15671,12026928,478603,0.28505117,-0.064450115,18395846,1,2.0033753,316124,10613775
Geo7,2022-06-20,369907,932000,541885,4352,10861,6313,10613775,478603,-1.862851,-0.8069879,17657452,1,2.6854248,435536,6448170
Geo7,2022-06-27,869158,744688,1063369,10226,8678,12389,6448170,478603,2.1358376,-1.4741927,15504732,-5,1.8955297,36724,10727654
Geo7,2022-07-04,1120752,545855,1082810,13186,6361,12615,10727654,478603,0.23923838,-0.9348794,18415088,0,0.9229034,240883,7681283
Geo7,2022-07-11,1180482,1468366,1219259,13888,17112,14205,7681283,478603,-2.5403,0.44542247,18263828,-2,1.3681283,49649,9672374
Geo7,2022-07-18,1397949,905518,1027186,16447,10552,11967,9672374,478603,-2.2632515,-0.7434168,18915508,3,0.4111082,0,9974863
Geo7,2022-07-25,1015911,740228,790949,11952,8626,9215,9974863,478603,1.2759008,1.3495793,16939304,-1,0.21802846,408248,7676984
Geo7,2022-08-01,1386713,795982,722598,16315,9276,8419,7676984,478603,0.65587336,0.96422964,18048348,-3,0,193151,7192686
Geo7,2022-08-08,1084058,198332,775705,12754,2311,9037,7192686,478603,-1.6280484,1.5094452,17017628,-1,0,406422,9447325
Geo7,2022-08-15,1311850,1109503,1017616,15434,12930,11856,9447325,478603,-0.42196983,0.887198,18918090,1,2.0958843,276997,9694187
Geo7,2022-08-22,1129050,1293036,117289,13283,15068,1366,9694187,478603,0.08599746,1.1035192,19487236,0,0.65980035,235854,7307411
Geo7,2022-08-29,464957,1339494,239266,5470,15610,2788,7307411,478603,1.165843,1.378299,18320030,-2,0,203290,6431830
Geo7,2022-09-05,1172879,1144034,1295765,13799,13332,15096,6431830,478603,1.6641586,0.6085738,18337954,0,0,247201,10130573
Geo7,2022-09-12,1003213,1423922,1688508,11803,16594,19672,10130573,478603,2.119801,0.6370833,20356002,-1,0,202127,9162223
Geo7,2022-09-19,960005,1347284,471267,11294,15701,5490,9162223,478603,-1.4595673,0.15644759,18878852,-1,0.7184802,0,8181644
Geo7,2022-09-26,786060,1720769,1254613,9248,20053,14617,8181644,478603,-0.7198756,0.51231545,16638244,-1,0.39408574,70844,11963669
Geo7,2022-10-03,948344,576629,960654,11157,6720,11192,11963669,478603,1.9258221,1.4414985,16310913,3,0.93765926,112015,10456870
Geo7,2022-10-10,601784,624269,789301,7080,7275,9196,10456870,478603,0.19500995,1.6000688,17563920,0,0,501286,7556988
Geo7,2022-10-17,621350,897941,1188264,7310,10464,13844,7556988,478603,-0.14001013,0.098611705,14542789,-5,0,0,8818396
Geo7,2022-10-24,786150,1071141,112848,9249,12483,1315,8818396,478603,-0.78181726,-0.39096308,16014409,-1,0,0,5503834
Geo7,2022-10-31,1019708,721248,932254,11997,8405,10861,5503834,478603,0.92929435,0.81607413,16716005,-3,0,34906,12785822
Geo7,2022-11-07,1344427,546973,695930,15817,6374,8108,12785822,478603,1.6654624,-0.007994533,17276006,2,0,81200,4507202
Geo7,2022-11-14,854467,991231,133918,10053,11551,1560,4507202,478603,0.4608007,-0.71574664,16481768,-7,0.2085996,181167,7659220
Geo7,2022-11-21,1897656,658561,239355,22326,7675,2789,7659220,478603,0.09331584,0.6581413,16298319,-3,0,223134,10705764
Geo7,2022-11-28,1049918,982395,1227376,12352,11448,14299,10705764,478603,-0.6383255,0.76889795,18123136,5,0,0,10977597
Geo7,2022-12-05,896389,1486036,244040,10546,17317,2843,10977597,478603,-0.5978968,0.007588446,18822562,3,1.4405622,215747,9476999
Geo7,2022-12-12,995758,878305,956904,11715,10235,11148,9476999,478603,0.17895319,-0.042631477,19955790,-1,0,0,9587040
Geo7,2022-12-19,621389,1133731,622050,7311,13212,7247,9587040,478603,-0.7639122,-1.5779815,17277252,-1,0,0,9360689
Geo7,2022-12-26,1050733,790477,703625,12362,9212,8197,9360689,478603,0.5308107,-0.7247417,17385752,-3,0.59164935,0,11058353
Geo7,2023-01-02,1139975,774366,429193,13412,9024,5000,11058353,478603,1.060325,0.2347404,18673088,2,1.040995,240529,9996415
Geo7,2023-01-09,1448574,1047094,571634,17042,12202,6660,9996415,478603,-0.473923,0.8413428,17306430,0,0,171133,9657856
Geo7,2023-01-16,1236294,492413,686054,14545,5738,7993,9657856,478603,-0.43759984,-0.7531721,16789192,2,0.025344007,0,6926258
Geo7,2023-01-23,408762,1484052,917928,4809,17294,10694,6926258,478603,-0.7410709,2.6559808,18995622,-4,0,160608,6091524
Geo7,2023-01-30,1050224,1181715,758667,12356,13771,8839,6091524,478603,1.7879009,1.3258164,15994273,-3,0,578398,10010855
Geo7,2023-02-06,1174999,1078110,1644552,13824,12564,19160,10010855,478603,-0.23318022,-1.4442859,17174664,-1,0.21834919,0,12779481
Geo7,2023-02-13,1357500,938018,1065119,15971,10931,12409,12779481,478603,0.3005277,-1.6646888,19418444,4,1.6554171,264597,11110462
Geo7,2023-02-20,698048,550438,689497,8213,6415,8033,11110462,478603,-1.4752935,0.965933,16718245,4,0.10897368,66245,6712144
Geo7,2023-02-27,851355,1131721,520411,10016,13188,6063,6712144,478603,2.2681627,-0.043490052,18631506,-5,0,193111,9317624
Geo7,2023-03-06,1191124,781065,1127458,14014,9102,13135,9317624,478603,0.10728425,-1.5201964,17150412,1,0.46296853,0,11289093
Geo7,2023-03-13,1246695,1214364,419895,14667,14152,4892,11289093,478603,-1.1275005,-1.8484588,17424250,2,0,21767,11525377
Geo7,2023-03-20,1244860,1812846,1390902,14646,21126,16205,11525377,478603,0.38881886,-0.23346247,16303789,3,0,0,9922159
Geo7,2023-03-27,1313077,688377,1314754,15448,8022,15317,9922159,478603,-0.7814497,1.0887897,18941964,-1,0,0,14211519
Geo7,2023-04-03,1446803,1105396,1012582,17022,12882,11797,14211519,478603,0.101174206,-1.660001,17169432,6,1.2115194,110308,9310059
Geo7,2023-04-10,616829,1659197,745047,7257,19335,8680,9310059,478603,-0.021442473,-0.9507825,18538070,0,0.065910906,0,12670675
Geo7,2023-04-17,1623485,1572163,783897,19100,18321,9133,12670675,478603,-3.1344614,0.27921426,18212574,3,0,0,4549262
Geo7,2023-04-24,1292864,1462168,381897,15210,17039,4449,4549262,478603,-1.059966,-0.9021201,17729440,-8,0,0,10331212
Geo7,2023-05-01,1151630,536380,1299692,13549,6251,15142,10331212,478603,0.8638712,-2.5863223,20275352,1,1.1304808,0,10336546
Geo7,2023-05-08,805015,1101590,649999,9471,12837,7573,10336546,478603,-1.5756271,-1.3088181,17187540,1,1.3575951,49012,13738251
Geo7,2023-05-15,970993,1243973,1086153,11424,14497,12654,13738251,478603,-0.20588785,0.10652028,18782932,5,0.9928204,26115,11909322
Geo7,2023-05-22,918776,825406,1632989,10809,9619,19025,11909322,478603,1.3676678,-1.5801938,17374980,2,2.1340036,0,10475474
Geo7,2023-05-29,779381,1550894,956498,9169,18073,11144,10475474,478603,-1.0114692,-0.33417726,19496908,0,0.55602974,54466,6747134
Geo7,2023-06-05,640417,1343793,37146,7534,15660,433,6747134,478603,-1.4089739,-1.3410891,16687337,-6,0,45547,9878987
Geo7,2023-06-12,812107,1222588,1314219,9554,14247,15311,9878987,478603,-0.6123829,0.33629173,17629134,1,0.27705806,390338,9515115
Geo7,2023-06-19,599338,1128732,533922,7051,13154,6220,9515115,478603,-0.30476856,0.73512864,15822312,-1,0,152430,12864310
Geo7,2023-06-26,976214,990144,915003,11485,11539,10660,12864310,478603,0.20996404,0.90337384,15703015,1,1.2397256,116316,12344190
Geo7,2023-07-03,930772,706736,581911,10950,8236,6779,12344190,478603,1.655939,0.7555408,15149622,3,0.775067,0,11750224
Geo7,2023-07-10,1293100,1113007,252362,15213,12970,2940,11750224,478603,-0.4940164,-0.62652844,17585714,2,0,0,7027369
Geo7,2023-07-17,1131083,1042265,753699,13307,12146,8781,7027369,478603,1.2517521,-0.8083645,17514348,-4,1.2687316,351806,8402346
Geo7,2023-07-24,401547,277902,860534,4724,3239,10026,8402346,478603,0.47303194,-1.0449772,16743322,-3,0.93048984,86729,12804865
Geo7,2023-07-31,742733,1016704,1010197,8738,11848,11769,12804865,478603,0.804443,0.86269855,16781234,5,0,91363,7578710
Geo7,2023-08-07,453344,216466,1218179,5334,2523,14192,7578710,478603,1.4610167,-0.6344304,15468658,-4,1.0979894,54179,9630010
Geo7,2023-08-14,1079166,1392654,526953,12696,16229,6139,9630010,478603,1.4127975,0.000197053,17478440,0,0.51773065,274084,9090816
Geo7,2023-08-21,1781480,909332,503878,20959,10597,5870,9090816,478603,-0.8108411,0.07529795,17689672,-1,0.82873833,0,8637953
Geo7,2023-08-28,934157,1251546,742913,10990,14585,8655,8637953,478603,0.034021974,2.7768807,17035242,-4,2.4310584,766839,9269288
Geo7,2023-09-04,334451,1070449,1040316,3935,12474,12120,9269288,478603,1.4578956,-0.6595442,16717887,-1,0.54798126,170412,10124541
Geo7,2023-09-11,1611877,384122,838517,18964,4476,9769,10124541,478603,0.08947478,0.3427304,18088322,0,0.15997332,383892,11902143
Geo7,2023-09-18,1262997,763715,662576,14859,8900,7719,11902143,478603,0.8263664,0.26732212,18327038,4,0,178563,5510645
Geo7,2023-09-25,1466554,1268893,350054,17254,14787,4078,5510645,478603,0.25532794,1.113828,17985966,-3,0.38683757,228090,13153053
Geo7,2023-10-02,1282072,1444630,935084,15084,16835,10894,13153053,478603,1.099422,0.1558697,19505102,5,0.7263149,32424,12135471
Geo7,2023-10-09,735922,516621,1276889,8658,6020,14876,12135471,478603,0.5087829,-0.7853621,18808176,3,0,93169,7922938
Geo7,2023-10-16,1055568,1060469,1155801,12419,12358,13466,7922938,478603,1.3216144,-1.1252692,20905678,-5,1.9876988,145626,10495420
Geo7,2023-10-23,523091,1106961,247687,6154,12900,2886,10495420,478603,-0.6801414,0.000500411,17078724,3,1.5868908,390250,9686680
Geo7,2023-10-30,1082827,619882,647603,12739,7224,7545,9686680,478603,1.5280018,-1.6408484,17861514,-2,0.38718754,12037,12283100
Geo7,2023-11-06,1491036,1017947,517500,17542,11863,6029,12283100,478603,-0.9535884,2.3240244,19261206,1,0,287923,9519605
Geo7,2023-11-13,664713,1476529,895635,7820,17207,10434,9519605,478603,1.5682925,1.7206515,19215524,0,1.2335701,297104,8585279
Geo7,2023-11-20,1580314,1138144,687428,18592,13263,8009,8585279,478603,0.99806464,2.9816778,16723312,-2,0.19893868,467298,9181233
Geo7,2023-11-27,1066116,1181247,664116,12543,13766,7737,9181233,478603,0.43488106,0.6949007,19724914,-1,0,0,6889628
Geo7,2023-12-04,556301,886999,638960,6545,10337,7444,6889628,478603,-0.9473617,-0.49088582,17940272,-1,2.3819282,32873,11224198
Geo7,2023-12-11,1241661,418367,696922,14608,4875,8119,11224198,478603,1.1745253,-1.0903444,18567514,2,0,196165,5458828
Geo7,2023-12-18,1351154,1419796,552564,15896,16546,6438,5458828,478603,-1.3859833,1.6199641,17811900,-6,0,0,9440698
Geo7,2023-12-25,955551,1346171,941794,11242,15688,10972,9440698,478603,-0.2767033,0.31380644,16556690,0,0.616581,180575,15418293
Geo7,2024-01-01,1180166,1498502,724653,13885,17463,8442,15418293,478603,0.38835186,0.6029007,19559752,7,0,0,5943356
Geo7,2024-01-08,1286462,176920,1266652,15135,2062,14757,5943356,478603,-0.70496184,-0.6949952,16892104,-4,0,0,11409313
Geo7,2024-01-15,1022284,916859,1386751,12027,10685,16156,11409313,478603,-0.42170575,-0.3874903,17813082,1,0,0,10570791
Geo8,2021-01-25,1361902,1005281,1123586,16023,11715,13090,10570791,515234,1.0590986,0.68355143,11222807,1,0.08456862,615557,13421399
Geo8,2021-02-01,1481133,567074,1257392,17425,6608,14649,13421399,515234,-1.1201546,-0.93654895,11575783,5,0,636031,12190343
Geo8,2021-02-08,928949,1146029,1019885,10929,13355,11882,12190343,515234,-0.5485443,-1.2393553,12782348,3,0,0,5909758
Geo8,2021-02-15,644294,1571712,1101579,7580,18316,12834,5909758,515234,1.350913,-1.0820127,11333035,-5,0.5418981,0,8196099
Geo8,2021-02-22,1186043,1849831,1267642,13954,21557,14769,8196099,515234,-1.2353058,-0.68227065,11091950,-3,0,141326,8568414
Geo8,2021-03-01,1199872,671341,941955,14116,7823,10974,8568414,515234,-0.635285,-0.6435058,9608139,-2,0,0,13415897
Geo8,2021-03-08,887892,1197868,406771,10446,13959,4739,13415897,515234,1.0589979,-0.57233244,12118108,3,0,0,7377795
Geo8,2021-03-15,878363,192042,544676,10334,2238,6346,7377795,515234,0.21875787,0.09148133,11413096,-4,1.2759218,1075339,11980185
Geo8,2021-03-22,1484938,448660,230891,17470,5228,2690,11980185,515234,-0.8582604,0.090040445,13586380,4,1.0661736,395766,12573400
Geo8,2021-03-29,1402454,433628,523060,16500,5053,6094,12573400,515234,-2.0190868,-0.53126836,12750228,2,0.11301088,0,13137790
Geo8,2021-04-05,1369089,1013560,946540,16107,11812,11028,13137790,515234,0.7741282,1.8788819,13619026,4,0.25961852,3052227,11569163
Geo8,2021-04-12,1275650,1360470,1187805,15008,15854,13838,11569163,515234,-0.680246,-1.1189635,12261754,-1,0,642614,10332585
Geo8,2021-04-19,1927761,954818,571290,22680,11127,6656,10332585,515234,0.52133596,-2.856152,12026735,-1,0.2729413,0,7376338
Geo8,2021-04-26,194994,1295345,27587,2294,15095,321,7376338,515234,0.27876887,0.5288613,14617733,-6,0,596909,5367483
Geo8,2021-05-03,424068,349782,434627,4989,4076,5064,5367483,515234,0.13457474,0.08916016,12130283,-6,0.24449952,1924450,10727166
Geo8,2021-05-10,809391,817487,662168,9522,9527,7715,10727166,515234,-0.49928623,-0.88783365,13452610,-1,0.8884457,77014,10217749
Geo8,2021-05-17,838664,867063,1169850,9867,10104,13629,10217749,515234,-2.3697934,-1.6575719,11583351,-1,0,0,10936134
Geo8,2021-05-24,1264837,261070,1403299,14881,3042,16349,10936134,515234,-0.35436335,-0.88712907,11179447,1,0.39442328,0,9788361
Geo8,2021-05-31,892378,1103696,922970,10499,12862,10753,9788361,515234,-0.73958206,0.53972936,13423174,-3,0,301064,12584575
Geo8,2021-06-07,1696286,770194,1432569,19957,8975,16690,12584575,515234,0.9268148,-0.5549064,13425622,1,0,1030293,13232142
Geo8,2021-06-14,99593,909139,812498,1172,10595,9466,13232142,515234,-1.2011619,-0.51753116,12877465,3,0,0,11566772
Geo8,2021-06-21,889646,881639,1329559,10467,10274,15490,11566772,515234,0.8972501,-0.18064296,11561939,1,0.18763945,0,10914696
Geo8,2021-06-28,1523821,1595399,699235,17928,18592,8146,10914696,515234,-0.2526952,-0.05137503,13719063,1,0.2751071,1066013,12045776
Geo8,2021-07-05,953287,1185150,918142,11215,13811,10697,12045776,515234,-0.29536605,-1.9487203,12249347,2,0,0,14611807
Geo8,2021-07-12,816110,358203,173879,9602,4174,2026,14611807,515234,-0.9247352,-0.8699918,12226561,5,0,0,13720707
Geo8,2021-07-19,972771,1016487,966854,11445,11846,11264,13720707,515234,0.5646506,1.2457201,12483814,2,0,2121010,13094734
Geo8,2021-07-26,1493934,141676,615850,17576,1651,7175,13094734,515234,1.3552969,2.700843,12502653,4,0,2955369,12193471
Geo8,2021-08-02,635625,1000185,1216739,7478,11656,14175,12193471,515234,0.81779397,-0.8050987,13276515,3,0.37520954,0,12280926
Geo8,2021-08-09,449825,887987,896428,5292,10348,10444,12280926,515234,0.97253656,-0.000990033,11925063,2,0,812237,10254835
Geo8,2021-08-16,862414,1268186,1074561,10146,14779,12519,10254835,515234,-0.43644068,0.14882022,14478214,1,1.3075604,1492166,12029207
Geo8,2021-08-23,1514124,974939,761304,17814,11361,8869,12029207,515234,1.2661471,1.2993443,12693635,-1,0.6541716,169979,11194952
Geo8,2021-08-30,1013950,775236,1581854,11929,9034,18429,11194952,515234,1.7386608,0.45682073,15056572,1,0,0,7720866
Geo8,2021-09-06,1480040,760204,958738,17413,8859,11170,7720866,515234,1.9197495,0.7115677,12742852,-2,0,0,12558840
Geo8,2021-09-13,1510608,1528846,1578436,17772,17816,18389,12558840,515234,0.48287517,1.6194346,12271726,1,0.8117282,2871394,11659290
Geo8,2021-09-20,1611791,1372507,1098551,18963,15994,12799,11659290,515234,-0.30691743,-0.83478504,14086269,3,0.2651555,0,9508483
Geo8,2021-09-27,1238690,1167423,1183981,14573,13605,13794,9508483,515234,0.96408796,-0.1955325,13058030,-1,0,0,11839745
Geo8,2021-10-04,1182537,1325318,766509,13912,15445,8930,11839745,515234,-0.82069,1.6350626,12760529,2,0,673723,9858675
Geo8,2021-10-11,770709,736994,1012167,9067,8589,11792,9858675,515234,0.78062886,-1.2707871,13644487,-3,0.45456362,41917,10951499
Geo8,2021-10-18,911053,1061536,689292,10719,12371,8031,10951499,515234,1.3700788,0.49445575,12698951,0,1.080152,2214750,9862882
Geo8,2021-10-25,850615,760993,1151726,10007,8868,13418,9862882,515234,0.6101184,2.2007542,13875763,0,0,1382858,13444919
Geo8,2021-11-01,1401326,840884,1258977,16487,9799,14668,13444919,515234,0.809975,0.33470857,13090501,4,0.1174158,613352,10199162
Geo8,2021-11-08,746086,495073,1349945,8778,5769,15727,10199162,515234,0.004167259,0.4127661,12914463,1,0,630422,10534260
Geo8,2021-11-15,877591,1500261,585922,10325,17483,6826,10534260,515234,1.4917461,1.2896261,12201982,2,1.3580823,3462304,11765326
Geo8,2021-11-22,1240124,814512,770709,14590,9492,8979,11765326,515234,-0.8222219,0.8294784,12593907,2,0.03981237,409397,13688540
Geo8,2021-11-29,1640158,1167511,932294,19296,13606,10862,13688540,515234,1.6490774,-0.31195578,13656387,3,0,238341,8631027
Geo8,2021-12-06,1014687,541497,717383,11938,6310,8358,8631027,515234,-1.6715758,2.8087485,13952433,-1,3.4478283,3007382,8119014
Geo8,2021-12-13,1106334,837844,0,13016,9764,0,8119014,515234,0.3224969,-0.77201504,12043562,-3,0,0,13969067
Geo8,2021-12-20,1841416,475793,1201548,21664,5545,13998,13969067,515234,0.8448719,-1.3262146,15487519,6,2.2374468,1448726,8715890
Geo8,2021-12-27,821246,1245166,1463492,9662,14511,17050,8715890,515234,0.8439744,0.3983736,13975404,-2,0.5026346,1861224,10393489
Geo8,2022-01-03,1184348,963317,1406797,13934,11226,16390,10393489,515234,-0.9273163,0.33349103,11631123,-2,0,319826,10670705
Geo8,2022-01-10,868473,1379680,1104628,10218,16078,12869,10670705,515234,0.032630652,-0.013856232,16225135,2,0,435207,10283508
Geo8,2022-01-17,1434917,919514,1352069,16882,10716,15752,10283508,515234,-0.27506542,-0.63271666,13914429,1,0.72773135,310026,10396977
Geo8,2022-01-24,1344519,1356205,1048392,15818,15805,12214,10396977,515234,0.1639525,0.4210394,11670969,2,0,0,10166191
Geo8,2022-01-31,1471817,872628,1066512,17316,10169,12425,10166191,515234,2.9466915,0.20563847,12855699,-1,0,1375108,12293399
Geo8,2022-02-07,1388452,891650,747762,16335,10391,8712,12293399,515234,0.9222673,1.7644658,11777293,2,0.756201,813287,9848339
Geo8,2022-02-14,1621220,1026444,837887,19074,11962,9762,9848339,515234,-1.7446203,0.79255706,13225695,0,0,0,13444811
Geo8,2022-02-21,1286208,962981,711176,15132,11222,8285,13444811,515234,-1.7885988,-0.8866755,13276719,5,0,312805,7213609
Geo8,2022-02-28,1458813,1093008,632441,17163,12737,7368,7213609,515234,-0.78416634,-1.2583351,13194981,-4,0,676567,14490376
Geo8,2022-03-07,1398578,1637338,311875,16454,19081,3633,14490376,515234,-0.4828366,-2.0708842,13880362,6,0,0,11277626
Geo8,2022-03-14,776497,1194833,998642,9135,13924,11635,11277626,515234,-1.8785539,-0.7906203,12244068,3,0,368950,10501960
Geo8,2022-03-21,460965,1272541,531056,5423,14830,6187,10501960,515234,-2.2730258,-0.14164281,12617977,0,0,2113021,12537876
Geo8,2022-03-28,907146,1345050,1331934,10673,15675,15518,12537876,515234,-0.43255234,1.0138891,10933332,3,0.6478235,833944,7084214
Geo8,2022-04-04,514627,347984,759044,6055,4055,8843,7084214,515234,-1.739996,-1.5954058,12988287,-5,1.3210233,0,10102172
Geo8,2022-04-11,1300359,1148190,992555,15299,13380,11564,10102172,515234,-1.2614477,1.5190464,12513547,0,0,1121010,10332289
Geo8,2022-04-18,1034066,267046,663126,12166,3112,7726,10332289,515234,-0.613143,0.23145252,11377846,2,0,0,12655141
Geo8,2022-04-25,723831,1454081,424375,8516,16945,4944,12655141,515234,0.40451312,-1.2741605,12725155,2,0.33280224,61347,9600878
Geo8,2022-05-02,1655865,1365526,461838,19481,15913,5381,9600878,515234,1.5749072,-0.39443493,9361307,-1,0,1546519,10768928
Geo8,2022-05-09,1262753,352804,771082,14856,4111,8983,10768928,515234,-0.8487966,-0.73291874,11565455,3,2.3855557,0,7575797
Geo8,2022-05-16,1567195,1487,1369683,18438,17,15957,7575797,515234,-0.6564075,-0.1239177,13406858,-3,1.380595,1037730,12087255
Geo8,2022-05-23,1712993,447310,850862,20153,5213,9913,12087255,515234,-0.80234385,-1.6282384,11788737,3,0.7975614,0,9373651
Geo8,2022-05-30,1446307,964100,976695,17016,11235,11379,9373651,515234,-0.9030053,0.59352535,13791533,-3,0.39896494,1557249,11354308
Geo8,2022-06-06,1410060,879004,648847,16589,10243,7559,11354308,515234,-1.4568813,-0.51437485,11246772,1,0,1582137,11711833
Geo8,2022-06-13,802873,1155250,930237,9446,13463,10838,11711833,515234,-1.3702519,-0.87149966,12139990,0,1.7674161,1515901,5660523
Geo8,2022-06-20,931561,672710,22521,10960,7839,262,5660523,515234,-1.0165653,-0.41940972,12339396,-7,1.4111277,959465,6946187
Geo8,2022-06-27,698491,675469,532135,8218,7872,6200,6946187,515234,-1.3696276,-1.9446024,10234743,-5,1.8571991,0,10982612
Geo8,2022-07-04,1654098,794241,1278470,19460,9256,14895,10982612,515234,-1.3991657,-1.6628563,13859980,-1,0.70302826,194811,11188520
Geo8,2022-07-11,1203085,1430915,1394312,14154,16675,16244,11188520,515234,-2.017251,-1.7099109,12332328,2,0.5683934,0,8071215
Geo8,2022-07-18,1079583,692627,739930,12701,8072,8620,8071215,515234,-2.1886818,0.38148564,13957633,0,0,0,12668635
Geo8,2022-07-25,1115291,1048031,1130297,13121,12213,13168,12668635,515234,0.0826346,1.7924197,12214891,2,0,1519641,9372985
Geo8,2022-08-01,1620652,599279,517710,19067,6984,6032,9372985,515234,-0.80559003,1.992719,12573119,-1,0,559876,9203671
Geo8,2022-08-08,1133956,547636,937269,13341,6382,10920,9203671,515234,-0.8723564,0.98406273,12503022,1,0.0627721,697019,7984427
Geo8,2022-08-15,977889,441984,828822,11505,5151,9656,7984427,515234,0.5499358,0.291475,13656169,-2,0.667841,409994,10933605
Geo8,2022-08-22,1494520,1307782,1003026,17583,15240,11686,10933605,515234,1.3758973,1.753999,13482637,0,0.2941872,996765,11866027
Geo8,2022-08-29,949655,1031292,784197,11173,12018,9136,11866027,515234,0.25273857,0.41706556,12921535,3,0,480410,9951361
Geo8,2022-09-05,1338584,826754,1191496,15748,9635,13881,9951361,515234,-1.823461,1.2453798,12731355,4,0.9270689,834063,9284080
Geo8,2022-09-12,970736,638994,1614405,11421,7447,18808,9284080,515234,-0.089374244,-0.37370566,15474171,-4,0,0,7319543
Geo8,2022-09-19,674481,1366778,868026,7935,15928,10113,7319543,515234,2.3789275,0.6075096,14519788,-5,1.4806182,1126684,8683501
Geo8,2022-09-26,560787,1907828,1330784,6598,22233,15504,8683501,515234,-1.2062669,-0.34891045,11501759,-2,2.5245147,2121488,11874707
Geo8,2022-10-03,1351950,775634,976961,15906,9039,11382,11874707,515234,2.784189,0.9736779,11165032,1,0,1935930,12961826
Geo8,2022-10-10,1776556,1100068,522705,20901,12820,6090,12961826,515234,1.3074578,-0.9880415,13184487,4,0.743422,0,11392013
Geo8,2022-10-17,921117,388958,541757,10837,4533,6312,11392013,515234,1.7746725,-0.8223822,10386156,1,0,787065,12841402
Geo8,2022-10-24,1154280,845149,413843,13580,9849,4821,12841402,515234,0.1373382,0.70574516,12747396,4,1.3497603,1249082,10456052
Geo8,2022-10-31,1370588,931669,1317822,16125,10857,15353,10456052,515234,2.1966796,-0.022046685,13092852,4,0.069474086,714593,14470728
Geo8,2022-11-07,1347402,291553,669410,15852,3398,7799,14470728,515234,0.27137363,0.84264076,13342916,3,1.3657165,1910725,7529968
Geo8,2022-11-14,1421624,712675,162433,16725,8305,1892,7529968,515234,1.1749036,2.0524185,12920841,-4,0.6774639,1787119,11180191
Geo8,2022-11-21,1531931,1154909,604185,18023,13459,7039,11180191,515234,0.28731993,2.0626426,11583113,1,0.13982296,896680,6165463
Geo8,2022-11-28,901054,663693,1343944,10601,7734,15657,6165463,515234,1.3067266,-0.92608756,12843362,-3,0.71365094,1022889,13020523
Geo8,2022-12-05,1174986,1468653,1052348,13824,17115,12260,13020523,515234,0.3705246,0.44167456,14173176,5,0.104012266,1187111,12932410
Geo8,2022-12-12,1546420,1141860,730042,18194,13307,8505,12932410,515234,-0.52088296,0.120017245,15392958,2,0,0,10716633
Geo8,2022-12-19,1394342,1588262,1261008,16404,18509,14691,10716633,515234,0.9762705,0.30350477,13444153,-1,0,855685,12825228
Geo8,2022-12-26,1556335,1457850,1112340,18310,16989,12959,12825228,515234,1.7667186,-0.32571238,12388509,2,0.89574826,1363722,11862584
Geo8,2023-01-02,1023476,1479689,607921,12041,17244,7083,11862584,515234,2.5309925,1.9213994,14102363,2,1.5341299,2298198,13579215
Geo8,2023-01-09,1270874,1205602,591528,14952,14049,6892,13579215,515234,-0.43696624,-2.15849,12168885,5,0.23674154,0,8925935
Geo8,2023-01-16,971281,357023,484055,11427,4161,5639,8925935,515234,0.6343063,-0.36433735,11655631,-1,0,0,11234898
Geo8,2023-01-23,760676,989983,916356,8949,11537,10676,11234898,515234,0.5570331,-1.7786427,14590157,1,0,0,9331944
Geo8,2023-01-30,755824,1099239,736824,8892,12810,8584,9331944,515234,-1.8628402,0.7390536,11700954,1,0,164957,8631416
Geo8,2023-02-06,1438571,737651,2115556,16925,8596,24647,8631416,515234,-0.4526292,-1.8557472,12879460,-4,0,0,11826474
Geo8,2023-02-13,1350218,738863,654244,15885,8610,7622,11826474,515234,0.95378256,0.67232174,14164186,1,0.32515597,1423144,11250000
Geo8,2023-02-20,938353,820859,324005,11040,9566,3775,11250000,515234,-0.59497774,1.6625819,11609637,2,0,1106922,8473028
Geo8,2023-02-27,745053,1050038,914640,8766,12237,10656,8473028,515234,0.80300546,-1.4891822,12752730,-4,0,0,8724381
Geo8,2023-03-06,1451299,493591,163934,17074,5752,1910,8724381,515234,-1.1263102,-0.36038318,11366214,0,0.7554356,0,7844605
Geo8,2023-03-13,1233585,2083143,278616,14513,24276,3246,7844605,515234,-0.81674945,-1.4443967,12409793,-4,0,711221,12254165
Geo8,2023-03-20,1365486,1561664,1224591,16065,18199,14267,12254165,515234,-1.8492758,-0.4709015,11216334,3,0.6511764,0,11962791
Geo8,2023-03-27,1638760,533995,1216092,19280,6223,14168,11962791,515234,-2.2854538,-0.22316812,13843604,2,0.27271014,0,7570960
Geo8,2023-04-03,1647664,498009,637137,19385,5804,7423,7570960,515234,-0.047887146,-0.78960276,11688688,-4,0,0,11125154
Geo8,2023-04-10,1155728,954253,1506322,13597,11120,17549,11125154,515234,-0.67515385,-2.2362065,13382386,3,0.07277622,0,10085205
Geo8,2023-04-17,1538826,738646,1180322,18104,8608,13751,10085205,515234,-1.2538717,-1.3994877,13231160,-2,0,0,11403046
Geo8,2023-04-24,1171272,940971,899119,13780,10966,10475,11403046,515234,1.0163994,-0.900715,12179281,2,0.836439,0,7366413
Geo8,2023-05-01,1142905,1171789,1074222,13446,13655,12515,7366413,515234,-0.78528273,-1.1150796,14536793,-5,0,0,4268423
Geo8,2023-05-08,1316478,615837,1059702,15488,7177,12346,4268423,515234,-1.3436573,-1.6417341,11715981,-10,0.99986637,0,9470429
Geo8,2023-05-15,1369217,1376571,1133568,16109,16042,13206,9470429,515234,-0.11932927,-0.7428969,13768771,-3,0.17425942,0,11305112
Geo8,2023-05-22,615685,238469,1712700,7244,2779,19954,11305112,515234,-0.9884391,-1.4177783,12191821,0,1.4153409,0,11494905
Geo8,2023-05-29,577494,1089795,657462,6794,12700,7660,11494905,515234,0.66289854,1.1043683,14325941,0,1.961065,3046286,11070614
Geo8,2023-06-05,806620,1282831,364219,9490,14949,4243,11070614,515234,-1.3685993,1.9755116,11864041,0,0,220684,5658670
Geo8,2023-06-12,1265277,927931,296595,14886,10814,3455,5658670,515234,-1.2158184,0.64274687,12398473,-5,1.2417953,1618364,9880667
Geo8,2023-06-19,651729,886445,585906,7668,10330,6826,9880667,515234,1.3928697,-0.5797859,11424606,-1,0.7741777,1449540,15574449
Geo8,2023-06-26,953407,825293,1176595,11217,9618,13708,15574449,515234,0.41273993,-0.865648,11377492,5,0,0,14799336
Geo8,2023-07-03,1564787,1248500,594050,18410,14549,6921,14799336,515234,-0.58773804,2.1088486,11640129,5,0,1413530,12287741
Geo8,2023-07-10,771076,1155735,0,9072,13468,0,12287741,515234,-0.47094232,-0.61875427,12658489,0,0,0,11438285
Geo8,2023-07-17,1031986,1218138,529607,12141,14196,6170,11438285,515234,-1.2701368,1.4816614,12375094,2,0.9750675,1438135,12098960
Geo8,2023-07-24,652546,647159,605566,7677,7542,7055,12098960,515234,0.11759293,2.3494635,12954794,2,0.36440206,1441883,12079045
Geo8,2023-07-31,838415,959674,1013082,9864,11184,11803,12079045,515234,0.90985495,-0.90040785,12262383,2,0.027253151,0,9394546
Geo8,2023-08-07,691984,784412,553804,8141,9141,6452,9394546,515234,1.240968,0.5337309,11722570,-2,1.0279156,2062250,9059649
Geo8,2023-08-14,1256579,1217304,850745,14784,14186,9912,9059649,515234,1.6663324,-0.743162,13947042,-1,0,0,10835669
Geo8,2023-08-21,1522744,1248058,1066865,17915,14544,12429,10835669,515234,-0.084283024,0.057339728,12679664,0,0,1630519,14493922
Geo8,2023-08-28,1196225,945441,532299,14074,11018,6201,14493922,515234,0.96197885,1.769906,12405118,4,0.41173944,2587777,10716206
Geo8,2023-09-04,1150098,974690,934576,13531,11359,10888,10716206,515234,3.1020942,-0.21614093,12319517,0,0,1943453,11943259
Geo8,2023-09-11,1706176,1015929,512009,20073,11839,5965,11943259,515234,-1.2659931,-0.6241927,13888197,2,0.82375145,2116026,10037754
Geo8,2023-09-18,1264682,830616,572856,14879,9680,6674,10037754,515234,0.65676,0.26247415,13404993,0,2.3278735,309385,10616073
Geo8,2023-09-25,1749605,1556678,255823,20584,18141,2980,10616073,515234,-0.5294082,0.6692539,13137570,3,0.17881043,414477,10937543
Geo8,2023-10-02,1282992,877196,1084154,15094,10222,12631,10937543,515234,-1.3165262,2.1918633,14184969,0,0,445205,9741114
Geo8,2023-10-09,544848,767257,991214,6410,8941,11548,9741114,515234,0.3923253,1.2118876,13279057,-2,0.54468876,2445194,11336839
Geo8,2023-10-16,1060956,906983,579111,12482,10570,6747,11336839,515234,1.6998968,2.035557,15358122,0,1.204669,2255997,7833562
Geo8,2023-10-23,758342,613535,451528,8922,7150,5260,7833562,515234,-0.17638427,-1.1862019,11990575,-3,0,0,11574919
Geo8,2023-10-30,631482,657882,777707,7429,7667,9061,11574919,515234,0.7772698,0.06338751,13405580,0,0,1916880,13891869
Geo8,2023-11-06,675414,1361440,1195656,7946,15866,13930,13891869,515234,0.38441145,0.8659534,13215717,3,0.35394323,1072469,11311337
Geo8,2023-11-13,601910,820388,733538,7081,9560,8546,11311337,515234,1.5015453,0.38294652,13720633,1,1.6284661,2526637,8179396
Geo8,2023-11-20,1206640,1110676,1029128,14196,12943,11990,8179396,515234,-0.012352794,-0.7712091,10574060,-3,0.7370609,0,11674587
Geo8,2023-11-27,1449626,607634,360787,17055,7081,4203,11674587,515234,-0.58508074,2.0967617,14219772,2,0,1022887,7526859
Geo8,2023-12-04,925050,925235,1024333,10883,10782,11934,7526859,515234,0.4740049,0.49694976,12895428,-3,2.1869764,0,9035885
Geo8,2023-12-11,923777,326807,1127180,10868,3808,13132,9035885,515234,-0.010679394,-1.2798471,12932857,-2,0,922287,6541961
Geo8,2023-12-18,1150334,905434,540738,13534,10551,6300,6541961,515234,-0.32901642,0.89892006,11840547,-5,0.34158432,182061,8070879
Geo8,2023-12-25,1326227,767884,560506,15603,8949,6530,8070879,515234,1.606319,0.1983836,10677909,-3,1.1097355,1043505,11344113
Geo8,2024-01-01,995383,866616,75492,11711,10099,880,11344113,515234,-0.8320787,-0.8956262,13132659,-1,0,0,10241318
Geo8,2024-01-08,1416411,112353,555608,16664,1309,6473,10241318,515234,-0.46867025,-0.26229727,10874135,3,1.3098788,1005354,13476006
Geo8,2024-01-15,1047159,933754,1479562,12320,10881,17237,13476006,515234,-0.90789783,-0.6708436,13059876,4,0,406295,8541899
Geo9,2021-01-25,1067375,223279,767704,12558,2602,8944,8541899,418599,-1.0804354,-0.90550774,7746178,0,0.30171776,46459,7857252
Geo9,2021-02-01,696140,822207,932617,8190,9582,10865,7857252,418599,-0.89106315,0.45188418,7673918,0,0.9744651,0,10671554
Geo9,2021-02-08,1078410,1027253,1212032,12687,11971,14121,10671554,418599,0.74462914,-0.9293853,9353037,2,0,0,8390757
Geo9,2021-02-15,611762,822768,862098,7197,9588,10044,8390757,418599,1.8322456,0.55785465,7980384,1,0,0,10750799
Geo9,2021-02-22,689206,1260883,743616,8108,14694,8663,10750799,418599,-0.59246933,-0.39991152,7409242,4,0,0,8583394
Geo9,2021-03-01,927192,486867,578399,10908,5674,6739,8583394,418599,0.5237316,-0.7806299,6647448,0,1.3647321,0,9923048
Geo9,2021-03-08,1034119,612094,623093,12166,7133,7259,9923048,418599,2.138403,-0.554777,8819395,1,0,480911,8335315
Geo9,2021-03-15,794761,575241,473392,9350,6704,5515,8335315,418599,-0.5732536,-2.926079,8288572,0,0,0,9527563
Geo9,2021-03-22,1014429,684506,664113,11935,7977,7737,9527563,418599,-0.01319766,-1.0491078,9978809,2,0.3080923,0,8747080
Geo9,2021-03-29,1090008,419570,338725,12824,4889,3946,8747080,418599,-0.68182194,-0.7750008,9126188,-1,0,0,12317729
Geo9,2021-04-05,1401788,667136,974796,16492,7774,11357,12317729,418599,-0.3335025,-0.2536638,10288480,7,0,600813,9924627
Geo9,2021-04-12,536174,542529,621408,6308,6322,7240,9924627,418599,0.28037012,-1.8067291,9059838,0,0,0,9208626
Geo9,2021-04-19,1374485,858179,659142,16171,10001,7679,9208626,418599,0.53296286,-1.0321553,8483861,1,0,433117,9096992
Geo9,2021-04-26,519056,789049,0,6107,9195,0,9096992,418599,-2.0288339,0.5945278,11014556,0,0,322754,5946465
Geo9,2021-05-03,640411,458449,698591,7534,5343,8139,5946465,418599,0.33417165,-0.053069845,9292753,-2,0.30350876,176128,10556460
Geo9,2021-05-10,781546,630074,1013053,9195,7343,11802,10556460,418599,0.000346601,-0.601834,10552711,3,0.029274382,0,8843582
Geo9,2021-05-17,1003397,982683,828011,11805,11452,9647,8843582,418599,-1.2746283,-0.7450414,8696608,0,0,0,7128063
Geo9,2021-05-24,970548,318245,471524,11418,3709,5493,7128063,418599,1.1164851,1.5120053,8125180,-2,1.8182386,610021,8620703
Geo9,2021-05-31,856411,708063,682766,10076,8251,7954,8620703,418599,-1.2884552,1.7962272,10324545,-2,0,201875,10212365
Geo9,2021-06-07,1098639,1000170,881814,12925,11655,10273,10212365,418599,0.3479541,-0.602201,9996016,1,0,295699,8749562
Geo9,2021-06-14,627600,257414,781494,7384,3000,9105,8749562,418599,-0.59444034,-1.9228952,9844498,-1,0.44272894,0,7404604
Geo9,2021-06-21,445608,635868,1023502,5243,7410,11924,7404604,418599,-0.72796685,-0.6336055,8638517,-3,1.338173,169180,8342396
Geo9,2021-06-28,1120140,691270,782230,13178,8056,9113,8342396,418599,0.48007965,-0.24079683,10585470,0,1.3473129,27575,10812096
Geo9,2021-07-05,1095971,740910,747746,12894,8634,8712,10812096,418599,-1.5769895,-0.3885073,8999334,3,0.32843518,0,9713237
Geo9,2021-07-12,808572,421364,456864,9513,4910,5323,9713237,418599,-3.0221758,-0.58226633,9794747,1,0,0,10361901
Geo9,2021-07-19,457948,611617,531312,5388,7127,6190,10361901,418599,0.24053311,1.4272698,9708090,1,0,498102,10214126
Geo9,2021-07-26,1309909,899604,520904,15411,10484,6069,10214126,418599,0.3419419,-1.1955141,9120251,3,0,0,11039009
Geo9,2021-08-02,1007814,1071438,819527,11857,12486,9548,11039009,418599,0.44198662,1.4756868,9965196,4,0.5250521,18760,11204327
Geo9,2021-08-09,705177,645360,806785,8296,7521,9399,11204327,418599,0.9588069,0.55060744,9192122,4,0.20976603,551608,4822265
Geo9,2021-08-16,672704,841724,714943,7914,9809,8329,4822265,418599,-0.26695025,1.2461315,10631165,-6,1.7359434,768593,8929276
Geo9,2021-08-23,1045425,1190668,845092,12299,13875,9846,8929276,418599,0.16783363,2.697062,9929834,-2,1.7107627,877680,10007453
Geo9,2021-08-30,680647,847252,1084758,8008,9873,12638,10007453,418599,1.332756,-1.5310969,11141065,2,0.38234392,157160,5657446
Geo9,2021-09-06,921592,620765,1260128,10842,7234,14681,5657446,418599,0.640164,-0.28574795,9326787,-2,0,0,10938717
Geo9,2021-09-13,413613,731730,1110199,4866,8527,12934,10938717,418599,-0.5138117,0.28583902,8498521,3,1.6155167,228525,9813775
Geo9,2021-09-20,1156479,876897,738062,13606,10219,8599,9813775,418599,0.69546914,1.0022444,10397538,3,1.0504198,476392,8347329
Geo9,2021-09-27,955862,1167726,689939,11246,13608,8038,8347329,418599,0.39058292,1.7072718,9506729,0,0,30078,10244983
Geo9,2021-10-04,952016,585416,576905,11200,6822,6721,10244983,418599,2.3968601,-0.7624855,8863497,2,0.89942515,279353,8931018
Geo9,2021-10-11,745211,403071,814598,8767,4697,9490,8931018,418599,0.23448968,0.5118696,10419264,-1,1.1987472,0,8266828
Geo9,2021-10-18,606283,636202,646580,7133,7414,7533,8266828,418599,0.098029196,-0.4820806,9195830,-2,0,232952,8087309
Geo9,2021-10-25,1357297,620110,753397,15969,7226,8777,8087309,418599,1.6438503,1.7334996,10345976,-1,0,94241,9954499
Geo9,2021-11-01,1029906,1062755,746270,12117,12385,8694,9954499,418599,2.444985,-0.69359124,9145944,1,0.95718384,0,5889430
Geo9,2021-11-08,571092,877002,356862,6719,10220,4158,5889430,418599,0.03807658,2.4408135,9651305,-4,2.750431,1026469,8749747
Geo9,2021-11-15,1103592,887490,608910,12984,10342,7094,8749747,418599,0.09832811,1.9868268,9263457,3,0,652813,9079404
Geo9,2021-11-22,1011528,1146247,566105,11901,13358,6595,9079404,418599,0.46884438,-0.045586333,9650164,1,0,25575,11455461
Geo9,2021-11-29,1424170,544293,550603,16755,6343,6415,11455461,418599,-0.88930124,-0.633015,10069221,4,0,0,9413358
Geo9,2021-12-06,1528372,424052,821064,17981,4942,9566,9413358,418599,-0.028387487,0.40777302,11057994,3,1.5044501,627906,7732245
Geo9,2021-12-13,834192,691711,597491,9814,8061,6961,7732245,418599,-0.78275806,-0.1595287,9734518,-1,0,101348,8392889
Geo9,2021-12-20,1576968,587730,841865,18553,6849,9808,8392889,418599,-2.2031586,-0.70357144,11815444,0,0,343552,6940463
Geo9,2021-12-27,1213144,1165487,843199,14273,13582,9824,6940463,418599,1.7679204,0.38671267,10597010,-1,1.1578382,278074,4990410
Geo9,2022-01-03,1162024,1173433,591808,13671,13675,6895,4990410,418599,-2.7759068,3.2188745,9315207,-9,0.08441976,27797,7176865
Geo9,2022-01-10,829622,722784,628895,9760,8423,7327,7176865,418599,-0.56266135,1.5455074,12527600,-1,0.494992,165328,6289915
Geo9,2022-01-17,941466,925716,531533,11076,10788,6193,6289915,418599,-1.0252526,-0.5999123,10767130,-3,0,105192,12479156
Geo9,2022-01-24,1350768,865459,755634,15892,10086,8803,12479156,418599,1.0429097,-1.6509836,9344003,10,0,0,11403054
Geo9,2022-01-31,984140,657936,871407,11578,7667,10152,11403054,418599,0.08920583,-0.34013608,9693553,4,0,300118,11355313
Geo9,2022-02-07,1447858,807978,1480745,17034,9416,17251,11355313,418599,-2.8407316,-1.080823,9078698,3,0.14376554,0,8529323
Geo9,2022-02-14,418978,414956,895333,4929,4836,10431,8529323,418599,3.7371893,1.358474,9688665,2,0,0,8768622
Geo9,2022-02-21,764001,717050,231836,8988,8356,2701,8768622,418599,-0.39265224,1.2994887,9817575,0,0.11220333,871213,6675403
Geo9,2022-02-28,1334767,723837,764523,15703,8435,8907,6675403,418599,0.3088014,-0.6759647,9561354,-3,0.045856833,0,9062401
Geo9,2022-03-07,897922,1156694,82931,10564,13480,966,9062401,418599,0.3491532,-2.0354922,10505601,1,0,0,6716435
Geo9,2022-03-14,755142,603169,829250,8884,7029,9661,6716435,418599,-1.2409532,0.9669231,9329530,-1,0,624368,7647680
Geo9,2022-03-21,279490,201949,335104,3288,2353,3904,7647680,418599,-1.0982515,-0.98485434,9068266,-1,0.038344447,230264,7346181
Geo9,2022-03-28,634640,996834,945790,7467,11617,11019,7346181,418599,-2.6678514,-0.15467402,7740812,-2,1.2239778,432547,10904767
Geo9,2022-04-04,480748,634384,1413027,5656,7393,16462,10904767,418599,-0.0929877,1.7940993,8955724,5,0.4874394,530228,9261417
Geo9,2022-04-11,1083909,528183,1279423,12752,6155,14906,9261417,418599,0.04194212,1.0418173,9178705,1,0,101685,6962632
Geo9,2022-04-18,859821,691901,336666,10116,8063,3922,6962632,418599,-0.4735274,0.5832923,8243080,-1,0.31808662,96100,6804968
Geo9,2022-04-25,888700,1014552,35134,10456,11823,409,6804968,418599,-0.49339557,-1.0137116,9407335,-4,0.6283778,51309,8185934
Geo9,2022-05-02,1135766,672125,589010,13362,7833,6862,8185934,418599,-0.52766156,1.0651569,6645912,-1,0,0,6338067
Geo9,2022-05-09,979125,453339,694118,11519,5283,8087,6338067,418599,-1.5110037,0.30140197,8371678,-2,0,198203,8074353
Geo9,2022-05-16,1286066,128529,1093625,15131,1498,12741,8074353,418599,0.08614786,0.21114618,9895656,0,0.2072275,284340,13251882
Geo9,2022-05-23,1340416,280613,432604,15770,3270,5040,13251882,418599,1.1905715,0.776242,8540734,8,1.6120273,390629,8256054
Geo9,2022-05-30,1081467,589288,1061633,12723,6867,12368,8256054,418599,-2.279492,-1.6937683,10890224,-2,0.001132667,239769,9133440
Geo9,2022-06-06,1248737,643353,1262896,14691,7497,14713,9133440,418599,0.2229088,0.87163883,8332826,0,0,954757,7279233
Geo9,2022-06-13,515422,492454,781224,6064,5739,9102,7279233,418599,0.7283438,-0.8610446,9605030,-5,0,32317,7184759
Geo9,2022-06-20,1205685,890574,402864,14185,10378,4694,7184759,418599,-1.1810703,-0.086099386,9412294,-3,0.635821,0,9670331
Geo9,2022-06-27,945456,707099,1058735,11123,8240,12335,9670331,418599,0.6754524,-1.1678814,7593435,3,0.79041183,0,10493211
Geo9,2022-07-04,1362728,222750,670914,16032,2596,7816,10493211,418599,-0.03818456,-0.36496118,10581110,1,0.83319366,488517,7058063
Geo9,2022-07-11,961178,553410,1052396,11308,6449,12261,7058063,418599,-2.0392475,-0.07596056,9679209,-2,0.9397415,274643,8215013
Geo9,2022-07-18,663956,652900,475194,7811,7609,5536,8215013,418599,-0.5757983,-0.19852413,10660315,2,0,0,9745935
Geo9,2022-07-25,511523,899183,961424,6018,10479,11201,9745935,418599,-0.029253066,-0.12309718,8698770,1,0.10151735,0,9697073
Geo9,2022-08-01,1164970,619468,630187,13706,7219,7342,9697073,418599,-1.0779476,1.2441221,9694397,3,1.3151146,525656,7939822
Geo9,2022-08-08,1242261,550037,1019779,14615,6410,11881,7939822,418599,0.97457254,-1.5596101,9464655,1,0.3553049,0,9891555
Geo9,2022-08-15,750421,612224,1235654,8829,7135,14396,9891555,418599,-0.68240935,0.2170243,10519593,3,1.6786749,87909,9021750
Geo9,2022-08-22,1242825,1313165,523131,14622,15303,6095,9021750,418599,-1.4415818,1.0736157,10131357,1,0.6566811,393826,8831888
Geo9,2022-08-29,1020270,1137974,439270,12003,13261,5118,8831888,418599,0.6046767,1.641362,9797580,1,0.4638558,1325691,4842193
Geo9,2022-09-05,1095183,642888,868630,12885,7492,10120,4842193,418599,1.4324735,1.6369312,9512721,-3,0,0,9348139
Geo9,2022-09-12,604603,837416,964601,7113,9759,11238,9348139,418599,2.0698242,1.7307829,11695952,0,0.5797995,722961,11091745
Geo9,2022-09-19,1116812,1176038,855304,13139,13705,9965,11091745,418599,1.266293,0.15042564,10651155,3,0.6956823,477151,5046707
Geo9,2022-09-26,613275,1214693,1156829,7215,14155,13477,5046707,418599,-0.21231931,0.92745465,8570417,-6,1.0319655,44773,8912586
Geo9,2022-10-03,886778,706893,1177500,10433,8238,13718,8912586,418599,2.4462857,0.4075241,8603760,0,0,78435,5973181
Geo9,2022-10-10,1172040,328727,483254,13789,3831,5630,5973181,418599,1.3867542,-0.16260016,9897833,-5,0.24288625,234779,9298917
Geo9,2022-10-17,1330047,946430,580886,15648,11029,6768,9298917,418599,1.0140908,0.2906666,7762775,0,1.1653899,157666,5759486
Geo9,2022-10-24,978412,768836,353460,11511,8960,4118,5759486,418599,1.0119609,0.7539257,10056007,-5,0,293887,6765975
Geo9,2022-10-31,851396,471791,826257,10017,5498,9626,6765975,418599,0.20177245,-1.4459422,9956116,1,1.3220665,154651,12401286
Geo9,2022-11-07,1363198,282967,481958,16038,3298,5615,12401286,418599,0.49909577,1.9560232,9987298,4,0.6910941,401056,7958864
Geo9,2022-11-14,746236,892642,776803,8779,10402,9050,7958864,418599,2.7820854,-0.788705,9711265,-1,0,152792,8957826
Geo9,2022-11-21,1409027,735360,251491,16577,8570,2930,8957826,418599,0.6372048,-0.024961144,8580841,0,0.43836677,613767,5490696
Geo9,2022-11-28,737058,609513,943401,8671,7103,10991,5490696,418599,-0.38413793,-1.8872962,10074445,-3,0.7022659,0,7111492
Geo9,2022-12-05,951592,1066722,456577,11195,12431,5319,7111492,418599,-0.8871411,0.24331424,11190396,-2,0,538962,7274508
Geo9,2022-12-12,893147,948670,927589,10508,11055,10807,7274508,418599,-0.31713048,1.0931606,11774822,-3,0,0,9331787
Geo9,2022-12-19,1009174,803236,788717,11873,9360,9189,9331787,418599,-1.4268688,0.64912355,9448946,1,0,0,10839912
Geo9,2022-12-26,1093836,792436,610173,12869,9235,7109,10839912,418599,1.358055,-1.4354297,9267907,0,1.7315925,173245,5277487
Geo9,2023-01-02,662220,737303,263868,7791,8592,3074,5277487,418599,-0.88436794,1.1313195,10532125,-6,0.07513076,422437,9124924
Geo9,2023-01-09,1355718,614174,163800,15950,7157,1908,9124924,418599,1.0418026,1.1685009,8905600,1,0,697611,7953366
Geo9,2023-01-16,915512,607859,202485,10771,7084,2359,7953366,418599,0.31045,-2.1259723,8851856,0,0.000116494,0,11150915
Geo9,2023-01-23,1008350,1193051,1174726,11863,13903,13686,11150915,418599,0.9336126,-0.54449713,10972805,5,0,0,7701776
Geo9,2023-01-30,102296,897246,680222,1204,10456,7925,7701776,418599,0.21260846,0.53115994,8054456,2,0,367735,8132550
Geo9,2023-02-06,1174959,770744,1608241,13823,8982,18737,8132550,418599,-2.897845,0.951939,9558665,-2,0,0,7985784
Geo9,2023-02-13,791165,728320,669112,9308,8487,7795,7985784,418599,0.34778377,-1.3364787,10653386,-3,0.040627405,0,7013746
Geo9,2023-02-20,1018120,535452,584206,11978,6240,6806,7013746,418599,-1.7023772,-1.4770277,8552634,-1,1.8170123,0,9959938
Geo9,2023-02-27,1011810,455655,359346,11904,5310,4187,9959938,418599,0.5990143,-0.29764676,9984269,2,0,0,6846853
Geo9,2023-03-06,1666260,430310,618839,19603,5015,7210,6846853,418599,-2.530797,-1.0833439,8776793,-1,0.051157176,0,9700569
Geo9,2023-03-13,989999,1381906,375766,11647,16104,4378,9700569,418599,-1.6943915,-0.4598943,9524002,2,0,596844,6799843
Geo9,2023-03-20,1135644,1064912,738240,13361,12410,8601,6799843,418599,-2.9846916,2.063071,8739068,-4,0,194426,11455707
Geo9,2023-03-27,1213582,376907,974702,14278,4392,11356,11455707,418599,-2.1677275,-1.4348843,10021501,4,1.0337366,0,9867500
Geo9,2023-04-03,1332830,102780,677898,15681,1198,7898,9867500,418599,-2.2900872,-0.22627595,8814818,2,0,258445,8960160
Geo9,2023-04-10,878392,1409116,533946,10334,16421,6221,8960160,418599,0.37541914,-0.32137507,9788896,2,1.0501255,0,9701128
Geo9,2023-04-17,1056605,670408,655593,12431,7813,7638,9701128,418599,-0.0368796,0.058287144,9894998,1,0,0,9837797
Geo9,2023-04-24,1441092,969774,932981,16954,11301,10870,9837797,418599,-0.24221379,-0.37371862,9026708,2,1.3431991,13793,8808178
Geo9,2023-05-01,1107760,847306,1009093,13033,9874,11756,8808178,418599,-0.49320474,-0.27776188,10940507,0,0,0,8767994
Geo9,2023-05-08,683949,656939,396650,8047,7656,4621,8767994,418599,-1.3481728,0.04233104,8771766,0,0.8680348,506153,8337177
Geo9,2023-05-15,1016787,685855,1174253,11962,7993,13680,8337177,418599,-0.5520719,-1.0573717,10487929,-2,0,243071,7761938
Geo9,2023-05-22,560191,360648,1139875,6591,4203,13280,7761938,418599,-0.96043396,-1.2152383,9286803,-3,0.8474025,0,8635791
Geo9,2023-05-29,577324,924967,384623,6792,10779,4481,8635791,418599,0.9153249,-0.4533681,10857121,-2,1.6040596,747031,8043416
Geo9,2023-06-05,442303,613919,0,5204,7154,0,8043416,418599,-1.0045356,2.0548058,8491483,-2,0,176949,6967222
Geo9,2023-06-12,393013,503020,400247,4624,5862,4663,6967222,418599,-1.5553883,-1.4238906,9060676,-2,0,297860,8528794
Geo9,2023-06-19,707523,443451,431348,8324,5168,5025,8528794,418599,-0.97500974,0.37335122,8206942,0,1.4233963,41655,11974665
Geo9,2023-06-26,492918,648928,738646,5799,7562,8606,11974665,418599,-0.2694709,0.4740337,8184489,3,0,198219,10570128
Geo9,2023-07-03,847912,817596,64773,9976,9528,755,10570128,418599,-1.2205985,0.70730686,7893780,2,0.10326666,0,8679420
Geo9,2023-07-10,525931,784067,86661,6188,9137,1010,8679420,418599,-1.1380424,-0.26614782,9381015,-2,0,0,9446987
Geo9,2023-07-17,1170010,790864,777447,13765,9216,9058,9446987,418599,-1.154627,0.15076663,9115746,2,1.3101285,558328,9282337
Geo9,2023-07-24,0,219507,580963,0,2558,6768,9282337,418599,-0.006865189,-0.35452026,8553928,2,1.3306484,694331,6146284
Geo9,2023-07-31,709754,786976,788421,8350,9171,9185,6146284,418599,2.3437092,-0.078417554,8766724,-4,1.3797492,514218,5577931
Geo9,2023-08-07,808750,457960,99373,9515,5337,1158,5577931,418599,-1.0258785,-0.501733,8389714,-6,3.003806,67737,10962954
Geo9,2023-08-14,1235140,890007,864299,14531,10372,10069,10962954,418599,2.628023,1.4260893,10171255,5,0,440739,7474630
Geo9,2023-08-21,1093781,665911,301908,12868,7760,3517,7474630,418599,-0.9677924,-0.49715796,9296111,-2,0.872533,178887,9317311
Geo9,2023-08-28,991178,567409,760245,11661,6612,8857,9317311,418599,-0.27212143,1.3010154,9142413,0,0,334336,10051716
Geo9,2023-09-04,979994,1100262,873816,11530,12822,10180,10051716,418599,-0.54886925,-0.34635037,9618739,2,1.3053792,453949,10731795
Geo9,2023-09-11,1627835,675462,491812,19151,7871,5730,10731795,418599,0.12801847,-1.327606,10432307,4,0,0,11803102
Geo9,2023-09-18,1338485,904346,818326,15747,10539,9534,11803102,418599,-0.21076155,0.5338047,10586514,6,0,0,4970243
Geo9,2023-09-25,1132472,1330985,454950,13323,15511,5300,4970243,418599,0.7772126,-1.017746,9791078,-3,0,0,7921229
Geo9,2023-10-02,1116883,1118358,858969,13140,13033,10007,7921229,418599,-0.9731513,-0.18372008,10822444,-2,1.4937772,510264,9829638
Geo9,2023-10-09,851647,631020,1072769,10020,7354,12498,9829638,418599,0.9893186,0.604949,10147960,0,0,749064,9270001
Geo9,2023-10-16,705970,657002,767018,8306,7656,8936,9270001,418599,0.034514308,2.0561519,11696636,0,1.9108422,900285,8887022
Geo9,2023-10-23,705742,292537,773261,8303,3409,9009,8887022,418599,-2.338077,-0.89018774,9440857,1,0,377793,9177478
Geo9,2023-10-30,797814,805864,838508,9386,9391,9769,9177478,418599,-0.0631184,-2.7773297,10187489,-1,0.55341536,18124,11592860
Geo9,2023-11-06,987330,934136,865687,11616,10886,10086,11592860,418599,-0.44554627,2.757186,10339238,2,0.447927,730744,8586346
Geo9,2023-11-13,668875,1254211,654445,7869,14616,7625,8586346,418599,-1.6919506,0.41509745,10764789,-2,0.909744,289943,8729655
Geo9,2023-11-20,1662632,642870,796084,19561,7492,9275,8729655,418599,0.6727574,1.581229,8758572,0,2.03753,673372,8893521
Geo9,2023-11-27,1126357,969565,676357,13252,11299,7880,8893521,418599,-1.3772453,0.054501534,11252811,0,0,0,8100240
Geo9,2023-12-04,711498,694550,1073643,8371,8094,12508,8100240,418599,0.6914338,-0.32101396,10124895,1,2.5456083,715625,8266823
Geo9,2023-12-11,1316260,386729,448781,15486,4507,5228,8266823,418599,-0.31846625,-0.9825862,10437710,-1,0.32182264,266033,8488487
Geo9,2023-12-18,1059485,954573,274109,12465,11124,3193,8488487,418599,2.934786,-0.14561653,8917056,0,0.5343265,0,8437076
Geo9,2023-12-25,1028294,1092913,237366,12098,12736,2765,8437076,418599,0.16458395,-0.8206792,8371025,0,1.5229843,297647,9329694
Geo9,2024-01-01,838109,1091626,171689,9860,12721,2000,9329694,418599,-0.20914,-0.6064002,10766415,-2,0.38571686,0,5972125
Geo9,2024-01-08,442707,325522,623876,5208,3793,7268,5972125,418599,-0.35536796,-0.39747363,8435796,-3,0,0,8916414
Geo9,2024-01-15,1042164,949898,535262,12261,11070,6236,8916414,418599,-0.27940363,1.0397698,9637023,-1,0,551789,7926502
