geo,time,Channel0_impression,Channel1_impression,Channel2_impression,Channel0_spend,Channel1_spend,Channel2_spend,conversions,population,competitor_sales_control,sentiment_score_control,BrandedGQV_control,GenericGQV_control,Promo,Organic_channel0_impression,Sales
Geo0,2021-01-25,1426697.00,351834.00,1216983.00,16785.00,4100.00,14178.00,11933.794,487878.00,0.89,0.94,11974289.00,3.00,0.00,201441.00,9180064.00
Geo0,2021-02-01,377575.00,406696.00,1258452.00,4442.00,4739.00,14661.00,9180.064,487878.00,-0.28,-1.29,11877683.00,-1.00,0.68,0.00,8330261.00
Geo0,2021-02-08,1181757.00,790058.00,1002623.00,13903.00,9207.00,11681.00,8330.261,487878.00,-1.03,-1.08,14806203.00,-4.00,1.29,0.00,7926502.00
Geo0,2021-02-15,435868.00,1107034.00,1140547.00,5128.00,12901.00,13288.00,7926.502,487878.00,-0.32,-0.02,14006622.00,-2.00,0.23,0.00,10096925.00
Geo0,2021-02-22,940266.00,1462011.00,578375.00,11062.00,17038.00,6738.00,10096.925,487878.00,-0.65,-0.30,14225819.00,0.00,0.00,0.00,8722757.00
Geo0,2021-03-01,1086599.00,669343.00,1167843.00,12784.00,7800.00,13606.00,8722.757,487878.00,1.43,-0.24,12851792.00,-2.00,0.00,0.00,10079231.00
Geo0,2021-03-08,1280881.00,648393.00,847943.00,15070.00,7556.00,9879.00,10079.231,487878.00,0.46,0.87,16917968.00,-2.00,0.00,88088.00,6716006.00
Geo0,2021-03-15,791813.00,444008.00,684468.00,9316.00,5174.00,7974.00,6716.006,487878.00,0.89,-0.81,17131872.00,-5.00,1.47,334506.00,10085301.00
Geo0,2021-03-22,1298289.00,1078712.00,1000708.00,15274.00,12571.00,11659.00,10085.301,487878.00,0.52,-0.25,19232676.00,1.00,0.97,0.00,7961302.00
Geo0,2021-03-29,674474.00,370181.00,511005.00,7935.00,4314.00,5953.00,7961.302,487878.00,-0.86,0.05,18265062.00,-5.00,0.00,46898.00,7402629.00
Geo0,2021-04-05,1268797.00,1087567.00,1415470.00,14927.00,12674.00,16491.00,7402.629,487878.00,-1.45,1.56,20041594.00,-5.00,1.63,228913.00,13337310.00
Geo0,2021-04-12,1376191.00,936236.00,961482.00,16191.00,10910.00,11202.00,13337.310,487878.00,-1.96,-0.60,18123882.00,2.00,0.67,140779.00,10756357.00
Geo0,2021-04-19,1152698.00,704466.00,371845.00,13561.00,8209.00,4332.00,10756.357,487878.00,-0.70,-1.24,18444242.00,0.00,0.56,0.00,12160143.00
Geo0,2021-04-26,928248.00,1546571.00,609347.00,10921.00,18023.00,7099.00,12160.143,487878.00,-1.57,-2.31,21655460.00,1.00,1.27,0.00,8339255.00
Geo0,2021-05-03,718239.00,837514.00,1127862.00,8450.00,9760.00,13140.00,8339.255,487878.00,1.19,-1.36,18739380.00,-2.00,0.00,0.00,11890894.00
Geo0,2021-05-10,1035670.00,911532.00,1098533.00,12185.00,10623.00,12798.00,11890.894,487878.00,-0.13,-0.72,20273082.00,1.00,0.00,10126.00,11298153.00
Geo0,2021-05-17,1092459.00,521051.00,1134960.00,12853.00,6072.00,13223.00,11298.153,487878.00,-0.47,-0.98,18009126.00,1.00,0.00,0.00,11616760.00
Geo0,2021-05-24,1466315.00,813206.00,1365897.00,17251.00,9477.00,15913.00,11616.760,487878.00,0.14,1.81,17918750.00,3.00,0.00,117413.00,10940430.00
Geo0,2021-05-31,1121355.00,619274.00,798881.00,13193.00,7217.00,9307.00,10940.430,487878.00,0.36,0.02,21192432.00,-1.00,0.23,172884.00,14098543.00
Geo0,2021-06-07,1018645.00,1425128.00,1479008.00,11984.00,16608.00,17231.00,14098.543,487878.00,1.51,1.13,20321758.00,4.00,0.00,330830.00,9122300.00
Geo0,2021-06-14,731324.00,647190.00,841434.00,8604.00,7542.00,9803.00,9122.300,487878.00,-1.64,-0.28,19791144.00,-3.00,0.00,0.00,12942636.00
Geo0,2021-06-21,1104847.00,1174842.00,1530489.00,12998.00,13691.00,17831.00,12942.636,487878.00,1.96,-1.82,18653446.00,4.00,0.16,113464.00,10286338.00
Geo0,2021-06-28,1414531.00,1450028.00,580080.00,16642.00,16898.00,6758.00,10286.338,487878.00,0.77,-1.59,20694068.00,2.00,0.84,172538.00,10546323.00
Geo0,2021-07-05,935421.00,872426.00,1043542.00,11005.00,10167.00,12158.00,10546.323,487878.00,-0.21,0.15,19440146.00,0.00,0.00,0.00,10506506.00
Geo0,2021-07-12,1212363.00,972189.00,1072044.00,14263.00,11329.00,12490.00,10506.506,487878.00,-2.28,-0.76,19913102.00,-2.00,0.23,0.00,16411570.00
Geo0,2021-07-19,1189676.00,1328136.00,909510.00,13996.00,15477.00,10596.00,16411.570,487878.00,1.68,-0.33,20267156.00,7.00,0.00,476514.00,11537089.00
Geo0,2021-07-26,1533395.00,860844.00,1448236.00,18040.00,10032.00,16872.00,11537.089,487878.00,-0.63,-0.24,19618624.00,0.00,1.41,34179.00,10449300.00
Geo0,2021-08-02,770176.00,1070405.00,748734.00,9061.00,12474.00,8723.00,10449.300,487878.00,-0.04,0.87,19899940.00,-1.00,0.00,0.00,9314744.00
Geo0,2021-08-09,728782.00,787435.00,1204196.00,8574.00,9176.00,14029.00,9314.744,487878.00,-0.61,0.87,18949504.00,-3.00,1.01,213951.00,7231656.00
Geo0,2021-08-16,1090961.00,839211.00,684248.00,12835.00,9780.00,7972.00,7231.656,487878.00,0.98,-0.32,21540426.00,-3.00,0.00,65117.00,13940469.00
Geo0,2021-08-23,1221357.00,640070.00,1646230.00,14369.00,7459.00,19179.00,13940.469,487878.00,0.85,2.18,20161274.00,4.00,0.00,382727.00,9805110.00
Geo0,2021-08-30,589039.00,1046482.00,837877.00,6930.00,12195.00,9762.00,9805.110,487878.00,-0.32,-2.17,20653072.00,-1.00,1.06,0.00,7319958.00
Geo0,2021-09-06,1400871.00,864887.00,986956.00,16481.00,10079.00,11498.00,7319.958,487878.00,1.46,-0.24,19788840.00,-1.00,0.00,0.00,11645041.00
Geo0,2021-09-13,960546.00,863518.00,1070457.00,11301.00,10063.00,12471.00,11645.041,487878.00,-0.63,-0.72,18939244.00,0.00,0.56,202.00,5832395.00
Geo0,2021-09-20,1661044.00,1215356.00,921120.00,19542.00,14163.00,10731.00,5832.395,487878.00,-0.02,-1.51,20635134.00,-6.00,1.09,0.00,7696728.00
Geo0,2021-09-27,1101564.00,1294035.00,1245555.00,12960.00,15080.00,14511.00,7696.728,487878.00,1.45,-0.67,19382532.00,-3.00,0.00,34799.00,11200444.00
Geo0,2021-10-04,1086592.00,923483.00,678850.00,12784.00,10762.00,7909.00,11200.444,487878.00,2.02,-0.16,19300520.00,2.00,0.98,307127.00,8243364.00
Geo0,2021-10-11,1029246.00,1173585.00,1043496.00,12109.00,13676.00,12157.00,8243.364,487878.00,0.96,0.42,20471628.00,-5.00,1.58,377410.00,11804831.00
Geo0,2021-10-18,1086088.00,1577894.00,803304.00,12778.00,18388.00,9359.00,11804.831,487878.00,0.36,-0.31,20065048.00,2.00,0.00,0.00,9334966.00
Geo0,2021-10-25,1386670.00,442191.00,967977.00,16314.00,5153.00,11277.00,9334.966,487878.00,-0.60,0.14,20694024.00,-1.00,0.00,0.00,13351890.00
Geo0,2021-11-01,880396.00,1369263.00,1327334.00,10358.00,15957.00,15464.00,13351.890,487878.00,0.33,1.27,19662864.00,3.00,0.00,479203.00,10992153.00
Geo0,2021-11-08,477299.00,775927.00,958808.00,5615.00,9042.00,11170.00,10992.153,487878.00,-0.02,1.21,19173788.00,3.00,1.58,470025.00,8079050.00
Geo0,2021-11-15,470510.00,1320098.00,590341.00,5536.00,15384.00,6878.00,8079.050,487878.00,-0.49,3.25,18661080.00,-2.00,1.13,495078.00,11985197.00
Geo0,2021-11-22,1163566.00,1549209.00,1071456.00,13689.00,18054.00,12483.00,11985.197,487878.00,0.94,0.26,18161234.00,1.00,0.00,126937.00,11809322.00
Geo0,2021-11-29,1663656.00,539721.00,1306228.00,19573.00,6290.00,15218.00,11809.322,487878.00,0.03,0.74,19952630.00,1.00,0.03,205954.00,9636867.00
Geo0,2021-12-06,1113404.00,727042.00,895410.00,13099.00,8473.00,10432.00,9636.867,487878.00,-0.03,0.31,20732672.00,1.00,0.00,29447.00,10917456.00
Geo0,2021-12-13,1631272.00,968540.00,526434.00,19192.00,11287.00,6133.00,10917.456,487878.00,-0.31,-0.49,19128940.00,1.00,0.00,136572.00,8077164.00
Geo0,2021-12-20,1164139.00,345679.00,873053.00,13696.00,4028.00,10171.00,8077.164,487878.00,0.86,-0.07,21821018.00,-3.00,1.46,284255.00,9139650.00
Geo0,2021-12-27,1315326.00,1145814.00,735448.00,15475.00,13353.00,8568.00,9139.650,487878.00,-0.97,0.45,20438326.00,0.00,0.00,0.00,10738366.00
Geo0,2022-01-03,1396871.00,582139.00,1026476.00,16434.00,6784.00,11959.00,10738.366,487878.00,-0.48,-0.46,18725940.00,0.00,0.01,0.00,6608068.00
Geo0,2022-01-10,1326438.00,796226.00,325991.00,15605.00,9279.00,3798.00,6608.068,487878.00,0.43,-1.68,24122766.00,-3.00,0.00,0.00,11136832.00
Geo0,2022-01-17,275847.00,1216142.00,1157438.00,3245.00,14172.00,13485.00,11136.832,487878.00,-1.63,0.80,20740390.00,2.00,2.49,487929.00,7190659.00
Geo0,2022-01-24,1223885.00,1513551.00,751565.00,14399.00,17638.00,8756.00,7190.659,487878.00,-0.40,-2.40,18730200.00,-3.00,0.00,0.00,6888288.00
Geo0,2022-01-31,1034024.00,968645.00,706822.00,12165.00,11288.00,8235.00,6888.288,487878.00,0.46,0.86,19804922.00,-6.00,0.00,506575.00,8042411.00
Geo0,2022-02-07,1012994.00,541528.00,1430522.00,11918.00,6311.00,16666.00,8042.411,487878.00,-0.50,1.56,18510026.00,-5.00,0.25,155157.00,9471516.00
Geo0,2022-02-14,789354.00,834133.00,927199.00,9287.00,9721.00,10802.00,9471.516,487878.00,2.12,0.70,19183148.00,1.00,0.00,237597.00,10482902.00
Geo0,2022-02-21,865696.00,657444.00,0.00,10185.00,7662.00,0.00,10482.902,487878.00,-2.36,0.10,18641804.00,0.00,1.05,215642.00,9044074.00
Geo0,2022-02-28,1335806.00,890949.00,518833.00,15716.00,10383.00,6045.00,9044.074,487878.00,0.13,-0.11,18779154.00,0.00,0.79,249437.00,12782131.00
Geo0,2022-03-07,1390526.00,1275168.00,432239.00,16359.00,14860.00,5036.00,12782.131,487878.00,0.28,1.14,20044244.00,4.00,0.00,243823.00,9816922.00
Geo0,2022-03-14,1193876.00,824002.00,910057.00,14046.00,9602.00,10603.00,9816.922,487878.00,-0.18,0.01,18081918.00,1.00,0.00,201472.00,11246265.00
Geo0,2022-03-21,631761.00,608944.00,914980.00,7433.00,7096.00,10660.00,11246.265,487878.00,-1.19,-1.49,18347468.00,1.00,1.19,126196.00,11150507.00
Geo0,2022-03-28,866383.00,1044174.00,966286.00,10193.00,12168.00,11258.00,11150.507,487878.00,-1.38,1.35,17431854.00,1.00,0.00,476568.00,11083140.00
Geo0,2022-04-04,325954.00,869947.00,1065732.00,3835.00,10138.00,12416.00,11083.140,487878.00,0.85,-0.72,18202482.00,2.00,0.07,71432.00,9814447.00
Geo0,2022-04-11,1464339.00,1132812.00,1241852.00,17228.00,13201.00,14468.00,9814.447,487878.00,-1.21,-1.53,19185924.00,-1.00,1.64,23125.00,7846391.00
Geo0,2022-04-18,925303.00,890608.00,282095.00,10886.00,10379.00,3287.00,7846.391,487878.00,-0.94,-2.32,17316812.00,-1.00,0.00,0.00,9781826.00
Geo0,2022-04-25,1228866.00,1471215.00,504840.00,14458.00,17145.00,5882.00,9781.826,487878.00,-1.64,0.33,19763600.00,-1.00,0.47,48332.00,9859630.00
Geo0,2022-05-02,1167151.00,902626.00,1100681.00,13731.00,10519.00,12823.00,9859.630,487878.00,-0.01,-0.50,15779503.00,-1.00,0.72,0.00,7939067.00
Geo0,2022-05-09,920271.00,322783.00,593022.00,10827.00,3762.00,6909.00,7939.067,487878.00,-1.42,-0.85,17852502.00,-1.00,1.50,0.00,10640252.00
Geo0,2022-05-16,1575676.00,527562.00,1274300.00,18538.00,6148.00,14846.00,10640.252,487878.00,0.10,-0.93,20036356.00,2.00,0.00,0.00,11313644.00
Geo0,2022-05-23,1429700.00,11085.00,616467.00,16820.00,129.00,7182.00,11313.644,487878.00,0.86,-0.44,18377898.00,2.00,0.76,24392.00,11749987.00
Geo0,2022-05-30,1487059.00,1368259.00,1413477.00,17495.00,15945.00,16468.00,11749.987,487878.00,-2.22,-0.66,21072622.00,1.00,2.59,315096.00,10823638.00
Geo0,2022-06-06,1370605.00,1400330.00,891658.00,16125.00,16319.00,10388.00,10823.638,487878.00,-1.25,1.81,19092992.00,0.00,0.00,473898.00,11545950.00
Geo0,2022-06-13,884532.00,1018926.00,1349172.00,10406.00,11874.00,15718.00,11545.950,487878.00,-0.68,-0.68,19239426.00,-1.00,0.00,0.00,10633778.00
Geo0,2022-06-20,835914.00,1198873.00,644953.00,9834.00,13971.00,7514.00,10633.778,487878.00,-2.28,1.13,19667504.00,1.00,0.30,21188.00,9029916.00
Geo0,2022-06-27,965356.00,1173200.00,892516.00,11357.00,13672.00,10398.00,9029.916,487878.00,-1.11,1.01,17336278.00,-2.00,2.36,161962.00,14086724.00
Geo0,2022-07-04,1425224.00,1093060.00,825276.00,16768.00,12738.00,9615.00,14086.724,487878.00,1.32,1.16,21060330.00,4.00,1.06,428218.00,8154833.00
Geo0,2022-07-11,1158609.00,1777745.00,1354500.00,13631.00,20717.00,15780.00,8154.833,487878.00,-0.17,-0.99,20052730.00,-3.00,0.00,0.00,6501740.00
Geo0,2022-07-18,1094206.00,967426.00,1010378.00,12873.00,11274.00,11771.00,6501.740,487878.00,-0.75,1.72,20905650.00,-3.00,0.00,79640.00,13428540.00
Geo0,2022-07-25,1563911.00,1208428.00,1029452.00,18399.00,14082.00,11994.00,13428.540,487878.00,2.20,-0.42,19335618.00,3.00,0.00,70746.00,9812846.00
Geo0,2022-08-01,1443496.00,26405.00,357137.00,16983.00,308.00,4161.00,9812.846,487878.00,0.59,0.65,20627968.00,1.00,0.05,72917.00,8620338.00
Geo0,2022-08-08,1172328.00,906701.00,779914.00,13792.00,10566.00,9086.00,8620.338,487878.00,-1.34,-0.62,19388090.00,0.00,0.13,53881.00,10190212.00
Geo0,2022-08-15,561050.00,1204739.00,708860.00,6601.00,14039.00,8258.00,10190.212,487878.00,0.74,1.13,20688876.00,1.00,0.00,382009.00,8517234.00
Geo0,2022-08-22,1073036.00,794949.00,770116.00,12624.00,9264.00,8972.00,8517.234,487878.00,1.42,1.56,20340052.00,-3.00,2.17,330101.00,11565210.00
Geo0,2022-08-29,1017367.00,1485772.00,1007871.00,11969.00,17314.00,11742.00,11565.210,487878.00,1.23,-1.15,19950224.00,3.00,0.00,0.00,8550725.00
Geo0,2022-09-05,880139.00,1036457.00,1231910.00,10355.00,12078.00,14352.00,8550.725,487878.00,1.66,-0.50,19536718.00,1.00,0.00,42253.00,15129782.00
Geo0,2022-09-12,692734.00,1101529.00,1832999.00,8150.00,12837.00,21355.00,15129.782,487878.00,0.46,0.75,21563786.00,7.00,0.54,52877.00,11560236.00
Geo0,2022-09-19,951315.00,1366032.00,822790.00,11192.00,15919.00,9586.00,11560.236,487878.00,1.04,1.09,20091586.00,1.00,1.71,304060.00,8459911.00
Geo0,2022-09-26,899185.00,1264844.00,983109.00,10579.00,14740.00,11454.00,8459.911,487878.00,0.63,1.48,17738258.00,-1.00,1.90,156720.00,13414728.00
Geo0,2022-10-03,768974.00,904249.00,905435.00,9047.00,10538.00,10549.00,13414.728,487878.00,1.85,0.00,17124990.00,4.00,0.50,111019.00,10887018.00
Geo0,2022-10-10,1027544.00,723287.00,1168588.00,12089.00,8429.00,13614.00,10887.018,487878.00,3.05,1.38,18224850.00,0.00,0.00,441399.00,13368895.00
Geo0,2022-10-17,621412.00,913096.00,1078515.00,7311.00,10641.00,12565.00,13368.895,487878.00,-0.02,-0.62,15719098.00,4.00,0.00,126316.00,10147564.00
Geo0,2022-10-24,1586578.00,679451.00,367384.00,18666.00,7918.00,4280.00,10147.564,487878.00,-0.39,1.36,19153676.00,0.00,0.00,38764.00,8808728.00
Geo0,2022-10-31,1554646.00,1146720.00,1402046.00,18290.00,13363.00,16334.00,8808.728,487878.00,1.13,0.87,19007688.00,1.00,0.00,44142.00,6750478.00
Geo0,2022-11-07,1178571.00,722657.00,472999.00,13866.00,8421.00,5511.00,6750.478,487878.00,-1.36,-0.20,19618002.00,-9.00,1.07,223959.00,10823457.00
Geo0,2022-11-14,1191249.00,1226566.00,166242.00,14015.00,14294.00,1937.00,10823.457,487878.00,1.08,-0.58,19448406.00,2.00,0.18,0.00,9879449.00
Geo0,2022-11-21,1850493.00,1106032.00,776217.00,21771.00,12889.00,9043.00,9879.449,487878.00,2.57,0.71,18315428.00,-1.00,0.00,198037.00,9108034.00
Geo0,2022-11-28,1148530.00,670242.00,1124826.00,13512.00,7811.00,13105.00,9108.034,487878.00,-0.24,-0.09,20292604.00,1.00,0.44,0.00,10849965.00
Geo0,2022-12-05,946574.00,1138796.00,387359.00,11136.00,13271.00,4513.00,10849.965,487878.00,1.77,-0.56,21452334.00,1.00,0.00,292630.00,11188276.00
Geo0,2022-12-12,1348016.00,362138.00,978108.00,15859.00,4220.00,11395.00,11188.276,487878.00,0.44,0.06,23102708.00,0.00,0.00,163344.00,10319051.00
Geo0,2022-12-19,1147509.00,1022291.00,1723791.00,13500.00,11913.00,20083.00,10319.051,487878.00,0.04,0.85,20790356.00,0.00,0.90,28884.00,11808522.00
Geo0,2022-12-26,1377061.00,968272.00,644266.00,16201.00,11284.00,7506.00,11808.522,487878.00,0.18,-0.25,20421532.00,0.00,0.00,2391.00,8424855.00
Geo0,2023-01-02,1222182.00,922294.00,388873.00,14379.00,10748.00,4531.00,8424.855,487878.00,-0.18,-0.06,21289046.00,-3.00,0.34,314125.00,11741562.00
Geo0,2023-01-09,878882.00,858458.00,510697.00,10340.00,10004.00,5950.00,11741.562,487878.00,-0.51,-0.43,19358228.00,3.00,0.00,0.00,8640608.00
Geo0,2023-01-16,1119397.00,500717.00,533789.00,13170.00,5835.00,6219.00,8640.608,487878.00,-1.68,-1.53,18966990.00,-1.00,0.00,0.00,15023167.00
Geo0,2023-01-23,879782.00,1571388.00,1253652.00,10351.00,18312.00,14606.00,15023.167,487878.00,-0.44,-1.65,21439210.00,7.00,0.00,0.00,7271287.00
Geo0,2023-01-30,216404.00,1539156.00,654523.00,2546.00,17937.00,7625.00,7271.287,487878.00,-0.50,0.68,17700444.00,-2.00,0.00,327845.00,13604576.00
Geo0,2023-02-06,622088.00,723777.00,1890668.00,7319.00,8435.00,22027.00,13604.576,487878.00,0.03,0.42,18295010.00,4.00,0.87,226138.00,12916461.00
Geo0,2023-02-13,759868.00,1051958.00,841026.00,8940.00,12259.00,9798.00,12916.461,487878.00,0.19,-3.22,18948946.00,3.00,0.00,0.00,8444375.00
Geo0,2023-02-20,971149.00,1128102.00,890169.00,11426.00,13146.00,10371.00,8444.375,487878.00,-0.92,0.61,16690144.00,-1.00,2.70,365901.00,10825067.00
Geo0,2023-02-27,980692.00,1014994.00,513177.00,11538.00,11828.00,5979.00,10825.067,487878.00,1.00,-1.11,17900000.00,0.00,0.42,284763.00,8933171.00
Geo0,2023-03-06,1678167.00,218752.00,777464.00,19744.00,2549.00,9058.00,8933.171,487878.00,-0.35,-0.09,17634826.00,1.00,0.00,89128.00,9070010.00
Geo0,2023-03-13,1490484.00,1889807.00,348439.00,17535.00,22023.00,4059.00,9070.010,487878.00,-0.29,-1.65,18463268.00,-1.00,0.14,0.00,12087291.00
Geo0,2023-03-20,820285.00,1755447.00,886111.00,9651.00,20457.00,10324.00,12087.291,487878.00,-1.80,1.40,17591334.00,3.00,0.00,74603.00,12742492.00
Geo0,2023-03-27,1829076.00,1187115.00,956604.00,21519.00,13834.00,11145.00,12742.492,487878.00,-1.49,1.58,19990250.00,3.00,0.00,0.00,11401841.00
Geo0,2023-04-03,1284068.00,987344.00,1148564.00,15107.00,11506.00,13381.00,11401.841,487878.00,-1.09,-0.81,18933426.00,1.00,0.00,0.00,10639713.00
Geo0,2023-04-10,937387.00,1740426.00,1413009.00,11028.00,20282.00,16462.00,10639.713,487878.00,-0.14,-0.43,20252682.00,1.00,0.00,23429.00,12228138.00
Geo0,2023-04-17,1016498.00,1053856.00,825967.00,11959.00,12281.00,9623.00,12228.138,487878.00,-1.48,-0.01,20445832.00,1.00,0.00,57460.00,10811116.00
Geo0,2023-04-24,1275501.00,1184514.00,635325.00,15006.00,13804.00,7402.00,10811.116,487878.00,0.77,0.49,19246332.00,0.00,0.92,159312.00,13309504.00
Geo0,2023-05-01,1415563.00,412171.00,1627180.00,16654.00,4803.00,18957.00,13309.504,487878.00,-0.30,-1.80,22112150.00,4.00,0.11,83829.00,9530256.00
Geo0,2023-05-08,1038966.00,1568634.00,719733.00,12223.00,18280.00,8385.00,9530.256,487878.00,-1.78,-0.06,18694036.00,-1.00,0.00,135084.00,11431737.00
Geo0,2023-05-15,984081.00,1059843.00,1185779.00,11578.00,12351.00,13815.00,11431.737,487878.00,-1.25,-0.17,20884324.00,1.00,0.54,0.00,10786573.00
Geo0,2023-05-22,983019.00,510123.00,1855803.00,11565.00,5945.00,21621.00,10786.573,487878.00,-0.80,-0.75,19143036.00,-1.00,1.68,0.00,11718583.00
Geo0,2023-05-29,747186.00,1082406.00,480461.00,8791.00,12614.00,5598.00,11718.583,487878.00,-0.55,-1.35,20888974.00,0.00,0.26,0.00,9041829.00
Geo0,2023-06-05,813971.00,1128674.00,669163.00,9576.00,13153.00,7796.00,9041.829,487878.00,-0.26,2.11,18431992.00,-3.00,0.26,283677.00,6326195.00
Geo0,2023-06-12,757478.00,497944.00,1211476.00,8912.00,5803.00,14114.00,6326.195,487878.00,0.18,-1.28,18940340.00,-5.00,0.00,0.00,11408292.00
Geo0,2023-06-19,904159.00,650705.00,358313.00,10637.00,7583.00,4174.00,11408.292,487878.00,-0.46,0.04,17572618.00,2.00,0.91,275192.00,13251466.00
Geo0,2023-06-26,962731.00,486869.00,882744.00,11326.00,5674.00,10284.00,13251.466,487878.00,-0.92,-0.94,17735310.00,1.00,0.25,0.00,11369634.00
Geo0,2023-07-03,982712.00,401074.00,0.00,11562.00,4674.00,0.00,11369.634,487878.00,0.52,-1.24,17002814.00,1.00,1.04,0.00,11920673.00
Geo0,2023-07-10,1001287.00,1320588.00,798343.00,11780.00,15389.00,9301.00,11920.673,487878.00,-1.98,0.21,18463794.00,1.00,0.00,154767.00,7651417.00
Geo0,2023-07-17,951837.00,1391066.00,856172.00,11198.00,16211.00,9975.00,7651.417,487878.00,0.50,-2.33,17862766.00,-3.00,0.23,0.00,8495941.00
Geo0,2023-07-24,786936.00,429157.00,840064.00,9258.00,5001.00,9787.00,8495.941,487878.00,0.45,-0.55,17786792.00,-3.00,0.00,0.00,9427120.00
Geo0,2023-07-31,675500.00,1838356.00,1001580.00,7947.00,21423.00,11669.00,9427.120,487878.00,1.49,-0.74,17521670.00,-2.00,1.06,289926.00,9853803.00
Geo0,2023-08-07,1032236.00,1010479.00,575745.00,12144.00,11776.00,6708.00,9853.803,487878.00,-0.17,-2.22,17048046.00,-1.00,2.75,251270.00,10460325.00
Geo0,2023-08-14,1352825.00,1646221.00,342461.00,15916.00,19184.00,3990.00,10460.325,487878.00,2.59,-0.01,19910570.00,1.00,0.00,28169.00,9288801.00
Geo0,2023-08-21,1402919.00,1102975.00,748343.00,16505.00,12853.00,8718.00,9288.801,487878.00,-1.22,-0.58,18814944.00,-2.00,0.38,0.00,12979653.00
Geo0,2023-08-28,1224614.00,593217.00,895013.00,14408.00,6913.00,10427.00,12979.653,487878.00,1.57,0.85,18825960.00,2.00,0.61,243407.00,12790329.00
Geo0,2023-09-04,728687.00,1167461.00,944832.00,8573.00,13605.00,11008.00,12790.329,487878.00,2.28,0.59,18950846.00,4.00,0.71,152068.00,5947642.00
Geo0,2023-09-11,1557922.00,1243621.00,738099.00,18329.00,14493.00,8599.00,5947.642,487878.00,-0.18,-1.38,20426670.00,-7.00,0.00,0.00,9506954.00
Geo0,2023-09-18,1015242.00,514511.00,935873.00,11944.00,5996.00,10903.00,9506.954,487878.00,-0.14,1.39,20235826.00,0.00,0.56,187471.00,8379074.00
Geo0,2023-09-25,1139347.00,1206184.00,459865.00,13404.00,14056.00,5358.00,8379.074,487878.00,0.52,1.46,20018570.00,0.00,0.00,168572.00,10460695.00
Geo0,2023-10-02,1022960.00,1033350.00,1104201.00,12035.00,12042.00,12864.00,10460.695,487878.00,-1.68,1.68,21203658.00,-1.00,0.35,149032.00,11028582.00
Geo0,2023-10-09,1271466.00,1301645.00,447006.00,14959.00,15169.00,5208.00,11028.582,487878.00,2.99,0.35,20254174.00,0.00,0.00,302805.00,11141555.00
Geo0,2023-10-16,1253999.00,732350.00,1121758.00,14753.00,8534.00,13069.00,11141.555,487878.00,0.81,1.41,22082520.00,-1.00,1.78,267219.00,12873360.00
Geo0,2023-10-23,1178158.00,706963.00,578203.00,13861.00,8239.00,6736.00,12873.360,487878.00,0.65,1.03,19414102.00,4.00,0.00,52585.00,13971834.00
Geo0,2023-10-30,1028045.00,1245403.00,627996.00,12095.00,14513.00,7316.00,13971.834,487878.00,1.79,-0.68,19996544.00,3.00,0.00,131601.00,14047823.00
Geo0,2023-11-06,1335902.00,745994.00,1123052.00,15717.00,8693.00,13084.00,14047.823,487878.00,0.33,1.67,21220586.00,3.00,0.85,123878.00,10337488.00
Geo0,2023-11-13,935963.00,1092481.00,1012533.00,11012.00,12731.00,11796.00,10337.488,487878.00,0.90,0.19,21151482.00,-1.00,0.00,180819.00,11807753.00
Geo0,2023-11-20,1354571.00,1109064.00,399197.00,15936.00,12924.00,4651.00,11807.753,487878.00,0.49,-1.58,18562366.00,2.00,0.15,0.00,9643752.00
Geo0,2023-11-27,1409242.00,761987.00,469000.00,16580.00,8880.00,5464.00,9643.752,487878.00,-0.46,0.76,22029212.00,-1.00,1.33,28740.00,8589506.00
Geo0,2023-12-04,808358.00,1314470.00,672942.00,9510.00,15318.00,7840.00,8589.506,487878.00,-1.39,-1.74,20722242.00,0.00,0.59,0.00,14595668.00
Geo0,2023-12-11,1631338.00,871883.00,693697.00,19193.00,10160.00,8082.00,14595.668,487878.00,0.19,0.75,21125442.00,5.00,0.00,147360.00,9331052.00
Geo0,2023-12-18,788814.00,891587.00,601536.00,9280.00,10390.00,7008.00,9331.052,487878.00,0.50,0.10,19653820.00,-1.00,0.00,256189.00,14130759.00
Geo0,2023-12-25,1486308.00,1373201.00,747388.00,17486.00,16003.00,8707.00,14130.759,487878.00,-1.49,-0.65,18667764.00,6.00,0.00,208967.00,12341323.00
Geo0,2024-01-01,881636.00,939744.00,468807.00,10372.00,10951.00,5462.00,12341.323,487878.00,-1.43,-1.41,21442404.00,0.00,0.00,0.00,11486549.00
Geo0,2024-01-08,1414405.00,202098.00,898113.00,16640.00,2355.00,10463.00,11486.549,487878.00,-1.71,-1.57,19125984.00,4.00,0.00,0.00,9702078.00
Geo0,2024-01-15,545960.00,657284.00,816793.00,6423.00,7660.00,9516.00,9702.078,487878.00,0.04,-0.95,18798374.00,-2.00,0.00,0.00,15945296.00
Geo1,2021-01-25,3249059.00,171831.00,1121346.00,38225.00,2002.00,13064.00,15945.296,941247.00,1.01,1.32,18655918.00,-1.00,0.00,236553.00,16479433.00
Geo1,2021-02-01,872472.00,1546470.00,1476031.00,10265.00,18022.00,17196.00,16479.433,941247.00,-1.59,-1.36,18926730.00,1.00,0.00,0.00,17929720.00
Geo1,2021-02-08,1713640.00,1961801.00,1990412.00,20161.00,22862.00,23189.00,17929.720,941247.00,-1.29,1.63,20537558.00,0.00,0.00,419210.00,9901756.00
Geo1,2021-02-15,1477233.00,1935143.00,2274738.00,17380.00,22551.00,26502.00,9901.756,941247.00,-0.02,0.42,19504990.00,-4.00,0.08,0.00,21809000.00
Geo1,2021-02-22,1896320.00,3263310.00,1589170.00,22310.00,38029.00,18514.00,21809.000,941247.00,-1.20,-2.46,17923064.00,5.00,0.00,0.00,16133746.00
Geo1,2021-03-01,1055936.00,364704.00,2480733.00,12423.00,4250.00,28901.00,16133.746,941247.00,-0.90,0.98,13843347.00,0.00,0.00,285636.00,17408398.00
Geo1,2021-03-08,2517025.00,1080346.00,1708515.00,29613.00,12590.00,19905.00,17408.398,941247.00,-0.35,-0.08,18862870.00,-1.00,0.00,0.00,20379358.00
Geo1,2021-03-15,2358190.00,2440934.00,1402306.00,27744.00,28445.00,16337.00,20379.358,941247.00,2.00,-1.74,18996902.00,4.00,1.03,478950.00,17104192.00
Geo1,2021-03-22,2226349.00,1066748.00,961092.00,26193.00,12431.00,11197.00,17104.192,941247.00,1.38,1.32,22548404.00,3.00,0.47,403514.00,18802776.00
Geo1,2021-03-29,3286955.00,321236.00,1032679.00,38671.00,3744.00,12031.00,18802.776,941247.00,-0.31,2.58,21003620.00,1.00,0.00,17792.00,20482694.00
Geo1,2021-04-05,2162960.00,1700530.00,3022178.00,25447.00,19817.00,35210.00,20482.694,941247.00,-0.43,-1.04,22984166.00,2.00,0.00,89849.00,15270754.00
Geo1,2021-04-12,1973520.00,2080400.00,2093255.00,23218.00,24244.00,24387.00,15270.754,941247.00,-0.73,-0.88,20227136.00,-4.00,0.07,0.00,17383908.00
Geo1,2021-04-19,2703812.00,1774516.00,1351152.00,31810.00,20679.00,15741.00,17383.908,941247.00,-1.56,-2.77,19445714.00,0.00,0.14,0.00,16752572.00
Geo1,2021-04-26,1683002.00,1412168.00,404169.00,19800.00,16457.00,4709.00,16752.572,941247.00,-0.59,-0.19,24835296.00,-2.00,0.00,0.00,18024704.00
Geo1,2021-05-03,1842886.00,1303069.00,1858874.00,21681.00,15185.00,21657.00,18024.704,941247.00,-0.29,0.18,21056706.00,3.00,0.44,288245.00,22036498.00
Geo1,2021-05-10,1294739.00,833724.00,970160.00,15233.00,9716.00,11303.00,22036.498,941247.00,-1.36,-1.00,24077608.00,4.00,0.45,0.00,17983012.00
Geo1,2021-05-17,1948196.00,1769392.00,2422375.00,22920.00,20620.00,28222.00,17983.012,941247.00,-1.65,-0.74,19976664.00,1.00,0.00,0.00,13722746.00
Geo1,2021-05-24,2639568.00,963594.00,2391798.00,31054.00,11229.00,27865.00,13722.746,941247.00,0.30,-0.76,18538054.00,-2.00,2.69,176927.00,13206983.00
Geo1,2021-05-31,1967258.00,1958445.00,1568527.00,23145.00,22823.00,18274.00,13206.983,941247.00,-0.39,2.02,23225084.00,-5.00,0.06,484184.00,18403316.00
Geo1,2021-06-07,3213296.00,3146476.00,2825195.00,37804.00,36667.00,32915.00,18403.316,941247.00,0.17,-0.26,23435678.00,-1.00,0.39,146623.00,16450813.00
Geo1,2021-06-14,449417.00,1781891.00,1502747.00,5287.00,20765.00,17508.00,16450.813,941247.00,-1.20,-0.52,22212106.00,-1.00,1.02,0.00,8394198.00
Geo1,2021-06-21,1149256.00,1909751.00,2714202.00,13521.00,22255.00,31621.00,8394.198,941247.00,3.92,-0.80,19983376.00,-7.00,0.93,566004.00,21316148.00
Geo1,2021-06-28,2246048.00,2603383.00,1368502.00,26425.00,30338.00,15944.00,21316.148,941247.00,1.10,1.45,22805504.00,5.00,1.23,1012480.00,10221309.00
Geo1,2021-07-05,1866865.00,1077348.00,1944191.00,21964.00,12555.00,22651.00,10221.309,941247.00,0.59,-1.85,20475952.00,-6.00,0.00,0.00,20181066.00
Geo1,2021-07-12,1914560.00,1970196.00,794393.00,22525.00,22960.00,9255.00,20181.066,941247.00,-0.96,0.06,22674076.00,1.00,0.00,0.00,22219026.00
Geo1,2021-07-19,1971187.00,2005110.00,2543432.00,23191.00,23367.00,29632.00,22219.026,941247.00,0.92,0.60,21630858.00,2.00,0.00,262055.00,15879501.00
Geo1,2021-07-26,2298667.00,2074371.00,1908076.00,27044.00,24174.00,22230.00,15879.501,941247.00,1.21,-1.16,20964116.00,-1.00,0.00,188305.00,15579609.00
Geo1,2021-08-02,1651691.00,1989898.00,1677991.00,19432.00,23189.00,19549.00,15579.609,941247.00,-0.92,0.35,22246212.00,-1.00,1.74,70414.00,14253325.00
Geo1,2021-08-09,355249.00,1111752.00,668620.00,4179.00,12956.00,7790.00,14253.325,941247.00,1.94,-1.07,19482172.00,-2.00,0.24,0.00,14996172.00
Geo1,2021-08-16,1944218.00,2342249.00,1432624.00,22874.00,27295.00,16691.00,14996.172,941247.00,-0.26,-1.91,23616376.00,0.00,1.25,0.00,27267816.00
Geo1,2021-08-23,2530378.00,2178522.00,2368345.00,29770.00,25387.00,27592.00,27267.816,941247.00,1.59,0.88,21053700.00,6.00,2.85,682946.00,14134221.00
Geo1,2021-08-30,1999380.00,1464353.00,1535047.00,23523.00,17065.00,17884.00,14134.221,941247.00,-0.77,-2.11,25731956.00,-2.00,0.00,0.00,17981470.00
Geo1,2021-09-06,1944852.00,1903785.00,2033825.00,22881.00,22186.00,23695.00,17981.470,941247.00,-0.42,-0.50,20850340.00,3.00,0.00,0.00,24818246.00
Geo1,2021-09-13,1110063.00,2231996.00,2555113.00,13060.00,26011.00,29768.00,24818.246,941247.00,-1.07,-1.33,19839540.00,5.00,0.00,0.00,12440226.00
Geo1,2021-09-20,2791750.00,2709911.00,1489143.00,32845.00,31580.00,17349.00,12440.226,941247.00,0.60,0.88,22683138.00,-2.00,0.00,192972.00,15189921.00
Geo1,2021-09-27,1800641.00,2473369.00,1838113.00,21184.00,28823.00,21415.00,15189.921,941247.00,1.02,1.36,20350836.00,0.00,0.19,399490.00,12174457.00
Geo1,2021-10-04,1978757.00,2217915.00,1558441.00,23280.00,25846.00,18156.00,12174.457,941247.00,0.15,1.78,20512114.00,-3.00,2.13,860451.00,18975714.00
Geo1,2021-10-11,1567225.00,1037272.00,1782963.00,18438.00,12088.00,20772.00,18975.714,941247.00,-0.07,-0.33,22376262.00,0.00,1.70,0.00,13510264.00
Geo1,2021-10-18,2013967.00,758845.00,544644.00,23694.00,8843.00,6345.00,13510.264,941247.00,2.42,-0.03,20343930.00,-2.00,0.00,163126.00,14921516.00
Geo1,2021-10-25,2993981.00,968306.00,2262526.00,35224.00,11284.00,26359.00,14921.516,941247.00,-0.64,-0.14,22844100.00,-1.00,0.00,0.00,16790044.00
Geo1,2021-11-01,2465251.00,1351104.00,2135592.00,29004.00,15745.00,24880.00,16790.044,941247.00,-1.65,1.87,20791272.00,0.00,0.00,690017.00,14983093.00
Geo1,2021-11-08,2262097.00,706358.00,1589934.00,26613.00,8232.00,18523.00,14983.093,941247.00,0.09,0.95,22635290.00,0.00,0.11,68225.00,12155150.00
Geo1,2021-11-15,1644000.00,1653841.00,1523907.00,19342.00,19273.00,17754.00,12155.150,941247.00,1.71,2.36,22260006.00,-2.00,0.96,768535.00,21088974.00
Geo1,2021-11-22,2934812.00,1892892.00,861640.00,34528.00,22059.00,10038.00,21088.974,941247.00,1.07,0.99,21571572.00,3.00,1.28,579178.00,14004797.00
Geo1,2021-11-29,2506130.00,1726072.00,2639705.00,29485.00,20115.00,30754.00,14004.797,941247.00,-0.95,-0.84,23091878.00,-4.00,0.72,0.00,14265046.00
Geo1,2021-12-06,2147874.00,2002502.00,1287538.00,25270.00,23336.00,15000.00,14265.046,941247.00,-0.70,3.10,24241570.00,0.00,3.02,540989.00,19616832.00
Geo1,2021-12-13,1682187.00,1343360.00,1200948.00,19791.00,15655.00,13991.00,19616.832,941247.00,-1.70,-0.20,21030172.00,3.00,0.00,21285.00,15257295.00
Geo1,2021-12-20,2344662.00,1376329.00,2041942.00,27585.00,16039.00,23789.00,15257.295,941247.00,-0.84,0.27,26481240.00,0.00,4.03,671448.00,18956950.00
Geo1,2021-12-27,2405136.00,2707312.00,1831690.00,28296.00,31550.00,21340.00,18956.950,941247.00,1.59,0.90,24232698.00,4.00,0.02,585708.00,20313506.00
Geo1,2022-01-03,3623377.00,1485590.00,1611822.00,42629.00,17312.00,18778.00,20313.506,941247.00,-0.06,0.69,19646190.00,2.00,0.71,71098.00,14636435.00
Geo1,2022-01-10,1998569.00,1428815.00,1477716.00,23513.00,16651.00,17216.00,14636.435,941247.00,2.20,-1.63,28146170.00,1.00,2.31,263591.00,13726566.00
Geo1,2022-01-17,2015599.00,1660691.00,1918247.00,23713.00,19353.00,22348.00,13726.566,941247.00,1.46,1.32,22818668.00,-1.00,0.00,151805.00,16243176.00
Geo1,2022-01-24,1967965.00,1429301.00,1034524.00,23153.00,16656.00,12053.00,16243.176,941247.00,2.74,1.10,20067942.00,2.00,0.04,563701.00,18859798.00
Geo1,2022-01-31,2456638.00,2391834.00,2099255.00,28902.00,27873.00,24457.00,18859.798,941247.00,0.98,0.68,21135934.00,1.00,1.29,299006.00,19300296.00
Geo1,2022-02-07,1632519.00,1866966.00,2094473.00,19207.00,21757.00,24401.00,19300.296,941247.00,-2.03,0.71,19865380.00,1.00,0.43,774919.00,8780437.00
Geo1,2022-02-14,1598289.00,1185448.00,1317174.00,18804.00,13815.00,15346.00,8780.437,941247.00,0.50,-0.65,22192652.00,-4.00,0.91,0.00,19693670.00
Geo1,2022-02-21,2395291.00,1143012.00,777731.00,28181.00,13320.00,9061.00,19693.670,941247.00,-2.08,-0.56,21706806.00,3.00,0.00,12184.00,11911730.00
Geo1,2022-02-28,2445241.00,1477359.00,1278902.00,28768.00,17216.00,14900.00,11911.730,941247.00,-0.63,0.66,21547710.00,-3.00,0.00,178652.00,21515650.00
Geo1,2022-03-07,1936802.00,1581099.00,704182.00,22786.00,18425.00,8204.00,21515.650,941247.00,0.49,-1.06,22823404.00,5.00,0.00,249906.00,17932068.00
Geo1,2022-03-14,1484850.00,1540417.00,2056521.00,17469.00,17951.00,23959.00,17932.068,941247.00,-1.55,-1.65,19673138.00,3.00,0.27,0.00,19959302.00
Geo1,2022-03-21,1095602.00,1224024.00,1835884.00,12890.00,14264.00,21389.00,19959.302,941247.00,-1.75,-2.56,19961464.00,3.00,0.00,164968.00,12123306.00
Geo1,2022-03-28,899201.00,2868845.00,2015500.00,10579.00,33432.00,23481.00,12123.306,941247.00,-2.75,0.98,18136148.00,-4.00,0.00,262651.00,16306761.00
Geo1,2022-04-04,1279510.00,1817814.00,1944050.00,15053.00,21184.00,22649.00,16306.761,941247.00,-1.60,2.39,22017608.00,0.00,0.00,530685.00,14774819.00
Geo1,2022-04-11,2815610.00,1579620.00,2189197.00,33126.00,18408.00,25505.00,14774.819,941247.00,1.36,-0.89,20814002.00,-1.00,0.00,105188.00,13317927.00
Geo1,2022-04-18,2269670.00,1749989.00,917679.00,26703.00,20393.00,10691.00,13317.927,941247.00,-0.92,-0.47,19179768.00,-1.00,0.80,0.00,14813734.00
Geo1,2022-04-25,2209572.00,3139788.00,213082.00,25996.00,36589.00,2482.00,14813.734,941247.00,1.14,-1.41,22403074.00,-2.00,0.36,0.00,15278912.00
Geo1,2022-05-02,1526402.00,1185500.00,1734228.00,17958.00,13815.00,20204.00,15278.912,941247.00,1.03,1.28,16086666.00,0.00,0.00,276770.00,8083792.00
Geo1,2022-05-09,1611150.00,314946.00,1587808.00,18955.00,3670.00,18499.00,8083.792,941247.00,0.38,-0.79,19082654.00,-5.00,0.37,0.00,14029729.00
Geo1,2022-05-16,2645075.00,1364396.00,1525580.00,31119.00,15900.00,17774.00,14029.729,941247.00,1.28,-0.91,22683016.00,-2.00,0.00,15341.00,15529323.00
Geo1,2022-05-23,2606890.00,592682.00,1780087.00,30670.00,6907.00,20739.00,15529.323,941247.00,0.13,1.89,18697098.00,-1.00,0.00,504610.00,20278000.00
Geo1,2022-05-30,2833796.00,1538471.00,2945676.00,33339.00,17929.00,34318.00,20278.000,941247.00,-1.42,-0.49,23011836.00,2.00,0.08,241112.00,21978110.00
Geo1,2022-06-06,2892372.00,2474818.00,2499286.00,34029.00,28840.00,29118.00,21978.110,941247.00,-0.81,0.11,18936438.00,4.00,1.58,175312.00,25019278.00
Geo1,2022-06-13,2907648.00,1881390.00,1628917.00,34208.00,21925.00,18977.00,25019.278,941247.00,-0.45,-1.27,20763682.00,4.00,0.00,0.00,14043251.00
Geo1,2022-06-20,2163657.00,1683212.00,1883210.00,25455.00,19615.00,21940.00,14043.251,941247.00,-1.19,-2.10,21477508.00,-1.00,1.96,148281.00,17592836.00
Geo1,2022-06-27,1688641.00,2444302.00,2215760.00,19867.00,28485.00,25814.00,17592.836,941247.00,-1.35,0.17,16893066.00,0.00,0.42,0.00,21714390.00
Geo1,2022-07-04,1337296.00,893792.00,2080142.00,15733.00,10416.00,24234.00,21714.390,941247.00,-0.47,-1.99,23351634.00,2.00,1.90,301828.00,18146592.00
Geo1,2022-07-11,2393000.00,2281414.00,2335682.00,28154.00,26586.00,27212.00,18146.592,941247.00,-1.47,0.23,20543862.00,2.00,0.00,0.00,8279939.00
Geo1,2022-07-18,2222530.00,2044369.00,938823.00,26148.00,23824.00,10938.00,8279.939,941247.00,-0.41,-1.43,23906126.00,-4.00,0.00,0.00,20054358.00
Geo1,2022-07-25,1239326.00,1188497.00,2308950.00,14581.00,13850.00,26900.00,20054.358,941247.00,0.97,0.52,20431516.00,2.00,0.83,645031.00,16418532.00
Geo1,2022-08-01,2911672.00,965842.00,372304.00,34256.00,11255.00,4337.00,16418.532,941247.00,0.04,-1.06,21125030.00,0.00,0.00,0.00,14935675.00
Geo1,2022-08-08,2203544.00,1562985.00,2488492.00,25925.00,18214.00,28992.00,14935.675,941247.00,0.01,0.75,20244640.00,1.00,0.00,451130.00,17255564.00
Geo1,2022-08-15,2022986.00,1447539.00,1906253.00,23800.00,16869.00,22209.00,17255.564,941247.00,-0.03,1.37,22860670.00,2.00,1.26,603873.00,13978269.00
Geo1,2022-08-22,2559200.00,2078293.00,1239454.00,30109.00,24219.00,14440.00,13978.269,941247.00,-1.13,-0.60,24173050.00,-2.00,0.00,170061.00,12797481.00
Geo1,2022-08-29,2520280.00,1942000.00,594877.00,29651.00,22631.00,6931.00,12797.481,941247.00,0.12,-0.47,21294978.00,-1.00,1.20,0.00,10718703.00
Geo1,2022-09-05,1687117.00,2622190.00,1734510.00,19849.00,30558.00,20208.00,10718.703,941247.00,-0.44,-0.52,20460874.00,0.00,0.00,0.00,17673990.00
Geo1,2022-09-12,1542555.00,1839764.00,2950422.00,18148.00,21440.00,34374.00,17673.990,941247.00,1.61,1.14,26098106.00,0.00,0.00,569186.00,9930298.00
Geo1,2022-09-19,1591112.00,2600000.00,1771104.00,18719.00,30299.00,20634.00,9930.298,941247.00,0.83,0.30,23583392.00,-6.00,0.09,0.00,17937294.00
Geo1,2022-09-26,1077896.00,3680172.00,1929155.00,12681.00,42887.00,22475.00,17937.294,941247.00,-1.03,0.23,19139284.00,3.00,1.82,376288.00,18360754.00
Geo1,2022-10-03,2080753.00,629315.00,1917778.00,24480.00,7334.00,22343.00,18360.754,941247.00,3.07,1.15,18497068.00,1.00,0.00,260087.00,13368712.00
Geo1,2022-10-10,1315953.00,1372067.00,1909502.00,15482.00,15989.00,22246.00,13368.712,941247.00,2.00,0.02,22798008.00,-4.00,1.78,656173.00,18104982.00
Geo1,2022-10-17,2142996.00,487249.00,1020958.00,25212.00,5678.00,11895.00,18104.982,941247.00,1.19,1.78,16395452.00,0.00,0.00,655125.00,21849484.00
Geo1,2022-10-24,2418184.00,1393362.00,588263.00,28450.00,16238.00,6853.00,21849.484,941247.00,0.29,-1.12,22077108.00,5.00,0.52,91970.00,11178092.00
Geo1,2022-10-31,2303518.00,1619995.00,1770885.00,27101.00,18879.00,20631.00,11178.092,941247.00,1.96,-0.54,20680640.00,0.00,0.26,41368.00,26975610.00
Geo1,2022-11-07,1924576.00,69498.00,1047929.00,22643.00,810.00,12209.00,26975.610,941247.00,2.55,1.58,21555754.00,6.00,1.28,779251.00,13870452.00
Geo1,2022-11-14,2112437.00,1628615.00,679510.00,24853.00,18979.00,7917.00,13870.452,941247.00,0.29,0.56,20628516.00,0.00,2.21,661678.00,19297212.00
Geo1,2022-11-21,4513479.00,1759292.00,1931166.00,53101.00,20502.00,22499.00,19297.212,941247.00,1.86,0.76,18857516.00,3.00,0.00,337250.00,18688630.00
Geo1,2022-11-28,2557569.00,1551242.00,2910586.00,30090.00,18077.00,33909.00,18688.630,941247.00,0.37,0.75,22265658.00,5.00,0.86,186239.00,17696826.00
Geo1,2022-12-05,1648794.00,1646545.00,1180098.00,19398.00,19188.00,13749.00,17696.826,941247.00,-0.39,-2.68,23776472.00,2.00,0.00,0.00,11208468.00
Geo1,2022-12-12,2287438.00,2630611.00,1368511.00,26912.00,30656.00,15944.00,11208.468,941247.00,-0.97,-0.92,26395920.00,-6.00,1.22,0.00,14587405.00
Geo1,2022-12-19,2036535.00,2372824.00,2096799.00,23960.00,27652.00,24429.00,14587.405,941247.00,0.22,0.25,22305976.00,-1.00,0.86,0.00,11666231.00
Geo1,2022-12-26,1749714.00,1195875.00,2593121.00,20585.00,13936.00,30211.00,11666.231,941247.00,0.78,-1.42,19932348.00,-7.00,2.11,0.00,13776148.00
Geo1,2023-01-02,2578227.00,2917711.00,1240762.00,30333.00,34001.00,14455.00,13776.148,941247.00,0.34,-0.49,23964828.00,-3.00,0.00,350647.00,16829674.00
Geo1,2023-01-09,1538592.00,527211.00,1008268.00,18101.00,6144.00,11747.00,16829.674,941247.00,-1.12,-0.49,19819112.00,1.00,0.00,1828.00,14204317.00
Geo1,2023-01-16,884174.00,1282792.00,835770.00,10402.00,14949.00,9737.00,14204.317,941247.00,0.94,-0.25,19372776.00,-1.00,0.00,28830.00,15209411.00
Geo1,2023-01-23,983022.00,2538034.00,1965168.00,11565.00,29577.00,22895.00,15209.411,941247.00,0.21,-0.48,23895710.00,-1.00,0.00,0.00,14223698.00
Geo1,2023-01-30,1005099.00,2070335.00,1306569.00,11825.00,24127.00,15222.00,14223.698,941247.00,0.22,-0.74,19067972.00,0.00,0.20,359973.00,12147623.00
Geo1,2023-02-06,2039324.00,1681048.00,3607416.00,23993.00,19590.00,42028.00,12147.623,941247.00,-0.72,-0.38,20006798.00,-5.00,0.00,0.00,16783962.00
Geo1,2023-02-13,2886258.00,1938069.00,2732391.00,33957.00,22585.00,31833.00,16783.962,941247.00,1.61,-0.20,23030812.00,0.00,0.00,0.00,14245309.00
Geo1,2023-02-20,806738.00,1715110.00,1591294.00,9491.00,19987.00,18539.00,14245.309,941247.00,0.01,-0.40,18454420.00,-1.00,0.97,407824.00,17902250.00
Geo1,2023-02-27,1244177.00,1452658.00,495910.00,14638.00,16929.00,5778.00,17902.250,941247.00,0.67,-1.25,21320102.00,0.00,0.00,63323.00,14196193.00
Geo1,2023-03-06,2228485.00,1293328.00,850186.00,26218.00,15072.00,9905.00,14196.193,941247.00,-2.46,-2.20,18906016.00,1.00,1.04,0.00,16423487.00
Geo1,2023-03-13,2450398.00,3494132.00,818154.00,28829.00,40719.00,9532.00,16423.487,941247.00,-1.57,-0.28,20657368.00,0.00,0.00,95271.00,22253354.00
Geo1,2023-03-20,2425000.00,2605591.00,2418886.00,28530.00,30364.00,28181.00,22253.354,941247.00,-1.67,0.27,18442120.00,5.00,0.00,39777.00,20926134.00
Geo1,2023-03-27,2944401.00,1026146.00,3137801.00,34641.00,11958.00,36557.00,20926.134,941247.00,-0.16,-0.15,22780486.00,2.00,0.00,0.00,20156904.00
Geo1,2023-04-03,3816118.00,1105163.00,1311830.00,44896.00,12879.00,15283.00,20156.904,941247.00,-1.12,0.70,19612582.00,2.00,2.08,617199.00,18063666.00
Geo1,2023-04-10,2194330.00,2266304.00,1854481.00,25816.00,26410.00,21605.00,18063.666,941247.00,-1.98,0.64,21672458.00,2.00,0.00,0.00,17005142.00
Geo1,2023-04-17,1846056.00,2379775.00,749460.00,21719.00,27733.00,8731.00,17005.142,941247.00,-0.67,-0.37,22181904.00,0.00,0.00,35755.00,13100399.00
Geo1,2023-04-24,2605377.00,2915656.00,1421703.00,30652.00,33978.00,16563.00,13100.399,941247.00,0.90,-1.56,19445702.00,-3.00,0.00,0.00,19812558.00
Geo1,2023-05-01,2656815.00,1679091.00,2224821.00,31257.00,19567.00,25920.00,19812.558,941247.00,-1.00,0.58,25529584.00,3.00,0.00,96087.00,16754764.00
Geo1,2023-05-08,3070952.00,958403.00,1280718.00,36130.00,11169.00,14921.00,16754.764,941247.00,0.90,-0.89,19708902.00,0.00,0.00,18016.00,19646824.00
Geo1,2023-05-15,2611896.00,2675865.00,2387763.00,30729.00,31183.00,27818.00,19646.824,941247.00,-1.03,1.04,23729702.00,1.00,0.14,0.00,17133630.00
Geo1,2023-05-22,1722353.00,1371186.00,2997356.00,20263.00,15979.00,34920.00,17133.630,941247.00,0.77,0.16,21656524.00,-1.00,0.13,346517.00,17338920.00
Geo1,2023-05-29,1039397.00,2538922.00,1653632.00,12228.00,29587.00,19265.00,17338.920,941247.00,0.59,0.17,25409336.00,-2.00,0.91,401831.00,19686148.00
Geo1,2023-06-05,1374010.00,1956288.00,1188282.00,16165.00,22798.00,13844.00,19686.148,941247.00,-0.43,-0.05,20274268.00,2.00,0.00,211649.00,13164073.00
Geo1,2023-06-12,2076441.00,1128163.00,1591478.00,24429.00,13147.00,18541.00,13164.073,941247.00,-1.75,-1.51,22520014.00,-2.00,0.00,0.00,20592246.00
Geo1,2023-06-19,2897111.00,1867773.00,2301069.00,34084.00,21766.00,26808.00,20592.246,941247.00,-0.14,-0.81,20531986.00,3.00,0.00,324079.00,22043628.00
Geo1,2023-06-26,2046320.00,1862794.00,1107732.00,24075.00,21708.00,12905.00,22043.628,941247.00,-0.76,-0.17,19701740.00,1.00,0.04,0.00,24009232.00
Geo1,2023-07-03,2272707.00,2239727.00,856885.00,26738.00,26101.00,9983.00,24009.232,941247.00,-1.47,0.08,20368554.00,4.00,1.05,0.00,19945760.00
Geo1,2023-07-10,652150.00,1585177.00,1002539.00,7673.00,18473.00,11680.00,19945.760,941247.00,-1.93,-1.76,21711546.00,0.00,0.00,0.00,13927654.00
Geo1,2023-07-17,2141514.00,1704799.00,774875.00,25195.00,19867.00,9028.00,13927.654,941247.00,-0.42,0.78,20993950.00,-1.00,0.00,141240.00,15593552.00
Geo1,2023-07-24,614323.00,1926932.00,2242988.00,7227.00,22455.00,26132.00,15593.552,941247.00,1.25,0.64,20722934.00,-1.00,0.00,277803.00,17080662.00
Geo1,2023-07-31,866497.00,1470978.00,1882059.00,10194.00,17142.00,21927.00,17080.662,941247.00,1.05,-0.64,20988762.00,0.00,1.50,129012.00,18471684.00
Geo1,2023-08-07,2247358.00,940131.00,1897376.00,26440.00,10956.00,22105.00,18471.684,941247.00,0.18,-0.55,19378602.00,0.00,2.79,177187.00,13827195.00
Geo1,2023-08-14,2687466.00,2007596.00,615007.00,31618.00,23395.00,7165.00,13827.195,941247.00,1.88,-0.89,23452038.00,-2.00,0.76,177958.00,20401704.00
Geo1,2023-08-21,3147513.00,1488824.00,383476.00,37030.00,17350.00,4468.00,20401.704,941247.00,-0.28,-1.92,21009682.00,2.00,0.00,0.00,11139696.00
Geo1,2023-08-28,2020696.00,899067.00,1098627.00,23773.00,10477.00,12799.00,11139.696,941247.00,0.35,1.22,20965728.00,-6.00,0.77,348315.00,19316976.00
Geo1,2023-09-04,1642380.00,1929831.00,2019183.00,19323.00,22489.00,23524.00,19316.976,941247.00,2.02,-0.93,20898564.00,2.00,0.00,415294.00,13019684.00
Geo1,2023-09-11,2223679.00,369404.00,1673263.00,26161.00,4305.00,19494.00,13019.684,941247.00,0.63,-0.18,21826794.00,-3.00,0.52,272682.00,16420128.00
Geo1,2023-09-18,2368706.00,2197296.00,1301653.00,27868.00,25606.00,15165.00,16420.128,941247.00,2.40,0.77,23541798.00,0.00,0.00,550859.00,13788074.00
Geo1,2023-09-25,1863287.00,2214215.00,200512.00,21921.00,25803.00,2336.00,13788.074,941247.00,0.59,-0.96,21312812.00,1.00,0.00,0.00,15893152.00
Geo1,2023-10-02,1573602.00,1807489.00,1489609.00,18513.00,21064.00,17355.00,15893.152,941247.00,-1.73,0.94,24049230.00,-2.00,1.16,515646.00,14154638.00
Geo1,2023-10-09,1928490.00,1373075.00,1485807.00,22689.00,16001.00,17310.00,14154.638,941247.00,2.31,0.20,22695758.00,-3.00,0.00,629389.00,13914095.00
Geo1,2023-10-16,2221526.00,1543045.00,1557335.00,26136.00,17982.00,18144.00,13914.095,941247.00,1.15,0.30,25325772.00,-4.00,2.43,362997.00,14289654.00
Geo1,2023-10-23,999456.00,2025308.00,1021656.00,11759.00,23602.00,11903.00,14289.654,941247.00,-1.95,1.26,21527820.00,0.00,0.00,672080.00,16768641.00
Geo1,2023-10-30,966911.00,714811.00,2306967.00,11376.00,8330.00,26877.00,16768.641,941247.00,-0.41,0.92,21680468.00,-1.00,0.65,378596.00,22632636.00
Geo1,2023-11-06,2394970.00,2450728.00,1314591.00,28177.00,28560.00,15315.00,22632.636,941247.00,2.39,0.46,23149952.00,2.00,0.00,254131.00,20880238.00
Geo1,2023-11-13,1455222.00,1651356.00,1728907.00,17121.00,19244.00,20142.00,20880.238,941247.00,1.80,0.27,23588102.00,3.00,0.00,0.00,11473728.00
Geo1,2023-11-20,1999091.00,1048367.00,1174363.00,23519.00,12217.00,13682.00,11473.728,941247.00,1.83,0.52,17914464.00,-4.00,0.00,0.00,21933392.00
Geo1,2023-11-27,2088006.00,2216159.00,310701.00,24565.00,25826.00,3620.00,21933.392,941247.00,1.21,1.87,23853522.00,5.00,0.00,542001.00,11176780.00
Geo1,2023-12-04,1074368.00,1453101.00,1817958.00,12640.00,16934.00,21180.00,11176.780,941247.00,-0.07,-0.50,21952366.00,-2.00,2.37,292119.00,15239466.00
Geo1,2023-12-11,2040208.00,975203.00,1509506.00,24003.00,11365.00,17586.00,15239.466,941247.00,0.00,1.34,21933684.00,-1.00,0.00,542993.00,22965158.00
Geo1,2023-12-18,2235094.00,1903182.00,1614915.00,26296.00,22179.00,18814.00,22965.158,941247.00,0.42,0.06,19897824.00,6.00,0.00,222113.00,14533628.00
Geo1,2023-12-25,2173519.00,2555166.00,1034913.00,25571.00,29777.00,12057.00,14533.628,941247.00,-0.75,2.09,16946264.00,-1.00,1.89,575692.00,22839104.00
Geo1,2024-01-01,2006739.00,1663804.00,275187.00,23609.00,19389.00,3206.00,22839.104,941247.00,-0.08,-1.81,23286668.00,3.00,0.00,0.00,14697794.00
Geo1,2024-01-08,2455150.00,0.00,933430.00,28885.00,0.00,10875.00,14697.794,941247.00,1.44,-0.58,19256220.00,2.00,0.00,95607.00,20418650.00
Geo1,2024-01-15,2177960.00,1847869.00,2211162.00,25624.00,21534.00,25761.00,20418.650,941247.00,-0.68,0.17,21245322.00,2.00,0.38,2245629.00,17023358.00
Geo10,2021-01-25,2291602.00,1119632.00,1967924.00,26961.00,13048.00,22927.00,17023.358,977476.00,-0.74,0.55,19242216.00,-3.00,0.00,0.00,25360164.00
Geo10,2021-02-01,1794569.00,1595094.00,2299890.00,21113.00,18588.00,26795.00,25360.164,977476.00,-0.92,-0.32,19661906.00,5.00,0.00,7469.00,27576314.00
Geo10,2021-02-08,1411095.00,2054795.00,1457054.00,16601.00,23946.00,16975.00,27576.314,977476.00,0.60,-0.82,21221116.00,5.00,0.69,524398.00,19438838.00
Geo10,2021-02-15,1143924.00,2851374.00,1478723.00,13458.00,33228.00,17228.00,19438.838,977476.00,1.17,-0.07,19853904.00,1.00,0.00,0.00,18562592.00
Geo10,2021-02-22,2813198.00,2417210.00,703111.00,33097.00,28169.00,8192.00,18562.592,977476.00,-1.69,-0.42,19518180.00,0.00,0.11,512477.00,10394360.00
Geo10,2021-03-01,2289044.00,1014245.00,1572254.00,26931.00,11819.00,18317.00,10394.360,977476.00,-1.52,-0.74,16145840.00,-7.00,0.00,0.00,17247756.00
Geo10,2021-03-08,2294989.00,1692190.00,1435984.00,27000.00,19720.00,16730.00,17247.756,977476.00,1.91,-0.05,20519928.00,-4.00,0.00,888291.00,18631650.00
Geo10,2021-03-15,2358313.00,135699.00,2746261.00,27745.00,1581.00,31995.00,18631.650,977476.00,0.57,-2.09,20790278.00,-1.00,0.41,1772606.00,16632555.00
Geo10,2021-03-22,2856920.00,1289173.00,1755488.00,33612.00,15023.00,20452.00,16632.555,977476.00,-0.15,0.98,25294614.00,-2.00,0.00,431249.00,23338874.00
Geo10,2021-03-29,3061824.00,1027396.00,1364953.00,36022.00,11973.00,15902.00,23338.874,977476.00,-1.15,-1.80,23171724.00,2.00,0.00,0.00,24795756.00
Geo10,2021-04-05,3108048.00,1747762.00,1829229.00,36566.00,20368.00,21311.00,24795.756,977476.00,1.21,-0.01,25457458.00,3.00,0.00,0.00,22440728.00
Geo10,2021-04-12,1897103.00,2685890.00,1394615.00,22319.00,31300.00,16248.00,22440.728,977476.00,-2.53,-0.35,21593452.00,-1.00,0.00,796486.00,19310572.00
Geo10,2021-04-19,2480466.00,2398565.00,1389351.00,29183.00,27952.00,16186.00,19310.572,977476.00,1.74,-1.62,21077484.00,-2.00,0.56,1103153.00,26072916.00
Geo10,2021-04-26,2276564.00,2192098.00,923906.00,26784.00,25546.00,10764.00,26072.916,977476.00,0.36,0.13,27843442.00,3.00,0.40,0.00,13757949.00
Geo10,2021-05-03,1461410.00,952040.00,967512.00,17193.00,11095.00,11272.00,13757.949,977476.00,-2.04,0.79,23296220.00,-4.00,1.40,1701121.00,27948754.00
Geo10,2021-05-10,1931839.00,306473.00,1023713.00,22728.00,3571.00,11927.00,27948.754,977476.00,-0.20,-0.98,25590692.00,6.00,0.20,950923.00,20096734.00
Geo10,2021-05-17,2957057.00,1740512.00,1853415.00,34790.00,20283.00,21593.00,20096.734,977476.00,-0.65,-0.14,20901118.00,0.00,1.06,270853.00,17716926.00
Geo10,2021-05-24,2462686.00,56647.00,1718683.00,28973.00,660.00,20023.00,17716.926,977476.00,-1.09,0.65,20879162.00,-2.00,0.80,0.00,23284754.00
Geo10,2021-05-31,2995122.00,1995809.00,1505602.00,35237.00,23258.00,17541.00,23284.754,977476.00,1.10,-0.76,26152580.00,0.00,1.55,1655623.00,20945584.00
Geo10,2021-06-07,1981326.00,1983378.00,2838206.00,23310.00,23113.00,33066.00,20945.584,977476.00,1.21,-0.15,24505272.00,-2.00,0.00,340748.00,23934892.00
Geo10,2021-06-14,1645221.00,1053038.00,2150088.00,19356.00,12272.00,25049.00,23934.892,977476.00,-2.36,0.05,24523956.00,2.00,0.00,2344098.00,25593460.00
Geo10,2021-06-21,2038705.00,1807888.00,2140828.00,23985.00,21068.00,24941.00,25593.460,977476.00,2.68,0.53,22129300.00,5.00,0.39,2634084.00,22232212.00
Geo10,2021-06-28,2291875.00,2148624.00,904916.00,26964.00,25039.00,10543.00,22232.212,977476.00,-0.75,-0.38,24717998.00,3.00,0.55,795747.00,27291804.00
Geo10,2021-07-05,2483775.00,1880951.00,3058521.00,29222.00,21920.00,35633.00,27291.804,977476.00,-0.16,-1.84,22478324.00,4.00,0.00,0.00,19739782.00
Geo10,2021-07-12,2606439.00,2000453.00,2173290.00,30665.00,23312.00,25320.00,19739.782,977476.00,0.13,-0.22,25618486.00,-2.00,0.00,576502.00,21893042.00
Geo10,2021-07-19,2783874.00,1284196.00,1519212.00,32752.00,14965.00,17699.00,21893.042,977476.00,0.43,-0.65,23437144.00,-1.00,0.00,1457546.00,21910600.00
Geo10,2021-07-26,2350848.00,1038635.00,2686596.00,27658.00,12104.00,31300.00,21910.600,977476.00,2.67,-0.39,24274648.00,0.00,1.00,3080152.00,21935400.00
Geo10,2021-08-02,1782659.00,2925115.00,1360328.00,20973.00,34088.00,15848.00,21935.400,977476.00,0.75,-0.47,23568032.00,1.00,2.35,3058280.00,20161918.00
Geo10,2021-08-09,481247.00,821702.00,1793575.00,5662.00,9576.00,20896.00,20161.918,977476.00,0.38,0.01,22987490.00,-1.00,0.00,587561.00,17456988.00
Geo10,2021-08-16,545079.00,1891826.00,1354558.00,6413.00,22046.00,15781.00,17456.988,977476.00,0.63,-1.02,25837008.00,-1.00,1.64,1494507.00,26644758.00
Geo10,2021-08-23,2992792.00,1597270.00,2404195.00,35210.00,18614.00,28010.00,26644.758,977476.00,2.61,0.07,23281108.00,3.00,1.16,2765960.00,23330430.00
Geo10,2021-08-30,2308647.00,1587756.00,2290056.00,27161.00,18503.00,26680.00,23330.430,977476.00,-0.65,-2.51,26838484.00,2.00,0.19,0.00,16971548.00
Geo10,2021-09-06,1499670.00,1704570.00,1079802.00,17644.00,19864.00,12580.00,16971.548,977476.00,1.61,0.60,22968678.00,0.00,1.00,161251.00,23845416.00
Geo10,2021-09-13,1598108.00,1830813.00,1300096.00,18802.00,21335.00,15147.00,23845.416,977476.00,-0.17,0.57,21120922.00,2.00,0.00,339572.00,15940530.00
Geo10,2021-09-20,2517093.00,2041797.00,2099126.00,29613.00,23794.00,24456.00,15940.530,977476.00,0.16,1.06,24655916.00,-3.00,0.93,227525.00,13372847.00
Geo10,2021-09-27,1173523.00,2780298.00,2673770.00,13806.00,32400.00,31150.00,13372.847,977476.00,0.51,0.69,20822070.00,-5.00,1.17,859437.00,13183604.00
Geo10,2021-10-04,2669610.00,2108940.00,992814.00,31408.00,24576.00,11567.00,13183.604,977476.00,0.31,0.53,20932744.00,-6.00,0.83,2400750.00,27735154.00
Geo10,2021-10-11,1336114.00,1198486.00,1792848.00,15719.00,13967.00,20887.00,27735.154,977476.00,0.00,-2.10,23697094.00,4.00,1.18,0.00,19707748.00
Geo10,2021-10-18,1597619.00,2491575.00,1646198.00,18796.00,29036.00,19179.00,19707.748,977476.00,3.27,-0.95,22328366.00,-1.00,1.62,2710808.00,15983644.00
Geo10,2021-10-25,2143005.00,1898336.00,2504538.00,25212.00,22122.00,29179.00,15983.644,977476.00,0.06,-1.01,24215382.00,-3.00,0.00,0.00,23174274.00
Geo10,2021-11-01,2289287.00,1971492.00,1290496.00,26933.00,22975.00,15035.00,23174.274,977476.00,2.09,0.69,20967242.00,1.00,1.62,480162.00,24485618.00
Geo10,2021-11-08,2132268.00,1175856.00,1093849.00,25086.00,13703.00,12744.00,24485.618,977476.00,0.18,0.23,22458336.00,4.00,0.00,1562647.00,15592117.00
Geo10,2021-11-15,1685674.00,1298936.00,1030411.00,19832.00,15137.00,12005.00,15592.117,977476.00,0.95,1.66,22976040.00,-2.00,0.00,1916038.00,24648202.00
Geo10,2021-11-22,2714841.00,2811420.00,2043155.00,31940.00,32763.00,23804.00,24648.202,977476.00,0.39,-0.18,22837572.00,2.00,0.00,713385.00,25251894.00
Geo10,2021-11-29,2386900.00,1173432.00,2783787.00,28082.00,13675.00,32432.00,25251.894,977476.00,0.54,0.98,23718196.00,3.00,0.32,0.00,16345689.00
Geo10,2021-12-06,2393703.00,2334980.00,2043612.00,28162.00,27211.00,23809.00,16345.689,977476.00,-0.78,1.08,24572366.00,-2.00,0.12,846264.00,24028720.00
Geo10,2021-12-13,2996368.00,863540.00,490567.00,35252.00,10063.00,5715.00,24028.720,977476.00,0.64,2.35,21998666.00,4.00,0.00,2257127.00,25648684.00
Geo10,2021-12-20,2706406.00,1952266.00,1276414.00,31841.00,22751.00,14871.00,25648.684,977476.00,0.22,0.26,27752304.00,4.00,0.57,3043790.00,16184384.00
Geo10,2021-12-27,3597706.00,2283856.00,1714199.00,42327.00,26615.00,19971.00,16184.384,977476.00,1.47,-1.98,24751796.00,-2.00,1.26,434118.00,24785682.00
Geo10,2022-01-03,2154265.00,1987882.00,1529791.00,25345.00,23166.00,17823.00,24785.682,977476.00,-0.88,0.78,21107606.00,2.00,0.25,994051.00,16463733.00
Geo10,2022-01-10,2516914.00,1216128.00,281306.00,29611.00,14172.00,3277.00,16463.733,977476.00,1.66,1.03,29949096.00,0.00,0.95,1023778.00,17203420.00
Geo10,2022-01-17,1264368.00,2613554.00,1872093.00,14875.00,30457.00,21811.00,17203.420,977476.00,-1.58,0.14,24876050.00,-1.00,0.00,0.00,8822482.00
Geo10,2022-01-24,1864214.00,2424717.00,1124412.00,21932.00,28256.00,13100.00,8822.482,977476.00,-0.24,-1.34,20551614.00,-7.00,0.00,0.00,20315826.00
Geo10,2022-01-31,1852289.00,1871069.00,2129401.00,21792.00,21804.00,24808.00,20315.826,977476.00,-0.34,0.12,22631164.00,-1.00,1.15,2660970.00,22410392.00
Geo10,2022-02-07,2455004.00,2772474.00,1718650.00,28883.00,32309.00,20023.00,22410.392,977476.00,-2.30,0.23,21835712.00,0.00,0.00,1155190.00,18749272.00
Geo10,2022-02-14,2320542.00,623337.00,1068076.00,27301.00,7264.00,12443.00,18749.272,977476.00,0.30,-2.20,23418754.00,1.00,0.00,0.00,21769120.00
Geo10,2022-02-21,2439734.00,1393626.00,1317735.00,28703.00,16241.00,15352.00,21769.120,977476.00,1.05,-0.27,22641764.00,1.00,0.00,296796.00,16449146.00
Geo10,2022-02-28,2873031.00,1636101.00,1751383.00,33801.00,19066.00,20404.00,16449.146,977476.00,1.50,-0.86,22046816.00,-2.00,0.76,0.00,17008224.00
Geo10,2022-03-07,1968615.00,2016489.00,1510412.00,23161.00,23499.00,17597.00,17008.224,977476.00,-1.94,0.32,24641744.00,-3.00,0.00,1901424.00,15104913.00
Geo10,2022-03-14,2387495.00,2029136.00,1006172.00,28089.00,23646.00,11722.00,15104.913,977476.00,0.11,-0.40,21658322.00,-1.00,0.00,0.00,20242538.00
Geo10,2022-03-21,816215.00,773484.00,533681.00,9603.00,9014.00,6218.00,20242.538,977476.00,-1.14,-1.55,21420008.00,0.00,0.00,1788520.00,22299408.00
Geo10,2022-03-28,1983484.00,2344176.00,1899399.00,23336.00,27318.00,22129.00,22299.408,977476.00,-2.39,-1.22,19085250.00,1.00,0.61,0.00,21033740.00
Geo10,2022-04-04,963295.00,1842156.00,1676974.00,11333.00,21468.00,19537.00,21033.740,977476.00,0.50,-0.27,23978958.00,0.00,0.00,272778.00,21215146.00
Geo10,2022-04-11,2421204.00,2210966.00,1934150.00,28485.00,25765.00,22534.00,21215.146,977476.00,0.69,0.12,22801508.00,1.00,0.00,0.00,14867756.00
Geo10,2022-04-18,2042304.00,1436413.00,1040139.00,24028.00,16739.00,12118.00,14867.756,977476.00,-0.47,-1.37,20241376.00,-2.00,0.00,0.00,26509506.00
Geo10,2022-04-25,2304522.00,2725085.00,1230567.00,27113.00,31757.00,14337.00,26509.506,977476.00,-1.06,-1.36,24616042.00,4.00,0.00,209800.00,24097830.00
Geo10,2022-05-02,2090571.00,1762062.00,1670972.00,24595.00,20534.00,19467.00,24097.830,977476.00,3.02,-0.91,16822684.00,4.00,0.00,500853.00,17687148.00
Geo10,2022-05-09,2036825.00,695988.00,1744312.00,23963.00,8111.00,20322.00,17687.148,977476.00,-2.50,0.71,20895464.00,1.00,1.53,1707535.00,19938140.00
Geo10,2022-05-16,3100636.00,1972259.00,1573700.00,36479.00,22984.00,18334.00,19938.140,977476.00,-0.47,-2.15,22484428.00,2.00,0.00,0.00,24588842.00
Geo10,2022-05-23,2227549.00,232249.00,2121429.00,26207.00,2707.00,24715.00,24588.842,977476.00,-0.36,0.33,20372928.00,3.00,0.50,744085.00,23712774.00
Geo10,2022-05-30,3758587.00,2056453.00,2510264.00,44220.00,23965.00,29246.00,23712.774,977476.00,-1.18,-0.80,25654384.00,1.00,0.00,1126415.00,27245834.00
Geo10,2022-06-06,2465731.00,2046054.00,2769504.00,29009.00,23844.00,32266.00,27245.834,977476.00,-1.57,-0.19,20308656.00,5.00,0.00,710592.00,22684228.00
Geo10,2022-06-13,639346.00,2299241.00,2079919.00,7522.00,26794.00,24232.00,22684.228,977476.00,0.48,-0.61,21630074.00,-1.00,1.58,753883.00,28251184.00
Geo10,2022-06-20,3070082.00,2570452.00,689981.00,36119.00,29955.00,8039.00,28251.184,977476.00,-0.55,-0.64,22930714.00,6.00,0.16,0.00,16766312.00
Geo10,2022-06-27,1603619.00,1389140.00,2188422.00,18867.00,16188.00,25496.00,16766.312,977476.00,0.02,-0.36,17030752.00,-3.00,0.27,0.00,15811824.00
Geo10,2022-07-04,3412712.00,579774.00,2483198.00,40150.00,6756.00,28930.00,15811.824,977476.00,0.18,1.52,24208652.00,-6.00,0.00,1949912.00,20889696.00
Geo10,2022-07-11,2345579.00,2175426.00,1975623.00,27596.00,25351.00,23017.00,20889.696,977476.00,-1.21,1.45,22733790.00,1.00,1.17,1577275.00,17223188.00
Geo10,2022-07-18,1436704.00,2118322.00,1739676.00,16903.00,24686.00,20268.00,17223.188,977476.00,-1.14,0.69,25521008.00,0.00,0.04,565895.00,20675746.00
Geo10,2022-07-25,1713238.00,1443452.00,2651572.00,20156.00,16821.00,30892.00,20675.746,977476.00,0.05,-0.24,22085376.00,0.00,1.22,1910218.00,22201484.00
Geo10,2022-08-01,3472834.00,415501.00,995321.00,40858.00,4842.00,11596.00,22201.484,977476.00,-1.58,-1.61,23679206.00,2.00,0.00,0.00,21328908.00
Geo10,2022-08-08,3023742.00,1299842.00,1978975.00,35574.00,15148.00,23056.00,21328.908,977476.00,-0.01,-0.62,22195620.00,3.00,0.01,651213.00,13476910.00
Geo10,2022-08-15,1949836.00,1282482.00,1594557.00,22940.00,14945.00,18577.00,13476.910,977476.00,0.18,1.42,25209492.00,-4.00,1.51,2050503.00,23419136.00
Geo10,2022-08-22,3043429.00,2429675.00,1245767.00,35806.00,28314.00,14514.00,23419.136,977476.00,1.17,0.50,24864162.00,2.00,1.50,1968450.00,15953241.00
Geo10,2022-08-29,2044556.00,1834196.00,2187673.00,24054.00,21375.00,25487.00,15953.241,977476.00,1.91,-1.18,23266344.00,-2.00,0.16,988512.00,9897465.00
Geo10,2022-09-05,2114212.00,2509594.00,1849841.00,24874.00,29246.00,21551.00,9897.465,977476.00,2.07,0.10,23546530.00,-4.00,0.79,1260231.00,20528254.00
Geo10,2022-09-12,1782507.00,1530510.00,1866081.00,20971.00,17836.00,21741.00,20528.254,977476.00,1.58,1.18,28172766.00,-1.00,0.00,1744303.00,22490640.00
Geo10,2022-09-19,2352864.00,1666560.00,2124373.00,27681.00,19421.00,24750.00,22490.640,977476.00,0.08,-0.91,26310342.00,1.00,2.34,2832180.00,12465390.00
Geo10,2022-09-26,1690208.00,2881869.00,1967923.00,19885.00,33584.00,22927.00,12465.390,977476.00,1.27,1.00,22364628.00,-5.00,0.56,1051161.00,19998998.00
Geo10,2022-10-03,1884096.00,1342856.00,2006138.00,22166.00,15649.00,23372.00,19998.998,977476.00,2.11,-1.01,20193370.00,-1.00,0.00,0.00,20705560.00
Geo10,2022-10-10,2060649.00,1728678.00,1453064.00,24243.00,20145.00,16929.00,20705.560,977476.00,1.35,0.37,24413234.00,-1.00,0.06,392525.00,25534748.00
Geo10,2022-10-17,1592810.00,1781862.00,1220175.00,18739.00,20765.00,14216.00,25534.748,977476.00,0.31,-0.05,18922730.00,4.00,1.76,1818997.00,21783990.00
Geo10,2022-10-24,2311008.00,1538002.00,666985.00,27189.00,17923.00,7771.00,21783.990,977476.00,0.27,0.04,22326028.00,1.00,0.84,1764801.00,16552261.00
Geo10,2022-10-31,1692696.00,2014375.00,1678031.00,19914.00,23474.00,19550.00,16552.261,977476.00,0.65,1.58,23897668.00,0.00,0.00,1361500.00,26399020.00
Geo10,2022-11-07,3115904.00,925731.00,1223257.00,36658.00,10788.00,14251.00,26399.020,977476.00,1.43,1.51,24046804.00,2.00,3.01,5801781.00,17179854.00
Geo10,2022-11-14,1755440.00,1556243.00,473700.00,20653.00,18136.00,5519.00,17179.854,977476.00,1.49,-1.34,22698740.00,-1.00,0.48,157774.00,19854456.00
Geo10,2022-11-21,2310363.00,1978412.00,1194665.00,27181.00,23055.00,13918.00,19854.456,977476.00,0.31,0.82,19193846.00,0.00,0.00,36539.00,9820932.00
Geo10,2022-11-28,1741762.00,1801006.00,1274592.00,20492.00,20988.00,14849.00,9820.932,977476.00,0.89,0.67,21911292.00,-5.00,0.00,451822.00,21873316.00
Geo10,2022-12-05,2589742.00,3272653.00,1116396.00,30468.00,38138.00,13006.00,21873.316,977476.00,0.12,0.56,26028614.00,2.00,0.39,2308165.00,22749784.00
Geo10,2022-12-12,2014395.00,2396208.00,1809154.00,23699.00,27924.00,21077.00,22749.784,977476.00,-1.58,0.25,28363364.00,0.00,0.00,692687.00,19149384.00
Geo10,2022-12-19,2363916.00,2424585.00,1762926.00,27811.00,28255.00,20539.00,19149.384,977476.00,0.50,-0.09,23355020.00,-1.00,0.02,7175.00,26624902.00
Geo10,2022-12-26,1842934.00,2200394.00,904842.00,21682.00,25642.00,10542.00,26624.902,977476.00,-0.55,1.05,21560148.00,3.00,0.00,0.00,20570508.00
Geo10,2023-01-02,1200775.00,2613436.00,200259.00,14127.00,30456.00,2333.00,20570.508,977476.00,1.67,0.56,24963924.00,1.00,0.00,107320.00,20327442.00
Geo10,2023-01-09,2511364.00,1333991.00,560884.00,29546.00,15546.00,6535.00,20327.442,977476.00,-0.22,-0.23,21087662.00,1.00,0.13,0.00,16674808.00
Geo10,2023-01-16,2029135.00,993440.00,1559521.00,23873.00,11577.00,18169.00,16674.808,977476.00,-0.02,-0.77,22041440.00,-2.00,0.67,0.00,20403678.00
Geo10,2023-01-23,1180646.00,1853704.00,2152170.00,13890.00,21602.00,25074.00,20403.678,977476.00,0.25,-1.36,25576732.00,1.00,0.00,0.00,16523419.00
Geo10,2023-01-30,645477.00,2399996.00,1819250.00,7594.00,27968.00,21195.00,16523.419,977476.00,0.67,0.53,20139942.00,0.00,0.00,0.00,20462460.00
Geo10,2023-02-06,2782856.00,1028111.00,3189827.00,32740.00,11981.00,37163.00,20462.460,977476.00,-1.98,0.74,21040976.00,0.00,1.65,0.00,28823604.00
Geo10,2023-02-13,2443408.00,1949516.00,2074590.00,28747.00,22719.00,24170.00,28823.604,977476.00,-1.71,-1.63,25099438.00,6.00,0.83,1414906.00,23888520.00
Geo10,2023-02-20,1096322.00,1807999.00,1558513.00,12898.00,21069.00,18157.00,23888.520,977476.00,-2.25,-0.73,19851038.00,4.00,1.09,0.00,24338902.00
Geo10,2023-02-27,2859712.00,2289958.00,1778560.00,33644.00,26686.00,20721.00,24338.902,977476.00,0.06,-1.41,23101296.00,2.00,0.00,0.00,20887422.00
Geo10,2023-03-06,2959016.00,880769.00,1615560.00,34813.00,10264.00,18822.00,20887.422,977476.00,-1.02,0.15,21080280.00,3.00,0.21,0.00,22353438.00
Geo10,2023-03-13,1626150.00,2848310.00,851721.00,19132.00,33193.00,9923.00,22353.438,977476.00,-1.73,-1.19,22938206.00,2.00,2.30,1981805.00,19451336.00
Geo10,2023-03-20,3491881.00,3592062.00,2386304.00,41082.00,41860.00,27801.00,19451.336,977476.00,-2.34,-0.69,20268690.00,-1.00,1.11,0.00,25103632.00
Geo10,2023-03-27,2943135.00,1503380.00,1742712.00,34626.00,17520.00,20303.00,25103.632,977476.00,-0.85,-0.30,25321234.00,2.00,0.55,0.00,24452868.00
Geo10,2023-04-03,3000017.00,1317814.00,2478501.00,35295.00,15357.00,28875.00,24452.868,977476.00,-0.76,-0.32,21183232.00,1.00,0.47,0.00,14804776.00
Geo10,2023-04-10,950288.00,2677238.00,1333192.00,11180.00,31199.00,15532.00,14804.776,977476.00,-0.61,-1.14,22559912.00,-3.00,0.09,0.00,18435204.00
Geo10,2023-04-17,2065374.00,2190056.00,1095488.00,24299.00,25522.00,12763.00,18435.204,977476.00,-1.73,-1.58,25400782.00,-3.00,0.00,0.00,16110508.00
Geo10,2023-04-24,2933410.00,2040294.00,1116661.00,34511.00,23777.00,13010.00,16110.508,977476.00,0.90,1.37,20695116.00,-4.00,0.00,3839498.00,22950358.00
Geo10,2023-05-01,2079322.00,1602308.00,2654500.00,24463.00,18672.00,30926.00,22950.358,977476.00,0.19,-0.65,26118094.00,1.00,1.42,603850.00,27748038.00
Geo10,2023-05-08,2690400.00,986439.00,2045604.00,31652.00,11495.00,23832.00,27748.038,977476.00,-0.74,-1.64,19968024.00,5.00,0.88,0.00,20766286.00
Geo10,2023-05-15,2334096.00,2412270.00,1865569.00,27461.00,28111.00,21735.00,20766.286,977476.00,-2.96,-0.17,25421144.00,-1.00,0.00,823424.00,16651883.00
Geo10,2023-05-22,2176442.00,497024.00,3410039.00,25606.00,5792.00,39728.00,16651.883,977476.00,0.61,-0.69,21370074.00,-5.00,1.07,0.00,26454568.00
Geo10,2023-05-29,1858077.00,1388296.00,1377334.00,21860.00,16178.00,16046.00,26454.568,977476.00,2.03,-0.05,25805962.00,3.00,0.08,419772.00,20612502.00
Geo10,2023-06-05,1697887.00,2770474.00,1340.00,19976.00,32286.00,16.00,20612.502,977476.00,-0.13,-0.77,21979740.00,-1.00,0.00,513755.00,20360646.00
Geo10,2023-06-12,1712856.00,1615178.00,1366583.00,20152.00,18822.00,15921.00,20360.646,977476.00,-1.29,-2.34,22622478.00,1.00,0.00,0.00,25386872.00
Geo10,2023-06-19,1521157.00,1511208.00,995351.00,17896.00,17611.00,11596.00,25386.872,977476.00,-0.08,1.60,20663030.00,3.00,3.02,3962920.00,29740526.00
Geo10,2023-06-26,2268186.00,1386248.00,2403734.00,26685.00,16155.00,28004.00,29740.526,977476.00,-0.43,0.27,20820008.00,5.00,0.13,186712.00,12046988.00
Geo10,2023-07-03,2019973.00,1337354.00,10448.00,23765.00,15585.00,122.00,12046.988,977476.00,-1.90,-0.87,20197374.00,-8.00,0.46,0.00,23181686.00
Geo10,2023-07-10,1628400.00,1590185.00,322308.00,19158.00,18531.00,3755.00,23181.686,977476.00,0.75,-0.71,23962552.00,0.00,0.00,0.00,15345760.00
Geo10,2023-07-17,2035457.00,1651964.00,1556618.00,23947.00,19251.00,18135.00,15345.760,977476.00,-0.47,-1.38,22852432.00,-3.00,3.94,1964568.00,22311912.00
Geo10,2023-07-24,0.00,1302875.00,2150864.00,0.00,15183.00,25058.00,22311.912,977476.00,2.47,0.36,21841630.00,1.00,0.00,1535682.00,15642137.00
Geo10,2023-07-31,1041114.00,1237816.00,1590392.00,12249.00,14425.00,18529.00,15642.137,977476.00,0.38,0.18,21560748.00,-4.00,2.15,2204680.00,21583768.00
Geo10,2023-08-07,1123059.00,1088922.00,1797240.00,13213.00,12690.00,20939.00,21583.768,977476.00,-0.07,0.53,19882784.00,2.00,0.91,1310988.00,19229438.00
Geo10,2023-08-14,2201505.00,1717172.00,1193630.00,25901.00,20011.00,13906.00,19229.438,977476.00,1.22,0.62,23244952.00,0.00,0.59,3605421.00,22608886.00
Geo10,2023-08-21,3428327.00,1811368.00,641347.00,40334.00,21109.00,7472.00,22608.886,977476.00,0.96,0.24,21874406.00,1.00,2.11,1443273.00,24728336.00
Geo10,2023-08-28,1347858.00,925963.00,1121173.00,15857.00,10791.00,13062.00,24728.336,977476.00,1.27,0.22,20337132.00,2.00,1.15,735819.00,15434531.00
Geo10,2023-09-04,1526156.00,2026877.00,2252573.00,17955.00,23620.00,26243.00,15434.531,977476.00,2.03,-2.75,21368048.00,-4.00,2.26,0.00,26159312.00
Geo10,2023-09-11,3501658.00,900933.00,1512698.00,41197.00,10499.00,17624.00,26159.312,977476.00,-1.84,-1.76,23502708.00,5.00,0.00,0.00,12669025.00
Geo10,2023-09-18,2377512.00,1447927.00,1106988.00,27971.00,16873.00,12897.00,12669.025,977476.00,0.44,0.36,24038448.00,-5.00,0.00,338543.00,13271484.00
Geo10,2023-09-25,2249481.00,2372074.00,1445575.00,26465.00,27643.00,16841.00,13271.484,977476.00,-0.25,1.03,23126430.00,-1.00,1.26,1669469.00,17808494.00
Geo10,2023-10-02,2501855.00,963340.00,2735051.00,29434.00,11226.00,31864.00,17808.494,977476.00,-0.89,1.89,25161770.00,-3.00,1.13,2371765.00,27931330.00
Geo10,2023-10-09,2170475.00,1784264.00,1434817.00,25536.00,20793.00,16716.00,27931.330,977476.00,1.06,1.41,23744172.00,5.00,0.42,1296652.00,15394395.00
Geo10,2023-10-16,1927069.00,1696552.00,2030598.00,22672.00,19771.00,23657.00,15394.395,977476.00,-0.22,0.96,26687506.00,-5.00,0.00,118479.00,13294017.00
Geo10,2023-10-23,1557685.00,984280.00,1504572.00,18326.00,11470.00,17529.00,13294.017,977476.00,-0.99,-2.33,21959692.00,-5.00,0.00,385673.00,24915068.00
Geo10,2023-10-30,2037732.00,1714844.00,1892479.00,23974.00,19984.00,22048.00,24915.068,977476.00,-0.97,2.80,24123874.00,1.00,0.77,2311146.00,29436838.00
Geo10,2023-11-06,1763304.00,1990800.00,2348975.00,20745.00,23200.00,27366.00,29436.838,977476.00,-1.33,1.69,25000518.00,4.00,0.00,838229.00,22525222.00
Geo10,2023-11-13,1985294.00,1734962.00,2347499.00,23357.00,20218.00,27349.00,22525.222,977476.00,0.53,-0.22,25123510.00,1.00,0.15,1420036.00,22062004.00
Geo10,2023-11-20,2534898.00,474265.00,1330587.00,29823.00,5527.00,15502.00,22062.004,977476.00,-0.10,0.28,20736468.00,2.00,0.18,516508.00,15426268.00
Geo10,2023-11-27,2225959.00,2119298.00,1105034.00,26188.00,24697.00,12874.00,15426.268,977476.00,-1.12,0.99,25726020.00,-5.00,1.57,1822241.00,20449812.00
Geo10,2023-12-04,2415266.00,2354912.00,2499603.00,28416.00,27443.00,29121.00,20449.812,977476.00,0.17,0.58,24509072.00,1.00,0.07,1554615.00,29403494.00
Geo10,2023-12-11,2685230.00,1109684.00,1909378.00,31592.00,12932.00,22245.00,29403.494,977476.00,0.06,0.74,25437630.00,7.00,0.11,3081013.00,13625583.00
Geo10,2023-12-18,1603854.00,2285302.00,1170059.00,18869.00,26632.00,13632.00,13625.583,977476.00,-0.38,0.68,21420750.00,-4.00,0.00,0.00,16879028.00
Geo10,2023-12-25,2687355.00,2414666.00,1007647.00,31617.00,28139.00,11739.00,16879.028,977476.00,0.68,0.34,19751322.00,-2.00,0.00,0.00,30464006.00
Geo10,2024-01-01,2264366.00,1847610.00,976857.00,26640.00,21531.00,11381.00,30464.006,977476.00,0.49,-1.02,25196848.00,5.00,0.26,0.00,11067756.00
Geo10,2024-01-08,2235118.00,375691.00,875345.00,26296.00,4378.00,10198.00,11067.756,977476.00,-2.09,1.28,19883574.00,-5.00,0.00,721022.00,19356646.00
Geo10,2024-01-15,1792495.00,1227054.00,2073992.00,21089.00,14299.00,24163.00,19356.646,977476.00,-1.69,0.35,22114806.00,-2.00,0.15,780034.00,3655880.00
Geo11,2021-01-25,421658.00,169085.00,330963.00,4961.00,1970.00,3856.00,3655.880,240069.00,-1.05,-0.42,4547352.00,-5.00,0.24,681526.00,6574961.00
Geo11,2021-02-01,376154.00,381717.00,669002.00,4425.00,4448.00,7794.00,6574.961,240069.00,-1.38,-0.23,4879133.00,4.00,1.47,0.00,6654271.00
Geo11,2021-02-08,523646.00,498403.00,587185.00,6161.00,5808.00,6841.00,6654.271,240069.00,-1.37,0.48,5416566.00,3.00,0.00,729388.00,4424367.00
Geo11,2021-02-15,0.00,402460.00,631988.00,0.00,4690.00,7363.00,4424.367,240069.00,2.31,-0.79,4599868.00,-1.00,1.00,0.00,3293388.00
Geo11,2021-02-22,589462.00,596234.00,482079.00,6935.00,6948.00,5616.00,3293.388,240069.00,-0.60,-1.10,4590017.00,-7.00,0.00,0.00,5247275.00
Geo11,2021-03-01,445254.00,298490.00,407185.00,5238.00,3478.00,4744.00,5247.275,240069.00,-1.25,-1.14,3678006.00,0.00,0.28,0.00,6183271.00
Geo11,2021-03-08,495433.00,183293.00,450931.00,5829.00,2136.00,5254.00,6183.271,240069.00,0.59,0.03,5007280.00,1.00,0.00,406725.00,4546362.00
Geo11,2021-03-15,553114.00,435973.00,290979.00,6507.00,5081.00,3390.00,4546.362,240069.00,2.13,-2.09,5128490.00,-3.00,2.89,1266386.00,6154949.00
Geo11,2021-03-22,604838.00,244734.00,306751.00,7116.00,2852.00,3574.00,6154.949,240069.00,-0.48,-0.06,5649598.00,4.00,0.24,330272.00,5475498.00
Geo11,2021-03-29,795597.00,180654.00,249013.00,9360.00,2105.00,2901.00,5475.498,240069.00,-1.14,1.41,5590328.00,-1.00,0.40,874136.00,6609820.00
Geo11,2021-04-05,429369.00,646401.00,691545.00,5052.00,7533.00,8057.00,6609.820,240069.00,-1.07,0.68,5910300.00,3.00,0.00,0.00,7492572.00
Geo11,2021-04-12,476417.00,402927.00,473279.00,5605.00,4696.00,5514.00,7492.572,240069.00,-1.75,0.19,5257051.00,4.00,1.10,0.00,6157719.00
Geo11,2021-04-19,742961.00,577853.00,383528.00,8741.00,6734.00,4468.00,6157.719,240069.00,1.40,-1.82,5041748.00,1.00,0.00,0.00,5537124.00
Geo11,2021-04-26,387643.00,452153.00,102250.00,4561.00,5269.00,1191.00,5537.124,240069.00,-0.67,1.23,6586806.00,-2.00,0.84,1965809.00,4645416.00
Geo11,2021-05-03,519208.00,205835.00,301872.00,6108.00,2399.00,3517.00,4645.416,240069.00,0.83,1.25,5594698.00,-1.00,0.63,749392.00,5347639.00
Geo11,2021-05-10,416513.00,170147.00,444077.00,4900.00,1983.00,5174.00,5347.639,240069.00,-2.02,-0.62,6378382.00,-1.00,0.00,0.00,4919336.00
Geo11,2021-05-17,390564.00,55300.00,703595.00,4595.00,644.00,8197.00,4919.336,240069.00,0.03,-0.23,4944091.00,-2.00,0.00,132836.00,5578243.00
Geo11,2021-05-24,763802.00,184607.00,484373.00,8986.00,2151.00,5643.00,5578.243,240069.00,1.96,0.68,5084453.00,0.00,0.18,162829.00,7027941.00
Geo11,2021-05-31,691510.00,331547.00,409181.00,8136.00,3864.00,4767.00,7027.941,240069.00,0.44,0.24,6397504.00,3.00,0.00,1489923.00,5700052.00
Geo11,2021-06-07,584612.00,621678.00,423531.00,6878.00,7245.00,4934.00,5700.052,240069.00,1.71,0.12,6136102.00,-2.00,0.35,224272.00,6988040.00
Geo11,2021-06-14,534506.00,301011.00,607788.00,6288.00,3508.00,7081.00,6988.040,240069.00,-0.75,0.14,5970982.00,3.00,0.00,309209.00,8047471.00
Geo11,2021-06-21,466948.00,672571.00,490038.00,5494.00,7838.00,5709.00,8047.471,240069.00,0.26,-1.61,5386352.00,7.00,1.49,414872.00,5316977.00
Geo11,2021-06-28,814015.00,631873.00,313084.00,9577.00,7364.00,3648.00,5316.977,240069.00,1.04,1.39,6530475.00,1.00,1.67,2997194.00,5238823.00
Geo11,2021-07-05,471851.00,115769.00,436780.00,5551.00,1349.00,5089.00,5238.823,240069.00,-0.07,1.70,5790860.00,-1.00,0.00,1114286.00,6602636.00
Geo11,2021-07-12,589964.00,368173.00,400481.00,6941.00,4290.00,4666.00,6602.636,240069.00,-1.03,-0.73,5955656.00,2.00,0.00,269192.00,6663621.00
Geo11,2021-07-19,505922.00,465642.00,415848.00,5952.00,5426.00,4845.00,6663.621,240069.00,-1.54,0.59,5798016.00,0.00,0.00,372432.00,6772905.00
Geo11,2021-07-26,614584.00,369922.00,303178.00,7231.00,4311.00,3532.00,6772.905,240069.00,1.05,-0.45,5719642.00,3.00,0.00,733721.00,5896424.00
Geo11,2021-08-02,420702.00,534808.00,433061.00,4950.00,6232.00,5045.00,5896.424,240069.00,-0.66,0.51,6050228.00,1.00,0.00,0.00,5815089.00
Geo11,2021-08-09,156348.00,374832.00,389243.00,1839.00,4368.00,4535.00,5815.089,240069.00,0.70,-0.41,5537698.00,0.00,0.00,0.00,5812049.00
Geo11,2021-08-16,160092.00,427741.00,250737.00,1883.00,4985.00,2921.00,5812.049,240069.00,1.44,-0.07,6123432.00,3.00,1.62,2201649.00,6576499.00
Geo11,2021-08-23,796218.00,403274.00,699534.00,9367.00,4700.00,8150.00,6576.499,240069.00,1.20,1.74,5801388.00,2.00,0.14,2248896.00,4856211.00
Geo11,2021-08-30,567534.00,584810.00,691765.00,6677.00,6815.00,8059.00,4856.211,240069.00,0.38,0.73,6730925.00,-3.00,0.00,1356214.00,5231808.00
Geo11,2021-09-06,716356.00,489661.00,503687.00,8428.00,5706.00,5868.00,5231.808,240069.00,-0.34,-0.77,5810998.00,2.00,0.00,0.00,6838219.00
Geo11,2021-09-13,313794.00,578047.00,429876.00,3692.00,6736.00,5008.00,6838.219,240069.00,0.25,0.78,5233012.00,2.00,0.04,1589949.00,6033283.00
Geo11,2021-09-20,700830.00,510360.00,689822.00,8245.00,5947.00,8037.00,6033.283,240069.00,0.51,1.11,5963384.00,3.00,0.00,423376.00,7352408.00
Geo11,2021-09-27,788997.00,783260.00,440369.00,9283.00,9128.00,5130.00,7352.408,240069.00,1.03,0.01,5475939.00,6.00,0.39,0.00,5825977.00
Geo11,2021-10-04,465441.00,473315.00,572152.00,5476.00,5516.00,6666.00,5825.977,240069.00,0.39,0.99,5362624.00,1.00,0.37,1503886.00,7476223.00
Geo11,2021-10-11,570725.00,347569.00,403802.00,6715.00,4050.00,4704.00,7476.223,240069.00,1.34,-0.10,6160004.00,5.00,0.41,0.00,6463985.00
Geo11,2021-10-18,322812.00,695128.00,262060.00,3798.00,8101.00,3053.00,6463.985,240069.00,-0.01,-0.28,5814559.00,2.00,1.07,1336038.00,5083909.00
Geo11,2021-10-25,671456.00,357888.00,531808.00,7900.00,4171.00,6196.00,5083.909,240069.00,-0.80,1.52,6226961.00,-2.00,0.00,1363777.00,6222041.00
Geo11,2021-11-01,636564.00,426157.00,373093.00,7489.00,4966.00,4347.00,6222.041,240069.00,1.51,1.40,5852993.00,1.00,1.45,3414778.00,6089802.00
Geo11,2021-11-08,476985.00,401572.00,483642.00,5612.00,4680.00,5635.00,6089.802,240069.00,0.41,0.94,6123067.00,3.00,0.14,1014142.00,5155428.00
Geo11,2021-11-15,315399.00,480104.00,415440.00,3711.00,5595.00,4840.00,5155.428,240069.00,1.17,1.08,5535807.00,0.00,2.33,2045684.00,5417824.00
Geo11,2021-11-22,329832.00,433099.00,475038.00,3880.00,5047.00,5534.00,5417.824,240069.00,0.42,-1.44,5715876.00,-1.00,0.00,1242415.00,7956985.00
Geo11,2021-11-29,763884.00,278589.00,364677.00,8987.00,3247.00,4249.00,7956.985,240069.00,-0.29,-0.57,5916788.00,6.00,0.02,461020.00,4033039.00
Geo11,2021-12-06,658685.00,404497.00,514752.00,7749.00,4714.00,5997.00,4033.039,240069.00,-0.26,1.99,6261746.00,-4.00,1.10,1481482.00,4765414.00
Geo11,2021-12-13,568182.00,238443.00,212284.00,6685.00,2779.00,2473.00,4765.414,240069.00,-0.67,1.55,5560942.00,-2.00,0.00,845392.00,5408288.00
Geo11,2021-12-20,747101.00,230033.00,553547.00,8790.00,2681.00,6449.00,5408.288,240069.00,0.83,-1.08,6968058.00,0.00,0.00,242506.00,5062318.00
Geo11,2021-12-27,686684.00,606016.00,475992.00,8079.00,7062.00,5545.00,5062.318,240069.00,1.21,-0.08,6291650.00,0.00,0.00,0.00,4694682.00
Geo11,2022-01-03,617823.00,516095.00,466880.00,7269.00,6014.00,5439.00,4694.682,240069.00,-1.86,0.02,5238160.00,-5.00,1.19,205301.00,4737960.00
Geo11,2022-01-10,524310.00,362961.00,318024.00,6168.00,4230.00,3705.00,4737.960,240069.00,-0.57,-1.20,7278078.00,-1.00,0.98,726574.00,5581354.00
Geo11,2022-01-17,648370.00,360237.00,362674.00,7628.00,4198.00,4225.00,5581.354,240069.00,-1.93,-0.05,6250512.00,2.00,0.00,437202.00,5686346.00
Geo11,2022-01-24,622351.00,541187.00,449344.00,7322.00,6307.00,5235.00,5686.346,240069.00,-0.87,1.08,4908433.00,2.00,0.00,1186734.00,5501993.00
Geo11,2022-01-31,460440.00,403191.00,374064.00,5417.00,4699.00,4358.00,5501.993,240069.00,1.01,-0.07,5962335.00,-1.00,1.07,1144423.00,5108221.00
Geo11,2022-02-07,630374.00,459631.00,463036.00,7416.00,5356.00,5395.00,5108.221,240069.00,-0.63,0.32,5253762.00,-4.00,0.00,2091208.00,6437038.00
Geo11,2022-02-14,732088.00,373173.00,176682.00,8613.00,4349.00,2058.00,6437.038,240069.00,-0.61,0.22,6117670.00,5.00,0.00,239716.00,4092922.00
Geo11,2022-02-21,411986.00,250600.00,216330.00,4847.00,2920.00,2520.00,4092.922,240069.00,-0.13,0.26,5831683.00,-5.00,0.00,2573.00,5688983.00
Geo11,2022-02-28,441586.00,262626.00,80501.00,5195.00,3061.00,938.00,5688.983,240069.00,-0.48,-0.32,5653742.00,2.00,0.06,313970.00,5364481.00
Geo11,2022-03-07,396734.00,362336.00,185590.00,4668.00,4222.00,2162.00,5364.481,240069.00,-0.80,-0.61,6128750.00,0.00,0.00,1869890.00,5626788.00
Geo11,2022-03-14,607017.00,508667.00,358224.00,7142.00,5928.00,4173.00,5626.788,240069.00,0.87,-0.15,5345570.00,3.00,0.00,0.00,5357013.00
Geo11,2022-03-21,204803.00,284630.00,309432.00,2409.00,3317.00,3605.00,5357.013,240069.00,-1.47,-1.70,5517050.00,0.00,0.00,0.00,6106895.00
Geo11,2022-03-28,384998.00,507376.00,524749.00,4529.00,5913.00,6114.00,6106.895,240069.00,-0.47,-0.03,4975174.00,2.00,0.71,882736.00,4978758.00
Geo11,2022-04-04,150628.00,349847.00,598554.00,1772.00,4077.00,6973.00,4978.758,240069.00,-1.45,-1.27,5699966.00,-2.00,0.00,915537.00,2820773.00
Geo11,2022-04-11,431326.00,476137.00,463724.00,5075.00,5549.00,5403.00,2820.773,240069.00,-0.67,-0.54,5502985.00,-8.00,0.00,0.00,5343809.00
Geo11,2022-04-18,423542.00,503055.00,208345.00,4983.00,5862.00,2427.00,5343.809,240069.00,0.83,-2.23,4723870.00,2.00,0.00,0.00,6167414.00
Geo11,2022-04-25,527849.00,875535.00,113365.00,6210.00,10203.00,1321.00,6167.414,240069.00,-0.21,-0.58,5708947.00,1.00,2.12,229224.00,5340085.00
Geo11,2022-05-02,422355.00,132109.00,292964.00,4969.00,1540.00,3413.00,5340.085,240069.00,-0.80,-0.16,3957081.00,0.00,0.00,198356.00,3337177.00
Geo11,2022-05-09,438565.00,113618.00,532645.00,5160.00,1324.00,6206.00,3337.177,240069.00,-2.70,-0.66,4895852.00,-4.00,0.11,0.00,3559689.00
Geo11,2022-05-16,868536.00,135995.00,510598.00,10218.00,1585.00,5949.00,3559.689,240069.00,0.41,-1.42,5813948.00,-5.00,0.87,0.00,6872870.00
Geo11,2022-05-23,753412.00,131488.00,719648.00,8864.00,1532.00,8384.00,6872.870,240069.00,-0.15,0.64,5037609.00,3.00,0.00,0.00,7287224.00
Geo11,2022-05-30,558932.00,443529.00,622467.00,6576.00,5169.00,7252.00,7287.224,240069.00,-1.94,-0.19,6174739.00,4.00,0.02,1011336.00,6026505.00
Geo11,2022-06-06,716740.00,570481.00,509558.00,8432.00,6648.00,5937.00,6026.505,240069.00,-1.36,0.04,4814008.00,1.00,1.97,1246080.00,7250169.00
Geo11,2022-06-13,532557.00,563471.00,479846.00,6266.00,6566.00,5590.00,7250.169,240069.00,-0.56,2.48,5714975.00,3.00,1.48,1883832.00,5431340.00
Geo11,2022-06-20,488752.00,531186.00,245869.00,5750.00,6190.00,2864.00,5431.340,240069.00,-0.70,-0.91,5583760.00,0.00,2.09,0.00,5739465.00
Geo11,2022-06-27,677243.00,497995.00,316489.00,7968.00,5803.00,3687.00,5739.465,240069.00,-0.29,-1.31,4654893.00,1.00,1.83,1438067.00,6894513.00
Geo11,2022-07-04,701612.00,266972.00,495878.00,8254.00,3111.00,5777.00,6894.513,240069.00,0.29,3.15,6111867.00,2.00,1.17,1172894.00,5235080.00
Geo11,2022-07-11,518869.00,573627.00,767048.00,6104.00,6685.00,8936.00,5235.080,240069.00,-1.91,0.37,5737744.00,0.00,0.00,0.00,5519868.00
Geo11,2022-07-18,555897.00,527496.00,415428.00,6540.00,6147.00,4840.00,5519.868,240069.00,-1.13,-0.88,6350374.00,3.00,0.00,0.00,5467427.00
Geo11,2022-07-25,591178.00,352710.00,552123.00,6955.00,4110.00,6432.00,5467.427,240069.00,0.70,1.32,5548535.00,-1.00,0.00,1100932.00,6465806.00
Geo11,2022-08-01,570602.00,141386.00,408932.00,6713.00,1648.00,4764.00,6465.806,240069.00,-0.66,-0.28,5739126.00,3.00,0.00,103677.00,4016285.00
Geo11,2022-08-08,392782.00,192584.00,78779.00,4621.00,2244.00,918.00,4016.285,240069.00,0.52,-0.83,5431704.00,-2.00,0.00,178100.00,4176144.00
Geo11,2022-08-15,611450.00,386972.00,425080.00,7194.00,4510.00,4952.00,4176.144,240069.00,0.58,-0.27,6085782.00,-4.00,1.04,647867.00,4619599.00
Geo11,2022-08-22,902170.00,492320.00,335233.00,10614.00,5737.00,3906.00,4619.599,240069.00,0.22,1.05,6326023.00,-3.00,0.43,1416835.00,4711099.00
Geo11,2022-08-29,607393.00,343118.00,342384.00,7146.00,3999.00,3989.00,4711.099,240069.00,1.15,1.68,5788512.00,-2.00,0.10,1219500.00,3176773.00
Geo11,2022-09-05,755159.00,600281.00,283332.00,8884.00,6995.00,3301.00,3176.773,240069.00,0.32,1.46,5884219.00,-3.00,0.70,844413.00,7935324.00
Geo11,2022-09-12,550220.00,705693.00,612706.00,6473.00,8224.00,7138.00,7935.324,240069.00,1.97,-2.13,7051748.00,6.00,1.89,417.00,5213911.00
Geo11,2022-09-19,422335.00,761309.00,244408.00,4969.00,8872.00,2847.00,5213.911,240069.00,1.62,0.44,6553198.00,-2.00,0.98,905717.00,3604013.00
Geo11,2022-09-26,188557.00,615808.00,582870.00,2218.00,7176.00,6791.00,3604.013,240069.00,-0.52,2.38,5131092.00,-5.00,0.00,1507611.00,3573027.00
Geo11,2022-10-03,577034.00,215981.00,446732.00,6789.00,2517.00,5205.00,3573.027,240069.00,1.87,0.60,5182564.00,-6.00,0.00,986356.00,6169631.00
Geo11,2022-10-10,658225.00,285425.00,352188.00,7744.00,3326.00,4103.00,6169.631,240069.00,3.41,1.62,5923354.00,2.00,0.00,2090695.00,6089102.00
Geo11,2022-10-17,649436.00,315594.00,257561.00,7641.00,3678.00,3001.00,6089.102,240069.00,-0.31,-0.48,4715854.00,0.00,1.33,298966.00,4526142.00
Geo11,2022-10-24,565818.00,382362.00,0.00,6657.00,4456.00,0.00,4526.142,240069.00,-0.65,-1.34,5905462.00,-3.00,2.60,0.00,4090121.00
Geo11,2022-10-31,664325.00,551064.00,664071.00,7816.00,6422.00,7737.00,4090.121,240069.00,1.46,-0.40,5729012.00,-1.00,0.77,940510.00,4968098.00
Geo11,2022-11-07,684294.00,341888.00,294231.00,8051.00,3984.00,3428.00,4968.098,240069.00,0.79,1.29,6050768.00,-5.00,0.22,882509.00,4647068.00
Geo11,2022-11-14,368712.00,511693.00,282016.00,4338.00,5963.00,3286.00,4647.068,240069.00,0.12,0.47,5579878.00,-1.00,0.00,739476.00,2757168.00
Geo11,2022-11-21,619451.00,416867.00,508642.00,7288.00,4858.00,5926.00,2757.168,240069.00,2.64,-0.07,4775202.00,-8.00,0.29,1272480.00,5486493.00
Geo11,2022-11-28,602590.00,544681.00,614874.00,7089.00,6347.00,7164.00,5486.493,240069.00,-1.78,2.79,5767182.00,3.00,0.00,730858.00,5692584.00
Geo11,2022-12-05,387906.00,733936.00,113469.00,4564.00,8553.00,1322.00,5692.584,240069.00,-0.72,-0.23,6295958.00,1.00,1.32,1406162.00,4773880.00
Geo11,2022-12-12,772647.00,336208.00,418203.00,9090.00,3918.00,4872.00,4773.880,240069.00,0.55,0.93,7108275.00,-4.00,0.00,337807.00,4632910.00
Geo11,2022-12-19,428671.00,343698.00,257847.00,5043.00,4005.00,3004.00,4632.910,240069.00,1.08,0.34,5883425.00,-3.00,0.00,722458.00,4741607.00
Geo11,2022-12-26,780085.00,483204.00,216519.00,9178.00,5631.00,2523.00,4741.607,240069.00,0.51,-1.40,5472478.00,-4.00,0.00,0.00,6323915.00
Geo11,2023-01-02,694178.00,552421.00,190553.00,8167.00,6438.00,2220.00,6323.915,240069.00,-0.33,2.15,6151558.00,3.00,0.45,2299290.00,5097565.00
Geo11,2023-01-09,525276.00,244618.00,304697.00,6180.00,2851.00,3550.00,5097.565,240069.00,-0.67,0.21,5468398.00,-1.00,0.01,300342.00,5105731.00
Geo11,2023-01-16,353250.00,462274.00,78517.00,4156.00,5387.00,915.00,5105.731,240069.00,-0.23,-0.42,5217852.00,0.00,1.88,0.00,5579078.00
Geo11,2023-01-23,213205.00,194950.00,561018.00,2508.00,2272.00,6536.00,5579.078,240069.00,-0.37,-0.35,6513746.00,1.00,0.00,0.00,3951527.00
Geo11,2023-01-30,344155.00,403358.00,207361.00,4049.00,4701.00,2416.00,3951.527,240069.00,0.23,1.69,4893589.00,-2.00,0.00,2621219.00,4070333.00
Geo11,2023-02-06,404069.00,359843.00,813151.00,4754.00,4193.00,9474.00,4070.333,240069.00,-0.06,2.20,5524812.00,-6.00,1.24,1232279.00,5621494.00
Geo11,2023-02-13,462129.00,328942.00,353439.00,5437.00,3833.00,4118.00,5621.494,240069.00,0.74,1.49,6039631.00,-1.00,0.04,322891.00,4106882.00
Geo11,2023-02-20,545436.00,513184.00,160590.00,6417.00,5980.00,1871.00,4106.882,240069.00,-1.46,-0.81,5074550.00,-3.00,0.05,0.00,5322457.00
Geo11,2023-02-27,460572.00,567146.00,377688.00,5419.00,6609.00,4400.00,5322.457,240069.00,1.77,-1.61,5827636.00,-2.00,0.00,467201.00,5469054.00
Geo11,2023-03-06,752848.00,448277.00,408044.00,8857.00,5224.00,4754.00,5469.054,240069.00,-0.43,-0.86,5174820.00,3.00,0.00,0.00,6593183.00
Geo11,2023-03-13,573203.00,716115.00,384938.00,6744.00,8345.00,4485.00,6593.183,240069.00,0.37,-1.46,5271577.00,3.00,0.00,0.00,7456808.00
Geo11,2023-03-20,684136.00,577793.00,553624.00,8049.00,6733.00,6450.00,7456.808,240069.00,-1.25,-0.47,4882529.00,6.00,1.22,0.00,6471545.00
Geo11,2023-03-27,743683.00,144486.00,519126.00,8749.00,1684.00,6048.00,6471.545,240069.00,-1.14,0.94,6157410.00,2.00,1.33,1226524.00,6443256.00
Geo11,2023-04-03,939696.00,323802.00,376232.00,11055.00,3773.00,4383.00,6443.256,240069.00,-2.04,-1.22,5265577.00,2.00,1.12,608532.00,3666557.00
Geo11,2023-04-10,386865.00,521825.00,389750.00,4551.00,6081.00,4541.00,3666.557,240069.00,-1.78,-0.19,5866911.00,-5.00,0.37,0.00,7656624.00
Geo11,2023-04-17,581955.00,521097.00,349835.00,6847.00,6073.00,4076.00,7656.624,240069.00,-0.76,0.08,5998058.00,6.00,0.00,859427.00,6029833.00
Geo11,2023-04-24,720204.00,682185.00,355988.00,8473.00,7950.00,4147.00,6029.833,240069.00,0.47,1.63,5463454.00,1.00,1.07,1765624.00,5026605.00
Geo11,2023-05-01,904915.00,439244.00,364177.00,10646.00,5119.00,4243.00,5026.605,240069.00,-1.07,-1.09,6680580.00,-3.00,0.05,0.00,4011813.00
Geo11,2023-05-08,505335.00,387217.00,210767.00,5945.00,4512.00,2456.00,4011.813,240069.00,-1.63,-1.54,5354182.00,-5.00,2.49,0.00,6065581.00
Geo11,2023-05-15,632737.00,483140.00,360917.00,7444.00,5630.00,4205.00,6065.581,240069.00,0.22,-0.50,6420878.00,1.00,1.42,902860.00,5209641.00
Geo11,2023-05-22,385563.00,402908.00,802975.00,4536.00,4695.00,9355.00,5209.641,240069.00,-1.19,-0.73,5692406.00,-2.00,0.83,0.00,4639901.00
Geo11,2023-05-29,2556.00,591812.00,227131.00,30.00,6897.00,2646.00,4639.901,240069.00,0.17,-0.33,6268180.00,-4.00,0.00,60508.00,5764646.00
Geo11,2023-06-05,173423.00,685081.00,31525.00,2040.00,7984.00,367.00,5764.646,240069.00,-1.56,-1.36,5402072.00,0.00,0.33,0.00,4386325.00
Geo11,2023-06-12,543239.00,419881.00,277459.00,6391.00,4893.00,3233.00,4386.325,240069.00,-0.88,-0.68,5593992.00,-3.00,0.15,683113.00,5045774.00
Geo11,2023-06-19,557007.00,330529.00,317983.00,6553.00,3852.00,3705.00,5045.774,240069.00,0.91,0.10,5132578.00,-2.00,2.39,2100958.00,6951801.00
Geo11,2023-06-26,739644.00,507393.00,530418.00,8702.00,5913.00,6180.00,6951.801,240069.00,0.74,1.15,5439527.00,1.00,0.00,1582305.00,5655516.00
Geo11,2023-07-03,562242.00,538179.00,177075.00,6615.00,6272.00,2063.00,5655.516,240069.00,-0.56,0.31,5125009.00,-1.00,0.98,0.00,8816960.00
Geo11,2023-07-10,330471.00,516609.00,59101.00,3888.00,6020.00,689.00,8816.960,240069.00,-1.94,0.20,5886632.00,9.00,0.00,0.00,3863098.00
Geo11,2023-07-17,517804.00,589231.00,230341.00,6092.00,6867.00,2684.00,3863.098,240069.00,0.29,0.97,5839652.00,-4.00,1.07,812445.00,3861882.00
Geo11,2023-07-24,118591.00,77194.00,659400.00,1395.00,900.00,7682.00,3861.882,240069.00,0.91,-0.50,5176752.00,-6.00,0.00,0.00,5701998.00
Geo11,2023-07-31,400169.00,514583.00,671509.00,4708.00,5997.00,7823.00,5701.998,240069.00,1.40,0.20,5447087.00,0.00,2.10,1879867.00,5162078.00
Geo11,2023-08-07,285833.00,488384.00,307580.00,3363.00,5691.00,3583.00,5162.078,240069.00,0.75,1.09,5164850.00,-1.00,2.33,966711.00,4578405.00
Geo11,2023-08-14,515661.00,585758.00,393674.00,6067.00,6826.00,4586.00,4578.405,240069.00,1.39,1.18,6058622.00,-2.00,2.03,2143401.00,5492600.00
Geo11,2023-08-21,983434.00,311916.00,205430.00,11570.00,3635.00,2393.00,5492.600,240069.00,-1.25,-1.75,5710408.00,0.00,0.00,0.00,5698339.00
Geo11,2023-08-28,423568.00,316633.00,111391.00,4983.00,3690.00,1298.00,5698.339,240069.00,-0.02,1.46,5384827.00,-1.00,0.82,0.00,5454445.00
Geo11,2023-09-04,135262.00,580500.00,428144.00,1591.00,6765.00,4988.00,5454.445,240069.00,1.39,0.00,5421653.00,-1.00,2.56,2405720.00,5124256.00
Geo11,2023-09-11,767289.00,336796.00,313963.00,9027.00,3925.00,3658.00,5124.256,240069.00,-0.55,-0.39,5898338.00,-2.00,0.00,421605.00,5636064.00
Geo11,2023-09-18,643426.00,470139.00,345601.00,7570.00,5479.00,4026.00,5636.064,240069.00,-0.96,0.52,6072085.00,0.00,0.00,0.00,4505052.00
Geo11,2023-09-25,703505.00,691294.00,0.00,8277.00,8056.00,0.00,4505.052,240069.00,-0.22,-0.53,5795830.00,1.00,0.50,1513607.00,5530895.00
Geo11,2023-10-02,750049.00,438651.00,564048.00,8824.00,5112.00,6571.00,5530.895,240069.00,-0.91,1.25,6366486.00,-1.00,0.00,1869338.00,5362422.00
Geo11,2023-10-09,564982.00,406764.00,509879.00,6647.00,4740.00,5940.00,5362.422,240069.00,1.30,0.51,6039648.00,-1.00,0.50,1436565.00,6692349.00
Geo11,2023-10-16,623788.00,577638.00,509025.00,7339.00,6731.00,5930.00,6692.349,240069.00,2.77,1.19,6944974.00,2.00,1.46,161442.00,5437268.00
Geo11,2023-10-23,472174.00,289746.00,187656.00,5555.00,3377.00,2186.00,5437.268,240069.00,1.10,-1.33,5577694.00,2.00,0.30,886176.00,3747559.00
Geo11,2023-10-30,445839.00,123258.00,514063.00,5245.00,1436.00,5989.00,3747.559,240069.00,0.15,-0.50,6012606.00,-7.00,0.00,308753.00,5623385.00
Geo11,2023-11-06,724828.00,541997.00,453649.00,8528.00,6316.00,5285.00,5623.385,240069.00,0.42,0.43,6428075.00,-3.00,0.00,398889.00,3229819.00
Geo11,2023-11-13,453238.00,376608.00,415402.00,5332.00,4389.00,4840.00,3229.819,240069.00,0.33,0.15,6530769.00,-8.00,1.41,1121366.00,5493603.00
Geo11,2023-11-20,625472.00,663109.00,406219.00,7359.00,7728.00,4733.00,5493.603,240069.00,-0.32,-1.57,5247582.00,-1.00,2.66,318177.00,7238870.00
Geo11,2023-11-27,675418.00,612910.00,129219.00,7946.00,7143.00,1505.00,7238.870,240069.00,-0.69,-0.45,6552346.00,5.00,0.84,81378.00,6235782.00
Geo11,2023-12-04,648849.00,466543.00,468744.00,7634.00,5437.00,5461.00,6235.782,240069.00,0.96,-0.01,6169678.00,4.00,2.74,698151.00,4888716.00
Geo11,2023-12-11,495750.00,264005.00,455999.00,5832.00,3077.00,5313.00,4888.716,240069.00,-0.74,-0.01,6277012.00,-2.00,0.37,363902.00,6331893.00
Geo11,2023-12-18,606645.00,587770.00,414982.00,7137.00,6850.00,4835.00,6331.893,240069.00,-1.07,0.97,5661136.00,3.00,0.00,577356.00,6227924.00
Geo11,2023-12-25,494924.00,613529.00,502538.00,5823.00,7150.00,5855.00,6227.924,240069.00,1.84,-1.42,4991300.00,2.00,0.00,716507.00,5562686.00
Geo11,2024-01-01,401365.00,459957.00,227657.00,4722.00,5360.00,2652.00,5562.686,240069.00,-1.13,0.35,6165431.00,-3.00,0.18,1337470.00,4065902.00
Geo11,2024-01-08,471790.00,118428.00,352446.00,5551.00,1380.00,4106.00,4065.902,240069.00,-0.22,1.69,5262144.00,-3.00,1.10,1762694.00,6874556.00
Geo11,2024-01-15,458357.00,391007.00,435138.00,5393.00,4557.00,5070.00,6874.556,240069.00,0.83,-0.98,5822368.00,3.00,0.00,370143.00,6750324.00
Geo12,2021-01-25,855799.00,211381.00,564609.00,10068.00,2463.00,6578.00,6750.324,310436.00,0.45,2.49,6240012.00,2.00,0.00,1361834.00,4958144.00
Geo12,2021-02-01,521940.00,253240.00,762264.00,6141.00,2951.00,8881.00,4958.144,310436.00,-0.36,0.08,6066836.00,-1.00,0.00,0.00,5092305.00
Geo12,2021-02-08,452299.00,937890.00,581087.00,5321.00,10930.00,6770.00,5092.305,310436.00,-1.30,-0.25,6832923.00,-3.00,0.00,0.00,7129334.00
Geo12,2021-02-15,505534.00,725066.00,512965.00,5948.00,8450.00,5976.00,7129.334,310436.00,-0.21,-0.22,6215786.00,4.00,0.00,1386.00,5170844.00
Geo12,2021-02-22,655098.00,1027186.00,389660.00,7707.00,11970.00,4540.00,5170.844,310436.00,-2.51,0.80,5857380.00,-1.00,0.00,0.00,5976384.00
Geo12,2021-03-01,421954.00,496785.00,515917.00,4964.00,5789.00,6011.00,5976.384,310436.00,-1.81,1.06,4515244.00,1.00,0.00,807224.00,4806193.00
Geo12,2021-03-08,515483.00,666813.00,440227.00,6065.00,7771.00,5129.00,4806.193,310436.00,1.99,-0.31,6589952.00,-4.00,0.07,217582.00,5324191.00
Geo12,2021-03-15,530554.00,394004.00,718160.00,6242.00,4592.00,8367.00,5324.191,310436.00,-0.59,-1.21,6317730.00,0.00,2.25,1051811.00,5523129.00
Geo12,2021-03-22,926355.00,461197.00,603075.00,10899.00,5375.00,7026.00,5523.129,310436.00,-0.45,-0.53,7446823.00,0.00,0.00,0.00,3906565.00
Geo12,2021-03-29,848619.00,355810.00,218337.00,9984.00,4146.00,2544.00,3906.565,310436.00,2.20,0.15,6561794.00,-6.00,0.00,346018.00,6777728.00
Geo12,2021-04-05,879010.00,595408.00,781656.00,10342.00,6939.00,9107.00,6777.728,310436.00,0.07,-0.78,7248956.00,2.00,0.00,255976.00,7381211.00
Geo12,2021-04-12,825553.00,955410.00,873086.00,9713.00,11134.00,10172.00,7381.211,310436.00,-1.18,-1.62,6359715.00,2.00,0.00,0.00,6754579.00
Geo12,2021-04-19,1101936.00,903355.00,719813.00,12964.00,10527.00,8386.00,6754.579,310436.00,1.56,-1.44,6212054.00,1.00,0.00,246102.00,6692014.00
Geo12,2021-04-26,740542.00,238453.00,284150.00,8712.00,2779.00,3310.00,6692.014,310436.00,0.77,0.05,8283860.00,1.00,0.18,579966.00,4470876.00
Geo12,2021-05-03,546431.00,27232.00,391773.00,6429.00,317.00,4564.00,4470.876,310436.00,0.16,0.29,7169800.00,-2.00,1.28,159196.00,5527654.00
Geo12,2021-05-10,258105.00,341332.00,399437.00,3037.00,3978.00,4654.00,5527.654,310436.00,-0.56,-1.52,8189200.00,-1.00,2.29,1164584.00,4699370.00
Geo12,2021-05-17,482978.00,240709.00,715117.00,5682.00,2805.00,8331.00,4699.370,310436.00,-1.46,-0.86,6498316.00,-3.00,0.00,0.00,6838120.00
Geo12,2021-05-24,726969.00,258537.00,856343.00,8553.00,3013.00,9977.00,6838.120,310436.00,-0.77,-1.54,5974796.00,3.00,0.00,0.00,6612479.00
Geo12,2021-05-31,663343.00,358183.00,418700.00,7804.00,4174.00,4878.00,6612.479,310436.00,0.02,1.96,7700963.00,0.00,0.37,1726085.00,5171208.00
Geo12,2021-06-07,673518.00,909056.00,797694.00,7924.00,10594.00,9293.00,5171.208,310436.00,1.32,1.07,7588961.00,-4.00,0.00,1310502.00,5171158.00
Geo12,2021-06-14,290807.00,381812.00,660614.00,3421.00,4449.00,7696.00,5171.158,310436.00,-0.57,-2.86,7066300.00,-3.00,0.32,0.00,7000319.00
Geo12,2021-06-21,630901.00,531590.00,572829.00,7423.00,6195.00,6674.00,7000.319,310436.00,0.15,-0.17,6698872.00,2.00,0.00,934366.00,4644968.00
Geo12,2021-06-28,1094743.00,741429.00,591847.00,12880.00,8640.00,6895.00,4644.968,310436.00,-0.79,-1.66,7830627.00,-3.00,2.25,800690.00,5490473.00
Geo12,2021-07-05,307104.00,547678.00,1164817.00,3613.00,6382.00,13571.00,5490.473,310436.00,0.54,-0.94,6712545.00,-2.00,0.00,0.00,5200436.00
Geo12,2021-07-12,750884.00,367042.00,582986.00,8834.00,4277.00,6792.00,5200.436,310436.00,-1.25,-0.04,7388100.00,-4.00,0.00,183257.00,8253742.00
Geo12,2021-07-19,868810.00,590303.00,344658.00,10222.00,6879.00,4015.00,8253.742,310436.00,-1.68,-0.17,7291460.00,3.00,0.00,0.00,7825544.00
Geo12,2021-07-26,978179.00,332868.00,456587.00,11508.00,3879.00,5319.00,7825.544,310436.00,0.61,0.40,7288003.00,4.00,0.00,935518.00,4770307.00
Geo12,2021-08-02,666972.00,564221.00,590740.00,7847.00,6575.00,6882.00,4770.307,310436.00,-1.99,0.02,7528194.00,-3.00,0.00,257563.00,7689494.00
Geo12,2021-08-09,156606.00,502951.00,255935.00,1842.00,5861.00,2982.00,7689.494,310436.00,-0.13,-1.81,7066752.00,4.00,0.00,0.00,5901183.00
Geo12,2021-08-16,472635.00,561194.00,607358.00,5561.00,6540.00,7076.00,5901.183,310436.00,-0.63,0.24,8120188.00,1.00,0.00,0.00,6521422.00
Geo12,2021-08-23,689606.00,764359.00,427418.00,8113.00,8907.00,4980.00,6521.422,310436.00,1.73,0.24,7321192.00,-1.00,1.55,1342402.00,7462091.00
Geo12,2021-08-30,889408.00,639201.00,1086052.00,10464.00,7449.00,12653.00,7462.091,310436.00,-0.20,0.31,8154950.00,3.00,0.00,41020.00,5102513.00
Geo12,2021-09-06,1134904.00,353878.00,410238.00,13352.00,4124.00,4779.00,5102.513,310436.00,0.33,-0.30,7138516.00,0.00,0.00,0.00,5777495.00
Geo12,2021-09-13,346300.00,435607.00,718416.00,4074.00,5076.00,8370.00,5777.495,310436.00,0.42,0.37,6542246.00,-2.00,0.00,714561.00,5506883.00
Geo12,2021-09-20,901735.00,327705.00,625133.00,10609.00,3819.00,7283.00,5506.883,310436.00,-0.36,3.12,7662614.00,0.00,0.83,1661413.00,2942659.00
Geo12,2021-09-27,487806.00,524426.00,764837.00,5739.00,6111.00,8911.00,2942.659,310436.00,-2.09,0.97,6714231.00,-6.00,0.66,1057488.00,3579502.00
Geo12,2021-10-04,485523.00,552291.00,299677.00,5712.00,6436.00,3491.00,3579.502,310436.00,2.14,1.77,6724696.00,-7.00,0.74,1465741.00,5439694.00
Geo12,2021-10-11,610914.00,253486.00,661970.00,7187.00,2954.00,7712.00,5439.694,310436.00,-0.32,0.22,7504796.00,-2.00,1.93,522219.00,4528762.00
Geo12,2021-10-18,813450.00,617599.00,286263.00,9570.00,7197.00,3335.00,4528.762,310436.00,0.20,-1.16,6992278.00,-3.00,0.00,0.00,5127060.00
Geo12,2021-10-25,465782.00,304605.00,626918.00,5480.00,3550.00,7304.00,5127.060,310436.00,0.30,1.82,7559606.00,-2.00,0.00,1045945.00,6554725.00
Geo12,2021-11-01,1095816.00,623773.00,616934.00,12892.00,7269.00,7188.00,6554.725,310436.00,-0.72,2.09,6971984.00,1.00,0.00,97921.00,4482993.00
Geo12,2021-11-08,757497.00,577397.00,566384.00,8912.00,6729.00,6599.00,4482.993,310436.00,-1.37,1.05,7136826.00,-2.00,0.00,0.00,6489397.00
Geo12,2021-11-15,519264.00,925392.00,758336.00,6109.00,10784.00,8835.00,6489.397,310436.00,0.99,1.96,6805083.00,3.00,0.25,2041647.00,5034007.00
Geo12,2021-11-22,375553.00,472467.00,628502.00,4418.00,5506.00,7322.00,5034.007,310436.00,0.06,1.28,6802222.00,-3.00,0.01,1901807.00,6640805.00
Geo12,2021-11-29,723226.00,388720.00,332719.00,8509.00,4530.00,3876.00,6640.805,310436.00,1.19,-0.86,7382830.00,0.00,0.10,0.00,7915734.00
Geo12,2021-12-06,1027850.00,498958.00,848172.00,12093.00,5815.00,9882.00,7915.734,310436.00,0.16,2.48,7655238.00,6.00,0.00,2132041.00,5673913.00
Geo12,2021-12-13,566350.00,433954.00,388841.00,6663.00,5057.00,4530.00,5673.913,310436.00,0.92,-1.01,6662604.00,0.00,0.00,0.00,3935091.00
Geo12,2021-12-20,888908.00,394508.00,614626.00,10458.00,4597.00,7161.00,3935.091,310436.00,-0.91,-0.94,8380370.00,-4.00,0.00,751551.00,7273763.00
Geo12,2021-12-27,855675.00,482347.00,478662.00,10067.00,5621.00,5577.00,7273.763,310436.00,2.42,0.52,7417807.00,5.00,0.00,0.00,5780378.00
Geo12,2022-01-03,725296.00,541276.00,629029.00,8533.00,6308.00,7328.00,5780.378,310436.00,-1.14,-0.12,6421746.00,-2.00,0.00,309976.00,5952447.00
Geo12,2022-01-10,978752.00,416752.00,310699.00,11515.00,4857.00,3620.00,5952.447,310436.00,1.87,-0.21,9196244.00,3.00,0.00,659867.00,7563241.00
Geo12,2022-01-17,752931.00,667248.00,631597.00,8858.00,7776.00,7358.00,7563.241,310436.00,-2.38,1.59,7693870.00,6.00,0.00,1937246.00,5718495.00
Geo12,2022-01-24,538306.00,721434.00,454020.00,6333.00,8407.00,5290.00,5718.495,310436.00,-0.24,-0.69,6516122.00,2.00,0.00,0.00,6155403.00
Geo12,2022-01-31,814567.00,820636.00,866322.00,9583.00,9563.00,10093.00,6155.403,310436.00,-0.01,-1.01,7204281.00,-1.00,2.39,672143.00,5197167.00
Geo12,2022-02-07,795294.00,465163.00,908907.00,9357.00,5421.00,10589.00,5197.167,310436.00,-2.14,1.63,6528788.00,-4.00,1.01,557802.00,4273647.00
Geo12,2022-02-14,466646.00,425606.00,344103.00,5490.00,4960.00,4009.00,4273.647,310436.00,-1.11,0.38,7322976.00,-3.00,0.29,187891.00,6173247.00
Geo12,2022-02-21,488950.00,367587.00,309009.00,5752.00,4284.00,3600.00,6173.247,310436.00,-1.43,-0.90,6956292.00,1.00,0.00,799766.00,6049367.00
Geo12,2022-02-28,693844.00,726963.00,318799.00,8163.00,8472.00,3714.00,6049.367,310436.00,-1.69,-0.42,6908917.00,2.00,0.00,33526.00,7441321.00
Geo12,2022-03-07,794039.00,726865.00,661922.00,9342.00,8471.00,7712.00,7441.321,310436.00,-0.81,-0.23,7884280.00,4.00,0.49,1659642.00,4372953.00
Geo12,2022-03-14,629285.00,614869.00,688355.00,7404.00,7165.00,8020.00,4372.953,310436.00,-0.20,-0.82,6385752.00,-1.00,0.00,0.00,4494479.00
Geo12,2022-03-21,126265.00,227906.00,448716.00,1486.00,2656.00,5228.00,4494.479,310436.00,-2.24,-1.77,6498530.00,-3.00,0.00,0.00,5426649.00
Geo12,2022-03-28,696591.00,659685.00,559154.00,8195.00,7688.00,6514.00,5426.649,310436.00,-0.81,0.82,5821616.00,-2.00,0.00,320117.00,5621196.00
Geo12,2022-04-04,333071.00,498036.00,369593.00,3919.00,5804.00,4306.00,5621.196,310436.00,-0.88,-0.75,7192248.00,0.00,0.00,298834.00,4102426.00
Geo12,2022-04-11,530349.00,726389.00,692838.00,6240.00,8465.00,8072.00,4102.426,310436.00,0.14,-0.80,6796180.00,-5.00,0.00,0.00,5503417.00
Geo12,2022-04-18,764834.00,343180.00,593273.00,8998.00,3999.00,6912.00,5503.417,310436.00,-1.73,-0.77,6097376.00,1.00,2.32,0.00,7518236.00
Geo12,2022-04-25,996962.00,766774.00,348214.00,11729.00,8936.00,4057.00,7518.236,310436.00,-1.75,-1.62,7282682.00,3.00,0.09,0.00,8276010.00
Geo12,2022-05-02,785605.00,519254.00,491308.00,9243.00,6051.00,5724.00,8276.010,310436.00,-0.62,-0.47,5309147.00,6.00,0.00,0.00,3615852.00
Geo12,2022-05-09,710046.00,277925.00,522540.00,8354.00,3239.00,6088.00,3615.852,310436.00,-1.31,0.22,6338875.00,-3.00,0.00,0.00,6462911.00
Geo12,2022-05-16,958896.00,243257.00,554283.00,11281.00,2835.00,6458.00,6462.911,310436.00,-1.41,2.03,7367663.00,3.00,0.00,770798.00,5296398.00
Geo12,2022-05-23,736076.00,29863.00,415227.00,8660.00,348.00,4838.00,5296.398,310436.00,0.07,1.29,6368496.00,-2.00,1.24,718346.00,6415300.00
Geo12,2022-05-30,819329.00,610922.00,649984.00,9639.00,7119.00,7573.00,6415.300,310436.00,-2.44,-1.33,7691899.00,1.00,0.06,396950.00,5015542.00
Geo12,2022-06-06,844407.00,565065.00,830456.00,9934.00,6585.00,9675.00,5015.542,310436.00,2.01,1.25,6457354.00,-3.00,0.17,734362.00,7491909.00
Geo12,2022-06-13,829324.00,650400.00,708736.00,9757.00,7579.00,8257.00,7491.909,310436.00,-0.26,0.65,6985964.00,1.00,1.21,924511.00,3689833.00
Geo12,2022-06-20,661508.00,532459.00,429906.00,7783.00,6205.00,5009.00,3689.833,310436.00,-1.50,0.35,6721642.00,-5.00,1.55,1265221.00,7790167.00
Geo12,2022-06-27,817348.00,813040.00,741345.00,9616.00,9475.00,8637.00,7790.167,310436.00,0.16,-0.45,5636105.00,5.00,0.62,189724.00,5349619.00
Geo12,2022-07-04,857700.00,254446.00,700613.00,10091.00,2965.00,8162.00,5349.619,310436.00,-0.08,0.36,7746840.00,-3.00,1.98,693155.00,5446356.00
Geo12,2022-07-11,612019.00,719471.00,620606.00,7200.00,8384.00,7230.00,5446.356,310436.00,-0.29,-0.82,7252964.00,0.00,0.00,56723.00,4353614.00
Geo12,2022-07-18,708096.00,478222.00,388199.00,8331.00,5573.00,4523.00,4353.614,310436.00,-1.41,1.62,7973450.00,0.00,0.00,701804.00,5440885.00
Geo12,2022-07-25,563694.00,473791.00,696189.00,6632.00,5521.00,8111.00,5440.885,310436.00,1.16,1.60,6689710.00,-2.00,0.95,1831446.00,4648650.00
Geo12,2022-08-01,876496.00,234060.00,651633.00,10312.00,2728.00,7592.00,4648.650,310436.00,1.25,-1.92,7347220.00,-3.00,0.00,0.00,5705247.00
Geo12,2022-08-08,1020156.00,183634.00,411183.00,12002.00,2140.00,4790.00,5705.247,310436.00,0.31,0.75,6956044.00,2.00,0.00,483457.00,4868698.00
Geo12,2022-08-15,337664.00,358955.00,615945.00,3973.00,4183.00,7176.00,4868.698,310436.00,1.22,-0.38,7844889.00,0.00,0.00,0.00,4275882.00
Geo12,2022-08-22,965140.00,578531.00,495127.00,11355.00,6742.00,5768.00,4275.882,310436.00,-0.84,-0.08,7784867.00,-5.00,0.00,0.00,5616079.00
Geo12,2022-08-29,836868.00,648474.00,458688.00,9846.00,7557.00,5344.00,5616.079,310436.00,0.60,0.28,7038882.00,1.00,0.80,1239020.00,4692997.00
Geo12,2022-09-05,909037.00,807091.00,677457.00,10695.00,9405.00,7893.00,4692.997,310436.00,2.06,-1.98,6843299.00,2.00,1.41,0.00,5622890.00
Geo12,2022-09-12,656753.00,500935.00,463351.00,7727.00,5838.00,5398.00,5622.890,310436.00,0.74,-0.24,8433517.00,-2.00,0.78,1125857.00,5431735.00
Geo12,2022-09-19,780088.00,942483.00,451444.00,9178.00,10983.00,5259.00,5431.735,310436.00,0.61,1.04,8104012.00,-1.00,0.37,1669023.00,4161444.00
Geo12,2022-09-26,141126.00,758079.00,751064.00,1660.00,8834.00,8750.00,4161.444,310436.00,0.33,0.81,6533920.00,-3.00,0.00,1321050.00,6789310.00
Geo12,2022-10-03,691801.00,458191.00,600049.00,8139.00,5340.00,6991.00,6789.310,310436.00,1.85,2.26,6190830.00,2.00,0.30,1917141.00,7531761.00
Geo12,2022-10-10,983365.00,491288.00,620258.00,11569.00,5725.00,7226.00,7531.761,310436.00,-1.37,0.96,7398346.00,4.00,1.75,1342336.00,6447644.00
Geo12,2022-10-17,1026472.00,538984.00,403335.00,12076.00,6281.00,4699.00,6447.644,310436.00,-1.19,0.21,6173046.00,1.00,0.34,9720.00,6762936.00
Geo12,2022-10-24,736482.00,255008.00,275539.00,8665.00,2972.00,3210.00,6762.936,310436.00,-0.70,1.04,7213101.00,3.00,1.55,2580430.00,7113352.00
Geo12,2022-10-31,740121.00,589640.00,705685.00,8707.00,6871.00,8221.00,7113.352,310436.00,-0.10,0.94,7267983.00,7.00,1.98,1083926.00,4738848.00
Geo12,2022-11-07,896893.00,175442.00,498489.00,10552.00,2045.00,5808.00,4738.848,310436.00,1.50,-0.14,7628610.00,-6.00,0.00,0.00,6338726.00
Geo12,2022-11-14,704926.00,480764.00,391199.00,8293.00,5603.00,4558.00,6338.726,310436.00,-0.38,0.60,7054296.00,2.00,0.00,90780.00,3344719.00
Geo12,2022-11-21,1005232.00,650421.00,530840.00,11827.00,7580.00,6184.00,3344.719,310436.00,1.52,-0.22,6000581.00,-6.00,0.00,831519.00,6019833.00
Geo12,2022-11-28,778895.00,498664.00,872212.00,9164.00,5811.00,10162.00,6019.833,310436.00,0.06,0.41,7124492.00,3.00,0.00,346183.00,4951023.00
Geo12,2022-12-05,476382.00,761824.00,372348.00,5605.00,8878.00,4338.00,4951.023,310436.00,-0.19,1.23,8085272.00,-2.00,0.44,1786064.00,7653600.00
Geo12,2022-12-12,714936.00,1024938.00,764624.00,8411.00,11944.00,8908.00,7653.600,310436.00,-0.05,0.97,8666104.00,3.00,0.00,173962.00,8264958.00
Geo12,2022-12-19,681824.00,595001.00,925260.00,8022.00,6934.00,10780.00,8264.958,310436.00,0.29,1.42,7060648.00,6.00,0.00,1881875.00,6401704.00
Geo12,2022-12-26,974507.00,280757.00,288740.00,11465.00,3272.00,3364.00,6401.704,310436.00,0.34,0.15,6744315.00,-1.00,0.00,571428.00,6333615.00
Geo12,2023-01-02,666207.00,568628.00,219994.00,7838.00,6626.00,2563.00,6333.615,310436.00,0.73,-0.70,7624192.00,2.00,1.89,645525.00,4152899.00
Geo12,2023-01-09,1077700.00,712364.00,228192.00,12679.00,8302.00,2659.00,4152.899,310436.00,-1.95,1.45,6613360.00,-4.00,0.00,992515.00,4809573.00
Geo12,2023-01-16,561177.00,343520.00,302777.00,6602.00,4003.00,3527.00,4809.573,310436.00,-1.43,-2.32,6574918.00,-1.00,1.35,0.00,7842221.00
Geo12,2023-01-23,408472.00,730429.00,383365.00,4806.00,8512.00,4466.00,7842.221,310436.00,-0.20,1.13,8018811.00,6.00,0.52,167150.00,4440109.00
Geo12,2023-01-30,439867.00,694551.00,289044.00,5175.00,8094.00,3367.00,4440.109,310436.00,-1.27,0.28,6601214.00,-1.00,0.00,122455.00,5800809.00
Geo12,2023-02-06,362969.00,415325.00,701117.00,4270.00,4840.00,8168.00,5800.809,310436.00,-0.25,-0.77,6806921.00,-1.00,0.65,0.00,5623520.00
Geo12,2023-02-13,882052.00,395343.00,592945.00,10377.00,4607.00,6908.00,5623.520,310436.00,-1.03,-0.65,7985448.00,-2.00,0.77,270351.00,5243410.00
Geo12,2023-02-20,995587.00,443947.00,690005.00,11713.00,5174.00,8039.00,5243.410,310436.00,-1.04,0.13,6379510.00,0.00,0.00,872820.00,6086293.00
Geo12,2023-02-27,659804.00,694810.00,501020.00,7763.00,8097.00,5837.00,6086.293,310436.00,-0.16,-0.69,7163231.00,0.00,0.00,0.00,3858056.00
Geo12,2023-03-06,1017883.00,238046.00,452008.00,11975.00,2774.00,5266.00,3858.056,310436.00,-1.51,0.79,6594722.00,-3.00,0.00,0.00,6508203.00
Geo12,2023-03-13,608943.00,1008449.00,242631.00,7164.00,11752.00,2827.00,6508.203,310436.00,-0.52,-1.57,6549697.00,2.00,0.00,0.00,6572191.00
Geo12,2023-03-20,746964.00,835941.00,858888.00,8788.00,9742.00,10006.00,6572.191,310436.00,-1.19,-0.16,6161960.00,2.00,0.23,0.00,6431707.00
Geo12,2023-03-27,876575.00,166487.00,855788.00,10313.00,1940.00,9970.00,6431.707,310436.00,-1.77,0.77,7589480.00,0.00,0.79,0.00,6048480.00
Geo12,2023-04-03,751423.00,313081.00,500109.00,8840.00,3648.00,5826.00,6048.480,310436.00,1.13,0.94,6372910.00,0.00,0.00,1392036.00,2565392.00
Geo12,2023-04-10,518332.00,431966.00,635731.00,6098.00,5034.00,7407.00,2565.392,310436.00,-1.29,0.59,7073595.00,-8.00,1.25,916878.00,6581080.00
Geo12,2023-04-17,948081.00,703929.00,519418.00,11154.00,8203.00,6051.00,6581.080,310436.00,-0.51,-0.20,7325977.00,0.00,0.00,0.00,5799953.00
Geo12,2023-04-24,878795.00,724775.00,434601.00,10339.00,8446.00,5063.00,5799.953,310436.00,0.27,-0.38,6542770.00,0.00,0.00,157190.00,5852716.00
Geo12,2023-05-01,1056386.00,427277.00,668184.00,12428.00,4979.00,7785.00,5852.716,310436.00,-1.93,-0.64,8105068.00,0.00,0.00,0.00,5906643.00
Geo12,2023-05-08,581770.00,542348.00,692201.00,6845.00,6320.00,8064.00,5906.643,310436.00,-2.64,-0.67,6144812.00,-1.00,0.00,0.00,6430676.00
Geo12,2023-05-15,834016.00,760858.00,554357.00,9812.00,8867.00,6458.00,6430.676,310436.00,-0.09,-1.73,7758596.00,0.00,0.00,0.00,5591442.00
Geo12,2023-05-22,419206.00,434905.00,981656.00,4932.00,5068.00,11437.00,5591.442,310436.00,0.61,-1.96,6651756.00,-2.00,0.61,0.00,6164486.00
Geo12,2023-05-29,172608.00,689908.00,476530.00,2031.00,8040.00,5552.00,6164.486,310436.00,1.82,0.75,8168604.00,-1.00,0.68,1575883.00,6800058.00
Geo12,2023-06-05,640732.00,982605.00,625529.00,7538.00,11451.00,7288.00,6800.058,310436.00,-0.05,2.40,6742802.00,2.00,1.26,937371.00,4637237.00
Geo12,2023-06-12,597326.00,733668.00,385688.00,7028.00,8550.00,4493.00,4637.237,310436.00,-1.00,-0.99,7324223.00,-2.00,0.00,0.00,4594905.00
Geo12,2023-06-19,613851.00,679751.00,408712.00,7222.00,7921.00,4762.00,4594.905,310436.00,0.65,1.32,6369672.00,-3.00,2.33,2028557.00,8152915.00
Geo12,2023-06-26,524181.00,513229.00,818106.00,6167.00,5981.00,9531.00,8152.915,310436.00,0.72,0.53,6484832.00,3.00,0.00,538328.00,6047900.00
Geo12,2023-07-03,266092.00,663438.00,189996.00,3131.00,7731.00,2214.00,6047.900,310436.00,-0.35,0.39,6085172.00,-2.00,0.28,0.00,8684332.00
Geo12,2023-07-10,610629.00,517327.00,243310.00,7184.00,6029.00,2835.00,8684.332,310436.00,-1.83,0.29,7140025.00,5.00,0.00,0.00,5185544.00
Geo12,2023-07-17,1008080.00,494746.00,354903.00,11860.00,5766.00,4135.00,5185.544,310436.00,0.32,0.86,6926448.00,0.00,1.54,811631.00,4916513.00
Geo12,2023-07-24,129411.00,254981.00,605339.00,1523.00,2971.00,7052.00,4916.513,310436.00,-1.32,-0.27,6630337.00,-2.00,0.00,545489.00,5430898.00
Geo12,2023-07-31,538798.00,421995.00,462832.00,6339.00,4918.00,5392.00,5430.898,310436.00,0.32,-0.27,6614572.00,-1.00,2.12,764732.00,5567630.00
Geo12,2023-08-07,332167.00,606847.00,438052.00,3908.00,7072.00,5103.00,5567.630,310436.00,-0.59,0.97,6539736.00,-1.00,0.62,915040.00,5962070.00
Geo12,2023-08-14,682012.00,994896.00,483794.00,8024.00,11594.00,5636.00,5962.070,310436.00,0.18,-1.55,7570940.00,1.00,0.00,0.00,5507107.00
Geo12,2023-08-21,1075220.00,429398.00,379937.00,12650.00,5004.00,4426.00,5507.107,310436.00,-0.64,0.00,6980865.00,-2.00,0.12,0.00,7891470.00
Geo12,2023-08-28,647581.00,469754.00,132219.00,7619.00,5474.00,1540.00,7891.470,310436.00,2.43,0.52,6501868.00,4.00,1.00,1211234.00,6296968.00
Geo12,2023-09-04,566818.00,531462.00,479451.00,6669.00,6193.00,5586.00,6296.968,310436.00,0.72,1.10,7193690.00,0.00,0.88,1420217.00,3665714.00
Geo12,2023-09-11,692742.00,378393.00,398283.00,8150.00,4410.00,4640.00,3665.714,310436.00,-0.11,-1.74,7180240.00,-5.00,1.00,0.00,4127098.00
Geo12,2023-09-18,596707.00,131070.00,443683.00,7020.00,1527.00,5169.00,4127.098,310436.00,3.14,0.28,7568135.00,-3.00,0.00,0.00,5141362.00
Geo12,2023-09-25,1102808.00,892739.00,83431.00,12974.00,10404.00,972.00,5141.362,310436.00,0.15,-1.01,7234921.00,1.00,0.00,300702.00,4820553.00
Geo12,2023-10-02,758723.00,703050.00,822152.00,8926.00,8193.00,9578.00,4820.553,310436.00,-0.39,0.07,7861536.00,-3.00,0.00,0.00,7297410.00
Geo12,2023-10-09,747530.00,371116.00,573261.00,8795.00,4325.00,6679.00,7297.410,310436.00,-0.52,0.99,7436126.00,2.00,0.00,0.00,7836400.00
Geo12,2023-10-16,362577.00,769329.00,290725.00,4266.00,8965.00,3387.00,7836.400,310436.00,3.55,1.45,8071858.00,4.00,0.00,773145.00,3661518.00
Geo12,2023-10-23,541823.00,392800.00,521196.00,6375.00,4577.00,6072.00,3661.518,310436.00,1.44,-1.80,6510060.00,-5.00,0.00,0.00,7846120.00
Geo12,2023-10-30,558762.00,471063.00,507108.00,6574.00,5490.00,5908.00,7846.120,310436.00,0.65,0.76,7007092.00,3.00,1.75,810268.00,7489127.00
Geo12,2023-11-06,821494.00,585817.00,614185.00,9665.00,6827.00,7155.00,7489.127,310436.00,0.95,1.56,7609096.00,1.00,0.00,806981.00,5927087.00
Geo12,2023-11-13,609938.00,771060.00,357373.00,7176.00,8986.00,4164.00,5927.087,310436.00,1.11,-0.39,7810416.00,0.00,0.00,0.00,6480605.00
Geo12,2023-11-20,1186302.00,425648.00,388506.00,13957.00,4960.00,4526.00,6480.605,310436.00,-0.82,0.16,6378358.00,2.00,0.07,15145.00,6122771.00
Geo12,2023-11-27,1036686.00,516805.00,354395.00,12197.00,6023.00,4129.00,6122.771,310436.00,-0.21,0.82,8405785.00,0.00,0.00,1748032.00,3207012.00
Geo12,2023-12-04,602722.00,332192.00,461373.00,7091.00,3871.00,5375.00,3207.012,310436.00,-2.44,-1.22,7495370.00,-4.00,1.53,985614.00,4504784.00
Geo12,2023-12-11,542851.00,443088.00,741693.00,6387.00,5164.00,8641.00,4504.784,310436.00,0.06,-1.27,7870122.00,-4.00,0.00,0.00,5198949.00
Geo12,2023-12-18,722353.00,319470.00,370130.00,8498.00,3723.00,4312.00,5198.949,310436.00,-1.20,0.92,6812048.00,-1.00,0.00,131477.00,3549248.00
Geo12,2023-12-25,634460.00,877394.00,472430.00,7464.00,10225.00,5504.00,3549.248,310436.00,0.09,-1.79,6019246.00,-5.00,0.00,466297.00,7693269.00
Geo12,2024-01-01,508522.00,915164.00,472918.00,5983.00,10665.00,5510.00,7693.269,310436.00,0.84,0.69,7857684.00,1.00,0.00,1458087.00,4920698.00
Geo12,2024-01-08,431965.00,42709.00,536849.00,5082.00,498.00,6254.00,4920.698,310436.00,-0.30,-1.54,6235582.00,-1.00,0.00,0.00,4808115.00
Geo12,2024-01-15,445678.00,607772.00,520046.00,5243.00,7083.00,6059.00,4808.115,310436.00,1.27,-0.31,6694528.00,-4.00,0.00,342404.00,12437009.00
Geo13,2021-01-25,1860588.00,638156.00,654947.00,21890.00,7437.00,7630.00,12437.009,642480.00,-0.13,0.72,14460874.00,-2.00,0.59,438591.00,10890621.00
Geo13,2021-02-01,1723626.00,631755.00,559279.00,20278.00,7362.00,6516.00,10890.621,642480.00,-0.92,-1.30,14770606.00,-3.00,0.60,0.00,17210452.00
Geo13,2021-02-08,1084750.00,1932636.00,1250352.00,12762.00,22522.00,14567.00,17210.452,642480.00,1.35,1.40,17637004.00,2.00,2.07,915554.00,11414658.00
Geo13,2021-02-15,1179604.00,1334109.00,918275.00,13878.00,15547.00,10698.00,11414.658,642480.00,0.48,0.43,16265017.00,-2.00,0.00,497082.00,13434788.00
Geo13,2021-02-22,1917575.00,2207325.00,1298166.00,22560.00,25723.00,15124.00,13434.788,642480.00,-0.99,-2.78,16230845.00,-1.00,1.36,0.00,16211875.00
Geo13,2021-03-01,1096310.00,1208655.00,987413.00,12898.00,14085.00,11504.00,16211.875,642480.00,-2.95,-0.75,14005329.00,2.00,0.00,0.00,14421909.00
Geo13,2021-03-08,2143916.00,786167.00,1178082.00,25223.00,9162.00,13725.00,14421.909,642480.00,1.65,-1.25,17974802.00,-2.00,0.17,0.00,17129648.00
Geo13,2021-03-15,1398474.00,567469.00,755658.00,16453.00,6613.00,8804.00,17129.648,642480.00,1.75,-4.11,18522304.00,3.00,1.13,0.00,14831254.00
Geo13,2021-03-22,2004757.00,1002037.00,1531006.00,23586.00,11677.00,17837.00,14831.254,642480.00,0.54,0.31,20079700.00,1.00,0.00,481123.00,12562891.00
Geo13,2021-03-29,2130274.00,0.00,641761.00,25063.00,0.00,7477.00,12562.891,642480.00,0.67,0.27,20604952.00,-3.00,1.49,557385.00,9782664.00
Geo13,2021-04-05,1332319.00,1616884.00,1933340.00,15675.00,18842.00,22524.00,9782.664,642480.00,-1.05,-0.65,21333398.00,-7.00,0.00,0.00,17874246.00
Geo13,2021-04-12,962945.00,1808832.00,752077.00,11329.00,21079.00,8762.00,17874.246,642480.00,-1.28,-0.72,18910198.00,1.00,0.53,0.00,18298364.00
Geo13,2021-04-19,2296818.00,1555999.00,1448317.00,27022.00,18133.00,16873.00,18298.364,642480.00,0.36,-2.75,18333074.00,3.00,0.81,0.00,17146002.00
Geo13,2021-04-26,1308343.00,1109784.00,1014402.00,15393.00,12933.00,11818.00,17146.002,642480.00,0.13,-1.49,22253866.00,1.00,0.69,688729.00,16889936.00
Geo13,2021-05-03,896599.00,1181484.00,849765.00,10548.00,13768.00,9900.00,16889.936,642480.00,0.92,-0.08,19135142.00,4.00,1.88,1016490.00,13847787.00
Geo13,2021-05-10,941020.00,1000679.00,1055474.00,11071.00,11661.00,12297.00,13847.787,642480.00,-0.74,-0.87,21590244.00,-3.00,1.70,0.00,15571971.00
Geo13,2021-05-17,1063913.00,1562162.00,1314352.00,12517.00,18205.00,15313.00,15571.971,642480.00,-1.13,0.33,16785348.00,1.00,0.00,673232.00,16536745.00
Geo13,2021-05-24,1469296.00,538909.00,823965.00,17286.00,6280.00,9600.00,16536.745,642480.00,0.57,0.26,16826758.00,2.00,0.23,0.00,11958503.00
Geo13,2021-05-31,1352215.00,1721432.00,950202.00,15909.00,20061.00,11070.00,11958.503,642480.00,0.19,0.35,20459942.00,-5.00,0.00,0.00,18785230.00
Geo13,2021-06-07,1776479.00,2470782.00,1301503.00,20900.00,28793.00,15163.00,18785.230,642480.00,0.48,-0.01,20291496.00,3.00,0.00,506194.00,16603187.00
Geo13,2021-06-14,733096.00,1592174.00,1146458.00,8625.00,18554.00,13357.00,16603.187,642480.00,-0.20,-0.43,20004126.00,0.00,1.02,326123.00,16901310.00
Geo13,2021-06-21,1111821.00,1314375.00,2099331.00,13081.00,15317.00,24458.00,16901.310,642480.00,0.60,0.43,17853858.00,2.00,1.50,582937.00,11762363.00
Geo13,2021-06-28,1690456.00,971550.00,1021392.00,19888.00,11322.00,11900.00,11762.363,642480.00,0.46,0.35,20743622.00,-2.00,1.19,1345569.00,19072402.00
Geo13,2021-07-05,1218953.00,1107629.00,1647128.00,14341.00,12908.00,19190.00,19072.402,642480.00,-0.84,0.14,18415502.00,5.00,0.39,602145.00,15903706.00
Geo13,2021-07-12,1740958.00,780575.00,868926.00,20482.00,9096.00,10123.00,15903.706,642480.00,0.91,-0.61,19591416.00,-1.00,0.00,0.00,19337042.00
Geo13,2021-07-19,1726345.00,1530946.00,1759599.00,20310.00,17841.00,20500.00,19337.042,642480.00,0.66,-0.80,19331612.00,2.00,0.00,390402.00,18724162.00
Geo13,2021-07-26,1867964.00,1003760.00,2073234.00,21977.00,11697.00,24154.00,18724.162,642480.00,0.76,-0.52,19030870.00,4.00,0.40,289896.00,15073638.00
Geo13,2021-08-02,885085.00,1294794.00,1161395.00,10413.00,15089.00,13531.00,15073.638,642480.00,1.07,-0.42,19772020.00,0.00,1.83,0.00,14896703.00
Geo13,2021-08-09,437475.00,209573.00,499337.00,5147.00,2442.00,5817.00,14896.703,642480.00,-0.40,-0.78,18655422.00,-1.00,0.28,0.00,11310046.00
Geo13,2021-08-16,893044.00,1381742.00,878927.00,10507.00,16102.00,10240.00,11310.046,642480.00,1.06,-1.00,20643496.00,-3.00,0.58,36451.00,17422704.00
Geo13,2021-08-23,2564619.00,1666301.00,1649816.00,30173.00,19418.00,19221.00,17422.704,642480.00,0.68,0.66,19661914.00,1.00,1.01,755451.00,15219671.00
Geo13,2021-08-30,1673296.00,1059002.00,2225368.00,19686.00,12341.00,25926.00,15219.671,642480.00,-2.80,-0.88,21789314.00,-1.00,0.00,0.00,11796873.00
Geo13,2021-09-06,1755042.00,839188.00,1121677.00,20648.00,9779.00,13068.00,11796.873,642480.00,-0.46,1.48,19686992.00,-1.00,0.09,0.00,16215821.00
Geo13,2021-09-13,1535734.00,1155994.00,1085074.00,18068.00,13471.00,12642.00,16215.821,642480.00,0.92,0.90,19360200.00,0.00,0.00,426349.00,11030658.00
Geo13,2021-09-20,2319736.00,1477270.00,1100418.00,27292.00,17215.00,12820.00,11030.658,642480.00,0.14,-1.75,20967318.00,-4.00,0.00,0.00,15264784.00
Geo13,2021-09-27,1631175.00,1946068.00,1550018.00,19191.00,22678.00,18058.00,15264.784,642480.00,0.61,0.18,19759464.00,1.00,0.45,888504.00,18156870.00
Geo13,2021-10-04,2042140.00,1421369.00,1024487.00,24026.00,16564.00,11936.00,18156.870,642480.00,1.39,0.55,19767572.00,3.00,1.77,586431.00,17608696.00
Geo13,2021-10-11,1215369.00,1924362.00,1410787.00,14299.00,22426.00,16436.00,17608.696,642480.00,1.54,0.00,21883702.00,1.00,1.97,518342.00,15153985.00
Geo13,2021-10-18,2135473.00,1443692.00,583234.00,25124.00,16824.00,6795.00,15153.985,642480.00,1.25,-0.65,19868476.00,0.00,0.00,44629.00,16250220.00
Geo13,2021-10-25,1769046.00,1273468.00,1788755.00,20813.00,14840.00,20840.00,16250.220,642480.00,0.92,1.13,21574284.00,2.00,0.07,161306.00,13534087.00
Geo13,2021-11-01,1862545.00,1736339.00,1732531.00,21913.00,20234.00,20185.00,13534.087,642480.00,0.91,-0.17,19745914.00,-3.00,0.00,598376.00,19553052.00
Geo13,2021-11-08,490999.00,1166674.00,676151.00,5777.00,13596.00,7877.00,19553.052,642480.00,1.29,2.56,20980266.00,7.00,0.44,1069205.00,13320223.00
Geo13,2021-11-15,777928.00,2025814.00,934383.00,9152.00,23608.00,10886.00,13320.223,642480.00,1.68,4.32,20077656.00,0.00,0.00,1995628.00,17107230.00
Geo13,2021-11-22,1238104.00,1578601.00,1451427.00,14566.00,18396.00,16910.00,17107.230,642480.00,-0.62,-0.96,19530040.00,2.00,0.00,246554.00,10696056.00
Geo13,2021-11-29,1690326.00,961874.00,1539753.00,19887.00,11209.00,17939.00,10696.056,642480.00,-1.27,0.43,19816112.00,-7.00,0.11,157721.00,17930110.00
Geo13,2021-12-06,1530207.00,905521.00,1589574.00,18003.00,10552.00,18519.00,17930.110,642480.00,-0.36,1.75,20588228.00,5.00,0.00,1052809.00,10809274.00
Geo13,2021-12-13,1934224.00,411078.00,886408.00,22756.00,4790.00,10327.00,10809.274,642480.00,-0.45,0.81,18757428.00,-4.00,0.00,1193726.00,12326407.00
Geo13,2021-12-20,2126462.00,1375726.00,734310.00,25018.00,16032.00,8555.00,12326.407,642480.00,-0.67,1.34,22587798.00,-3.00,2.36,918837.00,14158211.00
Geo13,2021-12-27,1659243.00,1014317.00,1825288.00,19521.00,11820.00,21265.00,14158.211,642480.00,1.61,0.09,20174056.00,0.00,0.00,0.00,17825582.00
Geo13,2022-01-03,1428154.00,1210191.00,1427577.00,16802.00,14103.00,16632.00,17825.582,642480.00,-2.14,-1.56,17499118.00,2.00,1.23,0.00,12597531.00
Geo13,2022-01-10,1450132.00,1014409.00,1281769.00,17061.00,11821.00,14933.00,12597.531,642480.00,0.25,-0.07,23862534.00,-1.00,0.00,376712.00,15156149.00
Geo13,2022-01-17,1694703.00,1645060.00,1291206.00,19938.00,19171.00,15043.00,15156.149,642480.00,-0.64,1.54,20577140.00,1.00,0.00,1046851.00,13922206.00
Geo13,2022-01-24,1653912.00,1208510.00,1065776.00,19458.00,14083.00,12417.00,13922.206,642480.00,1.60,-0.41,18781046.00,0.00,0.00,1017327.00,17646562.00
Geo13,2022-01-31,2076810.00,1651793.00,1369616.00,24434.00,19249.00,15957.00,17646.562,642480.00,0.12,-0.42,20020220.00,2.00,0.16,603273.00,19540458.00
Geo13,2022-02-07,1736161.00,1411441.00,1091035.00,20426.00,16448.00,12711.00,19540.458,642480.00,1.70,-1.34,19275116.00,5.00,0.00,0.00,15151705.00
Geo13,2022-02-14,1126384.00,314136.00,1079060.00,13252.00,3661.00,12571.00,15151.705,642480.00,-0.61,-2.45,20196748.00,3.00,0.42,0.00,16858298.00
Geo13,2022-02-21,946255.00,1278725.00,545500.00,11133.00,14902.00,6355.00,16858.298,642480.00,-1.15,-0.32,19624852.00,3.00,1.85,0.00,13912285.00
Geo13,2022-02-28,1612901.00,749148.00,786734.00,18976.00,8730.00,9166.00,13912.285,642480.00,-0.35,0.04,19053784.00,1.00,1.24,49071.00,13977994.00
Geo13,2022-03-07,999835.00,1606164.00,636287.00,11763.00,18717.00,7413.00,13977.994,642480.00,-1.55,-1.54,20334192.00,-1.00,0.00,0.00,14702697.00
Geo13,2022-03-14,1223476.00,1297373.00,535145.00,14394.00,15119.00,6235.00,14702.697,642480.00,-0.25,-1.51,18068000.00,2.00,0.00,0.00,14550864.00
Geo13,2022-03-21,214521.00,905931.00,1302720.00,2524.00,10557.00,15177.00,14550.864,642480.00,-2.71,-0.76,18221114.00,-1.00,0.39,968543.00,16343337.00
Geo13,2022-03-28,1225385.00,1132267.00,1633131.00,14417.00,13195.00,19027.00,16343.337,642480.00,-0.16,-0.14,16233982.00,1.00,0.00,696984.00,10282539.00
Geo13,2022-04-04,795269.00,748773.00,1834845.00,9356.00,8726.00,21377.00,10282.539,642480.00,0.65,-0.16,18373230.00,-5.00,0.05,487033.00,11699549.00
Geo13,2022-04-11,1018776.00,1308357.00,2039643.00,11986.00,15247.00,23763.00,11699.549,642480.00,-0.27,-2.12,17224058.00,-4.00,0.00,0.00,11788287.00
Geo13,2022-04-18,1226819.00,909996.00,818819.00,14433.00,10605.00,9540.00,11788.287,642480.00,0.70,-0.94,15776878.00,-1.00,0.00,0.00,16057629.00
Geo13,2022-04-25,1825738.00,2371217.00,828515.00,21480.00,27633.00,9653.00,16057.629,642480.00,0.06,-2.93,18745028.00,0.00,0.00,0.00,13218342.00
Geo13,2022-05-02,1390296.00,903055.00,1494652.00,16357.00,10524.00,17413.00,13218.342,642480.00,0.69,1.27,14122086.00,-2.00,0.00,541741.00,15027615.00
Geo13,2022-05-09,1178430.00,579188.00,444685.00,13864.00,6750.00,5181.00,15027.615,642480.00,-2.81,-1.28,17039636.00,2.00,1.81,0.00,13712429.00
Geo13,2022-05-16,1595297.00,982305.00,1518241.00,18769.00,11447.00,17688.00,13712.429,642480.00,-0.26,-1.31,19302216.00,0.00,0.00,216779.00,15917210.00
Geo13,2022-05-23,1667668.00,94311.00,1130698.00,19620.00,1099.00,13173.00,15917.210,642480.00,0.12,-0.04,17066498.00,1.00,0.12,492337.00,14522485.00
Geo13,2022-05-30,1648971.00,1579804.00,1606895.00,19400.00,18410.00,18721.00,14522.485,642480.00,-1.60,-0.33,19714368.00,-1.00,0.00,1036024.00,15277622.00
Geo13,2022-06-06,1290250.00,1585298.00,1599917.00,15180.00,18474.00,18640.00,15277.622,642480.00,-2.67,-0.37,17076424.00,0.00,0.00,31736.00,20502928.00
Geo13,2022-06-13,1024244.00,2094903.00,1604953.00,12050.00,24413.00,18698.00,20502.928,642480.00,0.28,0.22,17865666.00,4.00,0.00,108148.00,10518971.00
Geo13,2022-06-20,867138.00,1115629.00,984801.00,10202.00,13001.00,11473.00,10518.971,642480.00,-1.88,-1.60,18150546.00,-5.00,1.73,170320.00,15688337.00
Geo13,2022-06-27,1465924.00,1452348.00,1523868.00,17247.00,16925.00,17754.00,15688.337,642480.00,1.14,0.53,15621368.00,2.00,2.36,778777.00,16662269.00
Geo13,2022-07-04,2371041.00,751749.00,1648388.00,27895.00,8760.00,19204.00,16662.269,642480.00,1.72,0.05,19852138.00,0.00,0.00,0.00,15003571.00
Geo13,2022-07-11,954950.00,1392886.00,1223994.00,11235.00,16232.00,14260.00,15003.571,642480.00,0.91,-0.53,19067798.00,1.00,2.18,587093.00,13396158.00
Geo13,2022-07-18,1886197.00,1329459.00,1389890.00,22191.00,15493.00,16193.00,13396.158,642480.00,-0.47,-1.64,20962480.00,2.00,1.02,448591.00,15572413.00
Geo13,2022-07-25,1438959.00,1539565.00,1448200.00,16929.00,17941.00,16872.00,15572.413,642480.00,-0.31,0.13,18366342.00,0.00,0.77,716681.00,14181069.00
Geo13,2022-08-01,2151585.00,359958.00,1104854.00,25313.00,4195.00,12872.00,14181.069,642480.00,-1.01,0.11,19676162.00,0.00,0.39,586687.00,11834317.00
Geo13,2022-08-08,1803351.00,533607.00,713941.00,21216.00,6218.00,8318.00,11834.317,642480.00,0.07,0.09,19331502.00,-1.00,0.00,207662.00,15862791.00
Geo13,2022-08-15,1305514.00,1116772.00,863283.00,15359.00,13014.00,10058.00,15862.791,642480.00,-0.89,1.27,21053074.00,3.00,0.01,802203.00,15841288.00
Geo13,2022-08-22,2097604.00,2162559.00,1960837.00,24678.00,25201.00,22844.00,15841.288,642480.00,0.81,1.06,20781778.00,1.00,1.50,1260047.00,16322517.00
Geo13,2022-08-29,1836312.00,1612788.00,1256925.00,21604.00,18795.00,14644.00,16322.517,642480.00,0.65,-0.92,20310724.00,3.00,1.91,6078.00,13973681.00
Geo13,2022-09-05,1330086.00,1910750.00,1194589.00,15648.00,22267.00,13917.00,13973.681,642480.00,0.10,1.05,19455166.00,4.00,0.01,380658.00,16016448.00
Geo13,2022-09-12,1100749.00,1583932.00,1460267.00,12950.00,18458.00,17013.00,16016.448,642480.00,1.32,0.98,23037482.00,0.00,0.00,556886.00,15063671.00
Geo13,2022-09-19,1837836.00,1805825.00,1222621.00,21622.00,21044.00,14244.00,15063.671,642480.00,0.26,-0.59,21621864.00,0.00,0.35,0.00,16801936.00
Geo13,2022-09-26,201703.00,1908124.00,847016.00,2373.00,22236.00,9868.00,16801.936,642480.00,-0.52,0.82,18312714.00,4.00,0.32,817108.00,17851376.00
Geo13,2022-10-03,1152622.00,1156279.00,761603.00,13561.00,13475.00,8873.00,17851.376,642480.00,2.28,0.09,16939684.00,3.00,1.46,749582.00,20587578.00
Geo13,2022-10-10,1286456.00,1004202.00,1255005.00,15135.00,11702.00,14621.00,20587.578,642480.00,1.53,0.98,19840360.00,6.00,2.01,845855.00,15992503.00
Geo13,2022-10-17,1204672.00,1124480.00,345753.00,14173.00,13104.00,4028.00,15992.503,642480.00,1.86,-1.15,16210079.00,0.00,0.46,934684.00,11475086.00
Geo13,2022-10-24,1652863.00,703794.00,0.00,19446.00,8202.00,0.00,11475.086,642480.00,0.28,0.56,18733132.00,-4.00,0.00,0.00,11358896.00
Geo13,2022-10-31,970994.00,790715.00,427077.00,11424.00,9215.00,4976.00,11358.896,642480.00,-0.94,1.37,18707170.00,0.00,0.65,1279090.00,17626350.00
Geo13,2022-11-07,1778779.00,309512.00,648788.00,20927.00,3607.00,7559.00,17626.350,642480.00,-1.51,2.42,18707446.00,1.00,0.00,453680.00,9181361.00
Geo13,2022-11-14,871264.00,954178.00,227668.00,10250.00,11119.00,2652.00,9181.361,642480.00,0.61,-0.95,18129816.00,-6.00,2.66,814712.00,6792459.00
Geo13,2022-11-21,2276128.00,1280220.00,1139830.00,26779.00,14919.00,13279.00,6792.459,642480.00,0.39,1.22,16615504.00,-9.00,0.00,911442.00,8368769.00
Geo13,2022-11-28,834258.00,1296410.00,1701019.00,9815.00,15108.00,19818.00,8368.769,642480.00,-0.17,-0.08,18254472.00,-5.00,0.00,0.00,18205470.00
Geo13,2022-12-05,1401612.00,926839.00,1101274.00,16490.00,10801.00,12830.00,18205.470,642480.00,-0.03,-1.07,20839182.00,5.00,0.00,444712.00,16695429.00
Geo13,2022-12-12,1583328.00,1467544.00,1087326.00,18628.00,17102.00,12668.00,16695.429,642480.00,-0.06,0.06,22110368.00,1.00,1.77,0.00,9981343.00
Geo13,2022-12-19,1530241.00,1414068.00,1368411.00,18003.00,16479.00,15943.00,9981.343,642480.00,-0.45,-0.36,18558588.00,-5.00,0.37,72848.00,19513648.00
Geo13,2022-12-26,2056577.00,1266486.00,1364422.00,24196.00,14759.00,15896.00,19513.648,642480.00,0.62,-1.12,18297198.00,4.00,1.03,264604.00,6559141.00
Geo13,2023-01-02,884535.00,1488063.00,372070.00,10407.00,17341.00,4335.00,6559.141,642480.00,1.06,-0.61,20887208.00,-10.00,0.48,67552.00,12910211.00
Geo13,2023-01-09,1249742.00,1229728.00,863662.00,14703.00,14331.00,10062.00,12910.211,642480.00,0.32,-2.85,18125248.00,-3.00,0.13,0.00,14433131.00
Geo13,2023-01-16,825407.00,607342.00,435078.00,9711.00,7078.00,5069.00,14433.131,642480.00,0.65,-0.53,17396028.00,1.00,0.00,0.00,14793090.00
Geo13,2023-01-23,749705.00,1962193.00,1577912.00,8820.00,22866.00,18383.00,14793.090,642480.00,-0.87,-0.55,19913448.00,-1.00,0.00,0.00,10674251.00
Geo13,2023-01-30,734793.00,1042859.00,1102333.00,8645.00,12153.00,12843.00,10674.251,642480.00,-0.37,-1.07,16785538.00,-2.00,0.00,32679.00,11683620.00
Geo13,2023-02-06,1593425.00,1400073.00,2186805.00,18747.00,16316.00,25477.00,11683.620,642480.00,-0.62,1.30,18094022.00,-5.00,0.00,0.00,18511182.00
Geo13,2023-02-13,1491028.00,1405243.00,1239035.00,17542.00,16376.00,14435.00,18511.182,642480.00,-0.56,-1.55,19490094.00,2.00,0.00,0.00,9677947.00
Geo13,2023-02-20,850472.00,1020129.00,345766.00,10006.00,11888.00,4028.00,9677.947,642480.00,-3.75,0.37,16615892.00,-5.00,0.92,234395.00,16484507.00
Geo13,2023-02-27,1476773.00,1466289.00,993607.00,17374.00,17087.00,11576.00,16484.507,642480.00,-0.54,-1.25,18188754.00,1.00,0.25,0.00,14301909.00
Geo13,2023-03-06,2011222.00,534823.00,1488759.00,23662.00,6233.00,17345.00,14301.909,642480.00,-0.70,-2.21,17130440.00,3.00,0.00,0.00,12534084.00
Geo13,2023-03-13,1127150.00,2198128.00,648996.00,13261.00,25616.00,7561.00,12534.084,642480.00,-0.80,0.29,18190410.00,-2.00,0.00,805044.00,11916066.00
Geo13,2023-03-20,1967235.00,1892581.00,1123373.00,23144.00,22055.00,13088.00,11916.066,642480.00,-0.14,-0.81,17291882.00,-4.00,0.00,0.00,15774746.00
Geo13,2023-03-27,1850120.00,500302.00,1281591.00,21767.00,5830.00,14931.00,15774.746,642480.00,-3.12,0.53,20599266.00,0.00,1.28,24435.00,18730376.00
Geo13,2023-04-03,2260449.00,1274338.00,1684993.00,26594.00,14850.00,19631.00,18730.376,642480.00,0.58,-1.37,18586158.00,4.00,0.49,0.00,11758436.00
Geo13,2023-04-10,818596.00,1421891.00,1291086.00,9631.00,16570.00,15042.00,11758.436,642480.00,-0.14,1.28,19191260.00,-3.00,1.67,532678.00,15595052.00
Geo13,2023-04-17,1410912.00,1667116.00,1154560.00,16599.00,19428.00,13451.00,15595.052,642480.00,0.02,-0.77,19789744.00,0.00,0.00,0.00,10938147.00
Geo13,2023-04-24,2012973.00,1213272.00,897865.00,23683.00,14139.00,10460.00,10938.147,642480.00,2.16,0.24,18517252.00,-6.00,1.57,902004.00,17966574.00
Geo13,2023-05-01,1545343.00,1459979.00,1603305.00,18181.00,17014.00,18679.00,17966.574,642480.00,1.08,-0.71,22425148.00,4.00,0.00,0.00,16670332.00
Geo13,2023-05-08,1450536.00,1602104.00,1128373.00,17065.00,18670.00,13146.00,16670.332,642480.00,-0.76,-0.69,17744680.00,2.00,0.00,0.00,19499232.00
Geo13,2023-05-15,1679780.00,1419980.00,1486861.00,19763.00,16548.00,17322.00,19499.232,642480.00,0.16,0.51,20816874.00,4.00,0.00,0.00,20799730.00
Geo13,2023-05-22,1329247.00,1108364.00,2256018.00,15639.00,12916.00,26283.00,20799.730,642480.00,-0.43,-1.97,18507176.00,6.00,0.42,0.00,14130769.00
Geo13,2023-05-29,634165.00,1189254.00,850817.00,7461.00,13859.00,9912.00,14130.769,642480.00,1.34,-0.30,21434544.00,-3.00,0.37,271226.00,15853104.00
Geo13,2023-06-05,1281717.00,1466815.00,554822.00,15079.00,17093.00,6464.00,15853.104,642480.00,-2.66,0.06,18160302.00,1.00,0.00,0.00,16269409.00
Geo13,2023-06-12,1209505.00,1239134.00,1614878.00,14230.00,14440.00,18814.00,16269.409,642480.00,-1.10,0.74,18844926.00,3.00,0.00,607621.00,17919022.00
Geo13,2023-06-19,1527236.00,1382686.00,650400.00,17968.00,16113.00,7577.00,17919.022,642480.00,-1.03,2.12,18326710.00,3.00,0.81,727670.00,19585530.00
Geo13,2023-06-26,1484790.00,561241.00,1298710.00,17468.00,6540.00,15130.00,19585.530,642480.00,-0.86,-1.47,17903756.00,2.00,0.56,0.00,15839835.00
Geo13,2023-07-03,1143215.00,424070.00,196004.00,13450.00,4942.00,2284.00,15839.835,642480.00,-0.89,0.29,17566848.00,0.00,1.03,250758.00,18564196.00
Geo13,2023-07-10,833190.00,1724117.00,407757.00,9802.00,20092.00,4751.00,18564.196,642480.00,-1.01,-1.04,19507798.00,2.00,0.00,124914.00,12101013.00
Geo13,2023-07-17,1188041.00,1073501.00,767990.00,13977.00,12510.00,8947.00,12101.013,642480.00,-0.79,1.58,18671586.00,-3.00,0.00,439171.00,12037870.00
Geo13,2023-07-24,105897.00,1243092.00,1406971.00,1246.00,14486.00,16392.00,12037.870,642480.00,-0.32,0.16,17441732.00,-4.00,0.00,603956.00,18958992.00
Geo13,2023-07-31,1101137.00,1102754.00,821249.00,12955.00,12851.00,9568.00,18958.992,642480.00,1.82,-0.83,17713026.00,4.00,2.90,671774.00,13100541.00
Geo13,2023-08-07,620600.00,921955.00,1017020.00,7301.00,10744.00,11849.00,13100.541,642480.00,0.08,0.33,16694672.00,-2.00,1.59,537028.00,16312216.00
Geo13,2023-08-14,1177657.00,1834041.00,744690.00,13855.00,21373.00,8676.00,16312.216,642480.00,0.17,-0.10,19252034.00,2.00,0.00,492870.00,11567850.00
Geo13,2023-08-21,1771096.00,1307003.00,686084.00,20837.00,15231.00,7993.00,11567.850,642480.00,1.08,1.00,18204182.00,-4.00,2.44,247224.00,16998902.00
Geo13,2023-08-28,1585846.00,658738.00,988693.00,18657.00,7677.00,11519.00,16998.902,642480.00,2.74,1.74,17572670.00,2.00,1.31,832621.00,14154312.00
Geo13,2023-09-04,869785.00,1304506.00,852703.00,10233.00,15202.00,9934.00,14154.312,642480.00,1.18,2.08,17673126.00,-1.00,0.00,700812.00,11533765.00
Geo13,2023-09-11,1817035.00,1118576.00,831531.00,21377.00,13035.00,9688.00,11533.765,642480.00,0.23,-1.18,18829246.00,-3.00,0.00,0.00,15600948.00
Geo13,2023-09-18,954539.00,1100629.00,674776.00,11230.00,12826.00,7861.00,15600.948,642480.00,0.50,1.20,19225288.00,2.00,0.31,60711.00,7714375.00
Geo13,2023-09-25,1478613.00,1715457.00,317008.00,17396.00,19991.00,3693.00,7714.375,642480.00,1.31,1.50,18908858.00,-4.00,0.71,248888.00,15607616.00
Geo13,2023-10-02,2118238.00,1114316.00,1876804.00,24921.00,12986.00,21865.00,15607.616,642480.00,-0.71,-0.53,21407346.00,-1.00,0.25,0.00,17756466.00
Geo13,2023-10-09,2038022.00,988107.00,1171266.00,23977.00,11515.00,13646.00,17756.466,642480.00,0.99,2.45,19917238.00,3.00,2.43,925081.00,17127004.00
Geo13,2023-10-16,981333.00,1617336.00,823615.00,11545.00,18848.00,9595.00,17127.004,642480.00,-0.10,0.06,21813886.00,1.00,1.23,1035674.00,12040908.00
Geo13,2023-10-23,1273926.00,539556.00,1479340.00,14988.00,6288.00,17235.00,12040.908,642480.00,-0.55,-2.10,18097166.00,-2.00,0.00,0.00,17630788.00
Geo13,2023-10-30,1491581.00,1482578.00,1027978.00,17548.00,17277.00,11976.00,17630.788,642480.00,-0.19,0.15,19995934.00,2.00,0.00,967140.00,16705601.00
Geo13,2023-11-06,743539.00,1332146.00,1481963.00,8748.00,15524.00,17265.00,16705.601,642480.00,0.60,2.05,20118730.00,-2.00,1.22,554053.00,14639781.00
Geo13,2023-11-13,796010.00,1511347.00,1165071.00,9365.00,17612.00,13574.00,14639.781,642480.00,0.29,-1.68,20800610.00,-1.00,1.78,754783.00,13555152.00
Geo13,2023-11-20,1521637.00,782894.00,1457956.00,17902.00,9123.00,16986.00,13555.152,642480.00,0.36,1.75,17073764.00,-1.00,0.72,571677.00,11451211.00
Geo13,2023-11-27,1331517.00,1726503.00,278805.00,15665.00,20120.00,3248.00,11451.211,642480.00,-1.57,1.46,21469436.00,-4.00,0.15,111169.00,16932930.00
Geo13,2023-12-04,1223475.00,1609915.00,1583536.00,14394.00,18761.00,18449.00,16932.930,642480.00,-0.61,-2.30,20220612.00,4.00,2.03,0.00,11433934.00
Geo13,2023-12-11,1594760.00,977855.00,1297246.00,18762.00,11395.00,15113.00,11433.934,642480.00,0.49,1.44,19847804.00,-5.00,0.00,1271374.00,11669167.00
Geo13,2023-12-18,1283873.00,1621815.00,780400.00,15105.00,18900.00,9092.00,11669.167,642480.00,0.50,1.12,17619856.00,-3.00,0.00,706506.00,14873885.00
Geo13,2023-12-25,1814674.00,821547.00,949366.00,21350.00,9574.00,11060.00,14873.885,642480.00,1.19,-0.09,16218925.00,1.00,1.22,337245.00,15327031.00
Geo13,2024-01-01,613587.00,1240287.00,452742.00,7219.00,14454.00,5275.00,15327.031,642480.00,-0.21,-0.91,19372614.00,-3.00,0.93,172469.00,11803975.00
Geo13,2024-01-08,1399903.00,198641.00,891128.00,16470.00,2315.00,10382.00,11803.975,642480.00,-0.99,0.08,17509782.00,-2.00,0.54,0.00,11431145.00
Geo13,2024-01-15,979254.00,1033851.00,1146475.00,11521.00,12048.00,13357.00,11431.145,642480.00,-0.79,-1.41,17900652.00,-5.00,0.00,0.00,17463522.00
Geo14,2021-01-25,2449560.00,1296074.00,1484050.00,28819.00,15104.00,17290.00,17463.522,949707.00,0.28,1.95,20782460.00,-3.00,0.00,2681267.00,21166890.00
Geo14,2021-02-01,677916.00,1333446.00,2506468.00,7976.00,15539.00,29201.00,21166.890,949707.00,-0.23,0.95,20284034.00,2.00,0.00,2356260.00,21280082.00
Geo14,2021-02-08,1090607.00,1897304.00,1836415.00,12831.00,22110.00,21395.00,21280.082,949707.00,1.68,-0.79,21873382.00,0.00,0.00,0.00,21713038.00
Geo14,2021-02-15,534554.00,1768780.00,1717126.00,6289.00,20612.00,20005.00,21713.038,949707.00,1.52,-0.10,20179928.00,3.00,0.00,0.00,21083884.00
Geo14,2021-02-22,2100284.00,2755846.00,2031973.00,24710.00,32115.00,23673.00,21083.884,949707.00,-1.31,-1.07,20083874.00,1.00,0.23,0.00,20879848.00
Geo14,2021-03-01,2474980.00,1645143.00,1797435.00,29118.00,19172.00,20941.00,20879.848,949707.00,-0.45,-1.41,17706338.00,0.00,0.00,0.00,18527612.00
Geo14,2021-03-08,2511752.00,2441433.00,1257719.00,29551.00,28451.00,14653.00,18527.612,949707.00,0.32,0.67,22612648.00,-3.00,0.00,318186.00,17204538.00
Geo14,2021-03-15,1810774.00,1023974.00,1790803.00,21304.00,11933.00,20864.00,17204.538,949707.00,0.98,-0.20,23475878.00,-2.00,0.00,2033068.00,21087208.00
Geo14,2021-03-22,2942749.00,1786203.00,1494307.00,34621.00,20815.00,17409.00,21087.208,949707.00,-2.25,0.59,26329322.00,1.00,0.00,1029192.00,18868394.00
Geo14,2021-03-29,2308937.00,253352.00,599704.00,27165.00,2952.00,6987.00,18868.394,949707.00,-0.15,-0.14,24472936.00,-2.00,1.56,0.00,17471504.00
Geo14,2021-04-05,3001316.00,836583.00,950747.00,35310.00,9749.00,11077.00,17471.504,949707.00,-1.10,0.71,27381594.00,-3.00,0.00,1413498.00,20045410.00
Geo14,2021-04-12,2287032.00,1696197.00,1733282.00,26907.00,19767.00,20193.00,20045.410,949707.00,0.25,-1.62,25084602.00,-3.00,0.00,0.00,17332884.00
Geo14,2021-04-19,2562484.00,1882408.00,1243678.00,30148.00,21937.00,14489.00,17332.884,949707.00,0.08,-2.73,23889570.00,-4.00,0.00,0.00,24265362.00
Geo14,2021-04-26,940880.00,1885558.00,842919.00,11069.00,21973.00,9820.00,24265.362,949707.00,-0.27,-0.48,29022380.00,1.00,1.14,1057953.00,19919712.00
Geo14,2021-05-03,1534458.00,1146004.00,1327910.00,18053.00,13355.00,15471.00,19919.712,949707.00,-0.23,-1.26,25760414.00,1.00,0.47,1732408.00,23146548.00
Geo14,2021-05-10,1468355.00,1440933.00,1459776.00,17275.00,16792.00,17007.00,23146.548,949707.00,0.38,0.26,27624596.00,1.00,0.24,1819270.00,19051288.00
Geo14,2021-05-17,2641272.00,1463072.00,2811401.00,31074.00,17050.00,32754.00,19051.288,949707.00,-0.90,0.28,23098080.00,-2.00,0.73,865938.00,26062422.00
Geo14,2021-05-24,2082363.00,725562.00,1811220.00,24499.00,8455.00,21101.00,26062.422,949707.00,-2.28,0.93,22681004.00,5.00,1.52,866421.00,17786608.00
Geo14,2021-05-31,1986059.00,1704438.00,1287411.00,23366.00,19863.00,14999.00,17786.608,949707.00,-0.56,0.62,26913924.00,-4.00,0.00,515228.00,26976860.00
Geo14,2021-06-07,2183059.00,2054689.00,2307612.00,25684.00,23944.00,26885.00,26976.860,949707.00,0.99,-1.44,27156372.00,3.00,0.00,789208.00,18382402.00
Geo14,2021-06-14,1200820.00,2287168.00,2119783.00,14128.00,26653.00,24696.00,18382.402,949707.00,-0.35,0.22,25638202.00,-3.00,0.00,693287.00,22115152.00
Geo14,2021-06-21,930626.00,1886822.00,2198177.00,10949.00,21988.00,25610.00,22115.152,949707.00,0.62,-0.40,23707472.00,0.00,0.00,0.00,22899798.00
Geo14,2021-06-28,2496961.00,2214056.00,2072538.00,29377.00,25801.00,24146.00,22899.798,949707.00,2.10,-1.58,27426716.00,3.00,0.00,446374.00,21198362.00
Geo14,2021-07-05,1723835.00,2241686.00,1949258.00,20281.00,26123.00,22710.00,21198.362,949707.00,0.64,0.38,24748068.00,0.00,0.00,0.00,22497044.00
Geo14,2021-07-12,2677605.00,1405946.00,1846292.00,31502.00,16384.00,21510.00,22497.044,949707.00,0.15,0.41,25907990.00,-1.00,1.08,554747.00,24336702.00
Geo14,2021-07-19,2080777.00,1024883.00,1671970.00,24480.00,11943.00,19479.00,24336.702,949707.00,1.56,-0.59,25946352.00,0.00,0.00,220212.00,21651932.00
Geo14,2021-07-26,3056831.00,1272550.00,2618762.00,35963.00,14830.00,30510.00,21651.932,949707.00,0.23,-0.16,25415842.00,0.00,0.00,194167.00,25802120.00
Geo14,2021-08-02,1725286.00,2445604.00,2361294.00,20298.00,28500.00,27510.00,25802.120,949707.00,-0.09,1.23,26977730.00,4.00,0.53,0.00,23923926.00
Geo14,2021-08-09,622118.00,728410.00,1819424.00,7319.00,8489.00,21197.00,23923.926,949707.00,-0.51,-1.85,23636710.00,2.00,0.00,0.00,17962910.00
Geo14,2021-08-16,713229.00,1815584.00,1132733.00,8391.00,21158.00,13197.00,17962.910,949707.00,0.53,0.00,27832370.00,-1.00,0.47,1992175.00,24516102.00
Geo14,2021-08-23,2635439.00,2069900.00,2704327.00,31006.00,24122.00,31506.00,24516.102,949707.00,0.96,0.82,26019452.00,1.00,0.02,634888.00,21969772.00
Geo14,2021-08-30,1730084.00,2255228.00,3038939.00,20354.00,26281.00,35405.00,21969.772,949707.00,-1.30,-2.32,28523354.00,0.00,0.00,0.00,21596880.00
Geo14,2021-09-06,2700720.00,1304790.00,1746170.00,31774.00,15205.00,20344.00,21596.880,949707.00,2.07,1.68,25821582.00,3.00,0.00,0.00,26726110.00
Geo14,2021-09-13,1392326.00,1765260.00,1448848.00,16381.00,20571.00,16880.00,26726.110,949707.00,-1.24,-0.82,24312922.00,3.00,1.85,0.00,25982026.00
Geo14,2021-09-20,3273032.00,2322558.00,2441217.00,38507.00,27066.00,28441.00,25982.026,949707.00,1.38,2.95,26768818.00,5.00,0.00,2490315.00,18840912.00
Geo14,2021-09-27,1775757.00,1732106.00,1352681.00,20892.00,20185.00,15759.00,18840.912,949707.00,0.22,1.41,24061310.00,0.00,0.00,1441910.00,14413013.00
Geo14,2021-10-04,3132076.00,965283.00,1410356.00,36849.00,11249.00,16431.00,14413.013,949707.00,0.13,-0.58,24409326.00,-5.00,0.00,0.00,25311400.00
Geo14,2021-10-11,1533129.00,2543494.00,1728047.00,18037.00,29641.00,20132.00,25311.400,949707.00,1.08,-0.55,27801488.00,2.00,0.31,30361.00,24841912.00
Geo14,2021-10-18,2300085.00,1396152.00,1729256.00,27060.00,16270.00,20146.00,24841.912,949707.00,0.86,-0.16,25106440.00,3.00,0.00,0.00,20060230.00
Geo14,2021-10-25,2053893.00,1365160.00,1766905.00,24164.00,15909.00,20585.00,20060.230,949707.00,-0.20,2.38,27460382.00,0.00,0.00,1026974.00,22162658.00
Geo14,2021-11-01,1970058.00,1189131.00,1122853.00,23178.00,13858.00,13082.00,22162.658,949707.00,-1.34,0.22,25928202.00,0.00,0.00,799663.00,23020458.00
Geo14,2021-11-08,2301443.00,2325708.00,2027282.00,27076.00,27103.00,23619.00,23020.458,949707.00,-0.39,0.97,26406586.00,3.00,1.17,1320141.00,17438098.00
Geo14,2021-11-15,1112843.00,1652261.00,1875651.00,13093.00,19255.00,21852.00,17438.098,949707.00,1.51,1.51,25309098.00,-1.00,0.00,1773918.00,22630496.00
Geo14,2021-11-22,1695018.00,1662921.00,1682407.00,19942.00,19379.00,19601.00,22630.496,949707.00,-1.20,-1.15,25078564.00,1.00,0.00,0.00,31784060.00
Geo14,2021-11-29,2272282.00,2454300.00,2156676.00,26733.00,28601.00,25126.00,31784.060,949707.00,1.67,-0.07,26465740.00,7.00,0.60,435717.00,18865080.00
Geo14,2021-12-06,2074246.00,976692.00,2249716.00,24403.00,11382.00,26210.00,18865.080,949707.00,-1.50,1.28,27074938.00,0.00,2.11,2265750.00,25078544.00
Geo14,2021-12-13,3512450.00,515825.00,678291.00,41324.00,6011.00,7902.00,25078.544,949707.00,1.06,2.20,24325736.00,4.00,1.71,1056024.00,23155626.00
Geo14,2021-12-20,2625284.00,1820073.00,2289939.00,30886.00,21210.00,26679.00,23155.626,949707.00,0.79,-1.28,30776298.00,2.00,1.83,2176129.00,17926818.00
Geo14,2021-12-27,2911776.00,2189850.00,1250348.00,34257.00,25519.00,14567.00,17926.818,949707.00,1.78,1.10,27086828.00,-2.00,0.00,2209065.00,21945262.00
Geo14,2022-01-03,2381837.00,1804496.00,2010840.00,28022.00,21029.00,23427.00,21945.262,949707.00,-0.12,0.60,23949508.00,-1.00,0.30,1426484.00,16915150.00
Geo14,2022-01-10,2475806.00,1811359.00,1714459.00,29128.00,21109.00,19974.00,16915.150,949707.00,0.03,-0.52,33310046.00,-1.00,0.00,0.00,27992568.00
Geo14,2022-01-17,1490356.00,1718178.00,1426545.00,17534.00,20023.00,16620.00,27992.568,949707.00,-1.76,1.29,26624408.00,8.00,0.00,504285.00,18997924.00
Geo14,2022-01-24,1188087.00,2006164.00,1871665.00,13978.00,23379.00,21806.00,18997.924,949707.00,-0.33,-0.10,23809870.00,1.00,0.00,0.00,17184598.00
Geo14,2022-01-31,1945615.00,1618978.00,828823.00,22890.00,18867.00,9656.00,17184.598,949707.00,1.16,-0.44,25510952.00,-4.00,0.70,1502405.00,22637444.00
Geo14,2022-02-07,2840655.00,1604502.00,1721907.00,33420.00,18698.00,20061.00,22637.444,949707.00,-0.82,2.27,23387344.00,0.00,0.00,0.00,16518951.00
Geo14,2022-02-14,2416258.00,1260921.00,2604921.00,28427.00,14694.00,30348.00,16518.951,949707.00,0.93,-0.12,25661576.00,-1.00,0.00,0.00,21006008.00
Geo14,2022-02-21,2123194.00,1119456.00,871289.00,24979.00,13046.00,10151.00,21006.008,949707.00,-0.34,-0.76,25136550.00,0.00,0.22,0.00,20216644.00
Geo14,2022-02-28,2175797.00,1235838.00,1778291.00,25598.00,14402.00,20718.00,20216.644,949707.00,-1.81,-2.44,24923564.00,1.00,0.00,0.00,20976754.00
Geo14,2022-03-07,3157414.00,2797611.00,894044.00,37147.00,32602.00,10416.00,20976.754,949707.00,1.61,1.28,27213036.00,0.00,1.47,3815910.00,19744530.00
Geo14,2022-03-14,1196925.00,2476958.00,2118713.00,14082.00,28865.00,24684.00,19744.530,949707.00,-0.20,-0.05,23368324.00,1.00,0.00,844429.00,22873996.00
Geo14,2022-03-21,611405.00,907653.00,1440404.00,7193.00,10577.00,16781.00,22873.996,949707.00,-0.05,-1.31,23818448.00,2.00,0.00,1507382.00,15414758.00
Geo14,2022-03-28,1630143.00,1479476.00,2626899.00,19179.00,17241.00,30604.00,15414.758,949707.00,-1.48,-0.38,22544940.00,-5.00,0.40,161281.00,18281650.00
Geo14,2022-04-04,1855405.00,1260162.00,1449644.00,21829.00,14685.00,16889.00,18281.650,949707.00,0.92,0.07,24690878.00,-1.00,0.00,986861.00,18507658.00
Geo14,2022-04-11,1977652.00,792736.00,1683532.00,23267.00,9238.00,19614.00,18507.658,949707.00,-1.27,-3.26,24700798.00,-2.00,0.00,0.00,14949397.00
Geo14,2022-04-18,1749857.00,2004680.00,1047670.00,20587.00,23361.00,12206.00,14949.397,949707.00,1.03,-1.25,22073490.00,-3.00,0.00,0.00,20100012.00
Geo14,2022-04-25,2158656.00,2652804.00,977720.00,25396.00,30914.00,11391.00,20100.012,949707.00,0.93,1.42,25757532.00,-1.00,0.00,1479400.00,16833542.00
Geo14,2022-05-02,2442938.00,2081013.00,3351458.00,28741.00,24251.00,39046.00,16833.542,949707.00,0.48,-0.57,18544462.00,-4.00,0.00,0.00,18195702.00
Geo14,2022-05-09,1769468.00,190071.00,1909476.00,20818.00,2215.00,22246.00,18195.702,949707.00,-3.95,-0.56,23626110.00,0.00,0.16,0.00,26997954.00
Geo14,2022-05-16,3589297.00,1469458.00,2160503.00,42228.00,17124.00,25171.00,26997.954,949707.00,-1.51,-0.08,27067772.00,6.00,0.00,0.00,28854838.00
Geo14,2022-05-23,3316657.00,154936.00,2050176.00,39020.00,1806.00,23885.00,28854.838,949707.00,-0.58,-1.34,23150660.00,6.00,0.21,0.00,19914638.00
Geo14,2022-05-30,3245610.00,2312056.00,2545134.00,38184.00,26943.00,29652.00,19914.638,949707.00,0.32,-1.01,27702590.00,-3.00,1.46,561249.00,25732536.00
Geo14,2022-06-06,2588837.00,2184424.00,1761880.00,30458.00,25456.00,20527.00,25732.536,949707.00,-0.13,1.72,22797422.00,3.00,0.00,1392178.00,26538554.00
Geo14,2022-06-13,1261550.00,1249866.00,2169716.00,14842.00,14565.00,25278.00,26538.554,949707.00,-1.23,-0.39,25083958.00,2.00,1.56,548957.00,23607314.00
Geo14,2022-06-20,2578858.00,1883757.00,566436.00,30340.00,21952.00,6599.00,23607.314,949707.00,-2.82,-1.44,25364294.00,2.00,0.00,0.00,13514624.00
Geo14,2022-06-27,1906908.00,2521709.00,2512934.00,22435.00,29387.00,29277.00,13514.624,949707.00,0.03,-2.17,21933362.00,-6.00,2.71,1664820.00,25811036.00
Geo14,2022-07-04,2712691.00,1113069.00,2301182.00,31915.00,12971.00,26810.00,25811.036,949707.00,0.72,-0.93,28195424.00,1.00,0.00,859023.00,21218930.00
Geo14,2022-07-11,1701996.00,1959054.00,1690675.00,20024.00,22830.00,19697.00,21218.930,949707.00,0.43,0.09,25926102.00,1.00,0.27,0.00,17462682.00
Geo14,2022-07-18,1336250.00,2269578.00,1876916.00,15721.00,26448.00,21867.00,17462.682,949707.00,1.51,-1.14,27565296.00,0.00,0.00,157879.00,22995252.00
Geo14,2022-07-25,3096277.00,2379338.00,1961805.00,36428.00,27728.00,22856.00,22995.252,949707.00,1.92,0.47,25700838.00,1.00,0.92,1071134.00,18867770.00
Geo14,2022-08-01,2393028.00,817504.00,1949499.00,28154.00,9527.00,22712.00,18867.770,949707.00,1.97,2.56,24843566.00,-1.00,0.63,611578.00,23534952.00
Geo14,2022-08-08,2364484.00,385935.00,2340381.00,27818.00,4497.00,27266.00,23534.952,949707.00,1.10,-0.16,24381466.00,5.00,0.28,0.00,25878778.00
Geo14,2022-08-15,1971259.00,2211589.00,1878425.00,23192.00,25773.00,21884.00,25878.778,949707.00,1.14,0.03,28540322.00,5.00,1.95,1906710.00,21288444.00
Geo14,2022-08-22,2477402.00,3253320.00,1461338.00,29147.00,37912.00,17025.00,21288.444,949707.00,1.37,0.61,27610836.00,0.00,0.00,1310315.00,16832522.00
Geo14,2022-08-29,2494645.00,1759230.00,2465256.00,29349.00,20501.00,28721.00,16832.522,949707.00,-1.13,0.03,25626968.00,-3.00,0.75,46583.00,15794115.00
Geo14,2022-09-05,1765218.00,1858324.00,1804557.00,20768.00,21656.00,21024.00,15794.115,949707.00,0.92,2.44,25339750.00,0.00,1.63,1180489.00,24735102.00
Geo14,2022-09-12,1638671.00,2025900.00,2027123.00,19279.00,23609.00,23617.00,24735.102,949707.00,2.24,0.55,30194526.00,2.00,0.00,1675114.00,17851902.00
Geo14,2022-09-19,2138968.00,2683134.00,1070452.00,25165.00,31268.00,12471.00,17851.902,949707.00,1.64,1.09,28519632.00,-3.00,0.57,1586733.00,19145562.00
Geo14,2022-09-26,1208624.00,2743408.00,2004816.00,14219.00,31970.00,23357.00,19145.562,949707.00,-0.07,0.78,22663452.00,0.00,1.88,776677.00,26810130.00
Geo14,2022-10-03,2038221.00,2106368.00,1846041.00,23980.00,24547.00,21507.00,26810.130,949707.00,1.52,1.76,22656748.00,4.00,0.74,974775.00,14190175.00
Geo14,2022-10-10,3160392.00,1724885.00,2423238.00,37182.00,20101.00,28232.00,14190.175,949707.00,0.40,1.10,26381186.00,-5.00,1.69,976120.00,23932592.00
Geo14,2022-10-17,1974256.00,1609233.00,1283057.00,23227.00,18753.00,14948.00,23932.592,949707.00,-1.21,-2.12,22107172.00,2.00,0.15,0.00,17471852.00
Geo14,2022-10-24,2419770.00,1816750.00,395869.00,28468.00,21171.00,4612.00,17471.852,949707.00,1.52,0.30,25199394.00,-3.00,0.00,2858896.00,12922001.00
Geo14,2022-10-31,1472710.00,1528963.00,2149830.00,17326.00,17818.00,25046.00,12922.001,949707.00,2.20,-1.01,24997570.00,-3.00,0.00,1121818.00,21223414.00
Geo14,2022-11-07,2133832.00,568950.00,1286065.00,25104.00,6630.00,14983.00,21223.414,949707.00,0.28,0.52,25749448.00,-3.00,0.00,198873.00,24996074.00
Geo14,2022-11-14,1850473.00,1934130.00,854098.00,21771.00,22539.00,9951.00,24996.074,949707.00,0.31,0.89,24340966.00,5.00,0.38,1524440.00,24116630.00
Geo14,2022-11-21,2719811.00,1665742.00,1392213.00,31998.00,19412.00,16220.00,24116.630,949707.00,-0.05,0.43,21878864.00,4.00,0.40,976501.00,19330920.00
Geo14,2022-11-28,1755166.00,1584802.00,2572622.00,20649.00,18468.00,29972.00,19330.920,949707.00,0.30,-1.26,24912572.00,2.00,0.96,647031.00,20854856.00
Geo14,2022-12-05,1866414.00,3061114.00,969593.00,21958.00,35673.00,11296.00,20854.856,949707.00,-0.95,0.19,27613540.00,1.00,0.85,703959.00,21923586.00
Geo14,2022-12-12,2915246.00,2394668.00,991493.00,34298.00,27906.00,11551.00,21923.586,949707.00,-0.37,0.51,30056428.00,-1.00,0.00,235193.00,15443308.00
Geo14,2022-12-19,2084328.00,2172217.00,2603800.00,24522.00,25314.00,30335.00,15443.308,949707.00,0.39,-1.25,25323692.00,-5.00,1.04,363559.00,21095972.00
Geo14,2022-12-26,2391724.00,2211666.00,1731896.00,28139.00,25774.00,20177.00,21095.972,949707.00,1.47,-0.37,24883250.00,-2.00,0.04,195444.00,24505064.00
Geo14,2023-01-02,1783322.00,2612912.00,804939.00,20981.00,30450.00,9378.00,24505.064,949707.00,1.65,0.28,27571958.00,4.00,0.00,2210226.00,23683226.00
Geo14,2023-01-09,1921946.00,1276578.00,1354753.00,22612.00,14877.00,15783.00,23683.226,949707.00,0.20,-0.79,23279452.00,2.00,0.61,257779.00,22448026.00
Geo14,2023-01-16,1778142.00,1586008.00,262331.00,20920.00,18483.00,3056.00,22448.026,949707.00,-0.27,0.80,23502988.00,2.00,0.00,0.00,16322174.00
Geo14,2023-01-23,1540258.00,2401269.00,1023895.00,18121.00,27983.00,11929.00,16322.174,949707.00,-0.77,-0.03,29026210.00,-4.00,0.00,176125.00,19325148.00
Geo14,2023-01-30,996929.00,2543140.00,1488290.00,11729.00,29636.00,17339.00,19325.148,949707.00,-2.15,0.50,23001658.00,2.00,1.01,1567020.00,23936470.00
Geo14,2023-02-06,2411762.00,2053236.00,3128603.00,28374.00,23927.00,36449.00,23936.470,949707.00,-0.36,0.82,24665834.00,2.00,0.74,520220.00,21257866.00
Geo14,2023-02-13,3427593.00,1452801.00,1232542.00,40325.00,16930.00,14360.00,21257.866,949707.00,0.17,-1.58,27032494.00,0.00,0.04,0.00,17392750.00
Geo14,2023-02-20,758345.00,1246161.00,1327783.00,8922.00,14522.00,15469.00,17392.750,949707.00,-1.03,0.56,22745368.00,-1.00,0.90,0.00,17014292.00
Geo14,2023-02-27,1766492.00,2124262.00,1679394.00,20783.00,24755.00,19566.00,17014.292,949707.00,0.25,-1.37,25253292.00,-4.00,0.10,148569.00,22040588.00
Geo14,2023-03-06,3238749.00,1710755.00,1608800.00,38104.00,19936.00,18743.00,22040.588,949707.00,-0.16,-1.11,23153206.00,4.00,0.00,0.00,19876272.00
Geo14,2023-03-13,1663338.00,3074301.00,1070166.00,19569.00,35826.00,12468.00,19876.272,949707.00,-0.67,-1.42,23544944.00,0.00,0.00,0.00,18598916.00
Geo14,2023-03-20,1080715.00,2910994.00,1906609.00,12715.00,33923.00,22213.00,18598.916,949707.00,-0.53,0.06,22482882.00,-1.00,0.00,280880.00,23955870.00
Geo14,2023-03-27,2273230.00,717398.00,2070792.00,26744.00,8360.00,24126.00,23955.870,949707.00,-0.81,1.34,26102966.00,1.00,0.00,784514.00,12275325.00
Geo14,2023-04-03,2218880.00,264727.00,1435301.00,26105.00,3085.00,16722.00,12275.325,949707.00,-1.02,1.47,22473818.00,-7.00,0.00,1684876.00,13168364.00
Geo14,2023-04-10,2076752.00,1477125.00,1801294.00,24433.00,17214.00,20986.00,13168.364,949707.00,-1.75,-0.15,24546078.00,-5.00,0.83,0.00,23998694.00
Geo14,2023-04-17,1986767.00,2601173.00,1286308.00,23374.00,30313.00,14986.00,23998.694,949707.00,-1.20,-0.23,25661990.00,2.00,0.00,0.00,23963326.00
Geo14,2023-04-24,2291741.00,723545.00,1043246.00,26962.00,8432.00,12154.00,23963.326,949707.00,0.35,-0.65,22734934.00,3.00,0.00,1239995.00,22111088.00
Geo14,2023-05-01,2721100.00,1383506.00,2394284.00,32014.00,16123.00,27894.00,22111.088,949707.00,-0.95,-3.25,27179862.00,0.00,0.36,0.00,26538434.00
Geo14,2023-05-08,2438330.00,1448890.00,1673399.00,28687.00,16885.00,19496.00,26538.434,949707.00,0.06,-0.06,22211286.00,6.00,0.17,0.00,22304598.00
Geo14,2023-05-15,2210876.00,1939049.00,2753822.00,26011.00,22597.00,32083.00,22304.598,949707.00,-2.45,0.46,26871862.00,0.00,0.00,0.00,25575816.00
Geo14,2023-05-22,1261803.00,1496689.00,2796006.00,14845.00,17442.00,32575.00,25575.816,949707.00,1.81,0.78,25121138.00,3.00,0.71,1430447.00,20996798.00
Geo14,2023-05-29,1549263.00,2008227.00,1059558.00,18227.00,23403.00,12344.00,20996.798,949707.00,-0.80,1.45,28709502.00,-2.00,1.50,447387.00,21705354.00
Geo14,2023-06-05,461372.00,2505290.00,721366.00,5428.00,29195.00,8404.00,21705.354,949707.00,0.37,-0.35,22965434.00,0.00,0.00,0.00,16368086.00
Geo14,2023-06-12,1121735.00,2460335.00,1077559.00,13197.00,28671.00,12554.00,16368.086,949707.00,-0.71,-2.81,23041076.00,-2.00,0.00,0.00,24427372.00
Geo14,2023-06-19,2300654.00,2474933.00,677206.00,27067.00,28842.00,7890.00,24427.372,949707.00,1.08,1.41,23287266.00,3.00,0.00,1717427.00,26524838.00
Geo14,2023-06-26,2610573.00,858693.00,1979925.00,30713.00,10007.00,23067.00,26524.838,949707.00,-0.46,1.33,23690524.00,2.00,0.00,532227.00,23482102.00
Geo14,2023-07-03,2738708.00,1950106.00,1518410.00,32221.00,22726.00,17690.00,23482.102,949707.00,-1.05,0.87,23272478.00,0.00,0.52,785503.00,24440580.00
Geo14,2023-07-10,1264699.00,2349545.00,1671184.00,14879.00,27380.00,19470.00,24440.580,949707.00,0.29,2.70,25106650.00,1.00,0.00,419983.00,19918148.00
Geo14,2023-07-17,2399079.00,2741902.00,1198014.00,28225.00,31953.00,13957.00,19918.148,949707.00,-0.35,-0.39,25041152.00,1.00,0.37,533014.00,20525426.00
Geo14,2023-07-24,711100.00,1337658.00,1684320.00,8366.00,15588.00,19623.00,20525.426,949707.00,-1.17,1.82,23952324.00,-1.00,0.00,1382475.00,20710006.00
Geo14,2023-07-31,2387845.00,1576431.00,2138884.00,28093.00,18371.00,24919.00,20710.006,949707.00,-0.70,-0.11,25122570.00,0.00,0.00,1510529.00,25510310.00
Geo14,2023-08-07,1170254.00,1945063.00,1667569.00,13768.00,22667.00,19428.00,25510.310,949707.00,0.12,-0.93,23392572.00,4.00,0.00,912086.00,27182426.00
Geo14,2023-08-14,2405454.00,2351214.00,1571707.00,28300.00,27400.00,18311.00,27182.426,949707.00,0.23,1.79,28001630.00,5.00,0.09,1655773.00,20088912.00
Geo14,2023-08-21,3244248.00,1420294.00,307890.00,38168.00,16551.00,3587.00,20088.912,949707.00,1.41,-0.70,26617238.00,-1.00,0.94,0.00,25117076.00
Geo14,2023-08-28,2740910.00,1833836.00,1158558.00,32247.00,21371.00,13498.00,25117.076,949707.00,2.75,0.93,25251378.00,2.00,0.00,2666288.00,20698678.00
Geo14,2023-09-04,453618.00,2208410.00,3218134.00,5337.00,25736.00,37492.00,20698.678,949707.00,2.20,0.37,24794398.00,-1.00,0.65,1447907.00,22470658.00
Geo14,2023-09-11,2628012.00,2090880.00,2527685.00,30918.00,24366.00,29448.00,22470.658,949707.00,0.33,-0.25,26577464.00,1.00,0.00,1032135.00,15460651.00
Geo14,2023-09-18,3207130.00,1502662.00,936060.00,37732.00,17511.00,10905.00,15460.651,949707.00,3.24,-0.18,27176054.00,-4.00,0.00,132188.00,15821694.00
Geo14,2023-09-25,2112380.00,1197068.00,67323.00,24852.00,13950.00,784.00,15821.694,949707.00,1.54,0.63,25686768.00,0.00,1.38,502425.00,17748642.00
Geo14,2023-10-02,2329679.00,1884195.00,1670404.00,27409.00,21957.00,19461.00,17748.642,949707.00,3.59,0.41,28161562.00,-3.00,0.27,1830586.00,19259842.00
Geo14,2023-10-09,2601073.00,2606190.00,1727832.00,30602.00,30371.00,20130.00,19259.842,949707.00,1.69,-0.02,26562824.00,-2.00,0.61,1037497.00,23077528.00
Geo14,2023-10-16,2066030.00,1084634.00,2022078.00,24307.00,12640.00,23558.00,23077.528,949707.00,1.86,0.31,30389792.00,0.00,2.09,3372896.00,21891466.00
Geo14,2023-10-23,1440054.00,1048602.00,1263228.00,16942.00,12220.00,14717.00,21891.466,949707.00,-0.15,-0.62,24407496.00,3.00,0.28,0.00,15612785.00
Geo14,2023-10-30,1884654.00,1656487.00,1556794.00,22173.00,19304.00,18137.00,15612.785,949707.00,-2.34,1.20,26763892.00,-6.00,0.32,1326032.00,22222610.00
Geo14,2023-11-06,2071481.00,2266388.00,2009506.00,24371.00,26411.00,23412.00,22222.610,949707.00,2.05,1.54,27345772.00,-1.00,1.09,1884507.00,21638084.00
Geo14,2023-11-13,1601093.00,2367362.00,1352058.00,18837.00,27588.00,15752.00,21638.084,949707.00,-1.03,-0.97,28012256.00,-1.00,0.60,541192.00,16269166.00
Geo14,2023-11-20,2470064.00,1535396.00,1488889.00,29060.00,17893.00,17346.00,16269.166,949707.00,0.08,0.51,22715036.00,-4.00,1.60,1629523.00,23574602.00
Geo14,2023-11-27,2741428.00,1140438.00,1577486.00,32253.00,13290.00,18378.00,23574.602,949707.00,-0.34,0.69,28046636.00,2.00,0.27,1289158.00,21964576.00
Geo14,2023-12-04,1773013.00,2512937.00,2453650.00,20859.00,29284.00,28586.00,21964.576,949707.00,0.66,-1.05,27139974.00,3.00,0.00,0.00,18549296.00
Geo14,2023-12-11,1741220.00,1946960.00,2204414.00,20485.00,22689.00,25682.00,18549.296,949707.00,-0.78,-0.57,27526518.00,-3.00,1.24,1365093.00,20630840.00
Geo14,2023-12-18,2941117.00,1014583.00,1201670.00,34602.00,11823.00,14000.00,20630.840,949707.00,-0.31,0.51,25054392.00,0.00,1.29,614646.00,18200730.00
Geo14,2023-12-25,2085186.00,2007343.00,426026.00,24532.00,23393.00,4963.00,18200.730,949707.00,-0.87,1.66,21577446.00,-2.00,1.18,663788.00,22072336.00
Geo14,2024-01-01,2143605.00,1302053.00,1337565.00,25219.00,15173.00,15583.00,22072.336,949707.00,0.56,-1.00,27299594.00,-2.00,0.00,0.00,16678363.00
Geo14,2024-01-08,1900406.00,0.00,605960.00,22358.00,0.00,7060.00,16678.363,949707.00,0.79,0.84,23099834.00,-1.00,0.00,1016860.00,25668306.00
Geo14,2024-01-15,1482134.00,1468292.00,2056506.00,17437.00,17111.00,23959.00,25668.306,949707.00,0.32,-2.81,25004290.00,3.00,0.00,0.00,4534326.00
Geo15,2021-01-25,420336.00,108037.00,299708.00,4945.00,1259.00,3492.00,4534.326,187778.00,0.66,-0.10,3783012.00,1.00,0.00,203496.00,2849482.00
Geo15,2021-02-01,264513.00,140398.00,356869.00,3112.00,1636.00,4158.00,2849.482,187778.00,-0.98,-0.94,3725313.00,-5.00,0.62,0.00,3036626.00
Geo15,2021-02-08,127294.00,530744.00,456436.00,1498.00,6185.00,5318.00,3036.626,187778.00,-1.02,1.49,4211058.00,-6.00,0.45,1316194.00,3825473.00
Geo15,2021-02-15,244708.00,369579.00,410883.00,2879.00,4307.00,4787.00,3825.473,187778.00,0.06,0.25,3872252.00,-1.00,0.00,0.00,4720339.00
Geo15,2021-02-22,351763.00,583868.00,361297.00,4138.00,6804.00,4209.00,4720.339,187778.00,-1.41,-1.00,3831265.00,2.00,0.00,892234.00,4583781.00
Geo15,2021-03-01,397985.00,264900.00,161180.00,4682.00,3087.00,1878.00,4583.781,187778.00,-1.47,-0.49,2862991.00,1.00,0.00,0.00,5078954.00
Geo15,2021-03-08,481622.00,233188.00,286783.00,5666.00,2717.00,3341.00,5078.954,187778.00,-0.86,-0.72,4167480.00,1.00,0.00,0.00,4113003.00
Geo15,2021-03-15,268771.00,145500.00,394345.00,3162.00,1696.00,4594.00,4113.003,187778.00,0.22,0.21,4248986.00,-1.00,0.35,1537178.00,4157431.00
Geo15,2021-03-22,443539.00,350937.00,535405.00,5218.00,4090.00,6238.00,4157.431,187778.00,2.17,-1.00,4697356.00,-1.00,0.00,0.00,5886920.00
Geo15,2021-03-29,488651.00,141424.00,211864.00,5749.00,1648.00,2468.00,5886.920,187778.00,-0.19,1.40,4362292.00,5.00,0.79,1356121.00,4525276.00
Geo15,2021-04-05,414564.00,277096.00,481384.00,4877.00,3229.00,5608.00,4525.276,187778.00,1.09,1.00,4733528.00,0.00,0.89,2881272.00,4701316.00
Geo15,2021-04-12,412782.00,639545.00,459813.00,4856.00,7453.00,5357.00,4701.316,187778.00,-2.21,-0.51,4374704.00,-2.00,0.00,0.00,4153401.00
Geo15,2021-04-19,538024.00,494913.00,294563.00,6330.00,5767.00,3432.00,4153.401,187778.00,-0.39,-2.52,4146755.00,-3.00,0.49,0.00,5061883.00
Geo15,2021-04-26,190473.00,429282.00,84393.00,2241.00,5003.00,983.00,5061.883,187778.00,1.34,0.25,5142440.00,1.00,0.11,360326.00,3778978.00
Geo15,2021-05-03,237049.00,210294.00,360182.00,2789.00,2451.00,4196.00,3778.978,187778.00,-0.13,-0.35,4366502.00,-1.00,0.00,0.00,5183431.00
Geo15,2021-05-10,491807.00,315900.00,210902.00,5786.00,3681.00,2457.00,5183.431,187778.00,-0.49,0.34,5146148.00,2.00,0.20,832717.00,2982778.00
Geo15,2021-05-17,429824.00,240633.00,397247.00,5057.00,2804.00,4628.00,2982.778,187778.00,-1.63,-0.65,4154813.00,-7.00,0.00,221504.00,3869038.00
Geo15,2021-05-24,251486.00,217509.00,478236.00,2959.00,2535.00,5572.00,3869.038,187778.00,-0.47,0.91,4036924.00,-2.00,1.94,1093627.00,5040475.00
Geo15,2021-05-31,320455.00,363606.00,229390.00,3770.00,4237.00,2672.00,5040.475,187778.00,-0.42,-0.43,4886650.00,0.00,0.00,0.00,5729464.00
Geo15,2021-06-07,448825.00,499238.00,542428.00,5280.00,5818.00,6319.00,5729.464,187778.00,0.41,-0.58,4750110.00,3.00,0.76,843623.00,5716145.00
Geo15,2021-06-14,259242.00,229027.00,368835.00,3050.00,2669.00,4297.00,5716.145,187778.00,-0.70,-2.39,4733454.00,3.00,1.01,243735.00,3298294.00
Geo15,2021-06-21,354350.00,315163.00,627707.00,4169.00,3673.00,7313.00,3298.294,187778.00,0.75,-1.37,4290732.00,-5.00,0.00,0.00,4903485.00
Geo15,2021-06-28,641544.00,353079.00,439983.00,7548.00,4115.00,5126.00,4903.485,187778.00,-0.16,-1.09,5020338.00,2.00,0.88,147286.00,4262362.00
Geo15,2021-07-05,500305.00,395799.00,542700.00,5886.00,4612.00,6323.00,4262.362,187778.00,2.21,0.15,4486224.00,-2.00,0.00,300301.00,4685630.00
Geo15,2021-07-12,422427.00,342255.00,328033.00,4970.00,3988.00,3822.00,4685.630,187778.00,0.37,-0.40,4773462.00,-1.00,1.02,0.00,5995389.00
Geo15,2021-07-19,388644.00,160321.00,303191.00,4572.00,1868.00,3532.00,5995.389,187778.00,0.50,-1.31,4684603.00,4.00,0.00,157179.00,5832973.00
Geo15,2021-07-26,559619.00,417995.00,516274.00,6584.00,4871.00,6015.00,5832.973,187778.00,1.87,0.04,4530074.00,5.00,0.00,808744.00,4095650.00
Geo15,2021-08-02,355677.00,297902.00,446867.00,4185.00,3472.00,5206.00,4095.650,187778.00,-0.61,0.85,4896282.00,-2.00,2.07,476996.00,3902823.00
Geo15,2021-08-09,295462.00,229755.00,290717.00,3476.00,2677.00,3387.00,3902.823,187778.00,1.50,-1.52,4708587.00,-5.00,0.00,0.00,5534712.00
Geo15,2021-08-16,245596.00,581645.00,271612.00,2889.00,6778.00,3164.00,5534.712,187778.00,-0.16,0.46,5243310.00,5.00,0.02,0.00,5166585.00
Geo15,2021-08-23,469007.00,409701.00,534894.00,5518.00,4774.00,6232.00,5166.585,187778.00,0.85,1.22,4787240.00,0.00,3.48,2510307.00,5056297.00
Geo15,2021-08-30,323017.00,344532.00,456129.00,3800.00,4015.00,5314.00,5056.297,187778.00,-0.44,-0.65,5369663.00,2.00,0.00,1132694.00,4151577.00
Geo15,2021-09-06,535887.00,293441.00,268931.00,6305.00,3420.00,3133.00,4151.577,187778.00,0.47,-0.50,4511068.00,1.00,0.00,0.00,5540892.00
Geo15,2021-09-13,200445.00,407049.00,388668.00,2358.00,4744.00,4528.00,5540.892,187778.00,-0.64,-0.65,4363994.00,3.00,1.17,1070.00,3292219.00
Geo15,2021-09-20,695948.00,421967.00,424075.00,8188.00,4917.00,4941.00,3292.219,187778.00,0.48,0.07,4912719.00,-4.00,0.00,0.00,3728392.00
Geo15,2021-09-27,467992.00,461199.00,517585.00,5506.00,5375.00,6030.00,3728.392,187778.00,1.85,-0.84,4583924.00,-3.00,0.00,799677.00,4926869.00
Geo15,2021-10-04,572831.00,377309.00,306813.00,6739.00,4397.00,3574.00,4926.869,187778.00,0.97,1.54,4386318.00,1.00,0.58,686424.00,4907536.00
Geo15,2021-10-11,466652.00,328897.00,422035.00,5490.00,3833.00,4917.00,4907.536,187778.00,0.82,-1.33,5073332.00,0.00,0.00,0.00,6004357.00
Geo15,2021-10-18,348436.00,579084.00,155967.00,4099.00,6748.00,1817.00,6004.357,187778.00,0.39,-0.09,4686690.00,5.00,0.14,0.00,4638676.00
Geo15,2021-10-25,464641.00,386064.00,352581.00,5466.00,4499.00,4108.00,4638.676,187778.00,0.56,1.94,5059542.00,0.00,0.00,1152497.00,5204956.00
Geo15,2021-11-01,445337.00,386078.00,150028.00,5239.00,4499.00,1748.00,5204.956,187778.00,1.65,-0.19,4516850.00,2.00,1.42,1769934.00,3352516.00
Geo15,2021-11-08,252812.00,417669.00,226807.00,2974.00,4867.00,2642.00,3352.516,187778.00,-0.67,0.66,4881892.00,-4.00,1.38,1732279.00,3748702.00
Geo15,2021-11-15,286698.00,526574.00,204467.00,3373.00,6136.00,2382.00,3748.702,187778.00,1.88,3.66,4571149.00,-1.00,0.49,3410760.00,3076553.00
Geo15,2021-11-22,411096.00,447851.00,346297.00,4837.00,5219.00,4034.00,3076.553,187778.00,1.71,0.65,4825306.00,-7.00,0.09,2124332.00,3924086.00
Geo15,2021-11-29,653625.00,289677.00,387040.00,7690.00,3376.00,4509.00,3924.086,187778.00,1.56,-0.80,4811668.00,-4.00,0.48,39437.00,4361070.00
Geo15,2021-12-06,321313.00,316287.00,392053.00,3780.00,3686.00,4568.00,4361.070,187778.00,1.25,2.23,5211821.00,0.00,2.43,1704371.00,4895481.00
Geo15,2021-12-13,611931.00,514928.00,144890.00,7199.00,6001.00,1688.00,4895.481,187778.00,-0.52,2.06,4496656.00,2.00,0.00,1742508.00,4126579.00
Geo15,2021-12-20,581288.00,82607.00,163939.00,6839.00,963.00,1910.00,4126.579,187778.00,0.58,-0.80,5474685.00,-1.00,0.00,458881.00,4486560.00
Geo15,2021-12-27,504594.00,296920.00,358989.00,5937.00,3460.00,4182.00,4486.560,187778.00,2.07,-1.58,4927005.00,1.00,0.00,0.00,4680086.00
Geo15,2022-01-03,492609.00,277918.00,452105.00,5796.00,3239.00,5267.00,4680.086,187778.00,-0.75,-0.01,4213442.00,-1.00,0.00,0.00,4454710.00
Geo15,2022-01-10,295556.00,336516.00,354962.00,3477.00,3922.00,4135.00,4454.710,187778.00,0.65,-0.03,5909022.00,2.00,0.48,1172988.00,4462336.00
Geo15,2022-01-17,516600.00,192162.00,213739.00,6078.00,2239.00,2490.00,4462.336,187778.00,-0.51,2.53,5112293.00,1.00,0.00,1956010.00,4029243.00
Geo15,2022-01-24,405979.00,164211.00,495706.00,4776.00,1914.00,5775.00,4029.243,187778.00,-0.53,-1.66,4238578.00,1.00,0.00,0.00,6135375.00
Geo15,2022-01-31,546813.00,235464.00,472766.00,6433.00,2744.00,5508.00,6135.375,187778.00,0.41,0.13,4662210.00,6.00,0.92,1308266.00,5102045.00
Geo15,2022-02-07,368412.00,293025.00,276031.00,4334.00,3415.00,3216.00,5102.045,187778.00,1.49,1.79,4416524.00,2.00,1.31,2558675.00,3748728.00
Geo15,2022-02-14,350853.00,303304.00,318836.00,4128.00,3535.00,3715.00,3748.728,187778.00,0.46,-0.08,4858970.00,-1.00,0.37,848330.00,3398814.00
Geo15,2022-02-21,334543.00,264079.00,205673.00,3936.00,3077.00,2396.00,3398.814,187778.00,0.69,0.04,4433578.00,-4.00,0.00,1148271.00,4972949.00
Geo15,2022-02-28,408544.00,406034.00,280456.00,4807.00,4732.00,3267.00,4972.949,187778.00,-0.46,-0.30,4482604.00,2.00,0.00,756932.00,5094281.00
Geo15,2022-03-07,474450.00,406912.00,315644.00,5582.00,4742.00,3677.00,5094.281,187778.00,0.60,-1.00,4857249.00,2.00,0.00,580971.00,4319193.00
Geo15,2022-03-14,372255.00,364975.00,390157.00,4380.00,4253.00,4545.00,4319.193,187778.00,0.72,-0.54,4256442.00,2.00,0.00,1855782.00,4729968.00
Geo15,2022-03-21,232193.00,234978.00,306969.00,2732.00,2738.00,3576.00,4729.968,187778.00,-0.69,-2.24,4258640.00,1.00,1.54,584152.00,3698470.00
Geo15,2022-03-28,305811.00,353402.00,282875.00,3598.00,4118.00,3296.00,3698.470,187778.00,0.25,-0.03,4024123.00,-4.00,0.00,326437.00,6710576.00
Geo15,2022-04-04,301278.00,389015.00,393759.00,3545.00,4533.00,4587.00,6710.576,187778.00,-0.06,-1.48,4719084.00,10.00,0.06,14857.00,3679419.00
Geo15,2022-04-11,484943.00,291756.00,361333.00,5705.00,3400.00,4210.00,3679.419,187778.00,0.98,-0.57,4484776.00,-3.00,0.00,95610.00,3490182.00
Geo15,2022-04-18,609302.00,225003.00,114731.00,7168.00,2622.00,1337.00,3490.182,187778.00,0.85,-1.99,4073448.00,-1.00,0.00,0.00,3145891.00
Geo15,2022-04-25,624217.00,549593.00,167059.00,7344.00,6405.00,1946.00,3145.891,187778.00,0.14,-0.32,5013242.00,-7.00,0.77,1270982.00,6001419.00
Geo15,2022-05-02,422587.00,275954.00,218185.00,4972.00,3216.00,2542.00,6001.419,187778.00,0.93,-0.79,3433360.00,7.00,0.18,0.00,3512974.00
Geo15,2022-05-09,429081.00,120564.00,332391.00,5048.00,1405.00,3872.00,3512.974,187778.00,-1.35,0.31,4261558.00,-2.00,0.48,812067.00,5279666.00
Geo15,2022-05-16,500901.00,280506.00,572687.00,5893.00,3269.00,6672.00,5279.666,187778.00,1.14,-1.64,4770480.00,4.00,1.30,0.00,3054817.00
Geo15,2022-05-23,552128.00,0.00,420616.00,6496.00,0.00,4900.00,3054.817,187778.00,-0.04,-1.20,4167684.00,-6.00,0.00,292339.00,4342645.00
Geo15,2022-05-30,429403.00,304839.00,447822.00,5052.00,3552.00,5217.00,4342.645,187778.00,0.50,-0.44,5089632.00,-2.00,2.18,1433552.00,5421161.00
Geo15,2022-06-06,385453.00,375595.00,296878.00,4535.00,4377.00,3459.00,5421.161,187778.00,-2.26,-0.41,4130166.00,3.00,0.00,109677.00,6158211.00
Geo15,2022-06-13,408678.00,527947.00,300427.00,4808.00,6152.00,3500.00,6158.211,187778.00,0.91,-0.81,4458974.00,3.00,0.09,36524.00,5098367.00
Geo15,2022-06-20,486834.00,535279.00,98584.00,5728.00,6238.00,1149.00,5098.367,187778.00,0.04,-0.20,4552704.00,3.00,0.55,0.00,3536440.00
Geo15,2022-06-27,462777.00,370115.00,449570.00,5445.00,4313.00,5238.00,3536.440,187778.00,0.50,-0.49,3870657.00,-4.00,2.74,1437703.00,4291719.00
Geo15,2022-07-04,584964.00,387492.00,475330.00,6882.00,4516.00,5538.00,4291.719,187778.00,1.18,1.78,4964000.00,-3.00,1.25,1565140.00,3461372.00
Geo15,2022-07-11,268222.00,436028.00,174506.00,3156.00,5081.00,2033.00,3461.372,187778.00,-1.35,-0.76,4598070.00,-3.00,0.00,0.00,4778033.00
Geo15,2022-07-18,428914.00,336743.00,435055.00,5046.00,3924.00,5069.00,4778.033,187778.00,-0.83,-1.53,5039544.00,5.00,0.66,0.00,3699507.00
Geo15,2022-07-25,353067.00,536696.00,579854.00,4154.00,6254.00,6756.00,3699.507,187778.00,0.18,2.28,4381214.00,-4.00,0.90,2209277.00,3300293.00
Geo15,2022-08-01,634608.00,127939.00,312157.00,7466.00,1491.00,3637.00,3300.293,187778.00,0.29,0.04,4783746.00,-5.00,0.83,276137.00,3846845.00
Geo15,2022-08-08,446428.00,41445.00,450124.00,5252.00,483.00,5244.00,3846.845,187778.00,-1.30,-0.45,4472178.00,0.00,0.00,0.00,3620146.00
Geo15,2022-08-15,472690.00,404206.00,535003.00,5561.00,4710.00,6233.00,3620.146,187778.00,-0.66,0.16,4942413.00,-3.00,0.00,0.00,4202896.00
Geo15,2022-08-22,465359.00,487648.00,276509.00,5475.00,5683.00,3221.00,4202.896,187778.00,0.81,0.15,5262000.00,-2.00,0.26,185513.00,4983048.00
Geo15,2022-08-29,476331.00,480816.00,365790.00,5604.00,5603.00,4262.00,4983.048,187778.00,0.53,0.96,4916158.00,3.00,1.64,1362315.00,3081332.00
Geo15,2022-09-05,414830.00,405560.00,400965.00,4880.00,4726.00,4671.00,3081.332,187778.00,1.56,0.30,4489738.00,-1.00,0.27,1233698.00,4561501.00
Geo15,2022-09-12,324977.00,443927.00,465212.00,3823.00,5173.00,5420.00,4561.501,187778.00,2.95,0.49,5669054.00,-2.00,0.19,1021913.00,5236884.00
Geo15,2022-09-19,415499.00,528262.00,149866.00,4888.00,6156.00,1746.00,5236.884,187778.00,0.49,2.04,5252235.00,2.00,1.30,1600981.00,4560101.00
Geo15,2022-09-26,138934.00,578097.00,411602.00,1635.00,6737.00,4795.00,4560.101,187778.00,0.45,0.61,4224310.00,2.00,1.51,1751940.00,4083705.00
Geo15,2022-10-03,463228.00,94779.00,397860.00,5450.00,1105.00,4635.00,4083.705,187778.00,3.26,0.39,4212974.00,-2.00,0.00,1057782.00,3840729.00
Geo15,2022-10-10,504426.00,286801.00,272307.00,5935.00,3342.00,3172.00,3840.729,187778.00,1.65,-1.20,4728202.00,-3.00,1.61,0.00,5206722.00
Geo15,2022-10-17,352171.00,440573.00,303620.00,4143.00,5134.00,3537.00,5206.722,187778.00,0.41,-0.88,3948234.00,2.00,2.63,334026.00,4245385.00
Geo15,2022-10-24,715024.00,208157.00,95663.00,8412.00,2426.00,1115.00,4245.385,187778.00,1.13,-0.28,4681852.00,-1.00,1.08,1003151.00,2052983.00
Geo15,2022-10-31,429488.00,323434.00,272717.00,5053.00,3769.00,3177.00,2052.983,187778.00,1.62,2.53,4871719.00,-7.00,0.92,2110270.00,6849457.00
Geo15,2022-11-07,568561.00,138925.00,288237.00,6689.00,1619.00,3358.00,6849.457,187778.00,-0.20,0.52,5000364.00,7.00,1.01,822716.00,2803088.00
Geo15,2022-11-14,273298.00,267235.00,190569.00,3215.00,3114.00,2220.00,2803.088,187778.00,2.17,-0.47,4631796.00,-6.00,1.37,307283.00,3840553.00
Geo15,2022-11-21,658793.00,24705.00,243887.00,7751.00,288.00,2841.00,3840.553,187778.00,1.26,-0.03,4124064.00,-2.00,0.00,323501.00,3536322.00
Geo15,2022-11-28,497901.00,202276.00,476660.00,5858.00,2357.00,5553.00,3536.322,187778.00,0.62,1.31,4858803.00,0.00,0.00,1380650.00,5336564.00
Geo15,2022-12-05,270869.00,384352.00,449822.00,3187.00,4479.00,5241.00,5336.564,187778.00,1.17,0.49,5115489.00,4.00,1.73,1441126.00,4694784.00
Geo15,2022-12-12,576106.00,439842.00,422701.00,6778.00,5126.00,4925.00,4694.784,187778.00,-0.20,0.48,5702270.00,-1.00,0.00,0.00,4428044.00
Geo15,2022-12-19,415432.00,338302.00,358115.00,4888.00,3942.00,4172.00,4428.044,187778.00,1.41,0.42,4680404.00,-1.00,0.09,788778.00,5417268.00
Geo15,2022-12-26,523059.00,523156.00,321611.00,6154.00,6097.00,3747.00,5417.268,187778.00,2.27,0.13,4527068.00,1.00,0.00,1294420.00,3323066.00
Geo15,2023-01-02,188711.00,372560.00,311553.00,2220.00,4342.00,3630.00,3323.066,187778.00,-1.20,1.18,5091877.00,-5.00,0.00,344673.00,4036440.00
Geo15,2023-01-09,449584.00,243957.00,324482.00,5289.00,2843.00,3780.00,4036.440,187778.00,0.01,0.24,4166115.00,-2.00,0.00,0.00,3960747.00
Geo15,2023-01-16,532823.00,418098.00,232980.00,6269.00,4872.00,2714.00,3960.747,187778.00,-0.26,-2.81,4294723.00,-2.00,0.00,0.00,3871512.00
Geo15,2023-01-23,278971.00,262806.00,454290.00,3282.00,3063.00,5293.00,3871.512,187778.00,-0.80,0.51,5174093.00,-2.00,0.00,0.00,3308852.00
Geo15,2023-01-30,358660.00,460915.00,219550.00,4220.00,5371.00,2558.00,3308.852,187778.00,-0.95,0.59,4244495.00,-2.00,0.50,973416.00,3724823.00
Geo15,2023-02-06,331897.00,219299.00,577260.00,3905.00,2556.00,6725.00,3724.823,187778.00,-1.14,2.01,4453358.00,-4.00,0.32,1129648.00,4772117.00
Geo15,2023-02-13,503807.00,137877.00,473704.00,5927.00,1607.00,5519.00,4772.117,187778.00,0.41,-1.37,5000406.00,0.00,0.00,0.00,5483180.00
Geo15,2023-02-20,280862.00,287901.00,407745.00,3304.00,3355.00,4750.00,5483.180,187778.00,-0.75,0.24,4022917.00,5.00,1.55,952588.00,3987685.00
Geo15,2023-02-27,472858.00,287057.00,356206.00,5563.00,3345.00,4150.00,3987.685,187778.00,-0.16,-2.87,4654420.00,-3.00,0.00,0.00,2731876.00
Geo15,2023-03-06,522379.00,221147.00,213996.00,6146.00,2577.00,2493.00,2731.876,187778.00,-0.98,-1.05,4174352.00,-4.00,0.00,233438.00,4735681.00
Geo15,2023-03-13,350341.00,521973.00,152940.00,4122.00,6083.00,1782.00,4735.681,187778.00,-2.74,-1.04,4466914.00,2.00,0.00,0.00,6278390.00
Geo15,2023-03-20,623333.00,451950.00,443967.00,7333.00,5267.00,5172.00,6278.390,187778.00,0.72,-0.12,4018933.00,8.00,0.00,107282.00,4655254.00
Geo15,2023-03-27,474076.00,0.00,352735.00,5577.00,0.00,4109.00,4655.254,187778.00,-0.78,-0.25,4890880.00,-1.00,1.91,0.00,4761508.00
Geo15,2023-04-03,367179.00,198991.00,586153.00,4320.00,2319.00,6829.00,4761.508,187778.00,0.82,0.80,4256709.00,0.00,1.46,1616208.00,4677538.00
Geo15,2023-04-10,305102.00,518105.00,231738.00,3590.00,6038.00,2700.00,4677.538,187778.00,-1.05,0.88,4528371.00,2.00,0.49,705466.00,5243147.00
Geo15,2023-04-17,586711.00,393941.00,382798.00,6903.00,4591.00,4460.00,5243.147,187778.00,1.57,-0.25,4630122.00,2.00,0.00,91231.00,4153360.00
Geo15,2023-04-24,504542.00,309043.00,96899.00,5936.00,3601.00,1129.00,4153.360,187778.00,0.86,-1.41,4211035.00,-2.00,0.00,0.00,4005690.00
Geo15,2023-05-01,571293.00,107912.00,298689.00,6721.00,1258.00,3480.00,4005.690,187778.00,-0.55,-0.17,5245803.00,-3.00,0.00,408580.00,3327676.00
Geo15,2023-05-08,521158.00,213513.00,148723.00,6131.00,2488.00,1733.00,3327.676,187778.00,-0.84,-1.52,4099555.00,-5.00,0.00,0.00,4651715.00
Geo15,2023-05-15,583668.00,231493.00,423353.00,6867.00,2698.00,4932.00,4651.715,187778.00,-1.15,0.90,5126710.00,0.00,0.42,198795.00,3877355.00
Geo15,2023-05-22,269121.00,214176.00,521268.00,3166.00,2496.00,6073.00,3877.355,187778.00,-0.93,-1.22,4381690.00,-3.00,1.59,5496.00,5200217.00
Geo15,2023-05-29,130297.00,362110.00,202856.00,1533.00,4220.00,2363.00,5200.217,187778.00,0.22,-0.33,5247045.00,1.00,0.00,1097303.00,5267366.00
Geo15,2023-06-05,296218.00,517216.00,0.00,3485.00,6027.00,0.00,5267.366,187778.00,-0.97,-0.52,4176410.00,3.00,0.00,0.00,3770866.00
Geo15,2023-06-12,441543.00,108488.00,165244.00,5195.00,1264.00,1925.00,3770.866,187778.00,0.41,0.29,4671626.00,-1.00,0.00,178573.00,4281972.00
Geo15,2023-06-19,379022.00,387747.00,385067.00,4459.00,4519.00,4486.00,4281.972,187778.00,1.57,-1.13,4194103.00,-2.00,0.00,450258.00,5071997.00
Geo15,2023-06-26,476472.00,392210.00,427782.00,5606.00,4571.00,4984.00,5071.997,187778.00,0.18,-1.57,4335746.00,-1.00,0.00,0.00,5013387.00
Geo15,2023-07-03,329688.00,260627.00,247792.00,3879.00,3037.00,2887.00,5013.387,187778.00,0.71,0.10,3968565.00,0.00,1.96,863547.00,4605486.00
Geo15,2023-07-10,345693.00,450663.00,134288.00,4067.00,5252.00,1565.00,4605.486,187778.00,-1.53,-0.14,4740122.00,-2.00,0.00,0.00,4022251.00
Geo15,2023-07-17,435719.00,307360.00,221767.00,5126.00,3582.00,2584.00,4022.251,187778.00,0.52,0.09,4588669.00,-2.00,0.00,475596.00,4231832.00
Geo15,2023-07-24,52216.00,85616.00,398336.00,614.00,998.00,4641.00,4231.832,187778.00,1.92,0.28,4327148.00,-1.00,1.26,1736208.00,3117875.00
Geo15,2023-07-31,286251.00,241711.00,515238.00,3368.00,2817.00,6003.00,3117.875,187778.00,-0.97,1.13,4632778.00,-6.00,2.53,2224126.00,4355678.00
Geo15,2023-08-07,292688.00,412376.00,259572.00,3443.00,4806.00,3024.00,4355.678,187778.00,0.65,0.22,4160511.00,-2.00,2.09,2126262.00,5216024.00
Geo15,2023-08-14,533164.00,544484.00,271051.00,6273.00,6345.00,3158.00,5216.024,187778.00,3.36,1.80,5036794.00,3.00,0.00,2279820.00,4375087.00
Geo15,2023-08-21,547250.00,147336.00,136874.00,6438.00,1717.00,1595.00,4375.087,187778.00,-1.08,-1.60,4637916.00,0.00,0.87,0.00,4119076.00
Geo15,2023-08-28,196163.00,224258.00,250609.00,2308.00,2613.00,2920.00,4119.076,187778.00,1.48,0.66,4341076.00,-3.00,0.00,1414483.00,5441587.00
Geo15,2023-09-04,243877.00,442034.00,427987.00,2869.00,5151.00,4986.00,5441.587,187778.00,3.23,-1.16,4445932.00,4.00,0.44,491209.00,3837015.00
Geo15,2023-09-11,589082.00,261876.00,355475.00,6931.00,3052.00,4141.00,3837.015,187778.00,0.30,-3.02,4773395.00,-2.00,3.25,0.00,3524698.00
Geo15,2023-09-18,323327.00,254269.00,372256.00,3804.00,2963.00,4337.00,3524.698,187778.00,0.67,-0.68,4934426.00,-3.00,0.00,739328.00,2782700.00
Geo15,2023-09-25,468627.00,430830.00,98914.00,5513.00,5021.00,1152.00,2782.700,187778.00,-0.73,0.19,4553695.00,-3.00,0.49,38029.00,4252396.00
Geo15,2023-10-02,470168.00,408547.00,552254.00,5532.00,4761.00,6434.00,4252.396,187778.00,-1.42,1.06,5010242.00,-3.00,0.09,0.00,4263202.00
Geo15,2023-10-09,418971.00,189111.00,358064.00,4929.00,2204.00,4172.00,4263.202,187778.00,1.91,1.78,4795711.00,-3.00,0.00,1395675.00,3344177.00
Geo15,2023-10-16,133045.00,200710.00,266198.00,1565.00,2339.00,3101.00,3344.177,187778.00,1.23,0.94,5130667.00,-6.00,0.14,1709066.00,4231348.00
Geo15,2023-10-23,417644.00,123337.00,162764.00,4914.00,1437.00,1896.00,4231.348,187778.00,1.38,0.41,4230152.00,0.00,1.46,2874377.00,4259276.00
Geo15,2023-10-30,451582.00,233693.00,271554.00,5313.00,2723.00,3164.00,4259.276,187778.00,-0.05,0.33,4898694.00,-3.00,1.56,1767613.00,6875076.00
Geo15,2023-11-06,419224.00,403215.00,249692.00,4932.00,4699.00,2909.00,6875.076,187778.00,-0.28,0.84,4742877.00,7.00,2.18,1099725.00,4429362.00
Geo15,2023-11-13,290563.00,583490.00,118635.00,3418.00,6800.00,1382.00,4429.362,187778.00,0.40,-0.33,5248520.00,-1.00,1.94,1572103.00,5258059.00
Geo15,2023-11-20,528434.00,345867.00,0.00,6217.00,4031.00,0.00,5258.059,187778.00,0.18,-0.31,3977815.00,3.00,0.00,0.00,5037990.00
Geo15,2023-11-27,558366.00,427200.00,320076.00,6569.00,4978.00,3729.00,5037.990,187778.00,-0.19,-0.22,5209749.00,3.00,0.58,0.00,4264167.00
Geo15,2023-12-04,378572.00,138356.00,291413.00,4454.00,1612.00,3395.00,4264.167,187778.00,-0.91,0.12,5107242.00,2.00,1.95,596554.00,4863635.00
Geo15,2023-12-11,372963.00,188306.00,207107.00,4388.00,2194.00,2413.00,4863.635,187778.00,-0.59,-2.07,4934783.00,1.00,0.24,0.00,3999974.00
Geo15,2023-12-18,394426.00,293566.00,399326.00,4640.00,3421.00,4652.00,3999.974,187778.00,-1.23,-1.74,4567829.00,-2.00,0.00,0.00,5526927.00
Geo15,2023-12-25,439382.00,305349.00,168934.00,5169.00,3558.00,1968.00,5526.927,187778.00,0.06,-0.70,4051295.00,6.00,0.05,0.00,5240966.00
Geo15,2024-01-01,449034.00,564865.00,144068.00,5283.00,6583.00,1678.00,5240.966,187778.00,-1.23,-1.01,4965228.00,0.00,2.00,1359016.00,3255655.00
Geo15,2024-01-08,480018.00,0.00,0.00,5647.00,0.00,0.00,3255.655,187778.00,0.34,-0.15,4069919.00,-2.00,0.08,294836.00,4678157.00
Geo15,2024-01-15,376585.00,255377.00,359017.00,4431.00,2976.00,4183.00,4678.157,187778.00,-0.43,-2.17,4509176.00,0.00,0.00,0.00,8887879.00
Geo16,2021-01-25,1101087.00,409341.00,679838.00,12954.00,4770.00,7920.00,8887.879,307289.00,0.01,0.39,5789076.00,7.00,0.00,157050.00,6839221.00
Geo16,2021-02-01,486007.00,555590.00,786514.00,5718.00,6475.00,9163.00,6839.221,307289.00,-1.91,-1.19,5905904.00,2.00,0.00,0.00,7835352.00
Geo16,2021-02-08,651404.00,467131.00,661207.00,7664.00,5444.00,7703.00,7835.352,307289.00,2.93,-0.58,7076642.00,3.00,0.32,0.00,5917074.00
Geo16,2021-02-15,320202.00,716848.00,630268.00,3767.00,8354.00,7343.00,5917.074,307289.00,1.37,-0.49,6350127.00,0.00,0.47,0.00,5423194.00
Geo16,2021-02-22,752795.00,662861.00,580256.00,8857.00,7725.00,6760.00,5423.194,307289.00,0.16,-2.21,6460132.00,-2.00,0.00,0.00,5059026.00
Geo16,2021-03-01,828271.00,256110.00,457821.00,9745.00,2985.00,5334.00,5059.026,307289.00,-0.15,-1.17,5136244.00,-3.00,0.00,0.00,6626317.00
Geo16,2021-03-08,724781.00,595488.00,803901.00,8527.00,6940.00,9366.00,6626.317,307289.00,1.53,-0.33,7256399.00,-1.00,0.38,141583.00,3571915.00
Geo16,2021-03-15,606967.00,433269.00,440006.00,7141.00,5049.00,5126.00,3571.915,307289.00,-0.82,-2.53,7001049.00,-7.00,0.12,0.00,3736549.00
Geo16,2021-03-22,608906.00,282251.00,895315.00,7164.00,3289.00,10431.00,3736.549,307289.00,0.13,-0.55,7814962.00,-5.00,0.00,915629.00,5615271.00
Geo16,2021-03-29,745068.00,262308.00,459675.00,8766.00,3057.00,5355.00,5615.271,307289.00,1.26,0.30,7259069.00,-4.00,0.98,0.00,5421864.00
Geo16,2021-04-05,681287.00,428839.00,517011.00,8015.00,4997.00,6023.00,5421.864,307289.00,-0.55,0.31,8344978.00,-4.00,0.22,184996.00,5961715.00
Geo16,2021-04-12,452641.00,610959.00,793558.00,5325.00,7120.00,9245.00,5961.715,307289.00,-1.53,-1.19,6765392.00,-4.00,0.00,0.00,8039018.00
Geo16,2021-04-19,915461.00,722343.00,78824.00,10770.00,8418.00,918.00,8039.018,307289.00,-1.22,-0.04,7190762.00,3.00,0.00,22093.00,5115938.00
Geo16,2021-04-26,317161.00,549570.00,170786.00,3731.00,6404.00,1990.00,5115.938,307289.00,0.67,-1.36,8869353.00,-5.00,0.00,97081.00,8222833.00
Geo16,2021-05-03,814061.00,196842.00,623889.00,9577.00,2294.00,7269.00,8222.833,307289.00,-1.12,-1.20,7412184.00,6.00,0.45,0.00,7466627.00
Geo16,2021-05-10,656023.00,499125.00,400115.00,7718.00,5817.00,4661.00,7466.627,307289.00,-0.62,2.47,8248276.00,2.00,0.30,770126.00,6744987.00
Geo16,2021-05-17,820238.00,502406.00,912749.00,9650.00,5855.00,10634.00,6744.987,307289.00,-1.46,-0.16,6718628.00,0.00,1.56,1171390.00,7006946.00
Geo16,2021-05-24,703605.00,206435.00,739646.00,8278.00,2406.00,8617.00,7006.946,307289.00,1.68,-0.34,6610610.00,1.00,0.14,0.00,5065192.00
Geo16,2021-05-31,761980.00,548901.00,130216.00,8965.00,6397.00,1517.00,5065.192,307289.00,-0.40,0.95,8561063.00,-6.00,1.94,672833.00,6777164.00
Geo16,2021-06-07,675037.00,651450.00,575885.00,7942.00,7592.00,6709.00,6777.164,307289.00,-0.12,-3.01,8272654.00,-1.00,0.70,0.00,7158401.00
Geo16,2021-06-14,415070.00,449282.00,568561.00,4883.00,5236.00,6624.00,7158.401,307289.00,-0.88,-0.47,8261250.00,0.00,0.00,0.00,8195997.00
Geo16,2021-06-21,939957.00,440133.00,789736.00,11059.00,5129.00,9201.00,8195.997,307289.00,1.01,-0.44,7541566.00,4.00,0.00,212222.00,4497719.00
Geo16,2021-06-28,699244.00,403702.00,531506.00,8227.00,4705.00,6192.00,4497.719,307289.00,0.30,-0.67,8418240.00,-4.00,0.00,265623.00,5794514.00
Geo16,2021-07-05,573231.00,337526.00,828102.00,6744.00,3933.00,9648.00,5794.514,307289.00,0.31,-0.73,7620750.00,-2.00,0.00,0.00,7606600.00
Geo16,2021-07-12,1271296.00,839844.00,538300.00,14957.00,9787.00,6271.00,7606.600,307289.00,0.00,0.41,8016895.00,1.00,0.00,374487.00,7683809.00
Geo16,2021-07-19,785440.00,261907.00,583630.00,9241.00,3052.00,6800.00,7683.809,307289.00,1.90,2.19,7975669.00,0.00,0.00,883735.00,5097507.00
Geo16,2021-07-26,1122023.00,390497.00,762428.00,13201.00,4551.00,8883.00,5097.507,307289.00,0.10,-2.20,7958484.00,-4.00,0.00,0.00,8630508.00
Geo16,2021-08-02,585094.00,723510.00,632139.00,6884.00,8431.00,7365.00,8630.508,307289.00,-0.28,-0.44,8356284.00,5.00,0.96,0.00,8347370.00
Geo16,2021-08-09,417265.00,429295.00,503023.00,4909.00,5003.00,5860.00,8347.370,307289.00,-0.60,-0.84,7788660.00,3.00,0.00,149092.00,3863673.00
Geo16,2021-08-16,329215.00,369391.00,636150.00,3873.00,4305.00,7411.00,3863.673,307289.00,0.14,-0.09,8779097.00,-5.00,0.44,0.00,6439547.00
Geo16,2021-08-23,902567.00,723012.00,651201.00,10619.00,8426.00,7587.00,6439.547,307289.00,-0.38,0.94,7725142.00,-3.00,1.11,840406.00,8132806.00
Geo16,2021-08-30,441623.00,494006.00,688448.00,5196.00,5757.00,8021.00,8132.806,307289.00,-1.02,-0.91,8941920.00,3.00,0.18,181357.00,5454512.00
Geo16,2021-09-06,685111.00,585495.00,584426.00,8060.00,6823.00,6809.00,5454.512,307289.00,0.38,1.76,7810881.00,0.00,0.00,0.00,7391761.00
Geo16,2021-09-13,691402.00,652937.00,810579.00,8134.00,7609.00,9444.00,7391.761,307289.00,-1.30,3.21,7340333.00,0.00,0.00,1179022.00,7001356.00
Geo16,2021-09-20,891381.00,640666.00,864706.00,10487.00,7466.00,10074.00,7001.356,307289.00,-2.32,1.21,7932174.00,2.00,0.00,159287.00,8280358.00
Geo16,2021-09-27,619711.00,726475.00,818725.00,7291.00,8466.00,9538.00,8280.358,307289.00,-0.20,1.01,7364760.00,5.00,0.62,325839.00,4901286.00
Geo16,2021-10-04,665396.00,652121.00,193275.00,7828.00,7599.00,2252.00,4901.286,307289.00,2.33,-0.05,6950270.00,-5.00,0.64,239921.00,4940758.00
Geo16,2021-10-11,471508.00,765387.00,727979.00,5547.00,8919.00,8481.00,4940.758,307289.00,-1.59,-0.02,7932820.00,-5.00,1.78,419538.00,6491515.00
Geo16,2021-10-18,561300.00,546440.00,727397.00,6604.00,6368.00,8474.00,6491.515,307289.00,0.88,0.72,7436692.00,-1.00,1.09,87802.00,7351981.00
Geo16,2021-10-25,595036.00,268011.00,441175.00,7001.00,3123.00,5140.00,7351.981,307289.00,0.22,1.07,7934420.00,3.00,0.00,194544.00,6269100.00
Geo16,2021-11-01,938799.00,700257.00,586566.00,11045.00,8160.00,6834.00,6269.100,307289.00,0.14,1.52,7602806.00,-1.00,0.50,633450.00,6851113.00
Geo16,2021-11-08,622171.00,737865.00,160052.00,7320.00,8599.00,1865.00,6851.113,307289.00,-0.52,2.40,7919047.00,1.00,0.07,1131854.00,5505435.00
Geo16,2021-11-15,676531.00,887947.00,158985.00,7959.00,10348.00,1852.00,5505.435,307289.00,1.57,1.44,7938990.00,-1.00,0.67,575661.00,6313344.00
Geo16,2021-11-22,937347.00,765518.00,420192.00,11028.00,8921.00,4895.00,6313.344,307289.00,1.24,-1.15,7490076.00,-1.00,0.00,182936.00,5353916.00
Geo16,2021-11-29,870724.00,447187.00,681170.00,10244.00,5211.00,7936.00,5353.916,307289.00,0.73,-0.73,8174670.00,-4.00,0.00,0.00,6665757.00
Geo16,2021-12-06,695909.00,417556.00,368381.00,8187.00,4866.00,4292.00,6665.757,307289.00,-1.09,0.28,8330224.00,2.00,2.39,176626.00,5877030.00
Geo16,2021-12-13,927812.00,563204.00,0.00,10916.00,6563.00,0.00,5877.030,307289.00,0.03,0.01,7634328.00,-1.00,1.05,653945.00,5696427.00
Geo16,2021-12-20,753627.00,365570.00,255364.00,8866.00,4260.00,2975.00,5696.427,307289.00,-0.23,-0.08,9148289.00,-1.00,0.15,361770.00,3226455.00
Geo16,2021-12-27,1008131.00,578679.00,434330.00,11861.00,6744.00,5060.00,3226.455,307289.00,1.34,-1.38,8435684.00,-7.00,0.64,254190.00,8187181.00
Geo16,2022-01-03,1033895.00,560940.00,571983.00,12164.00,6537.00,6664.00,8187.181,307289.00,-0.89,1.58,7179158.00,3.00,0.13,317472.00,6555091.00
Geo16,2022-01-10,682824.00,492374.00,183080.00,8033.00,5738.00,2133.00,6555.091,307289.00,-0.89,-1.18,10187261.00,3.00,1.43,0.00,4220699.00
Geo16,2022-01-17,723807.00,699456.00,625678.00,8516.00,8151.00,7289.00,4220.699,307289.00,-1.54,0.01,8434295.00,-4.00,0.00,14353.00,6431820.00
Geo16,2022-01-24,495315.00,776841.00,590428.00,5827.00,9053.00,6879.00,6431.820,307289.00,1.03,-1.43,7054633.00,2.00,0.00,0.00,5016855.00
Geo16,2022-01-31,935549.00,524880.00,590990.00,11007.00,6117.00,6885.00,5016.855,307289.00,1.00,-1.79,7964974.00,-4.00,1.46,554147.00,6122783.00
Geo16,2022-02-07,723149.00,562566.00,710390.00,8508.00,6556.00,8276.00,6122.783,307289.00,-0.81,1.56,7662330.00,-2.00,0.00,0.00,6212025.00
Geo16,2022-02-14,571463.00,336751.00,170734.00,6723.00,3924.00,1989.00,6212.025,307289.00,1.56,-0.93,8002800.00,2.00,1.17,494115.00,6596777.00
Geo16,2022-02-21,568686.00,526194.00,370854.00,6691.00,6132.00,4321.00,6596.777,307289.00,-2.92,-0.12,7682779.00,1.00,0.00,26154.00,3464269.00
Geo16,2022-02-28,704442.00,441472.00,381229.00,8288.00,5145.00,4441.00,3464.269,307289.00,0.03,-2.44,7595746.00,-7.00,0.00,0.00,8473978.00
Geo16,2022-03-07,688604.00,926795.00,191408.00,8101.00,10800.00,2230.00,8473.978,307289.00,1.63,-1.44,7994493.00,5.00,0.78,916759.00,5770174.00
Geo16,2022-03-14,806674.00,547008.00,506916.00,9490.00,6375.00,5906.00,5770.174,307289.00,-1.56,0.85,7213394.00,0.00,0.00,217827.00,5089314.00
Geo16,2022-03-21,266096.00,491953.00,511058.00,3131.00,5733.00,5954.00,5089.314,307289.00,-1.78,-1.56,7301419.00,-4.00,0.78,70701.00,8452026.00
Geo16,2022-03-28,668435.00,729924.00,827963.00,7864.00,8506.00,9646.00,8452.026,307289.00,-1.73,1.64,6545109.00,4.00,0.00,667615.00,6921851.00
Geo16,2022-04-04,427919.00,607243.00,444872.00,5034.00,7076.00,5183.00,6921.851,307289.00,1.08,-0.03,7328974.00,1.00,0.00,1088447.00,6972246.00
Geo16,2022-04-11,880828.00,446932.00,802027.00,10363.00,5208.00,9344.00,6972.246,307289.00,-0.44,-1.29,7640268.00,2.00,0.00,226909.00,4111128.00
Geo16,2022-04-18,673397.00,244387.00,369386.00,7922.00,2848.00,4303.00,4111.128,307289.00,0.45,0.11,6562804.00,-3.00,0.00,0.00,6560265.00
Geo16,2022-04-25,859502.00,962955.00,214430.00,10112.00,11222.00,2498.00,6560.265,307289.00,0.37,-1.40,8038980.00,-1.00,0.45,433680.00,6915563.00
Geo16,2022-05-02,549045.00,202016.00,473039.00,6459.00,2354.00,5511.00,6915.563,307289.00,-0.80,0.64,5819013.00,2.00,0.28,404389.00,3155228.00
Geo16,2022-05-09,388771.00,29924.00,831805.00,4574.00,349.00,9691.00,3155.228,307289.00,-1.69,-0.18,6470770.00,-6.00,1.51,211361.00,4724063.00
Geo16,2022-05-16,977750.00,514275.00,682539.00,11503.00,5993.00,7952.00,4724.063,307289.00,0.57,-2.31,7840571.00,-4.00,0.00,0.00,6398441.00
Geo16,2022-05-23,834950.00,383472.00,439624.00,9823.00,4469.00,5122.00,6398.441,307289.00,-0.62,-0.17,6837331.00,-1.00,0.99,146699.00,6461739.00
Geo16,2022-05-30,852103.00,713014.00,1011382.00,10025.00,8309.00,11783.00,6461.739,307289.00,-2.39,0.25,8311210.00,-1.00,0.00,1024506.00,6592237.00
Geo16,2022-06-06,588886.00,669860.00,986738.00,6928.00,7806.00,11496.00,6592.237,307289.00,-0.33,1.45,6355616.00,0.00,0.00,760296.00,5155486.00
Geo16,2022-06-13,448575.00,804862.00,739731.00,5277.00,9379.00,8618.00,5155.486,307289.00,-2.17,-0.44,7401046.00,-6.00,0.00,0.00,6908223.00
Geo16,2022-06-20,684531.00,649619.00,254488.00,8053.00,7570.00,2965.00,6908.223,307289.00,0.54,-1.30,7044089.00,1.00,0.65,0.00,9799572.00
Geo16,2022-06-27,539842.00,764931.00,926917.00,6351.00,8914.00,10799.00,9799.572,307289.00,0.47,-0.38,6040395.00,9.00,1.47,116184.00,6733669.00
Geo16,2022-07-04,1079379.00,224833.00,753771.00,12699.00,2620.00,8782.00,6733.669,307289.00,1.28,0.74,8225546.00,-2.00,2.51,900878.00,6642128.00
Geo16,2022-07-11,390712.00,900096.00,641702.00,4597.00,10489.00,7476.00,6642.128,307289.00,1.18,0.41,7460247.00,1.00,0.00,824294.00,2845048.00
Geo16,2022-07-18,384415.00,454351.00,560617.00,4523.00,5295.00,6531.00,2845.048,307289.00,-2.24,-0.77,8163810.00,-7.00,0.72,0.00,6417881.00
Geo16,2022-07-25,850502.00,703063.00,517813.00,10006.00,8193.00,6033.00,6417.881,307289.00,0.53,1.39,7138549.00,-2.00,0.22,0.00,6582590.00
Geo16,2022-08-01,1020380.00,213004.00,379815.00,12005.00,2482.00,4425.00,6582.590,307289.00,-0.50,-1.01,7496643.00,1.00,0.00,0.00,5298288.00
Geo16,2022-08-08,590512.00,275902.00,801565.00,6947.00,3215.00,9339.00,5298.288,307289.00,0.49,-0.40,7098928.00,0.00,1.70,558257.00,4404859.00
Geo16,2022-08-15,806634.00,495914.00,564328.00,9490.00,5779.00,6575.00,4404.859,307289.00,0.45,-0.20,8464988.00,-4.00,0.00,0.00,6244388.00
Geo16,2022-08-22,911359.00,712721.00,677418.00,10722.00,8306.00,7892.00,6244.388,307289.00,-1.46,0.35,8178578.00,-1.00,2.42,654921.00,5629447.00
Geo16,2022-08-29,501668.00,693054.00,508010.00,5902.00,8076.00,5919.00,5629.447,307289.00,-0.73,0.17,7865185.00,-1.00,1.24,261284.00,4607083.00
Geo16,2022-09-05,470574.00,658090.00,434456.00,5536.00,7669.00,5062.00,4607.083,307289.00,1.38,0.26,7533376.00,-1.00,0.00,815151.00,5340867.00
Geo16,2022-09-12,300088.00,484630.00,727755.00,3531.00,5648.00,8479.00,5340.867,307289.00,0.90,0.47,9063566.00,-4.00,0.00,486537.00,8011823.00
Geo16,2022-09-19,673205.00,797433.00,519862.00,7920.00,9293.00,6057.00,8011.823,307289.00,1.30,2.01,8114755.00,3.00,0.72,766419.00,6191067.00
Geo16,2022-09-26,492225.00,950527.00,1008147.00,5791.00,11077.00,11745.00,6191.067,307289.00,1.08,0.77,7069895.00,1.00,0.06,760177.00,5561804.00
Geo16,2022-10-03,754656.00,463608.00,460645.00,8878.00,5403.00,5367.00,5561.804,307289.00,0.12,0.90,6760764.00,-3.00,0.02,632554.00,7358740.00
Geo16,2022-10-10,743982.00,309372.00,372145.00,8753.00,3605.00,4336.00,7358.740,307289.00,0.38,-0.50,7694443.00,2.00,0.44,0.00,6664202.00
Geo16,2022-10-17,469356.00,462029.00,212926.00,5522.00,5384.00,2481.00,6664.202,307289.00,0.69,1.76,6321302.00,0.00,0.00,942570.00,7623441.00
Geo16,2022-10-24,759720.00,423510.00,186328.00,8938.00,4935.00,2171.00,7623.441,307289.00,-0.22,0.84,7396414.00,3.00,0.28,173855.00,3740668.00
Geo16,2022-10-31,700058.00,598368.00,775647.00,8236.00,6973.00,9037.00,3740.668,307289.00,1.24,0.96,7666138.00,-3.00,0.00,677652.00,7404185.00
Geo16,2022-11-07,976625.00,522617.00,727981.00,11490.00,6090.00,8481.00,7404.185,307289.00,0.07,1.08,7953634.00,-2.00,0.02,0.00,2316912.00
Geo16,2022-11-14,594410.00,487159.00,35391.00,6993.00,5677.00,412.00,2316.912,307289.00,1.17,1.87,7523976.00,-8.00,2.47,1326162.00,6983826.00
Geo16,2022-11-21,1178806.00,566205.00,195495.00,13869.00,6598.00,2278.00,6983.826,307289.00,1.77,-0.35,7118516.00,1.00,0.00,309258.00,5450062.00
Geo16,2022-11-28,589405.00,392129.00,489640.00,6934.00,4570.00,5704.00,5450.062,307289.00,-0.25,-0.49,7570334.00,1.00,1.10,0.00,5862903.00
Geo16,2022-12-05,882125.00,748253.00,412608.00,10378.00,8720.00,4807.00,5862.903,307289.00,-0.66,-1.26,8415277.00,-1.00,0.29,453155.00,7069433.00
Geo16,2022-12-12,883098.00,526249.00,531384.00,10390.00,6133.00,6191.00,7069.433,307289.00,1.14,0.91,9207448.00,0.00,0.00,340135.00,7683249.00
Geo16,2022-12-19,729832.00,748161.00,853371.00,8586.00,8719.00,9942.00,7683.249,307289.00,-0.22,-0.16,8007374.00,3.00,1.37,40218.00,7040833.00
Geo16,2022-12-26,618826.00,611309.00,243081.00,7280.00,7124.00,2832.00,7040.833,307289.00,-0.12,-1.81,7362574.00,0.00,0.94,0.00,4382597.00
Geo16,2023-01-02,239207.00,745088.00,468711.00,2814.00,8683.00,5461.00,4382.597,307289.00,-0.53,1.04,8279892.00,-5.00,0.44,0.00,6010484.00
Geo16,2023-01-09,958152.00,102223.00,294829.00,11273.00,1191.00,3435.00,6010.484,307289.00,-0.32,-1.55,7268401.00,-1.00,0.00,0.00,5618668.00
Geo16,2023-01-16,393329.00,524857.00,27045.00,4627.00,6116.00,315.00,5618.668,307289.00,2.68,0.38,7078990.00,-1.00,1.10,288668.00,6149760.00
Geo16,2023-01-23,261305.00,779629.00,616551.00,3074.00,9085.00,7183.00,6149.760,307289.00,-0.04,-0.37,8254904.00,0.00,0.00,129714.00,3481683.00
Geo16,2023-01-30,372270.00,565300.00,556435.00,4380.00,6588.00,6483.00,3481.683,307289.00,-1.10,1.21,6423364.00,-4.00,0.00,175434.00,7034040.00
Geo16,2023-02-06,695573.00,548534.00,926908.00,8183.00,6392.00,10799.00,7034.040,307289.00,-0.74,1.43,7114234.00,1.00,1.06,0.00,9020324.00
Geo16,2023-02-13,752409.00,837362.00,635503.00,8852.00,9758.00,7404.00,9020.324,307289.00,0.58,0.42,7626302.00,5.00,1.34,148445.00,8490430.00
Geo16,2023-02-20,460555.00,520123.00,485551.00,5418.00,6061.00,5657.00,8490.430,307289.00,-1.48,-0.18,6255617.00,6.00,0.30,224921.00,7077191.00
Geo16,2023-02-27,600604.00,568386.00,511671.00,7066.00,6624.00,5961.00,7077.191,307289.00,0.60,0.10,7269690.00,0.00,0.00,201255.00,4015861.00
Geo16,2023-03-06,925340.00,352789.00,398235.00,10887.00,4111.00,4640.00,4015.861,307289.00,-0.82,0.20,6668702.00,-3.00,0.00,0.00,6206291.00
Geo16,2023-03-13,771404.00,784159.00,28726.00,9076.00,9138.00,335.00,6206.291,307289.00,-2.45,-1.67,7123120.00,0.00,0.00,0.00,5353760.00
Geo16,2023-03-20,674862.00,820922.00,608395.00,7940.00,9567.00,7088.00,5353.760,307289.00,0.47,1.28,6447196.00,-3.00,1.06,1126541.00,7759018.00
Geo16,2023-03-27,889999.00,538792.00,756511.00,10471.00,6279.00,8814.00,7759.018,307289.00,-2.41,0.69,8321510.00,2.00,2.12,1043946.00,6908893.00
Geo16,2023-04-03,821883.00,405848.00,717230.00,9669.00,4730.00,8356.00,6908.893,307289.00,-0.64,-1.47,6842196.00,0.00,1.75,534191.00,6676226.00
Geo16,2023-04-10,308667.00,827347.00,522460.00,3631.00,9641.00,6087.00,6676.226,307289.00,-2.02,0.34,7323908.00,0.00,0.12,0.00,5773566.00
Geo16,2023-04-17,373091.00,543107.00,150656.00,4389.00,6329.00,1755.00,5773.566,307289.00,-2.74,-1.47,7769820.00,-2.00,0.00,0.00,8909374.00
Geo16,2023-04-24,663282.00,925113.00,479161.00,7803.00,10781.00,5582.00,8909.374,307289.00,-0.35,0.06,6752342.00,6.00,0.97,622708.00,6662883.00
Geo16,2023-05-01,889431.00,585145.00,551508.00,10464.00,6819.00,6425.00,6662.883,307289.00,0.90,-1.04,8624131.00,0.00,0.00,318032.00,5474771.00
Geo16,2023-05-08,825350.00,388478.00,249932.00,9710.00,4527.00,2912.00,5474.771,307289.00,-1.30,-1.50,6552549.00,-2.00,0.00,0.00,5361419.00
Geo16,2023-05-15,815672.00,679149.00,661241.00,9596.00,7914.00,7704.00,5361.419,307289.00,-1.64,0.14,7686478.00,-3.00,0.00,0.00,6002347.00
Geo16,2023-05-22,494290.00,305452.00,824599.00,5815.00,3560.00,9607.00,6002.347,307289.00,-0.53,0.09,7096320.00,-2.00,1.95,75478.00,5976577.00
Geo16,2023-05-29,424624.00,734504.00,327378.00,4996.00,8560.00,3814.00,5976.577,307289.00,-0.09,-0.76,8474843.00,-3.00,0.78,499639.00,7555068.00
Geo16,2023-06-05,442765.00,536581.00,48090.00,5209.00,6253.00,560.00,7555.068,307289.00,-1.75,0.05,7014971.00,2.00,0.11,0.00,4982686.00
Geo16,2023-06-12,756364.00,664354.00,635126.00,8899.00,7742.00,7399.00,4982.686,307289.00,-2.05,-2.13,7200550.00,-3.00,0.27,0.00,5756417.00
Geo16,2023-06-19,584371.00,547482.00,379172.00,6875.00,6380.00,4417.00,5756.417,307289.00,1.37,-1.07,7161539.00,-2.00,1.17,808074.00,6299432.00
Geo16,2023-06-26,506596.00,409509.00,662511.00,5960.00,4772.00,7719.00,6299.432,307289.00,-0.54,-0.15,6992773.00,-3.00,0.00,0.00,7855305.00
Geo16,2023-07-03,674533.00,506746.00,299839.00,7936.00,5905.00,3493.00,7855.305,307289.00,-1.47,-1.12,6705367.00,2.00,1.88,0.00,7973426.00
Geo16,2023-07-10,521932.00,781007.00,160543.00,6141.00,9101.00,1870.00,7973.426,307289.00,-0.90,-0.11,7587058.00,1.00,0.00,103685.00,4224400.00
Geo16,2023-07-17,598158.00,810328.00,390970.00,7037.00,9443.00,4555.00,4224.400,307289.00,0.01,-1.69,7426072.00,-5.00,0.00,23252.00,5489416.00
Geo16,2023-07-24,194929.00,378899.00,601141.00,2293.00,4415.00,7004.00,5489.416,307289.00,0.22,0.78,7095726.00,-4.00,0.00,13227.00,6901047.00
Geo16,2023-07-31,460001.00,527241.00,329551.00,5412.00,6144.00,3839.00,6901.047,307289.00,-0.47,-0.55,7053122.00,1.00,0.46,0.00,6850329.00
Geo16,2023-08-07,444713.00,631392.00,471365.00,5232.00,7358.00,5492.00,6850.329,307289.00,1.09,2.41,6739682.00,1.00,2.40,1805597.00,4759253.00
Geo16,2023-08-14,670661.00,850225.00,479433.00,7890.00,9908.00,5586.00,4759.253,307289.00,3.11,0.01,7819582.00,-4.00,0.67,519788.00,6054342.00
Geo16,2023-08-21,1173195.00,396353.00,437569.00,13803.00,4619.00,5098.00,6054.342,307289.00,0.53,-1.32,7708582.00,-2.00,0.93,93030.00,6633175.00
Geo16,2023-08-28,687378.00,491454.00,484279.00,8087.00,5727.00,5642.00,6633.175,307289.00,2.21,0.78,7160582.00,-1.00,0.93,345378.00,6034237.00
Geo16,2023-09-04,433677.00,454197.00,733839.00,5102.00,5293.00,8550.00,6034.237,307289.00,-0.25,2.93,7525928.00,-1.00,0.34,1711626.00,6496689.00
Geo16,2023-09-11,1091936.00,386858.00,297911.00,12847.00,4508.00,3471.00,6496.689,307289.00,0.54,-1.63,7808484.00,1.00,1.14,251402.00,6578155.00
Geo16,2023-09-18,334463.00,80669.00,700488.00,3935.00,940.00,8161.00,6578.155,307289.00,1.21,0.06,7882910.00,1.00,0.00,93618.00,4497583.00
Geo16,2023-09-25,818499.00,627104.00,216649.00,9630.00,7308.00,2524.00,4497.583,307289.00,1.66,-0.60,7556424.00,-1.00,1.02,415188.00,5491642.00
Geo16,2023-10-02,796389.00,661926.00,458539.00,9369.00,7714.00,5342.00,5491.642,307289.00,-0.40,0.99,8435228.00,-3.00,0.31,644650.00,6407944.00
Geo16,2023-10-09,583296.00,376386.00,648787.00,6862.00,4386.00,7559.00,6407.944,307289.00,2.55,1.13,8257046.00,-1.00,0.00,1163371.00,5621294.00
Geo16,2023-10-16,658934.00,844733.00,704342.00,7752.00,9844.00,8206.00,5621.294,307289.00,0.37,0.87,8852461.00,-4.00,1.15,1072442.00,6162793.00
Geo16,2023-10-23,515614.00,187298.00,344556.00,6066.00,2183.00,4014.00,6162.793,307289.00,-0.36,-1.85,7082444.00,0.00,1.53,457257.00,6647291.00
Geo16,2023-10-30,252621.00,348666.00,504046.00,2972.00,4063.00,5872.00,6647.291,307289.00,0.78,-0.07,7671155.00,-1.00,1.04,664403.00,7175239.00
Geo16,2023-11-06,694964.00,796537.00,803147.00,8176.00,9282.00,9357.00,7175.239,307289.00,-1.36,1.52,8075734.00,-1.00,1.65,407664.00,8830927.00
Geo16,2023-11-13,691231.00,748298.00,622273.00,8132.00,8720.00,7250.00,8830.927,307289.00,1.49,1.22,8348108.00,5.00,0.00,486540.00,7092413.00
Geo16,2023-11-20,802245.00,526681.00,306855.00,9438.00,6138.00,3575.00,7092.413,307289.00,0.66,0.95,6868816.00,2.00,0.00,1199007.00,6835882.00
Geo16,2023-11-27,900015.00,664156.00,136751.00,10589.00,7740.00,1593.00,6835.882,307289.00,-0.30,0.41,8880396.00,0.00,0.13,0.00,5523206.00
Geo16,2023-12-04,768201.00,594208.00,530047.00,9038.00,6925.00,6175.00,5523.206,307289.00,1.18,-2.02,8244858.00,-1.00,1.47,0.00,7429942.00
Geo16,2023-12-11,751394.00,496716.00,860564.00,8840.00,5788.00,10026.00,7429.942,307289.00,-0.40,1.57,8345299.00,2.00,0.40,405434.00,8044421.00
Geo16,2023-12-18,909272.00,382184.00,527611.00,10698.00,4454.00,6147.00,8044.421,307289.00,-1.29,0.28,7468987.00,5.00,0.00,0.00,4534767.00
Geo16,2023-12-25,861120.00,690929.00,443487.00,10131.00,8052.00,5167.00,4534.767,307289.00,3.44,0.66,6631188.00,-4.00,0.00,506541.00,8330740.00
Geo16,2024-01-01,859622.00,675544.00,168439.00,10113.00,7872.00,1962.00,8330.740,307289.00,0.11,0.66,8447714.00,1.00,0.00,753492.00,6008800.00
Geo16,2024-01-08,694486.00,101975.00,117857.00,8171.00,1188.00,1373.00,6008.800,307289.00,0.37,3.52,7122571.00,2.00,0.00,159814.00,8852800.00
Geo16,2024-01-15,294254.00,709100.00,733677.00,3462.00,8263.00,8548.00,8852.800,307289.00,0.45,-0.42,7531970.00,5.00,0.00,0.00,1547444.00
Geo17,2021-01-25,265557.00,38371.00,192288.00,3124.00,447.00,2240.00,1547.444,119545.00,0.22,1.31,2279843.00,-4.00,0.40,3019217.00,2011873.00
Geo17,2021-02-01,79508.00,171518.00,378193.00,935.00,1999.00,4406.00,2011.873,119545.00,-0.48,-0.04,2330540.00,1.00,1.06,728179.00,1843631.00
Geo17,2021-02-08,290239.00,218931.00,246625.00,3415.00,2551.00,2873.00,1843.631,119545.00,-0.65,0.60,2710849.00,-2.00,0.15,0.00,2020462.00
Geo17,2021-02-15,95445.00,317811.00,195950.00,1123.00,3704.00,2283.00,2020.462,119545.00,-0.62,-1.52,2366784.00,1.00,0.00,0.00,2349270.00
Geo17,2021-02-22,322776.00,296875.00,76784.00,3797.00,3460.00,895.00,2349.270,119545.00,-0.07,-0.45,2273724.00,2.00,0.12,654336.00,2027877.00
Geo17,2021-03-01,329254.00,142130.00,304725.00,3874.00,1656.00,3550.00,2027.877,119545.00,-2.27,-1.22,1964935.00,-1.00,0.00,0.00,1739350.00
Geo17,2021-03-08,153402.00,100575.00,174178.00,1805.00,1172.00,2029.00,1739.350,119545.00,1.40,-0.78,2620455.00,-4.00,0.00,28960.00,2128474.00
Geo17,2021-03-15,260899.00,167210.00,311139.00,3069.00,1949.00,3625.00,2128.474,119545.00,0.90,-1.36,2621627.00,0.00,1.71,981819.00,1564555.00
Geo17,2021-03-22,323713.00,168336.00,120204.00,3808.00,1962.00,1400.00,1564.555,119545.00,-2.30,1.48,3099751.00,-3.00,1.00,1833232.00,2795872.00
Geo17,2021-03-29,319199.00,77726.00,71155.00,3755.00,906.00,829.00,2795.872,119545.00,-0.05,-0.02,2903812.00,3.00,0.00,146178.00,1990550.00
Geo17,2021-04-05,305210.00,303531.00,306370.00,3591.00,3537.00,3569.00,1990.550,119545.00,1.06,0.54,3173864.00,-1.00,0.88,1896424.00,2401952.00
Geo17,2021-04-12,210868.00,362736.00,205357.00,2481.00,4227.00,2392.00,2401.952,119545.00,-3.47,-1.94,2775504.00,0.00,0.20,0.00,2411782.00
Geo17,2021-04-19,307253.00,330984.00,51436.00,3615.00,3857.00,599.00,2411.782,119545.00,-1.59,-2.08,2614124.00,1.00,0.00,283206.00,1982148.00
Geo17,2021-04-26,291796.00,183403.00,154314.00,3433.00,2137.00,1798.00,1982.148,119545.00,0.57,-0.46,3456373.00,-2.00,0.00,1074687.00,2845995.00
Geo17,2021-05-03,352139.00,36638.00,108776.00,4143.00,427.00,1267.00,2845.995,119545.00,-1.40,0.55,3068120.00,7.00,1.73,939073.00,1923310.00
Geo17,2021-05-10,223991.00,153142.00,249032.00,2635.00,1785.00,2901.00,1923.310,119545.00,-0.10,0.80,3316533.00,-2.00,2.01,1813670.00,2041565.00
Geo17,2021-05-17,336442.00,83408.00,186649.00,3958.00,972.00,2175.00,2041.565,119545.00,-0.03,0.27,2680344.00,0.00,0.00,264753.00,2158109.00
Geo17,2021-05-24,191790.00,227407.00,188089.00,2256.00,2650.00,2191.00,2158.109,119545.00,1.44,0.39,2574528.00,1.00,0.18,0.00,3189708.00
Geo17,2021-05-31,311069.00,225144.00,249629.00,3660.00,2624.00,2908.00,3189.708,119545.00,-1.00,0.27,3228520.00,6.00,0.00,993412.00,2449772.00
Geo17,2021-06-07,349546.00,242877.00,252312.00,4112.00,2830.00,2940.00,2449.772,119545.00,-1.01,1.97,3293324.00,0.00,0.00,663714.00,2810121.00
Geo17,2021-06-14,133159.00,183784.00,263357.00,1567.00,2142.00,3068.00,2810.121,119545.00,-0.66,-1.70,3305737.00,2.00,0.00,0.00,2419232.00
Geo17,2021-06-21,249528.00,253054.00,246625.00,2936.00,2949.00,2873.00,2419.232,119545.00,2.42,1.13,2870168.00,1.00,0.00,1921482.00,1892533.00
Geo17,2021-06-28,403435.00,274222.00,115720.00,4746.00,3196.00,1348.00,1892.533,119545.00,1.53,-1.67,3293019.00,-1.00,0.00,605315.00,2553727.00
Geo17,2021-07-05,172287.00,128370.00,300304.00,2027.00,1496.00,3499.00,2553.727,119545.00,-1.46,0.48,2998532.00,2.00,0.00,0.00,3290904.00
Geo17,2021-07-12,323895.00,169350.00,143036.00,3811.00,1974.00,1666.00,3290.904,119545.00,-0.69,0.00,3153717.00,6.00,0.00,0.00,2020169.00
Geo17,2021-07-19,248130.00,239968.00,95066.00,2919.00,2796.00,1108.00,2020.169,119545.00,2.10,1.06,3085176.00,-4.00,0.00,1790542.00,2016757.00
Geo17,2021-07-26,347688.00,209507.00,213339.00,4091.00,2441.00,2485.00,2016.757,119545.00,-0.27,0.42,3093002.00,-2.00,0.00,886262.00,1571432.00
Geo17,2021-08-02,206103.00,226886.00,230643.00,2425.00,2644.00,2687.00,1571.432,119545.00,0.35,-0.42,3145289.00,-5.00,0.00,0.00,2348845.00
Geo17,2021-08-09,86193.00,93307.00,269250.00,1014.00,1087.00,3137.00,2348.845,119545.00,0.86,-0.03,2884181.00,1.00,0.00,0.00,1738232.00
Geo17,2021-08-16,161512.00,255726.00,126075.00,1900.00,2980.00,1469.00,1738.232,119545.00,-0.35,0.88,3330780.00,-1.00,0.13,348475.00,2134525.00
Geo17,2021-08-23,271830.00,331512.00,273684.00,3198.00,3863.00,3189.00,2134.525,119545.00,1.04,1.41,3004070.00,-3.00,0.77,2292125.00,1950548.00
Geo17,2021-08-30,257104.00,225100.00,285488.00,3025.00,2623.00,3326.00,1950.548,119545.00,-0.05,-1.33,3411186.00,-2.00,0.34,0.00,1728635.00
Geo17,2021-09-06,304209.00,211713.00,341612.00,3579.00,2467.00,3980.00,1728.635,119545.00,1.52,0.49,2875134.00,-1.00,0.75,597564.00,2138031.00
Geo17,2021-09-13,185411.00,271027.00,192878.00,2181.00,3158.00,2247.00,2138.031,119545.00,0.91,0.32,2655794.00,-2.00,0.00,323550.00,1210659.00
Geo17,2021-09-20,329618.00,171765.00,337052.00,3878.00,2002.00,3927.00,1210.659,119545.00,-0.70,-0.15,3166336.00,-5.00,0.06,460419.00,1556869.00
Geo17,2021-09-27,322854.00,269294.00,314449.00,3798.00,3138.00,3663.00,1556.869,119545.00,0.61,1.65,2772444.00,-3.00,0.00,1001452.00,3258607.00
Geo17,2021-10-04,256952.00,341082.00,122976.00,3023.00,3975.00,1433.00,3258.607,119545.00,-0.69,-0.67,2803703.00,7.00,2.11,0.00,2886098.00
Geo17,2021-10-11,163796.00,239441.00,257267.00,1927.00,2790.00,2997.00,2886.098,119545.00,0.59,0.03,3179662.00,3.00,1.87,442163.00,1921904.00
Geo17,2021-10-18,241780.00,325571.00,128477.00,2845.00,3794.00,1497.00,1921.904,119545.00,0.06,1.99,2853335.00,-2.00,0.20,1333929.00,2191613.00
Geo17,2021-10-25,304570.00,37141.00,241568.00,3583.00,433.00,2814.00,2191.613,119545.00,1.26,1.39,3221899.00,1.00,0.00,0.00,1747413.00
Geo17,2021-11-01,286218.00,335714.00,233330.00,3367.00,3912.00,2718.00,1747.413,119545.00,0.84,1.27,2992473.00,-3.00,1.51,1450114.00,2180421.00
Geo17,2021-11-08,186398.00,249912.00,290513.00,2193.00,2912.00,3385.00,2180.421,119545.00,0.13,1.96,3003652.00,2.00,0.00,3601830.00,1232496.00
Geo17,2021-11-15,129734.00,253167.00,176228.00,1526.00,2950.00,2053.00,1232.496,119545.00,-0.29,1.15,2822870.00,-3.00,0.00,276098.00,2310051.00
Geo17,2021-11-22,389042.00,290725.00,232270.00,4577.00,3388.00,2706.00,2310.051,119545.00,3.18,0.83,2927245.00,1.00,0.00,3307660.00,2026482.00
Geo17,2021-11-29,371246.00,258902.00,257442.00,4368.00,3017.00,2999.00,2026.482,119545.00,0.52,-0.55,3017586.00,-2.00,0.00,0.00,2590120.00
Geo17,2021-12-06,388079.00,91568.00,228146.00,4566.00,1067.00,2658.00,2590.120,119545.00,-1.11,0.00,3330172.00,5.00,0.00,142402.00,1665421.00
Geo17,2021-12-13,237881.00,81240.00,153447.00,2799.00,947.00,1788.00,1665.421,119545.00,-0.99,-1.13,2915020.00,-3.00,1.59,413349.00,1917480.00
Geo17,2021-12-20,349469.00,118780.00,177026.00,4111.00,1384.00,2062.00,1917.480,119545.00,-2.03,1.50,3622990.00,-1.00,2.68,2187166.00,1534067.00
Geo17,2021-12-27,337924.00,196966.00,229298.00,3976.00,2295.00,2671.00,1534.067,119545.00,0.24,-0.18,3176517.00,-2.00,0.00,958459.00,2616913.00
Geo17,2022-01-03,345199.00,226669.00,226072.00,4061.00,2641.00,2634.00,2616.913,119545.00,-0.54,-1.14,2734626.00,2.00,0.19,0.00,1947940.00
Geo17,2022-01-10,288009.00,260236.00,279472.00,3388.00,3033.00,3256.00,1947.940,119545.00,0.67,-2.38,3900466.00,0.00,0.00,0.00,2056938.00
Geo17,2022-01-17,242565.00,286070.00,235239.00,2854.00,3334.00,2741.00,2056.938,119545.00,-0.83,1.48,3212790.00,1.00,0.13,1687582.00,1460198.00
Geo17,2022-01-24,305422.00,285902.00,226907.00,3593.00,3332.00,2644.00,1460.198,119545.00,0.33,-1.42,2781822.00,-3.00,0.00,0.00,1840525.00
Geo17,2022-01-31,267575.00,188015.00,214853.00,3148.00,2191.00,2503.00,1840.525,119545.00,1.17,-0.81,3021015.00,-3.00,0.24,448324.00,2618065.00
Geo17,2022-02-07,316472.00,270109.00,370117.00,3723.00,3148.00,4312.00,2618.065,119545.00,-2.25,-1.46,2843676.00,1.00,0.00,0.00,958202.00
Geo17,2022-02-14,92169.00,57849.00,130351.00,1084.00,674.00,1519.00,958.202,119545.00,-0.78,-1.13,3094864.00,-5.00,0.00,0.00,2114250.00
Geo17,2022-02-21,216923.00,280962.00,203659.00,2552.00,3274.00,2373.00,2114.250,119545.00,-0.61,1.43,2928491.00,0.00,1.59,1075733.00,1653362.00
Geo17,2022-02-28,281331.00,256107.00,178114.00,3310.00,2985.00,2075.00,1653.362,119545.00,-1.11,-1.16,2950149.00,-2.00,0.00,0.00,2754281.00
Geo17,2022-03-07,353934.00,393579.00,176238.00,4164.00,4587.00,2053.00,2754.281,119545.00,-0.52,-1.67,3107366.00,4.00,0.00,235205.00,1920595.00
Geo17,2022-03-14,183929.00,292645.00,194605.00,2164.00,3410.00,2267.00,1920.595,119545.00,-1.30,-0.09,2778950.00,0.00,0.11,194152.00,1533932.00
Geo17,2022-03-21,42870.00,111806.00,67450.00,504.00,1303.00,786.00,1533.932,119545.00,-1.62,-2.85,2720308.00,-4.00,0.16,0.00,1752112.00
Geo17,2022-03-28,171067.00,293908.00,200124.00,2013.00,3425.00,2332.00,1752.112,119545.00,-1.17,0.21,2384844.00,-4.00,0.10,491012.00,2034087.00
Geo17,2022-04-04,133010.00,133785.00,295341.00,1565.00,1559.00,3441.00,2034.087,119545.00,-1.35,0.52,2879370.00,0.00,0.59,466645.00,2000812.00
Geo17,2022-04-11,253998.00,202050.00,315884.00,2988.00,2355.00,3680.00,2000.812,119545.00,-1.18,-2.47,2711231.00,-1.00,0.00,0.00,2381080.00
Geo17,2022-04-18,193146.00,189562.00,188672.00,2272.00,2209.00,2198.00,2381.080,119545.00,-1.69,0.26,2414138.00,4.00,0.00,0.00,2518764.00
Geo17,2022-04-25,294841.00,420932.00,134753.00,3469.00,4905.00,1570.00,2518.764,119545.00,-1.35,0.31,2940292.00,2.00,1.27,1298472.00,2199078.00
Geo17,2022-05-02,287096.00,186785.00,287628.00,3378.00,2177.00,3351.00,2199.078,119545.00,-0.95,0.39,2201936.00,0.00,0.00,0.00,1646177.00
Geo17,2022-05-09,169203.00,53731.00,248204.00,1991.00,626.00,2892.00,1646.177,119545.00,-0.97,-0.05,2506442.00,0.00,0.00,0.00,1724407.00
Geo17,2022-05-16,473937.00,108967.00,283047.00,5576.00,1270.00,3298.00,1724.407,119545.00,1.36,-1.62,2998116.00,-2.00,0.82,215074.00,1713766.00
Geo17,2022-05-23,410671.00,28908.00,172174.00,4832.00,337.00,2006.00,1713.766,119545.00,-0.15,0.43,2656990.00,-3.00,0.00,1501.00,1588900.00
Geo17,2022-05-30,438733.00,379434.00,328856.00,5162.00,4422.00,3831.00,1588.900,119545.00,-1.65,-0.17,3368818.00,-5.00,0.74,756762.00,2439695.00
Geo17,2022-06-06,284548.00,189996.00,319801.00,3348.00,2214.00,3726.00,2439.695,119545.00,-0.42,1.86,2701960.00,2.00,2.01,3381217.00,3409313.00
Geo17,2022-06-13,338048.00,279631.00,310304.00,3977.00,3259.00,3615.00,3409.313,119545.00,1.20,1.54,2955817.00,5.00,1.04,212855.00,2489196.00
Geo17,2022-06-20,220812.00,183553.00,150010.00,2598.00,2139.00,1748.00,2489.196,119545.00,-0.49,-0.85,2915320.00,3.00,0.76,332905.00,1401686.00
Geo17,2022-06-27,163348.00,250083.00,250273.00,1922.00,2914.00,2916.00,1401.686,119545.00,-0.21,-0.36,2544410.00,-4.00,1.15,442313.00,2584444.00
Geo17,2022-07-04,314826.00,93632.00,316254.00,3704.00,1091.00,3684.00,2584.444,119545.00,0.11,1.37,3268944.00,1.00,0.23,452020.00,2225125.00
Geo17,2022-07-11,261015.00,228884.00,250080.00,3071.00,2667.00,2914.00,2225.125,119545.00,-1.30,1.69,2966333.00,1.00,0.00,899422.00,2542170.00
Geo17,2022-07-18,187603.00,270477.00,178203.00,2207.00,3152.00,2076.00,2542.170,119545.00,-0.62,-0.26,3253564.00,6.00,0.00,525081.00,2541608.00
Geo17,2022-07-25,294354.00,250051.00,287650.00,3463.00,2914.00,3351.00,2541.608,119545.00,0.71,0.21,2846131.00,1.00,0.00,75715.00,2156785.00
Geo17,2022-08-01,227706.00,197010.00,153292.00,2679.00,2296.00,1786.00,2156.785,119545.00,-0.28,-0.22,2799056.00,0.00,0.00,0.00,1338375.00
Geo17,2022-08-08,262944.00,146637.00,210045.00,3094.00,1709.00,2447.00,1338.375,119545.00,-0.62,-0.39,2785786.00,-3.00,0.74,598381.00,2231583.00
Geo17,2022-08-15,250992.00,364507.00,116507.00,2953.00,4248.00,1357.00,2231.583,119545.00,0.04,0.75,3096121.00,2.00,0.50,1889270.00,1986899.00
Geo17,2022-08-22,418914.00,289390.00,101525.00,4929.00,3372.00,1183.00,1986.899,119545.00,-0.36,-0.10,3117404.00,-1.00,2.29,2159994.00,1652223.00
Geo17,2022-08-29,269313.00,157020.00,197999.00,3168.00,1830.00,2307.00,1652.223,119545.00,0.46,0.27,3066376.00,-2.00,0.20,168308.00,1371224.00
Geo17,2022-09-05,308195.00,172826.00,374826.00,3626.00,2014.00,4367.00,1371.224,119545.00,-1.02,1.36,2891716.00,0.00,1.08,1623580.00,2186219.00
Geo17,2022-09-12,163430.00,249527.00,289523.00,1923.00,2908.00,3373.00,2186.219,119545.00,0.69,0.49,3602512.00,-1.00,0.30,1564568.00,2262098.00
Geo17,2022-09-19,321213.00,330412.00,142650.00,3779.00,3850.00,1662.00,2262.098,119545.00,0.43,-0.49,3432884.00,0.00,1.04,1451464.00,2289531.00
Geo17,2022-09-26,65150.00,420607.00,375246.00,766.00,4902.00,4372.00,2289.531,119545.00,0.80,-0.13,2736586.00,2.00,0.04,443698.00,2640553.00
Geo17,2022-10-03,243003.00,177195.00,175609.00,2859.00,2065.00,2046.00,2640.553,119545.00,3.40,-0.30,2736148.00,3.00,0.00,1547323.00,2049961.00
Geo17,2022-10-10,216953.00,181152.00,195745.00,2552.00,2111.00,2281.00,2049.961,119545.00,0.71,-1.30,3032170.00,-2.00,0.00,0.00,2395009.00
Geo17,2022-10-17,244782.00,138654.00,98758.00,2880.00,1616.00,1151.00,2395.009,119545.00,-1.19,-0.91,2453582.00,1.00,0.00,0.00,2093861.00
Geo17,2022-10-24,219791.00,152703.00,78838.00,2586.00,1780.00,918.00,2093.861,119545.00,0.30,2.18,2862408.00,1.00,0.88,3118368.00,1676774.00
Geo17,2022-10-31,196813.00,214595.00,198858.00,2315.00,2501.00,2317.00,1676.774,119545.00,1.69,0.54,2864637.00,0.00,0.53,600205.00,2542800.00
Geo17,2022-11-07,299553.00,36468.00,133728.00,3524.00,425.00,1558.00,2542.800,119545.00,-0.14,3.15,2918026.00,0.00,0.49,3249557.00,2164981.00
Geo17,2022-11-14,262768.00,325374.00,245204.00,3091.00,3792.00,2857.00,2164.981,119545.00,0.45,-0.38,2826403.00,2.00,1.40,1137579.00,2360861.00
Geo17,2022-11-21,424662.00,169730.00,149252.00,4996.00,1978.00,1739.00,2360.861,119545.00,1.36,0.06,2517994.00,3.00,0.00,824634.00,988899.00
Geo17,2022-11-28,345985.00,193513.00,317782.00,4070.00,2255.00,3702.00,988.899,119545.00,0.15,0.40,2894497.00,-4.00,0.00,283707.00,2164281.00
Geo17,2022-12-05,312617.00,334855.00,94123.00,3678.00,3902.00,1097.00,2164.281,119545.00,0.60,-0.07,3246341.00,0.00,1.64,1498797.00,2057531.00
Geo17,2022-12-12,378393.00,335958.00,257016.00,4452.00,3915.00,2994.00,2057.531,119545.00,-0.51,-0.03,3723167.00,-3.00,0.00,0.00,2556522.00
Geo17,2022-12-19,266042.00,330999.00,246274.00,3130.00,3857.00,2869.00,2556.522,119545.00,0.31,0.50,2973763.00,2.00,1.36,528133.00,2129025.00
Geo17,2022-12-26,218531.00,207297.00,274501.00,2571.00,2416.00,3198.00,2129.025,119545.00,0.31,-0.56,2954411.00,-2.00,1.22,0.00,1907651.00
Geo17,2023-01-02,228380.00,366446.00,131867.00,2687.00,4270.00,1536.00,1907.651,119545.00,0.41,2.17,3358138.00,-1.00,0.00,630337.00,2246185.00
Geo17,2023-01-09,322641.00,285763.00,139807.00,3796.00,3330.00,1629.00,2246.185,119545.00,-0.66,-1.05,2822594.00,1.00,0.00,0.00,1909111.00
Geo17,2023-01-16,193367.00,209563.00,232922.00,2275.00,2442.00,2714.00,1909.111,119545.00,1.57,-1.75,2818127.00,-1.00,0.32,0.00,2766350.00
Geo17,2023-01-23,134226.00,301104.00,198772.00,1579.00,3509.00,2316.00,2766.350,119545.00,-0.59,-0.23,3389772.00,4.00,0.00,0.00,1327644.00
Geo17,2023-01-30,140753.00,311625.00,121249.00,1656.00,3632.00,1413.00,1327.644,119545.00,-0.79,-1.04,2560349.00,-2.00,0.00,501377.00,1687140.00
Geo17,2023-02-06,317440.00,168180.00,321994.00,3735.00,1960.00,3751.00,1687.140,119545.00,-1.05,1.19,2788985.00,-3.00,0.48,705981.00,2497822.00
Geo17,2023-02-13,240805.00,271944.00,228370.00,2833.00,3169.00,2661.00,2497.822,119545.00,-0.95,0.48,3128341.00,1.00,0.60,1226126.00,2507568.00
Geo17,2023-02-20,207436.00,219331.00,226138.00,2440.00,2556.00,2635.00,2507.568,119545.00,-0.17,-1.27,2572442.00,4.00,2.35,217382.00,2397291.00
Geo17,2023-02-27,264861.00,277184.00,222953.00,3116.00,3230.00,2597.00,2397.291,119545.00,-0.46,-0.36,3103617.00,1.00,0.36,1599774.00,1528074.00
Geo17,2023-03-06,441471.00,191421.00,181076.00,5194.00,2231.00,2110.00,1528.074,119545.00,-1.42,-0.70,2657136.00,-1.00,0.30,0.00,1554760.00
Geo17,2023-03-13,130810.00,324672.00,119711.00,1539.00,3784.00,1395.00,1554.760,119545.00,-1.90,0.53,2791852.00,-4.00,0.00,719637.00,2939567.00
Geo17,2023-03-20,301164.00,339426.00,270211.00,3543.00,3955.00,3148.00,2939.567,119545.00,-0.52,-1.76,2479221.00,6.00,0.32,0.00,2297298.00
Geo17,2023-03-27,394090.00,108758.00,266779.00,4636.00,1267.00,3108.00,2297.298,119545.00,-1.46,0.87,3048532.00,0.00,0.32,0.00,2553965.00
Geo17,2023-04-03,464041.00,108055.00,418589.00,5459.00,1259.00,4877.00,2553.965,119545.00,-0.54,-1.00,2735045.00,1.00,0.32,173302.00,1164249.00
Geo17,2023-04-10,177359.00,372850.00,200562.00,2087.00,4345.00,2337.00,1164.249,119545.00,-1.08,-1.20,3022351.00,-6.00,0.00,0.00,2248469.00
Geo17,2023-04-17,359464.00,228508.00,154909.00,4229.00,2663.00,1805.00,2248.469,119545.00,-2.00,-1.35,3156262.00,0.00,0.00,0.00,1993510.00
Geo17,2023-04-24,347320.00,229553.00,244311.00,4086.00,2675.00,2846.00,1993.510,119545.00,0.39,0.15,2776307.00,-1.00,0.57,0.00,2550775.00
Geo17,2023-05-01,310200.00,127047.00,277497.00,3649.00,1481.00,3233.00,2550.775,119545.00,-0.13,-0.03,3426858.00,2.00,0.00,0.00,2039378.00
Geo17,2023-05-08,333060.00,130544.00,208230.00,3918.00,1521.00,2426.00,2039.378,119545.00,-0.05,-0.43,2578291.00,-1.00,0.00,0.00,2263372.00
Geo17,2023-05-15,297198.00,294477.00,308569.00,3497.00,3432.00,3595.00,2263.372,119545.00,-0.07,-0.34,3404270.00,-1.00,2.04,441526.00,1781386.00
Geo17,2023-05-22,134592.00,145996.00,354888.00,1583.00,1701.00,4135.00,1781.386,119545.00,-0.55,-1.27,2900498.00,-4.00,2.19,0.00,2481842.00
Geo17,2023-05-29,195354.00,254462.00,267592.00,2298.00,2965.00,3118.00,2481.842,119545.00,0.77,-0.71,3365239.00,1.00,0.00,90507.00,2351610.00
Geo17,2023-06-05,100663.00,265576.00,141251.00,1184.00,3095.00,1646.00,2351.610,119545.00,0.64,0.44,2864410.00,1.00,0.75,1752213.00,2326532.00
Geo17,2023-06-12,260344.00,161496.00,187809.00,3063.00,1882.00,2188.00,2326.532,119545.00,-1.47,0.50,2940439.00,2.00,0.47,1592936.00,2616678.00
Geo17,2023-06-19,169250.00,253767.00,46022.00,1991.00,2957.00,536.00,2616.678,119545.00,-0.01,-1.19,2713273.00,3.00,0.36,1207108.00,1639125.00
Geo17,2023-06-26,160083.00,121760.00,209282.00,1883.00,1419.00,2438.00,1639.125,119545.00,1.06,-0.30,2543721.00,-7.00,0.00,503463.00,2513379.00
Geo17,2023-07-03,207491.00,214092.00,0.00,2441.00,2495.00,0.00,2513.379,119545.00,-0.71,2.88,2592315.00,1.00,0.00,0.00,2503059.00
Geo17,2023-07-10,149185.00,272737.00,41651.00,1755.00,3178.00,485.00,2503.059,119545.00,-0.64,-0.02,2888380.00,1.00,0.00,754924.00,1980159.00
Geo17,2023-07-17,268347.00,259085.00,186892.00,3157.00,3019.00,2177.00,1980.159,119545.00,-0.27,1.50,2835818.00,0.00,0.00,706437.00,2152138.00
Geo17,2023-07-24,65470.00,88825.00,121576.00,770.00,1035.00,1416.00,2152.138,119545.00,-0.88,2.20,2768790.00,0.00,0.65,2160376.00,2476432.00
Geo17,2023-07-31,179978.00,214603.00,341243.00,2117.00,2501.00,3976.00,2476.432,119545.00,0.04,-1.24,2695308.00,3.00,0.85,1691138.00,1917971.00
Geo17,2023-08-07,106293.00,125560.00,148925.00,1251.00,1463.00,1735.00,1917.971,119545.00,0.01,-1.07,2497600.00,-2.00,0.03,0.00,2058996.00
Geo17,2023-08-14,334957.00,275107.00,202241.00,3941.00,3206.00,2356.00,2058.996,119545.00,1.29,1.20,3144579.00,0.00,0.28,1337684.00,1674854.00
Geo17,2023-08-21,458298.00,279090.00,47621.00,5392.00,3252.00,555.00,1674.854,119545.00,1.17,0.07,2871777.00,-3.00,0.21,648167.00,1600109.00
Geo17,2023-08-28,311285.00,163457.00,87060.00,3662.00,1905.00,1014.00,1600.109,119545.00,1.33,0.72,2787723.00,-5.00,0.00,3344468.00,2121026.00
Geo17,2023-09-04,180935.00,245460.00,200336.00,2129.00,2860.00,2334.00,2121.026,119545.00,1.05,-0.30,2933055.00,0.00,0.00,0.00,2763112.00
Geo17,2023-09-11,391588.00,219785.00,178988.00,4607.00,2561.00,2085.00,2763.112,119545.00,0.25,-0.34,3174309.00,4.00,2.25,524364.00,2633150.00
Geo17,2023-09-18,244346.00,295135.00,225213.00,2875.00,3439.00,2624.00,2633.150,119545.00,0.71,0.43,3062212.00,5.00,0.88,662035.00,1248786.00
Geo17,2023-09-25,276043.00,186835.00,0.00,3248.00,2177.00,0.00,1248.786,119545.00,0.47,1.65,3102874.00,-2.00,1.95,3534762.00,2420982.00
Geo17,2023-10-02,186271.00,182701.00,257370.00,2191.00,2129.00,2998.00,2420.982,119545.00,-0.66,-0.28,3348230.00,2.00,0.00,0.00,2108974.00
Geo17,2023-10-09,345704.00,121625.00,112931.00,4067.00,1417.00,1316.00,2108.974,119545.00,0.29,0.26,3098855.00,-1.00,1.54,2587761.00,3100363.00
Geo17,2023-10-16,299156.00,234036.00,355663.00,3520.00,2727.00,4144.00,3100.363,119545.00,2.14,0.46,3562261.00,4.00,0.54,2334698.00,1066091.00
Geo17,2023-10-23,204030.00,81414.00,168046.00,2400.00,949.00,1958.00,1066.091,119545.00,-0.77,-0.61,2844263.00,-6.00,0.37,276252.00,1872664.00
Geo17,2023-10-30,215614.00,210025.00,327078.00,2537.00,2448.00,3811.00,1872.664,119545.00,0.69,-0.54,3112276.00,-3.00,1.00,1895938.00,2121864.00
Geo17,2023-11-06,207083.00,316810.00,168402.00,2436.00,3692.00,1962.00,2121.864,119545.00,0.28,0.19,3117553.00,-3.00,1.80,1013882.00,3327893.00
Geo17,2023-11-13,200514.00,261658.00,178078.00,2359.00,3049.00,2075.00,3327.893,119545.00,0.16,1.60,3280318.00,7.00,0.53,1189974.00,1526560.00
Geo17,2023-11-20,401176.00,286697.00,253543.00,4720.00,3341.00,2954.00,1526.560,119545.00,1.17,-0.59,2650190.00,-4.00,1.27,1207105.00,2116251.00
Geo17,2023-11-27,318450.00,159434.00,28472.00,3747.00,1858.00,332.00,2116.251,119545.00,-1.37,2.70,3481858.00,-1.00,0.50,415332.00,662149.00
Geo17,2023-12-04,166190.00,158495.00,168003.00,1955.00,1847.00,1957.00,662.149,119545.00,-0.71,0.76,3138890.00,-7.00,0.65,538048.00,2245725.00
Geo17,2023-12-11,341659.00,145163.00,205774.00,4020.00,1692.00,2397.00,2245.725,119545.00,-0.22,0.81,3267376.00,0.00,0.00,1481496.00,2084666.00
Geo17,2023-12-18,283222.00,210847.00,193799.00,3332.00,2457.00,2258.00,2084.666,119545.00,0.26,1.17,2880783.00,0.00,0.00,3179865.00,1624370.00
Geo17,2023-12-25,254329.00,287946.00,164748.00,2992.00,3356.00,1919.00,1624.370,119545.00,3.14,-0.66,2502216.00,-3.00,1.70,809210.00,2905568.00
Geo17,2024-01-01,291393.00,249935.00,195371.00,3428.00,2913.00,2276.00,2905.568,119545.00,1.85,0.81,3377661.00,1.00,0.00,2091766.00,2004193.00
Geo17,2024-01-08,329923.00,36160.00,214395.00,3882.00,421.00,2498.00,2004.193,119545.00,-0.30,1.21,2764828.00,1.00,0.00,1281502.00,2219229.00
Geo17,2024-01-15,151811.00,253460.00,189807.00,1786.00,2954.00,2211.00,2219.229,119545.00,-1.84,-2.05,2854281.00,0.00,0.12,0.00,22902406.00
Geo18,2021-01-25,2350524.00,1730459.00,881164.00,27654.00,20166.00,10266.00,22902.406,856852.00,0.21,-0.35,17721606.00,3.00,0.00,491727.00,19146166.00
Geo18,2021-02-01,854900.00,1165854.00,1848795.00,10058.00,13586.00,21539.00,19146.166,856852.00,-1.86,-0.50,17565628.00,2.00,2.13,401349.00,16794292.00
Geo18,2021-02-08,1489456.00,1321606.00,1985302.00,17523.00,15401.00,23130.00,16794.292,856852.00,1.82,0.45,20786532.00,-2.00,0.00,782863.00,11071633.00
Geo18,2021-02-15,1277841.00,1508282.00,1424062.00,15034.00,17577.00,16591.00,11071.633,856852.00,-1.24,-1.32,18769578.00,-5.00,0.00,0.00,16562527.00
Geo18,2021-02-22,1387083.00,2144262.00,1056218.00,16319.00,24988.00,12305.00,16562.527,856852.00,0.56,-0.41,17370506.00,-2.00,0.00,0.00,14453261.00
Geo18,2021-03-01,1268438.00,962309.00,1222337.00,14923.00,11214.00,14241.00,14453.261,856852.00,-1.72,0.19,14719150.00,-4.00,0.00,736323.00,18230644.00
Geo18,2021-03-08,933851.00,1146386.00,1381922.00,10987.00,13359.00,16100.00,18230.644,856852.00,1.66,0.37,19352798.00,-1.00,0.00,863955.00,17526424.00
Geo18,2021-03-15,1592780.00,386884.00,2133824.00,18739.00,4509.00,24860.00,17526.424,856852.00,-1.71,-1.78,19725510.00,0.00,0.00,0.00,21408018.00
Geo18,2021-03-22,2307177.00,570368.00,2071083.00,27144.00,6647.00,24129.00,21408.018,856852.00,1.20,-0.11,22835758.00,3.00,0.83,6427.00,20374250.00
Geo18,2021-03-29,1957891.00,740545.00,1501368.00,23035.00,8630.00,17492.00,20374.250,856852.00,1.05,-0.01,21049948.00,0.00,0.75,1024797.00,22197802.00
Geo18,2021-04-05,2199150.00,1317062.00,1710350.00,25873.00,15348.00,19926.00,22197.802,856852.00,-0.13,-1.58,23745956.00,3.00,0.06,0.00,26860240.00
Geo18,2021-04-12,2487466.00,2307804.00,2054671.00,29265.00,26894.00,23938.00,26860.240,856852.00,-1.39,-1.39,21794366.00,5.00,0.00,411938.00,23757654.00
Geo18,2021-04-19,2218221.00,2369127.00,1344331.00,26097.00,27609.00,15662.00,23757.654,856852.00,0.93,-2.19,20097022.00,3.00,0.00,0.00,22330938.00
Geo18,2021-04-26,2050718.00,1538227.00,678686.00,24127.00,17926.00,7907.00,22330.938,856852.00,2.57,-2.19,26194626.00,2.00,1.74,756853.00,16532904.00
Geo18,2021-05-03,718503.00,1206864.00,1394205.00,8453.00,14064.00,16243.00,16532.904,856852.00,-0.30,1.50,22485010.00,-1.00,2.08,2239963.00,15374471.00
Geo18,2021-05-10,1972746.00,557800.00,1786260.00,23209.00,6500.00,20811.00,15374.471,856852.00,-1.30,1.49,24514416.00,-4.00,0.00,1689990.00,18052102.00
Geo18,2021-05-17,1566968.00,1227655.00,2126966.00,18435.00,14306.00,24780.00,18052.102,856852.00,-0.43,0.84,20510568.00,-1.00,0.00,490718.00,20370204.00
Geo18,2021-05-24,2345237.00,1470550.00,1629511.00,27592.00,17137.00,18984.00,20370.204,856852.00,-0.20,-0.44,20717292.00,1.00,0.84,0.00,21979444.00
Geo18,2021-05-31,1963857.00,1839750.00,1229729.00,23105.00,21439.00,14327.00,21979.444,856852.00,1.41,1.85,24416954.00,1.00,0.00,2062206.00,16068444.00
Geo18,2021-06-07,2572026.00,2105586.00,1443430.00,30260.00,24537.00,16817.00,16068.444,856852.00,-0.27,0.97,24182058.00,-5.00,0.00,1537660.00,17946082.00
Geo18,2021-06-14,1462659.00,2057677.00,1470938.00,17208.00,23979.00,17137.00,17946.082,856852.00,-0.81,-0.23,24798614.00,-3.00,0.39,0.00,19631298.00
Geo18,2021-06-21,607247.00,986878.00,2201208.00,7144.00,11501.00,25645.00,19631.298,856852.00,-0.48,-0.22,21701768.00,1.00,1.21,1223374.00,11683550.00
Geo18,2021-06-28,2433196.00,1348628.00,497737.00,28626.00,15716.00,5799.00,11683.550,856852.00,0.32,-2.26,24391750.00,-5.00,1.00,1237128.00,24299494.00
Geo18,2021-07-05,2253450.00,1997694.00,2587930.00,26512.00,23280.00,30150.00,24299.494,856852.00,-0.61,0.87,22852216.00,4.00,0.00,1298573.00,22890996.00
Geo18,2021-07-12,2077081.00,896761.00,1300982.00,24437.00,10450.00,15157.00,22890.996,856852.00,-0.08,-0.75,23931386.00,2.00,0.58,0.00,22294674.00
Geo18,2021-07-19,1674940.00,1133143.00,1590993.00,19706.00,13205.00,18536.00,22294.674,856852.00,0.76,1.93,23684578.00,0.00,0.00,2723396.00,14081382.00
Geo18,2021-07-26,2416374.00,1124694.00,1980322.00,28429.00,13107.00,23072.00,14081.382,856852.00,-0.51,-2.16,22288996.00,-5.00,0.00,762587.00,20571220.00
Geo18,2021-08-02,2766566.00,1433256.00,970192.00,32549.00,16702.00,11303.00,20571.220,856852.00,1.81,0.62,24409656.00,1.00,0.00,0.00,17927666.00
Geo18,2021-08-09,1033939.00,1120473.00,1420631.00,12164.00,13057.00,16551.00,17927.666,856852.00,0.37,-1.41,22116996.00,-2.00,0.70,0.00,14437585.00
Geo18,2021-08-16,769553.00,1333716.00,1093071.00,9054.00,15542.00,12735.00,14437.585,856852.00,-1.55,-1.72,25186194.00,-2.00,0.00,183018.00,15887143.00
Geo18,2021-08-23,1936970.00,1092653.00,562686.00,22788.00,12733.00,6556.00,15887.143,856852.00,0.52,1.37,23517316.00,-4.00,0.57,1865465.00,21688546.00
Geo18,2021-08-30,1954637.00,1521976.00,2733742.00,22996.00,17736.00,31849.00,21688.546,856852.00,0.01,-0.95,26288596.00,2.00,0.00,0.00,20580342.00
Geo18,2021-09-06,2448894.00,1721292.00,1488183.00,28811.00,20059.00,17338.00,20580.342,856852.00,0.79,-1.11,22194752.00,4.00,0.00,0.00,18759376.00
Geo18,2021-09-13,1572847.00,2357692.00,1782259.00,18504.00,27475.00,20764.00,18759.376,856852.00,-0.43,-0.88,21441628.00,-1.00,1.50,0.00,20983500.00
Geo18,2021-09-20,2785821.00,1192883.00,2332502.00,32775.00,13901.00,27175.00,20983.500,856852.00,-1.40,-0.03,24943456.00,3.00,0.33,91476.00,16298618.00
Geo18,2021-09-27,1492377.00,1887433.00,1925283.00,17558.00,21995.00,22430.00,16298.618,856852.00,2.60,0.87,22506858.00,-2.00,0.00,822061.00,22349342.00
Geo18,2021-10-04,2324424.00,2350414.00,794503.00,27347.00,27391.00,9256.00,22349.342,856852.00,-1.66,0.96,21389444.00,3.00,0.00,0.00,20376978.00
Geo18,2021-10-11,1886953.00,1874687.00,2015886.00,22200.00,21847.00,23486.00,20376.978,856852.00,-0.44,0.03,24994288.00,-1.00,1.24,345752.00,25910698.00
Geo18,2021-10-18,1934994.00,2089193.00,1587712.00,22765.00,24346.00,18497.00,25910.698,856852.00,-0.30,-0.60,22440464.00,6.00,1.56,0.00,16844678.00
Geo18,2021-10-25,1937801.00,859406.00,1710389.00,22798.00,10015.00,19927.00,16844.678,856852.00,-1.23,1.39,23866976.00,-2.00,0.00,518982.00,23582900.00
Geo18,2021-11-01,2003723.00,2265443.00,1783743.00,23574.00,26400.00,20781.00,23582.900,856852.00,0.18,0.70,22590374.00,4.00,0.74,844539.00,17559710.00
Geo18,2021-11-08,1679285.00,1574687.00,1554792.00,19757.00,18351.00,18114.00,17559.710,856852.00,0.51,0.00,23535870.00,0.00,0.00,853741.00,17979894.00
Geo18,2021-11-15,1346170.00,2009321.00,1474776.00,15838.00,23416.00,17182.00,17979.894,856852.00,2.04,1.57,23881160.00,2.00,2.39,4049722.00,15223650.00
Geo18,2021-11-22,1993097.00,1456190.00,687562.00,23449.00,16970.00,8010.00,15223.650,856852.00,0.21,0.47,22803676.00,-4.00,0.00,904173.00,17044014.00
Geo18,2021-11-29,3451151.00,1534768.00,1549149.00,40603.00,17885.00,18048.00,17044.014,856852.00,-0.40,-0.83,24713506.00,-3.00,0.82,796668.00,18027578.00
Geo18,2021-12-06,2318000.00,1691831.00,2063018.00,27271.00,19716.00,24035.00,18027.578,856852.00,-0.99,3.17,25085782.00,0.00,1.86,2354501.00,20533016.00
Geo18,2021-12-13,2190884.00,1252281.00,1058443.00,25776.00,14593.00,12331.00,20533.016,856852.00,-1.87,1.27,23014850.00,2.00,0.00,1208239.00,20614504.00
Geo18,2021-12-20,2511256.00,262458.00,1984150.00,29545.00,3059.00,23116.00,20614.504,856852.00,-1.60,-0.18,27254938.00,3.00,0.49,0.00,17604330.00
Geo18,2021-12-27,2844459.00,2053702.00,1702350.00,33465.00,23933.00,19833.00,17604.330,856852.00,2.77,0.32,24155964.00,0.00,0.00,1061510.00,14217709.00
Geo18,2022-01-03,1651501.00,976866.00,2032357.00,19430.00,11384.00,23678.00,14217.709,856852.00,-0.86,0.52,21266140.00,-6.00,0.24,1045432.00,16623701.00
Geo18,2022-01-10,894377.00,1229078.00,1251716.00,10522.00,14323.00,14583.00,16623.701,856852.00,1.29,-2.91,29900006.00,0.00,0.00,528484.00,21082732.00
Geo18,2022-01-17,1836593.00,1909590.00,1418216.00,21607.00,22253.00,16523.00,21082.732,856852.00,-0.63,1.64,25128628.00,3.00,0.21,1475073.00,9770045.00
Geo18,2022-01-24,2072124.00,1214112.00,1941780.00,24378.00,14149.00,22622.00,9770.045,856852.00,0.11,0.74,21378994.00,-5.00,0.00,0.00,19438222.00
Geo18,2022-01-31,2657672.00,1396186.00,1456095.00,31267.00,16270.00,16964.00,19438.222,856852.00,1.05,-0.49,22729308.00,0.00,0.00,0.00,23853662.00
Geo18,2022-02-07,2200078.00,1857048.00,1452746.00,25884.00,21641.00,16925.00,23853.662,856852.00,-1.92,-0.06,21246756.00,4.00,0.00,181047.00,23450920.00
Geo18,2022-02-14,1587550.00,1423197.00,1693941.00,18677.00,16585.00,19735.00,23450.920,856852.00,0.00,0.66,22461368.00,6.00,0.00,1324803.00,20565702.00
Geo18,2022-02-21,1613036.00,1050949.00,1701641.00,18977.00,12247.00,19825.00,20565.702,856852.00,0.09,-0.09,22852852.00,2.00,0.00,0.00,21945272.00
Geo18,2022-02-28,2588205.00,1275142.00,1413644.00,30450.00,14860.00,16469.00,21945.272,856852.00,-1.57,-1.31,22352674.00,4.00,0.29,0.00,15203448.00
Geo18,2022-03-07,1731613.00,2012536.00,231628.00,20372.00,23453.00,2699.00,15203.448,856852.00,-0.81,-2.14,24748004.00,-3.00,0.00,0.00,15670866.00
Geo18,2022-03-14,790040.00,2813415.00,1303144.00,9295.00,32786.00,15182.00,15670.866,856852.00,-1.69,-1.17,21051220.00,-1.00,0.00,582243.00,20367408.00
Geo18,2022-03-21,274911.00,1299284.00,1788413.00,3234.00,15141.00,20836.00,20367.408,856852.00,-0.99,-0.61,21447278.00,1.00,0.73,271134.00,18595592.00
Geo18,2022-03-28,1904547.00,2101259.00,2390442.00,22407.00,24487.00,27850.00,18595.592,856852.00,-1.49,0.92,18740514.00,-1.00,0.00,967291.00,21740184.00
Geo18,2022-04-04,719108.00,1524477.00,1791872.00,8460.00,17765.00,20876.00,21740.184,856852.00,1.23,0.38,21445582.00,3.00,0.38,1408113.00,21546574.00
Geo18,2022-04-11,1647136.00,1260761.00,1010026.00,19378.00,14692.00,11767.00,21546.574,856852.00,-1.71,-0.96,21519182.00,3.00,0.78,698093.00,15449972.00
Geo18,2022-04-18,2613242.00,987110.00,1211722.00,30745.00,11503.00,14117.00,15449.972,856852.00,1.12,0.11,19460574.00,-1.00,0.00,0.00,23953726.00
Geo18,2022-04-25,2573516.00,2974872.00,0.00,30277.00,34668.00,0.00,23953.726,856852.00,-0.65,-1.52,23713736.00,4.00,0.00,662678.00,16421927.00
Geo18,2022-05-02,2075187.00,923726.00,1696396.00,24414.00,10765.00,19764.00,16421.927,856852.00,0.23,-0.18,16942578.00,-2.00,0.00,0.00,18202684.00
Geo18,2022-05-09,1435523.00,1170782.00,1095432.00,16889.00,13644.00,12762.00,18202.684,856852.00,-0.48,-0.74,21113060.00,2.00,0.00,0.00,19939544.00
Geo18,2022-05-16,2821007.00,204345.00,1965916.00,33189.00,2381.00,22904.00,19939.544,856852.00,0.23,-2.54,23269252.00,3.00,0.00,537570.00,23082410.00
Geo18,2022-05-23,1485174.00,1683605.00,1687594.00,17473.00,19620.00,19661.00,23082.410,856852.00,0.43,-0.93,20071388.00,3.00,0.01,0.00,21891380.00
Geo18,2022-05-30,1713097.00,1746642.00,2296732.00,20155.00,20354.00,26758.00,21891.380,856852.00,-1.87,-0.65,24107766.00,2.00,0.28,0.00,16250811.00
Geo18,2022-06-06,2319976.00,1786855.00,2280264.00,27294.00,20823.00,26566.00,16250.811,856852.00,-0.73,-0.84,19636538.00,-3.00,0.00,0.00,20627032.00
Geo18,2022-06-13,1745180.00,1507653.00,1694960.00,20532.00,17569.00,19747.00,20627.032,856852.00,-0.50,0.18,22217724.00,-1.00,0.74,528904.00,20362146.00
Geo18,2022-06-20,2763341.00,1386890.00,551627.00,32511.00,16162.00,6427.00,20362.146,856852.00,-1.30,-1.89,22968732.00,1.00,0.95,0.00,20996790.00
Geo18,2022-06-27,2352870.00,1460720.00,1679306.00,27681.00,17022.00,19565.00,20996.790,856852.00,1.63,-0.61,18441266.00,2.00,0.49,0.00,25483370.00
Geo18,2022-07-04,3238777.00,940684.00,2185651.00,38104.00,10962.00,25464.00,25483.370,856852.00,0.11,2.33,25493862.00,4.00,0.82,1186554.00,20203250.00
Geo18,2022-07-11,2063524.00,2803670.00,1775537.00,24277.00,32673.00,20686.00,20203.250,856852.00,0.82,-1.56,23169690.00,2.00,0.98,603324.00,13565143.00
Geo18,2022-07-18,2132203.00,2043580.00,1039205.00,25085.00,23815.00,12107.00,13565.143,856852.00,-2.35,1.26,26178098.00,-2.00,0.00,564700.00,16356543.00
Geo18,2022-07-25,1517214.00,1926524.00,2487162.00,17850.00,22451.00,28976.00,16356.543,856852.00,-0.01,-0.92,22167814.00,-3.00,2.96,1487944.00,13472618.00
Geo18,2022-08-01,2841966.00,1264549.00,1086943.00,33436.00,14736.00,12663.00,13472.618,856852.00,0.58,-0.64,23515744.00,-4.00,0.00,0.00,13336023.00
Geo18,2022-08-08,1659356.00,677277.00,1560676.00,19522.00,7893.00,18182.00,13336.023,856852.00,-0.93,-0.91,22581302.00,-3.00,1.05,1238824.00,20614860.00
Geo18,2022-08-15,2499413.00,1312704.00,2009290.00,29405.00,15298.00,23409.00,20614.860,856852.00,0.19,1.33,25757680.00,3.00,0.00,1316090.00,14322282.00
Geo18,2022-08-22,2568590.00,1667610.00,1085714.00,30219.00,19433.00,12649.00,14322.282,856852.00,2.22,0.70,25930000.00,-4.00,0.13,68040.00,10810538.00
Geo18,2022-08-29,2236998.00,1699383.00,388811.00,26318.00,19804.00,4530.00,10810.538,856852.00,-1.71,0.29,24691616.00,-7.00,0.00,270671.00,17434838.00
Geo18,2022-09-05,2177579.00,2846356.00,1410482.00,25619.00,33170.00,16433.00,17434.838,856852.00,-0.79,-0.34,23534450.00,4.00,0.00,0.00,18777104.00
Geo18,2022-09-12,1074235.00,1559349.00,2310181.00,12638.00,18172.00,26914.00,18777.104,856852.00,0.07,-1.43,27095936.00,-2.00,0.00,0.00,18543290.00
Geo18,2022-09-19,1316355.00,2345954.00,1125122.00,15487.00,27339.00,13108.00,18543.290,856852.00,1.57,0.81,25051662.00,-1.00,0.04,551062.00,20090022.00
Geo18,2022-09-26,1275899.00,2179592.00,2391749.00,15011.00,25400.00,27865.00,20090.022,856852.00,-1.24,0.98,20663774.00,3.00,0.00,116708.00,17588816.00
Geo18,2022-10-03,2443960.00,1675375.00,1110012.00,28753.00,19524.00,12932.00,17588.816,856852.00,1.69,0.59,20922356.00,-2.00,0.35,216772.00,20090842.00
Geo18,2022-10-10,2679749.00,1464496.00,1328146.00,31527.00,17066.00,15473.00,20090.842,856852.00,2.76,1.15,23771172.00,0.00,1.55,2484494.00,14305151.00
Geo18,2022-10-17,1173950.00,1543017.00,580186.00,13811.00,17982.00,6759.00,14305.151,856852.00,-0.82,-0.47,18643878.00,-4.00,1.19,1229522.00,21007258.00
Geo18,2022-10-24,2157555.00,1255448.00,867538.00,25384.00,14630.00,10107.00,21007.258,856852.00,-1.36,0.97,22818972.00,2.00,1.35,1591969.00,21804776.00
Geo18,2022-10-31,2285864.00,2176160.00,1623319.00,26893.00,25360.00,18912.00,21804.776,856852.00,3.26,0.02,22916310.00,6.00,0.00,975647.00,20495610.00
Geo18,2022-11-07,2581606.00,483810.00,726688.00,30372.00,5638.00,8466.00,20495.610,856852.00,-0.19,1.90,23784168.00,-1.00,0.36,1524010.00,12087571.00
Geo18,2022-11-14,1047840.00,902548.00,299430.00,12328.00,10518.00,3488.00,12087.571,856852.00,1.86,0.13,21510174.00,-4.00,0.68,624105.00,18904868.00
Geo18,2022-11-21,3430735.00,0.00,1401246.00,40362.00,0.00,16325.00,18904.868,856852.00,3.15,-0.57,21310454.00,2.00,0.00,356668.00,15219404.00
Geo18,2022-11-28,2037193.00,1680649.00,1788364.00,23967.00,19585.00,20835.00,15219.404,856852.00,-1.03,-0.09,22800168.00,0.00,0.37,0.00,14437302.00
Geo18,2022-12-05,1452692.00,2365228.00,633506.00,17091.00,27563.00,7381.00,14437.302,856852.00,1.68,-0.75,26231274.00,-3.00,1.40,764872.00,17976606.00
Geo18,2022-12-12,1946694.00,606388.00,1310699.00,22903.00,7067.00,15270.00,17976.606,856852.00,-0.70,-0.23,26985760.00,-2.00,0.95,0.00,23010890.00
Geo18,2022-12-19,2499426.00,1795160.00,2136480.00,29406.00,20920.00,24891.00,23010.890,856852.00,0.35,-0.06,22936794.00,3.00,1.09,0.00,25502258.00
Geo18,2022-12-26,2990244.00,1400920.00,920320.00,35180.00,16326.00,10722.00,25502.258,856852.00,1.39,2.26,23088402.00,4.00,0.22,2596958.00,28362994.00
Geo18,2023-01-02,2611939.00,2125661.00,633670.00,30729.00,24771.00,7382.00,28362.994,856852.00,0.82,1.77,26695190.00,8.00,0.14,1638023.00,16002434.00
Geo18,2023-01-09,1953159.00,777608.00,1190531.00,22979.00,9062.00,13870.00,16002.434,856852.00,-0.30,-0.60,22125782.00,-3.00,0.00,128924.00,19257994.00
Geo18,2023-01-16,1776557.00,1528020.00,1659307.00,20901.00,17807.00,19332.00,19257.994,856852.00,-0.31,0.64,21908716.00,0.00,1.67,342260.00,18905480.00
Geo18,2023-01-23,1284653.00,2086603.00,2459138.00,15114.00,24316.00,28650.00,18905.480,856852.00,-2.20,-0.30,25747108.00,0.00,0.00,0.00,15368375.00
Geo18,2023-01-30,456180.00,2105704.00,1304939.00,5367.00,24539.00,15203.00,15368.375,856852.00,-0.68,0.25,20854630.00,0.00,0.00,626195.00,16446393.00
Geo18,2023-02-06,1109602.00,1429844.00,2479244.00,13054.00,16663.00,28884.00,16446.393,856852.00,-1.23,0.27,21467184.00,-3.00,0.55,726784.00,17845514.00
Geo18,2023-02-13,2930437.00,1642734.00,872380.00,34476.00,19144.00,10164.00,17845.514,856852.00,1.74,-2.17,24650382.00,-2.00,0.00,26737.00,19991368.00
Geo18,2023-02-20,799046.00,1886680.00,1649693.00,9401.00,21986.00,19220.00,19991.368,856852.00,-1.67,-0.71,20219264.00,2.00,0.00,0.00,20987066.00
Geo18,2023-02-27,1078089.00,1619146.00,1680857.00,12684.00,18869.00,19583.00,20987.066,856852.00,-0.88,-0.27,22212566.00,1.00,0.00,0.00,14226279.00
Geo18,2023-03-06,3183261.00,845706.00,1634154.00,37451.00,9855.00,19039.00,14226.279,856852.00,0.01,-0.91,20909314.00,-1.00,1.01,0.00,15764355.00
Geo18,2023-03-13,1568156.00,2503769.00,691476.00,18449.00,29178.00,8056.00,15764.355,856852.00,-0.51,-0.90,21332344.00,-2.00,0.00,0.00,15927556.00
Geo18,2023-03-20,1689419.00,2343907.00,1569809.00,19876.00,27315.00,18289.00,15927.556,856852.00,-0.89,0.77,18777368.00,-3.00,0.00,565295.00,19110688.00
Geo18,2023-03-27,1544767.00,1632529.00,1362144.00,18174.00,19025.00,15869.00,19110.688,856852.00,-1.73,0.79,23286188.00,0.00,0.30,178654.00,24457802.00
Geo18,2023-04-03,3650341.00,1275928.00,1526821.00,42946.00,14869.00,17788.00,24457.802,856852.00,-0.45,0.01,21130466.00,5.00,0.00,744885.00,17090762.00
Geo18,2023-04-10,1626867.00,1925696.00,1451310.00,19140.00,22441.00,16908.00,17090.762,856852.00,-1.80,-1.08,23715828.00,0.00,1.31,0.00,17553642.00
Geo18,2023-04-17,2045009.00,1466047.00,1306096.00,24059.00,17085.00,15217.00,17553.642,856852.00,-1.42,0.21,22318454.00,-2.00,0.01,398282.00,16493025.00
Geo18,2023-04-24,1778537.00,1922638.00,1126997.00,20924.00,22405.00,13130.00,16493.025,856852.00,1.60,-1.18,20780338.00,-2.00,1.34,1329931.00,15890815.00
Geo18,2023-05-01,2524822.00,440522.00,2568072.00,29704.00,5134.00,29919.00,15890.815,856852.00,-1.79,0.16,26215372.00,-3.00,0.00,0.00,19663998.00
Geo18,2023-05-08,2535468.00,1717790.00,1889966.00,29830.00,20018.00,22019.00,19663.998,856852.00,-0.95,-2.11,20286026.00,0.00,1.01,0.00,20246762.00
Geo18,2023-05-15,2292186.00,2545918.00,2372202.00,26967.00,29669.00,27637.00,20246.762,856852.00,-0.10,-0.72,25461286.00,0.00,0.00,0.00,16038749.00
Geo18,2023-05-22,1075024.00,785550.00,2421308.00,12648.00,9154.00,28209.00,16038.749,856852.00,0.52,-1.37,22445684.00,-3.00,1.11,438267.00,28356562.00
Geo18,2023-05-29,1557156.00,1629072.00,885464.00,18320.00,18984.00,10316.00,28356.562,856852.00,0.37,-0.94,25474780.00,7.00,0.68,2002695.00,26113668.00
Geo18,2023-06-05,744690.00,2689198.00,569154.00,8761.00,31339.00,6631.00,26113.668,856852.00,-1.30,-0.75,21950274.00,5.00,0.00,512917.00,21255854.00
Geo18,2023-06-12,1373806.00,2076535.00,1424881.00,16163.00,24199.00,16600.00,21255.854,856852.00,-1.29,-2.11,22977296.00,3.00,0.99,0.00,17694058.00
Geo18,2023-06-19,1957578.00,1405259.00,1794583.00,23031.00,16376.00,20908.00,17694.058,856852.00,0.79,-0.44,21027226.00,-2.00,0.43,1889318.00,19291352.00
Geo18,2023-06-26,1526223.00,1365650.00,1210248.00,17956.00,15915.00,14100.00,19291.352,856852.00,-0.22,-0.56,20916728.00,-3.00,1.28,261389.00,17827066.00
Geo18,2023-07-03,1720926.00,1439277.00,961470.00,20247.00,16773.00,11201.00,17827.066,856852.00,0.33,1.76,19730466.00,-3.00,0.36,995032.00,25693992.00
Geo18,2023-07-10,1796101.00,1817916.00,549279.00,21131.00,21185.00,6399.00,25693.992,856852.00,-0.21,-0.23,22483550.00,4.00,0.00,0.00,20542074.00
Geo18,2023-07-17,2318590.00,1850521.00,1813372.00,27278.00,21565.00,21126.00,20542.074,856852.00,0.09,1.44,21870142.00,3.00,1.11,605552.00,20288016.00
Geo18,2023-07-24,528844.00,1404705.00,1804464.00,6222.00,16370.00,21023.00,20288.016,856852.00,-0.40,-1.01,21256416.00,1.00,0.91,0.00,18180346.00
Geo18,2023-07-31,1789207.00,1135397.00,1960496.00,21050.00,13231.00,22841.00,18180.346,856852.00,1.27,-1.73,21766496.00,0.00,0.80,115153.00,18943608.00
Geo18,2023-08-07,1103440.00,1330724.00,1487669.00,12982.00,15508.00,17332.00,18943.608,856852.00,-1.09,0.81,20760588.00,0.00,2.62,1314015.00,19821328.00
Geo18,2023-08-14,2476952.00,2781768.00,1592413.00,29141.00,32417.00,18552.00,19821.328,856852.00,1.73,-1.06,25166874.00,1.00,0.00,510810.00,19601604.00
Geo18,2023-08-21,3260360.00,1344233.00,1095644.00,38358.00,15665.00,12765.00,19601.604,856852.00,1.25,-0.70,23329514.00,0.00,0.00,0.00,15031495.00
Geo18,2023-08-28,1875547.00,1259202.00,1361578.00,22066.00,14674.00,15863.00,15031.495,856852.00,0.81,0.85,21683702.00,-5.00,0.00,1069059.00,24582952.00
Geo18,2023-09-04,1462925.00,1533593.00,2550476.00,17211.00,17872.00,29714.00,24582.952,856852.00,0.57,0.59,22526746.00,4.00,0.00,247275.00,20979042.00
Geo18,2023-09-11,3324735.00,1290262.00,1630429.00,39115.00,15036.00,18995.00,20979.042,856852.00,1.47,-2.47,24365790.00,2.00,0.40,0.00,22932108.00
Geo18,2023-09-18,1250998.00,1802004.00,1756665.00,14718.00,21000.00,20466.00,22932.108,856852.00,2.08,0.67,25282586.00,4.00,0.00,0.00,15467016.00
Geo18,2023-09-25,2618826.00,1469758.00,927654.00,30810.00,17128.00,10808.00,15467.016,856852.00,-0.46,1.27,22975264.00,1.00,0.00,1887939.00,18132692.00
Geo18,2023-10-02,1110620.00,1609919.00,911332.00,13066.00,18761.00,10617.00,18132.692,856852.00,0.00,1.87,24835054.00,-2.00,1.34,2139222.00,24489362.00
Geo18,2023-10-09,2591709.00,1646475.00,1346387.00,30491.00,19187.00,15686.00,24489.362,856852.00,-0.83,2.07,24459444.00,4.00,0.00,1583707.00,19560588.00
Geo18,2023-10-16,1716632.00,1859471.00,2264257.00,20196.00,21669.00,26379.00,19560.588,856852.00,1.87,0.25,26413356.00,-2.00,0.18,1490472.00,16086987.00
Geo18,2023-10-23,1369356.00,0.00,1037627.00,16110.00,0.00,12089.00,16086.987,856852.00,-0.21,-0.26,21761534.00,-1.00,0.46,962343.00,27782286.00
Geo18,2023-10-30,1574999.00,889271.00,1781608.00,18530.00,10363.00,20756.00,27782.286,856852.00,1.64,-0.04,23643760.00,6.00,1.28,1495292.00,25421800.00
Geo18,2023-11-06,1925570.00,2400097.00,1486203.00,22654.00,27969.00,17315.00,25421.800,856852.00,-0.09,1.38,23494770.00,3.00,0.28,490323.00,21310136.00
Geo18,2023-11-13,1120556.00,2300338.00,1966106.00,13183.00,26807.00,22906.00,21310.136,856852.00,1.13,0.62,24691298.00,2.00,0.61,1137201.00,19868220.00
Geo18,2023-11-20,2536308.00,835856.00,636680.00,29840.00,9741.00,7418.00,19868.220,856852.00,-0.01,0.05,20172564.00,1.00,1.48,1821000.00,15897763.00
Geo18,2023-11-27,1609581.00,2062032.00,315682.00,18937.00,24030.00,3678.00,15897.763,856852.00,2.19,-0.01,25328106.00,-3.00,0.00,551009.00,14630568.00
Geo18,2023-12-04,2325412.00,1680273.00,947875.00,27358.00,19581.00,11043.00,14630.568,856852.00,-1.49,-1.27,24332022.00,-1.00,0.51,323503.00,16178151.00
Geo18,2023-12-11,1725939.00,788434.00,1877741.00,20306.00,9188.00,21876.00,16178.151,856852.00,-0.09,-0.10,24288762.00,-3.00,0.56,2040996.00,15200957.00
Geo18,2023-12-18,2369001.00,1853356.00,1421442.00,27871.00,21598.00,16560.00,15200.957,856852.00,-0.10,0.56,22055660.00,-2.00,0.00,389438.00,22255086.00
Geo18,2023-12-25,1922474.00,1414184.00,504422.00,22618.00,16480.00,5877.00,22255.086,856852.00,-1.76,0.40,19125842.00,4.00,2.28,605609.00,18325592.00
Geo18,2024-01-01,1426777.00,1379886.00,787696.00,16786.00,16080.00,9177.00,18325.592,856852.00,0.97,-1.76,24739808.00,-3.00,0.12,0.00,13564233.00
Geo18,2024-01-08,1997677.00,762927.00,1549772.00,23503.00,8891.00,18055.00,13564.233,856852.00,0.45,1.38,20133518.00,-2.00,0.64,2483578.00,20021146.00
Geo18,2024-01-15,2466434.00,1268817.00,970884.00,29017.00,14786.00,11311.00,20021.146,856852.00,0.25,0.58,23456674.00,0.00,0.58,767505.00,24321996.00
Geo19,2021-01-25,3251882.00,1200408.00,1627901.00,38258.00,13989.00,18966.00,24321.996,987610.00,1.20,2.09,19687094.00,1.00,0.00,752736.00,20469816.00
Geo19,2021-02-01,1581297.00,769259.00,2171138.00,18604.00,8965.00,25295.00,20469.816,987610.00,-1.08,-1.29,20188376.00,0.00,0.00,0.00,25698780.00
Geo19,2021-02-08,1886511.00,1281565.00,2466626.00,22195.00,14935.00,28737.00,25698.780,987610.00,-0.61,-0.50,24361896.00,1.00,0.00,0.00,24221408.00
Geo19,2021-02-15,161277.00,1087567.00,2194862.00,1897.00,12674.00,25571.00,24221.408,987610.00,0.40,0.35,20433078.00,3.00,0.43,0.00,22108066.00
Geo19,2021-02-22,1932390.00,2429035.00,2200409.00,22734.00,28307.00,25636.00,22108.066,987610.00,-0.48,0.01,20705200.00,0.00,0.58,0.00,22438638.00
Geo19,2021-03-01,2400869.00,1659640.00,1523359.00,28246.00,19341.00,17748.00,22438.638,987610.00,0.05,0.19,17287212.00,0.00,0.00,19427.00,24757774.00
Geo19,2021-03-08,2974466.00,676268.00,1273781.00,34994.00,7881.00,14840.00,24757.774,987610.00,-1.57,-0.05,22150358.00,2.00,0.00,247081.00,21641408.00
Geo19,2021-03-15,940323.00,822925.00,2198507.00,11063.00,9590.00,25613.00,21641.408,987610.00,1.00,0.21,22665812.00,-1.00,1.56,713844.00,23614904.00
Geo19,2021-03-22,2778892.00,865983.00,1994594.00,32694.00,10092.00,23238.00,23614.904,987610.00,-0.46,0.86,26556812.00,1.00,0.33,556290.00,27900376.00
Geo19,2021-03-29,1318752.00,1118110.00,1013697.00,15515.00,13030.00,11810.00,27900.376,987610.00,1.03,-0.04,23003738.00,3.00,0.73,751740.00,21053694.00
Geo19,2021-04-05,2940221.00,1013915.00,1860584.00,34592.00,11816.00,21677.00,21053.694,987610.00,0.23,0.70,26995026.00,-2.00,1.19,674118.00,28549942.00
Geo19,2021-04-12,2878684.00,2462164.00,1812425.00,33868.00,28693.00,21115.00,28549.942,987610.00,-0.78,-0.31,23609226.00,2.00,0.00,0.00,17328196.00
Geo19,2021-04-19,2449353.00,1847724.00,1767672.00,28817.00,21532.00,20594.00,17328.196,987610.00,-2.15,-1.72,22543736.00,-5.00,0.00,13850.00,29951754.00
Geo19,2021-04-26,2228015.00,1189805.00,981255.00,26213.00,13865.00,11432.00,29951.754,987610.00,-0.74,0.39,29391454.00,4.00,0.43,594985.00,15391581.00
Geo19,2021-05-03,1182157.00,350313.00,1657725.00,13908.00,4082.00,19313.00,15391.581,987610.00,2.06,1.27,24532456.00,-4.00,2.20,403928.00,26549092.00
Geo19,2021-05-10,2355686.00,1161446.00,2018558.00,27715.00,13535.00,23517.00,26549.092,987610.00,-0.16,0.26,26585548.00,2.00,1.39,0.00,28840294.00
Geo19,2021-05-17,2242496.00,1386265.00,2788700.00,26383.00,16155.00,32489.00,28840.294,987610.00,-1.33,0.00,22249774.00,4.00,0.00,0.00,19427846.00
Geo19,2021-05-24,1649969.00,190541.00,1140013.00,19412.00,2220.00,13282.00,19427.846,987610.00,-0.80,2.46,21582710.00,-1.00,0.71,390640.00,26241484.00
Geo19,2021-05-31,2073562.00,1105998.00,1679843.00,24395.00,12889.00,19571.00,26241.484,987610.00,1.37,0.54,27512478.00,1.00,0.00,0.00,25401342.00
Geo19,2021-06-07,2481884.00,2165250.00,2530325.00,29199.00,25233.00,29479.00,25401.342,987610.00,0.97,1.31,25901046.00,1.00,0.33,720940.00,25156240.00
Geo19,2021-06-14,2164624.00,764264.00,2012414.00,25467.00,8906.00,23445.00,25156.240,987610.00,-2.05,1.45,26758322.00,1.00,0.49,253444.00,24641136.00
Geo19,2021-06-21,2073537.00,2097278.00,2366548.00,24395.00,24441.00,27571.00,24641.136,987610.00,0.77,-2.02,24278556.00,1.00,0.21,0.00,19535834.00
Geo19,2021-06-28,2264828.00,2372146.00,1240879.00,26646.00,27644.00,14457.00,19535.834,987610.00,-0.36,-2.00,27060732.00,-2.00,0.37,0.00,21583880.00
Geo19,2021-07-05,2258660.00,848228.00,2593415.00,26573.00,9885.00,30214.00,21583.880,987610.00,-1.75,0.38,24854076.00,-1.00,0.00,415958.00,24605282.00
Geo19,2021-07-12,2278945.00,1150433.00,1344180.00,26812.00,13407.00,15660.00,24605.282,987610.00,-0.57,-0.38,26313960.00,0.00,0.00,0.00,29868696.00
Geo19,2021-07-19,2338244.00,1362856.00,1170627.00,27509.00,15882.00,13638.00,29868.696,987610.00,1.35,0.48,25557294.00,2.00,1.33,1593047.00,29168458.00
Geo19,2021-07-26,3104019.00,2112552.00,2256358.00,36519.00,24619.00,26287.00,29168.458,987610.00,2.00,0.77,25422686.00,4.00,0.15,875760.00,20552814.00
Geo19,2021-08-02,1583301.00,2563875.00,2262605.00,18627.00,29878.00,26360.00,20552.814,987610.00,1.58,-0.45,27923594.00,-2.00,1.30,373803.00,28198984.00
Geo19,2021-08-09,1678882.00,2138087.00,2193508.00,19752.00,24916.00,25555.00,28198.984,987610.00,-0.73,0.24,25273130.00,4.00,0.34,236830.00,9451129.00
Geo19,2021-08-16,983135.00,1575958.00,1583232.00,11567.00,18365.00,18445.00,9451.129,987610.00,2.04,-1.81,27527672.00,-9.00,0.53,0.00,25790574.00
Geo19,2021-08-23,2636129.00,1607678.00,2485707.00,31014.00,18735.00,28959.00,25790.574,987610.00,-0.93,1.47,24875782.00,0.00,0.02,752.00,23850026.00
Geo19,2021-08-30,2375190.00,1921547.00,3385636.00,27944.00,22393.00,39444.00,23850.026,987610.00,0.70,-0.95,30117968.00,0.00,1.10,0.00,18667670.00
Geo19,2021-09-06,1926834.00,1598834.00,1338720.00,22669.00,18632.00,15597.00,18667.670,987610.00,1.65,1.06,24258922.00,-1.00,0.00,35474.00,24587332.00
Geo19,2021-09-13,879689.00,2258599.00,2543342.00,10350.00,26321.00,29631.00,24587.332,987610.00,0.74,1.21,23290362.00,0.00,1.41,956320.00,26555810.00
Geo19,2021-09-20,3665878.00,2248406.00,1648136.00,43129.00,26202.00,19201.00,26555.810,987610.00,-2.10,0.90,27426988.00,4.00,0.00,403441.00,22943074.00
Geo19,2021-09-27,2555986.00,2945263.00,2799356.00,30071.00,34323.00,32614.00,22943.074,987610.00,3.00,1.11,25195128.00,1.00,0.00,979364.00,25245634.00
Geo19,2021-10-04,2570644.00,1249618.00,1929765.00,30244.00,14562.00,22482.00,25245.634,987610.00,-0.40,2.73,23632004.00,1.00,1.85,660712.00,24461530.00
Geo19,2021-10-11,1639455.00,1550508.00,2402293.00,19288.00,18069.00,27988.00,24461.530,987610.00,0.51,-0.54,26513684.00,0.00,4.80,838054.00,31350978.00
Geo19,2021-10-18,2321907.00,2165542.00,1700900.00,27317.00,25236.00,19816.00,31350.978,987610.00,-0.12,0.09,25577742.00,6.00,0.16,208718.00,21155836.00
Geo19,2021-10-25,2395017.00,1120153.00,2121448.00,28177.00,13054.00,24716.00,21155.836,987610.00,-0.87,3.05,27190198.00,-1.00,0.00,612860.00,18035560.00
Geo19,2021-11-01,2791516.00,2176170.00,2163150.00,32842.00,25360.00,25202.00,18035.560,987610.00,-1.15,1.89,24966086.00,-4.00,1.28,987781.00,15141337.00
Geo19,2021-11-08,2624992.00,1971012.00,1896208.00,30883.00,22969.00,22092.00,15141.337,987610.00,0.25,0.15,26605748.00,-4.00,1.94,528649.00,23582014.00
Geo19,2021-11-15,1185316.00,2632056.00,1343738.00,13945.00,30673.00,15655.00,23582.014,987610.00,0.79,1.77,25117942.00,3.00,0.93,1323640.00,24125552.00
Geo19,2021-11-22,3183585.00,1910993.00,1419920.00,37455.00,22270.00,16543.00,24125.552,987610.00,0.38,-0.11,26088642.00,0.00,0.00,86432.00,22812208.00
Geo19,2021-11-29,3175018.00,1406286.00,1600158.00,37354.00,16388.00,18642.00,22812.208,987610.00,1.24,-1.32,26910360.00,-1.00,0.24,1671.00,26580350.00
Geo19,2021-12-06,2271128.00,1607334.00,2619572.00,26720.00,18731.00,30519.00,26580.350,987610.00,0.11,1.85,27875496.00,5.00,2.24,1441317.00,25518586.00
Geo19,2021-12-13,2470532.00,1874532.00,608540.00,29066.00,21845.00,7090.00,25518.586,987610.00,-0.24,0.07,25427606.00,3.00,0.10,993427.00,6389387.00
Geo19,2021-12-20,3237004.00,428463.00,2119094.00,38083.00,4993.00,24688.00,6389.387,987610.00,-0.09,-1.63,29938694.00,-12.00,0.63,17505.00,20825124.00
Geo19,2021-12-27,2726064.00,1584050.00,1707138.00,32072.00,18460.00,19889.00,20825.124,987610.00,1.54,0.08,27566576.00,0.00,0.12,442371.00,20330110.00
Geo19,2022-01-03,1415412.00,2083556.00,2730133.00,16652.00,24281.00,31807.00,20330.110,987610.00,-1.18,-1.32,23903826.00,-4.00,0.00,68228.00,19920966.00
Geo19,2022-01-10,2192596.00,2175364.00,466014.00,25796.00,25351.00,5429.00,19920.966,987610.00,-1.22,1.39,32459100.00,0.00,0.66,1006878.00,21277890.00
Geo19,2022-01-17,2706410.00,2617966.00,1199686.00,31841.00,30508.00,13977.00,21277.890,987610.00,-0.94,1.02,27826574.00,0.00,0.00,743089.00,24072446.00
Geo19,2022-01-24,1799881.00,1356796.00,2648235.00,21176.00,15811.00,30853.00,24072.446,987610.00,-0.75,0.31,23371236.00,3.00,0.00,762532.00,25871944.00
Geo19,2022-01-31,3316551.00,1954622.00,847901.00,39019.00,22778.00,9878.00,25871.944,987610.00,0.27,-1.59,25259820.00,1.00,0.00,0.00,22505832.00
Geo19,2022-02-07,2065356.00,2509073.00,2208894.00,24299.00,29239.00,25734.00,22505.832,987610.00,-2.18,-0.79,23255982.00,-1.00,0.00,0.00,22637082.00
Geo19,2022-02-14,1963308.00,1082912.00,1390727.00,23098.00,12620.00,16202.00,22637.082,987610.00,0.23,1.03,25950912.00,2.00,0.00,712125.00,19765698.00
Geo19,2022-02-21,1799547.00,1144338.00,1226864.00,21172.00,13336.00,14293.00,19765.698,987610.00,2.08,0.52,25689042.00,-2.00,0.30,637906.00,25112654.00
Geo19,2022-02-28,2476510.00,1618984.00,1529773.00,29136.00,18867.00,17822.00,25112.654,987610.00,-0.25,-0.38,23889384.00,3.00,0.00,40332.00,17043756.00
Geo19,2022-03-07,1656087.00,1543311.00,1248486.00,19484.00,17985.00,14545.00,17043.756,987610.00,-0.79,0.01,26257720.00,-4.00,0.00,173854.00,18733828.00
Geo19,2022-03-14,2246269.00,3328663.00,1793572.00,26427.00,38791.00,20896.00,18733.828,987610.00,-0.93,-0.46,24065068.00,-1.00,0.00,459992.00,18030744.00
Geo19,2022-03-21,51125.00,928036.00,1654999.00,601.00,10815.00,19281.00,18030.744,987610.00,-1.96,-1.90,23184080.00,-4.00,3.50,866518.00,27600638.00
Geo19,2022-03-28,2502803.00,2292100.00,1992060.00,29445.00,26711.00,23208.00,27600.638,987610.00,-1.89,0.36,20554294.00,4.00,0.98,854446.00,30114400.00
Geo19,2022-04-04,1039778.00,406509.00,3379057.00,12233.00,4737.00,39367.00,30114.400,987610.00,1.15,0.30,24554046.00,6.00,1.56,736461.00,28121388.00
Geo19,2022-04-11,2031934.00,1001284.00,1587431.00,23906.00,11668.00,18494.00,28121.388,987610.00,0.14,-2.11,24582128.00,5.00,0.00,0.00,28085212.00
Geo19,2022-04-18,2999699.00,2267608.00,1574317.00,35291.00,26426.00,18341.00,28085.212,987610.00,-1.23,-0.62,22117712.00,7.00,0.00,0.00,15585240.00
Geo19,2022-04-25,2991093.00,3156087.00,1435811.00,35190.00,36779.00,16728.00,15585.240,987610.00,0.13,-1.70,26079466.00,-6.00,0.30,489965.00,21564924.00
Geo19,2022-05-02,2172010.00,2139470.00,911077.00,25554.00,24932.00,10614.00,21564.924,987610.00,2.33,-1.00,19450248.00,-1.00,0.00,1235812.00,13591185.00
Geo19,2022-05-09,1864049.00,217713.00,1763366.00,21930.00,2537.00,20544.00,13591.185,987610.00,-2.32,1.72,23836044.00,-4.00,0.33,645435.00,14658335.00
Geo19,2022-05-16,2767448.00,480250.00,2362577.00,32559.00,5597.00,27525.00,14658.335,987610.00,0.67,-1.25,26236236.00,-5.00,0.00,0.00,27757332.00
Geo19,2022-05-23,2890776.00,1657392.00,1780380.00,34010.00,19314.00,20742.00,27757.332,987610.00,0.43,1.20,23097150.00,4.00,1.35,1297212.00,19989326.00
Geo19,2022-05-30,2335556.00,1674123.00,2281805.00,27478.00,19509.00,26584.00,19989.326,987610.00,-0.86,-1.62,27100304.00,-3.00,0.00,0.00,18895700.00
Geo19,2022-06-06,3388052.00,1601630.00,2298108.00,39860.00,18665.00,26774.00,18895.700,987610.00,-1.56,0.82,23319312.00,-4.00,1.12,1280548.00,27389306.00
Geo19,2022-06-13,2145019.00,2494048.00,2250365.00,25236.00,29064.00,26218.00,27389.306,987610.00,0.15,0.24,25101000.00,1.00,1.48,917928.00,21858016.00
Geo19,2022-06-20,2295662.00,1347666.00,1187348.00,27008.00,15705.00,13833.00,21858.016,987610.00,-2.25,-0.55,24620838.00,0.00,0.00,0.00,17022260.00
Geo19,2022-06-27,2107045.00,2506366.00,3141501.00,24789.00,29208.00,36600.00,17022.260,987610.00,-0.01,-0.15,20906384.00,-4.00,0.90,33776.00,30412752.00
Geo19,2022-07-04,3453636.00,2039234.00,2187722.00,40632.00,23764.00,25488.00,30412.752,987610.00,0.72,2.29,27492580.00,4.00,0.00,551016.00,25501872.00
Geo19,2022-07-11,2383166.00,1438310.00,1697949.00,28038.00,16761.00,19782.00,25501.872,987610.00,-0.55,1.48,24957264.00,3.00,0.86,857659.00,15930331.00
Geo19,2022-07-18,1806177.00,2008504.00,1091499.00,21250.00,23406.00,12716.00,15930.331,987610.00,0.57,1.12,28835694.00,-2.00,0.12,647119.00,28381344.00
Geo19,2022-07-25,1353906.00,1806369.00,1958761.00,15929.00,21050.00,22820.00,28381.344,987610.00,-0.08,1.62,23868582.00,3.00,0.96,588990.00,17286008.00
Geo19,2022-08-01,2239636.00,637808.00,1098494.00,26349.00,7433.00,12798.00,17286.008,987610.00,-1.28,-0.56,25579772.00,-3.00,0.00,85947.00,20463058.00
Geo19,2022-08-08,1273779.00,450168.00,1872171.00,14986.00,5246.00,21812.00,20463.058,987610.00,-0.02,0.11,23294270.00,1.00,0.00,731324.00,18037832.00
Geo19,2022-08-15,1682921.00,1510191.00,2416138.00,19799.00,17599.00,28149.00,18037.832,987610.00,-0.10,1.23,26345796.00,-2.00,0.51,0.00,27804486.00
Geo19,2022-08-22,3220100.00,1790292.00,1439828.00,37884.00,20863.00,16775.00,27804.486,987610.00,-0.26,-0.61,27373002.00,4.00,1.60,1383758.00,20008536.00
Geo19,2022-08-29,1483534.00,2421700.00,1270723.00,17454.00,28221.00,14804.00,20008.536,987610.00,2.10,-0.92,24477224.00,0.00,0.00,0.00,17516380.00
Geo19,2022-09-05,3171320.00,2275051.00,2128018.00,37310.00,26512.00,24792.00,17516.380,987610.00,-0.88,0.21,24615972.00,0.00,1.49,222883.00,33170794.00
Geo19,2022-09-12,1517394.00,2983853.00,2124788.00,17852.00,34772.00,24755.00,33170.794,987610.00,0.41,1.22,28412252.00,6.00,0.07,705341.00,25382216.00
Geo19,2022-09-19,1739255.00,1992994.00,857160.00,20462.00,23225.00,9986.00,25382.216,987610.00,0.59,-1.00,27611006.00,1.00,0.24,443048.00,20671050.00
Geo19,2022-09-26,1303205.00,3834181.00,1758204.00,15332.00,44682.00,20484.00,20671.050,987610.00,1.48,-1.33,23046286.00,0.00,1.12,661139.00,18050274.00
Geo19,2022-10-03,1711560.00,1451201.00,1770098.00,20136.00,16912.00,20622.00,18050.274,987610.00,3.46,-0.97,21654020.00,-4.00,0.00,471151.00,21572356.00
Geo19,2022-10-10,3391879.00,1832290.00,2598180.00,39905.00,21353.00,30270.00,21572.356,987610.00,-0.61,0.29,25497016.00,-1.00,0.43,162870.00,23825706.00
Geo19,2022-10-17,2189770.00,939140.00,1438777.00,25763.00,10944.00,16762.00,23825.706,987610.00,-0.75,0.59,21337438.00,0.00,0.00,0.00,36395196.00
Geo19,2022-10-24,3099618.00,2662589.00,1532781.00,36467.00,31028.00,17857.00,36395.196,987610.00,2.30,1.69,25338534.00,11.00,0.63,1249196.00,23282786.00
Geo19,2022-10-31,2889752.00,1233559.00,2119323.00,33998.00,14375.00,24691.00,23282.786,987610.00,0.31,-1.72,25989842.00,5.00,0.00,409656.00,25061432.00
Geo19,2022-11-07,3496765.00,1159454.00,1748200.00,41139.00,13512.00,20367.00,25061.432,987610.00,1.00,1.55,26376888.00,-2.00,1.05,1044736.00,22437100.00
Geo19,2022-11-14,2265037.00,1087504.00,0.00,26648.00,12673.00,0.00,22437.100,987610.00,2.24,1.33,26054374.00,1.00,1.48,876554.00,16756646.00
Geo19,2022-11-21,3688596.00,1973091.00,2403961.00,43396.00,22993.00,28007.00,16756.646,987610.00,-1.38,1.55,23353508.00,-4.00,0.00,556594.00,20452706.00
Geo19,2022-11-28,1965168.00,1813756.00,1963101.00,23120.00,21137.00,22871.00,20452.706,987610.00,-0.30,-1.39,26609774.00,1.00,0.00,34202.00,19760882.00
Geo19,2022-12-05,2567480.00,2338954.00,2282522.00,30206.00,27257.00,26592.00,19760.882,987610.00,0.73,-0.74,29282360.00,-2.00,0.71,619296.00,25711568.00
Geo19,2022-12-12,3049291.00,2790903.00,2542047.00,35875.00,32524.00,29616.00,25711.568,987610.00,-0.51,-1.50,30986476.00,1.00,0.66,0.00,18350282.00
Geo19,2022-12-19,1908216.00,1256441.00,2437261.00,22450.00,14642.00,28395.00,18350.282,987610.00,1.23,-0.48,26334602.00,-4.00,0.17,0.00,23159952.00
Geo19,2022-12-26,2669266.00,1266062.00,1818989.00,31404.00,14754.00,21192.00,23159.952,987610.00,2.16,0.29,25549922.00,-2.00,3.12,817888.00,11795409.00
Geo19,2023-01-02,1803506.00,2391468.00,878705.00,21218.00,27869.00,10237.00,11795.409,987610.00,0.29,0.00,28523658.00,-8.00,0.87,0.00,20047692.00
Geo19,2023-01-09,2109686.00,1935545.00,1559739.00,24820.00,22556.00,18172.00,20047.692,987610.00,-1.72,0.86,23810446.00,-2.00,0.76,112155.00,20944894.00
Geo19,2023-01-16,1582568.00,1142206.00,1461934.00,18619.00,13311.00,17032.00,20944.894,987610.00,-0.20,0.02,22867194.00,0.00,0.00,420248.00,24174226.00
Geo19,2023-01-23,879030.00,1549266.00,1549886.00,10342.00,18054.00,18057.00,24174.226,987610.00,-0.98,0.79,28222154.00,2.00,0.00,0.00,19445506.00
Geo19,2023-01-30,1448127.00,2709481.00,1768027.00,17037.00,31575.00,20598.00,19445.506,987610.00,-0.97,1.04,22092244.00,0.00,0.00,119017.00,18181976.00
Geo19,2023-02-06,2184925.00,2179848.00,2705952.00,25706.00,25403.00,31525.00,18181.976,987610.00,-0.60,0.23,23907488.00,-4.00,0.00,170127.00,24724534.00
Geo19,2023-02-13,2513459.00,1212490.00,1814391.00,29571.00,14130.00,21138.00,24724.534,987610.00,0.93,0.73,27095850.00,0.00,0.65,388734.00,15983296.00
Geo19,2023-02-20,2005508.00,1785972.00,2089767.00,23595.00,20813.00,24347.00,15983.296,987610.00,-1.25,-1.86,22273728.00,-3.00,1.07,0.00,23974046.00
Geo19,2023-02-27,2266597.00,1645754.00,2035877.00,26666.00,19179.00,23719.00,23974.046,987610.00,0.41,0.07,26014330.00,0.00,0.00,0.00,17655150.00
Geo19,2023-03-06,2963196.00,622380.00,2108760.00,34862.00,7253.00,24568.00,17655.150,987610.00,-1.55,0.14,23356790.00,-1.00,1.64,423890.00,26037044.00
Geo19,2023-03-13,2392295.00,2569746.00,1218876.00,28145.00,29946.00,14200.00,26037.044,987610.00,-2.33,-0.61,24714820.00,3.00,0.00,301654.00,27030388.00
Geo19,2023-03-20,2944809.00,2545189.00,2428429.00,34646.00,29660.00,28292.00,27030.388,987610.00,-0.04,0.48,22132268.00,3.00,0.00,282995.00,19344444.00
Geo19,2023-03-27,2881890.00,940223.00,832116.00,33905.00,10957.00,9694.00,19344.444,987610.00,-1.60,0.03,27483832.00,-3.00,0.93,0.00,19752290.00
Geo19,2023-04-03,2433724.00,2121006.00,796871.00,28633.00,24717.00,9284.00,19752.290,987610.00,0.75,0.30,23545624.00,-3.00,1.63,1412448.00,21212596.00
Geo19,2023-04-10,2232724.00,2390508.00,1631095.00,26268.00,27858.00,19003.00,21212.596,987610.00,0.13,-0.28,25284740.00,1.00,0.00,171893.00,19490262.00
Geo19,2023-04-17,4076378.00,2508220.00,2245209.00,47958.00,29229.00,26158.00,19490.262,987610.00,0.41,-1.72,27438864.00,-3.00,0.00,0.00,22163840.00
Geo19,2023-04-24,2727909.00,2562524.00,2013760.00,32094.00,29862.00,23461.00,22163.840,987610.00,-0.66,-1.62,24234836.00,-1.00,0.00,0.00,23482772.00
Geo19,2023-05-01,3503890.00,2551947.00,2074154.00,41223.00,29739.00,24165.00,23482.772,987610.00,0.78,-0.95,29950256.00,0.00,0.69,141883.00,24084392.00
Geo19,2023-05-08,2405224.00,1537718.00,1129302.00,28297.00,17920.00,13157.00,24084.392,987610.00,-2.14,-2.27,23807476.00,1.00,0.00,0.00,29895002.00
Geo19,2023-05-15,2371162.00,1930450.00,2446524.00,27897.00,22496.00,28503.00,29895.002,987610.00,-1.61,-0.19,28813434.00,5.00,1.04,0.00,24946028.00
Geo19,2023-05-22,1432269.00,1185956.00,2511734.00,16851.00,13821.00,29263.00,24946.028,987610.00,-0.80,0.49,25433350.00,0.00,0.00,0.00,20457966.00
Geo19,2023-05-29,1779958.00,1668846.00,1848811.00,20941.00,19448.00,21539.00,20457.966,987610.00,1.97,-1.41,29614770.00,-3.00,0.37,31765.00,26060726.00
Geo19,2023-06-05,861372.00,2522298.00,313449.00,10134.00,29394.00,3652.00,26060.726,987610.00,-0.69,0.34,23523002.00,1.00,0.68,537790.00,21366258.00
Geo19,2023-06-12,2123502.00,1463842.00,1180054.00,24983.00,17059.00,13748.00,21366.258,987610.00,-0.71,-0.26,25339322.00,0.00,0.44,104201.00,23002162.00
Geo19,2023-06-19,1893149.00,3742468.00,1015571.00,22273.00,43613.00,11832.00,23002.162,987610.00,-1.73,0.82,23183874.00,0.00,2.96,643674.00,26944924.00
Geo19,2023-06-26,1635764.00,1087216.00,2506608.00,19245.00,12670.00,29203.00,26944.924,987610.00,-0.37,-0.59,23364628.00,1.00,1.77,0.00,26961504.00
Geo19,2023-07-03,1863046.00,2033464.00,1287024.00,21919.00,23697.00,14994.00,26961.504,987610.00,-1.73,-0.35,21626322.00,1.00,0.50,148816.00,36007024.00
Geo19,2023-07-10,1410935.00,2767028.00,1400349.00,16600.00,32246.00,16315.00,36007.024,987610.00,0.68,-0.02,25561402.00,8.00,0.00,0.00,20909678.00
Geo19,2023-07-17,2346402.00,2064774.00,933696.00,27605.00,24062.00,10878.00,20909.678,987610.00,1.50,0.34,23543014.00,0.00,0.00,512627.00,23417766.00
Geo19,2023-07-24,632059.00,587937.00,1680234.00,7436.00,6852.00,19575.00,23417.766,987610.00,-0.53,0.11,24012278.00,1.00,0.00,101147.00,17357492.00
Geo19,2023-07-31,1300514.00,1228824.00,2388580.00,15300.00,14320.00,27828.00,17357.492,987610.00,3.50,-1.48,23015890.00,-4.00,2.41,622883.00,26802314.00
Geo19,2023-08-07,1977630.00,1555157.00,1866271.00,23267.00,18123.00,21743.00,26802.314,987610.00,-1.52,-1.25,22583722.00,3.00,1.63,490648.00,25944616.00
Geo19,2023-08-14,1884107.00,2169716.00,702518.00,22166.00,25285.00,8185.00,25944.616,987610.00,0.25,-0.02,26278388.00,3.00,1.12,0.00,19122042.00
Geo19,2023-08-21,2139608.00,2168827.00,0.00,25172.00,25274.00,0.00,19122.042,987610.00,-1.29,0.08,24084504.00,-3.00,1.21,780724.00,25037584.00
Geo19,2023-08-28,2338786.00,1119579.00,1681012.00,27516.00,13047.00,19584.00,25037.584,987610.00,0.89,0.45,24355160.00,1.00,0.04,1074815.00,26614768.00
Geo19,2023-09-04,1635573.00,1489800.00,2133410.00,19242.00,17361.00,24855.00,26614.768,987610.00,1.05,0.25,23931560.00,3.00,1.34,1201871.00,23150094.00
Geo19,2023-09-11,3298239.00,768729.00,888134.00,38804.00,8958.00,10347.00,23150.094,987610.00,0.63,-0.19,26363570.00,1.00,0.00,196882.00,24775342.00
Geo19,2023-09-18,1962033.00,1482829.00,1710183.00,23083.00,17280.00,19924.00,24775.342,987610.00,0.46,-1.40,25702022.00,2.00,0.10,337128.00,10595087.00
Geo19,2023-09-25,3068023.00,1788694.00,527048.00,36095.00,20845.00,6140.00,10595.087,987610.00,1.00,1.00,25239316.00,-5.00,0.80,656537.00,23696190.00
Geo19,2023-10-02,2069278.00,2149309.00,1475906.00,24345.00,25047.00,17195.00,23696.190,987610.00,0.19,-0.12,27578406.00,0.00,0.67,613430.00,20828076.00
Geo19,2023-10-09,2236959.00,1458713.00,1834803.00,26318.00,16999.00,21376.00,20828.076,987610.00,0.79,1.05,26136666.00,-3.00,0.39,1563075.00,22171178.00
Geo19,2023-10-16,2547599.00,2284100.00,1774475.00,29972.00,26618.00,20673.00,22171.178,987610.00,0.03,1.52,29943938.00,-3.00,0.00,914164.00,25826142.00
Geo19,2023-10-23,1257016.00,1346698.00,1740877.00,14789.00,15694.00,20282.00,25826.142,987610.00,-0.46,0.44,24095914.00,4.00,2.67,1095552.00,21380056.00
Geo19,2023-10-30,1479038.00,943125.00,2445802.00,17401.00,10991.00,28495.00,21380.056,987610.00,0.03,-1.63,26431434.00,-2.00,0.44,261638.00,31625786.00
Geo19,2023-11-06,2068612.00,1315988.00,2058783.00,24337.00,15336.00,23986.00,31625.786,987610.00,-1.00,3.13,26413416.00,4.00,0.58,1375858.00,30025954.00
Geo19,2023-11-13,2266455.00,2120856.00,1153134.00,26665.00,24715.00,13434.00,30025.954,987610.00,-0.32,0.98,27875780.00,5.00,2.22,510738.00,29003196.00
Geo19,2023-11-20,3316254.00,1784886.00,1667694.00,39016.00,20800.00,19429.00,29003.196,987610.00,0.35,1.33,23866666.00,5.00,0.81,1012120.00,25611220.00
Geo19,2023-11-27,2711558.00,2478650.00,493884.00,31901.00,28885.00,5754.00,25611.220,987610.00,0.18,0.97,30033268.00,3.00,0.37,935462.00,14817022.00
Geo19,2023-12-04,2374896.00,1595872.00,1137306.00,27941.00,18597.00,13250.00,14817.022,987610.00,1.26,-2.78,26916050.00,-3.00,1.71,557889.00,22456372.00
Geo19,2023-12-11,3063130.00,1137680.00,2086631.00,36038.00,13258.00,24310.00,22456.372,987610.00,-0.93,-1.41,26991820.00,0.00,0.00,0.00,33303108.00
Geo19,2023-12-18,2619344.00,2297282.00,1653658.00,30816.00,26771.00,19266.00,33303.108,987610.00,0.70,0.71,25036920.00,9.00,0.32,163014.00,22121788.00
Geo19,2023-12-25,1993237.00,3161392.00,962921.00,23450.00,36841.00,11218.00,22121.788,987610.00,0.36,0.21,21320330.00,0.00,0.59,597268.00,21559262.00
Geo19,2024-01-01,1591135.00,1783126.00,1293524.00,18720.00,20780.00,15070.00,21559.262,987610.00,0.01,0.03,28025880.00,-3.00,0.00,0.00,14208276.00
Geo19,2024-01-08,1729890.00,1163813.00,1454799.00,20352.00,13562.00,16949.00,14208.276,987610.00,-0.05,-0.69,22650512.00,-5.00,0.00,139986.00,28329380.00
Geo19,2024-01-15,1219369.00,1428960.00,2157338.00,14346.00,16652.00,25134.00,28329.380,987610.00,-0.47,-0.64,24922004.00,4.00,0.02,896493.00,5140482.00
Geo2,2021-01-25,569121.00,228232.00,258458.00,6696.00,2660.00,3011.00,5140.482,225415.00,-0.23,1.65,4395418.00,1.00,0.17,2091540.00,2951607.00
Geo2,2021-02-01,172883.00,341446.00,670362.00,2034.00,3979.00,7810.00,2951.607,225415.00,-1.70,0.35,4469510.00,-5.00,2.03,2329438.00,4006253.00
Geo2,2021-02-08,417189.00,614692.00,376857.00,4908.00,7163.00,4391.00,4006.253,225415.00,0.22,-1.22,5178670.00,-4.00,0.00,0.00,3590367.00
Geo2,2021-02-15,251756.00,488094.00,515770.00,2962.00,5688.00,6009.00,3590.367,225415.00,0.39,0.78,4789206.00,-2.00,0.00,0.00,4043586.00
Geo2,2021-02-22,463656.00,550379.00,544438.00,5455.00,6414.00,6343.00,4043.586,225415.00,-2.33,0.56,4739306.00,-2.00,0.45,1122724.00,3737430.00
Geo2,2021-03-01,409394.00,308474.00,493954.00,4817.00,3595.00,5755.00,3737.430,225415.00,1.45,-1.31,3775628.00,-4.00,0.00,265555.00,6777886.00
Geo2,2021-03-08,693503.00,276920.00,450360.00,8159.00,3227.00,5247.00,6777.886,225415.00,0.48,0.71,5686270.00,6.00,0.00,837947.00,5329538.00
Geo2,2021-03-15,412300.00,378808.00,594063.00,4851.00,4414.00,6921.00,5329.538,225415.00,1.28,-2.76,5346570.00,2.00,1.09,0.00,5747902.00
Geo2,2021-03-22,628678.00,435853.00,392742.00,7396.00,5079.00,4576.00,5747.902,225415.00,-1.37,0.92,6042492.00,5.00,0.12,0.00,4991379.00
Geo2,2021-03-29,641997.00,107159.00,373973.00,7553.00,1249.00,4357.00,4991.379,225415.00,0.63,-0.57,5847092.00,0.00,0.53,637338.00,4539797.00
Geo2,2021-04-05,764877.00,598150.00,514859.00,8999.00,6971.00,5998.00,4539.797,225415.00,-0.60,2.30,6436349.00,-2.00,0.00,1249358.00,5154547.00
Geo2,2021-04-12,654145.00,578579.00,315365.00,7696.00,6742.00,3674.00,5154.547,225415.00,-2.17,-0.22,5780168.00,-1.00,0.02,1525195.00,5429741.00
Geo2,2021-04-19,703011.00,455733.00,328518.00,8271.00,5311.00,3827.00,5429.741,225415.00,-0.34,-0.21,5681572.00,1.00,0.00,964344.00,5895057.00
Geo2,2021-04-26,371284.00,585332.00,213972.00,4368.00,6821.00,2493.00,5895.057,225415.00,-0.96,-1.83,7149602.00,3.00,0.98,0.00,2235572.00
Geo2,2021-05-03,277632.00,284951.00,166967.00,3266.00,3321.00,1945.00,2235.572,225415.00,-0.43,-0.13,6370730.00,-7.00,0.56,985192.00,4748355.00
Geo2,2021-05-10,413438.00,154162.00,457113.00,4864.00,1797.00,5326.00,4748.355,225415.00,0.10,0.74,6694574.00,0.00,0.81,222776.00,4976355.00
Geo2,2021-05-17,514602.00,249650.00,513356.00,6054.00,2909.00,5981.00,4976.355,225415.00,0.00,-1.11,5602034.00,0.00,0.12,0.00,4705684.00
Geo2,2021-05-24,542178.00,225290.00,366283.00,6379.00,2625.00,4267.00,4705.684,225415.00,0.01,-1.85,5318164.00,0.00,2.47,0.00,5114144.00
Geo2,2021-05-31,463086.00,211253.00,180389.00,5448.00,2462.00,2102.00,5114.144,225415.00,0.48,0.33,6570286.00,-1.00,0.00,360543.00,6479315.00
Geo2,2021-06-07,566856.00,511972.00,407669.00,6669.00,5966.00,4749.00,6479.315,225415.00,-0.31,1.89,6505576.00,4.00,1.71,3030569.00,5429488.00
Geo2,2021-06-14,427376.00,442920.00,418648.00,5028.00,5162.00,4877.00,5429.488,225415.00,-1.27,1.51,6124864.00,0.00,0.45,143210.00,5641028.00
Geo2,2021-06-21,415688.00,332382.00,658872.00,4891.00,3873.00,7676.00,5641.028,225415.00,-1.23,-2.18,5686232.00,3.00,1.40,142746.00,6281445.00
Geo2,2021-06-28,688576.00,632971.00,382712.00,8101.00,7376.00,4459.00,6281.445,225415.00,0.44,-2.84,6606560.00,6.00,0.00,0.00,4376237.00
Geo2,2021-07-05,386402.00,345130.00,709926.00,4546.00,4022.00,8271.00,4376.237,225415.00,-2.09,1.32,6030252.00,-2.00,0.00,738368.00,6342188.00
Geo2,2021-07-12,750596.00,479651.00,301049.00,8831.00,5590.00,3507.00,6342.188,225415.00,0.41,-0.57,6508374.00,4.00,0.00,0.00,5744593.00
Geo2,2021-07-19,332365.00,195140.00,214716.00,3910.00,2274.00,2502.00,5744.593,225415.00,-0.24,0.58,6028214.00,1.00,0.00,473265.00,4111682.00
Geo2,2021-07-26,608284.00,174646.00,584044.00,7156.00,2035.00,6804.00,4111.682,225415.00,-2.19,-1.01,6122818.00,-3.00,2.50,342872.00,5244970.00
Geo2,2021-08-02,594207.00,410200.00,262619.00,6991.00,4780.00,3060.00,5244.970,225415.00,0.46,-0.14,6495056.00,1.00,1.03,0.00,4563877.00
Geo2,2021-08-09,151511.00,301196.00,337056.00,1783.00,3510.00,3927.00,4563.877,225415.00,0.52,-0.93,6041147.00,-1.00,0.00,853790.00,3356091.00
Geo2,2021-08-16,190144.00,607151.00,544882.00,2237.00,7075.00,6348.00,3356.091,225415.00,0.29,-1.66,6715932.00,-3.00,0.56,0.00,5785567.00
Geo2,2021-08-23,649505.00,587694.00,380686.00,7641.00,6849.00,4435.00,5785.567,225415.00,1.57,1.04,6162039.00,1.00,0.48,2651655.00,6140793.00
Geo2,2021-08-30,517622.00,452038.00,641956.00,6090.00,5268.00,7479.00,6140.793,225415.00,-1.21,-1.89,7050871.00,3.00,0.01,0.00,6312587.00
Geo2,2021-09-06,568856.00,391882.00,229873.00,6693.00,4567.00,2678.00,6312.587,225415.00,0.58,-0.05,6173263.00,8.00,0.00,0.00,6167464.00
Geo2,2021-09-13,406726.00,524665.00,514824.00,4785.00,6114.00,5998.00,6167.464,225415.00,3.11,-0.86,5833492.00,3.00,0.00,1693694.00,4200391.00
Geo2,2021-09-20,708808.00,370918.00,464233.00,8339.00,4322.00,5408.00,4200.391,225415.00,-0.45,0.40,6514352.00,-1.00,0.00,0.00,5138637.00
Geo2,2021-09-27,480040.00,521919.00,400409.00,5648.00,6082.00,4665.00,5138.637,225415.00,-0.13,0.20,5778056.00,2.00,0.00,1912601.00,4316304.00
Geo2,2021-10-04,204470.00,452239.00,346683.00,2406.00,5270.00,4039.00,4316.304,225415.00,1.31,-2.10,5563556.00,-1.00,0.00,623741.00,5122111.00
Geo2,2021-10-11,419479.00,320600.00,511473.00,4935.00,3736.00,5959.00,5122.111,225415.00,-1.49,-1.30,6212410.00,-1.00,0.94,0.00,4345613.00
Geo2,2021-10-18,619779.00,367374.00,225989.00,7292.00,4281.00,2633.00,4345.613,225415.00,-0.27,-0.41,5911368.00,-2.00,0.00,955407.00,3147544.00
Geo2,2021-10-25,434951.00,211751.00,626110.00,5117.00,2468.00,7294.00,3147.544,225415.00,-3.49,1.30,6449154.00,-5.00,0.00,0.00,4838330.00
Geo2,2021-11-01,508041.00,444132.00,533551.00,5977.00,5176.00,6216.00,4838.330,225415.00,0.49,1.19,5941960.00,-1.00,0.10,1025839.00,5691526.00
Geo2,2021-11-08,422383.00,368561.00,422712.00,4969.00,4295.00,4925.00,5691.526,225415.00,-0.45,0.51,6127260.00,4.00,2.01,902402.00,6339806.00
Geo2,2021-11-15,478994.00,588176.00,261856.00,5635.00,6854.00,3051.00,6339.806,225415.00,2.03,3.13,6011959.00,7.00,0.60,3775915.00,5044480.00
Geo2,2021-11-22,709179.00,502124.00,378508.00,8343.00,5851.00,4410.00,5044.480,225415.00,0.27,1.12,6103166.00,0.00,0.00,2058230.00,4619930.00
Geo2,2021-11-29,563578.00,512451.00,491577.00,6630.00,5972.00,5727.00,4619.930,225415.00,-0.02,0.23,6462531.00,-2.00,2.99,1428960.00,4074116.00
Geo2,2021-12-06,534016.00,275857.00,262317.00,6283.00,3215.00,3056.00,4074.116,225415.00,0.01,2.77,6768950.00,0.00,2.02,3385423.00,5737827.00
Geo2,2021-12-13,532619.00,264716.00,81615.00,6266.00,3085.00,951.00,5737.827,225415.00,-1.37,1.47,5996356.00,4.00,0.00,756485.00,5499466.00
Geo2,2021-12-20,739094.00,322784.00,430868.00,8695.00,3762.00,5020.00,5499.466,225415.00,1.50,-0.31,7387645.00,3.00,0.72,1786537.00,6472780.00
Geo2,2021-12-27,640491.00,549065.00,544948.00,7535.00,6399.00,6349.00,6472.780,225415.00,1.47,0.34,6629762.00,7.00,0.52,2362283.00,6155849.00
Geo2,2022-01-03,580433.00,592647.00,504886.00,6829.00,6906.00,5882.00,6155.849,225415.00,-1.25,-0.03,5646014.00,3.00,0.42,1199468.00,4720597.00
Geo2,2022-01-10,616394.00,234369.00,304145.00,7252.00,2731.00,3543.00,4720.597,225415.00,0.53,-0.02,7992178.00,2.00,0.00,279526.00,4821495.00
Geo2,2022-01-17,503924.00,330216.00,174906.00,5929.00,3848.00,2038.00,4821.495,225415.00,-1.75,0.53,6910414.00,2.00,1.67,2693402.00,4816446.00
Geo2,2022-01-24,389408.00,525080.00,388540.00,4581.00,6119.00,4527.00,4816.446,225415.00,1.34,-0.15,5238870.00,2.00,0.00,0.00,5125289.00
Geo2,2022-01-31,454139.00,467894.00,499106.00,5343.00,5453.00,5815.00,5125.289,225415.00,0.22,-0.16,6049708.00,1.00,0.00,1677416.00,5028486.00
Geo2,2022-02-07,499201.00,431493.00,300449.00,5873.00,5028.00,3500.00,5028.486,225415.00,-0.32,1.86,5846416.00,0.00,0.89,1928630.00,4389792.00
Geo2,2022-02-14,452720.00,265960.00,138452.00,5326.00,3099.00,1613.00,4389.792,225415.00,0.96,0.44,5988808.00,1.00,0.59,1524266.00,4219569.00
Geo2,2022-02-21,414729.00,131337.00,197604.00,4879.00,1531.00,2302.00,4219.569,225415.00,-1.28,-0.49,6170368.00,-1.00,0.00,0.00,2857530.00
Geo2,2022-02-28,657004.00,393241.00,329548.00,7730.00,4583.00,3839.00,2857.530,225415.00,-2.63,-0.43,5821901.00,-5.00,0.00,0.00,4389009.00
Geo2,2022-03-07,366026.00,340936.00,126045.00,4306.00,3973.00,1468.00,4389.009,225415.00,1.80,-0.16,6176064.00,-1.00,0.00,1773676.00,3345630.00
Geo2,2022-03-14,397933.00,586741.00,415809.00,4682.00,6838.00,4844.00,3345.630,225415.00,0.31,-0.66,5551468.00,-2.00,0.00,0.00,4701029.00
Geo2,2022-03-21,377125.00,222995.00,382704.00,4437.00,2599.00,4459.00,4701.029,225415.00,-3.42,-1.00,5658352.00,-1.00,0.60,900108.00,3497350.00
Geo2,2022-03-28,525234.00,593099.00,564804.00,6179.00,6912.00,6580.00,3497.350,225415.00,-3.25,0.12,4993930.00,-5.00,0.58,0.00,5313511.00
Geo2,2022-04-04,217824.00,472236.00,501735.00,2563.00,5503.00,5845.00,5313.511,225415.00,-0.23,0.98,5921006.00,2.00,1.16,3470431.00,4699985.00
Geo2,2022-04-11,504769.00,579108.00,413640.00,5939.00,6749.00,4819.00,4699.985,225415.00,-0.04,0.32,5878477.00,-1.00,0.00,0.00,5747643.00
Geo2,2022-04-18,584762.00,469610.00,245211.00,6880.00,5473.00,2857.00,5747.643,225415.00,-0.60,0.07,5293227.00,6.00,0.88,0.00,5258880.00
Geo2,2022-04-25,535702.00,549688.00,0.00,6303.00,6406.00,0.00,5258.880,225415.00,-1.59,0.35,6113874.00,1.00,1.38,2337580.00,4476036.00
Geo2,2022-05-02,590229.00,200362.00,209736.00,6944.00,2335.00,2444.00,4476.036,225415.00,0.80,-0.61,4653165.00,0.00,0.00,493823.00,4622778.00
Geo2,2022-05-09,283303.00,219479.00,461750.00,3333.00,2558.00,5380.00,4622.778,225415.00,-1.88,-0.24,5467970.00,1.00,0.00,1171080.00,4810474.00
Geo2,2022-05-16,845965.00,11541.00,551030.00,9953.00,134.00,6420.00,4810.474,225415.00,0.52,0.43,6536269.00,2.00,0.96,1010733.00,2668698.00
Geo2,2022-05-23,520068.00,45478.00,79961.00,6119.00,530.00,932.00,2668.698,225415.00,-0.85,-0.31,5519691.00,-7.00,2.17,359900.00,4983495.00
Geo2,2022-05-30,589376.00,518724.00,512113.00,6934.00,6045.00,5966.00,4983.495,225415.00,0.01,0.27,6493296.00,0.00,0.00,2062817.00,4676554.00
Geo2,2022-06-06,587609.00,558630.00,651984.00,6913.00,6510.00,7596.00,4676.554,225415.00,-0.33,2.22,5515107.00,-1.00,0.72,2492043.00,5594613.00
Geo2,2022-06-13,409704.00,606633.00,586746.00,4820.00,7069.00,6836.00,5594.613,225415.00,-0.09,0.73,6027286.00,1.00,0.00,0.00,4073535.00
Geo2,2022-06-20,449326.00,330335.00,210910.00,5286.00,3850.00,2457.00,4073.535,225415.00,-1.33,0.61,5758448.00,-2.00,0.00,1633010.00,4610435.00
Geo2,2022-06-27,358124.00,363080.00,609694.00,4213.00,4231.00,7103.00,4610.435,225415.00,0.06,1.58,4827594.00,0.00,0.57,1816559.00,5545651.00
Geo2,2022-07-04,770753.00,477355.00,442845.00,9068.00,5563.00,5159.00,5545.651,225415.00,-0.90,0.87,6237502.00,0.00,1.74,814001.00,4198118.00
Geo2,2022-07-11,592890.00,600685.00,371188.00,6975.00,7000.00,4324.00,4198.118,225415.00,-1.20,1.13,6275937.00,-1.00,0.00,0.00,4926184.00
Geo2,2022-07-18,485555.00,457830.00,365002.00,5713.00,5335.00,4252.00,4926.184,225415.00,-2.74,-0.79,6549746.00,3.00,0.70,1673083.00,5405457.00
Geo2,2022-07-25,419080.00,525891.00,395229.00,4930.00,6128.00,4605.00,5405.457,225415.00,-0.12,-0.31,5800474.00,0.00,1.54,269062.00,5259210.00
Geo2,2022-08-01,765433.00,382657.00,336846.00,9005.00,4459.00,3924.00,5259.210,225415.00,1.73,0.05,6014249.00,2.00,0.00,926921.00,3973223.00
Geo2,2022-08-08,450127.00,103636.00,457079.00,5296.00,1208.00,5325.00,3973.223,225415.00,0.39,-1.85,5963531.00,0.00,0.00,0.00,3567189.00
Geo2,2022-08-15,647669.00,352192.00,433423.00,7620.00,4104.00,5050.00,3567.189,225415.00,0.23,-1.94,6566282.00,-3.00,0.17,0.00,4878480.00
Geo2,2022-08-22,696251.00,636956.00,466282.00,8191.00,7423.00,5432.00,4878.480,225415.00,-0.14,0.51,6754832.00,-1.00,1.88,1329626.00,4363783.00
Geo2,2022-08-29,693960.00,404177.00,377614.00,8164.00,4710.00,4399.00,4363.783,225415.00,0.86,-1.43,6593944.00,0.00,2.66,901719.00,2911510.00
Geo2,2022-09-05,429561.00,492736.00,304715.00,5054.00,5742.00,3550.00,2911.510,225415.00,0.80,1.15,6051180.00,-3.00,1.96,1971579.00,6109775.00
Geo2,2022-09-12,73939.00,586427.00,621899.00,870.00,6834.00,7245.00,6109.775,225415.00,-0.45,-0.37,7176982.00,3.00,0.49,745152.00,7235462.00
Geo2,2022-09-19,587601.00,745214.00,270393.00,6913.00,8684.00,3150.00,7235.462,225415.00,0.55,0.66,6752876.00,8.00,1.58,1179339.00,4334110.00
Geo2,2022-09-26,341753.00,760119.00,728399.00,4021.00,8858.00,8486.00,4334.110,225415.00,-0.97,2.13,5678368.00,0.00,0.00,1385593.00,3376625.00
Geo2,2022-10-03,371908.00,259577.00,242239.00,4375.00,3025.00,2822.00,3376.625,225415.00,2.46,-0.40,5148816.00,-6.00,0.00,639746.00,5807200.00
Geo2,2022-10-10,509948.00,316795.00,309217.00,6000.00,3692.00,3602.00,5807.200,225415.00,1.48,1.26,6239548.00,4.00,0.00,2249027.00,4083810.00
Geo2,2022-10-17,442743.00,71547.00,222712.00,5209.00,834.00,2595.00,4083.810,225415.00,0.16,-0.32,4924560.00,-3.00,1.04,1795689.00,4038296.00
Geo2,2022-10-24,405005.00,272099.00,70500.00,4765.00,3171.00,821.00,4038.296,225415.00,-0.98,0.86,5766172.00,-1.00,0.00,1696469.00,4231681.00
Geo2,2022-10-31,591914.00,398786.00,648571.00,6964.00,4647.00,7556.00,4231.681,225415.00,2.48,1.30,5701652.00,3.00,0.50,4453918.00,5979199.00
Geo2,2022-11-07,672254.00,221537.00,317728.00,7909.00,2582.00,3702.00,5979.199,225415.00,1.31,2.57,6151692.00,0.00,0.00,1009380.00,4067873.00
Geo2,2022-11-14,374119.00,339020.00,252048.00,4401.00,3951.00,2936.00,4067.873,225415.00,1.64,-1.01,5875342.00,0.00,0.00,1385512.00,5595430.00
Geo2,2022-11-21,1144292.00,326592.00,316109.00,13463.00,3806.00,3683.00,5595.430,225415.00,2.48,-0.14,5644053.00,4.00,0.00,731241.00,2962732.00
Geo2,2022-11-28,345068.00,448531.00,483348.00,4060.00,5227.00,5631.00,2962.732,225415.00,-0.48,0.55,6306262.00,-3.00,0.00,0.00,4111514.00
Geo2,2022-12-05,389285.00,703955.00,398454.00,4580.00,8204.00,4642.00,4111.514,225415.00,-0.09,-1.11,6588606.00,-1.00,3.36,1231724.00,4379470.00
Geo2,2022-12-12,559725.00,420225.00,529927.00,6585.00,4897.00,6174.00,4379.470,225415.00,-0.82,-1.68,7166919.00,-3.00,0.00,0.00,5116645.00
Geo2,2022-12-19,497841.00,560654.00,477654.00,5857.00,6534.00,5565.00,5116.645,225415.00,-1.55,1.26,6244536.00,1.00,0.00,1696046.00,4637262.00
Geo2,2022-12-26,584750.00,516210.00,346772.00,6880.00,6016.00,4040.00,4637.262,225415.00,1.35,-3.17,6223664.00,-3.00,0.00,0.00,5727054.00
Geo2,2023-01-02,375388.00,500670.00,140096.00,4416.00,5835.00,1632.00,5727.054,225415.00,-0.35,0.44,6734797.00,3.00,1.42,1895470.00,4530585.00
Geo2,2023-01-09,664812.00,587919.00,195279.00,7821.00,6851.00,2275.00,4530.585,225415.00,0.14,1.16,5905767.00,-1.00,0.00,1605656.00,4039169.00
Geo2,2023-01-16,441582.00,252932.00,106824.00,5195.00,2948.00,1245.00,4039.169,225415.00,0.15,-0.69,5734186.00,-2.00,0.72,0.00,5068282.00
Geo2,2023-01-23,285647.00,399871.00,430226.00,3361.00,4660.00,5012.00,5068.282,225415.00,0.44,-0.37,6566460.00,1.00,0.00,0.00,3007722.00
Geo2,2023-01-30,377542.00,492136.00,307939.00,4442.00,5735.00,3588.00,3007.722,225415.00,-1.38,0.02,5663955.00,-3.00,0.00,862106.00,4873252.00
Geo2,2023-02-06,660978.00,332067.00,805265.00,7776.00,3870.00,9382.00,4873.252,225415.00,-0.86,1.06,6069552.00,0.00,0.00,190235.00,4728933.00
Geo2,2023-02-13,268482.00,506865.00,263623.00,3159.00,5907.00,3071.00,4728.933,225415.00,1.92,1.19,6609456.00,-1.00,0.00,693361.00,3305458.00
Geo2,2023-02-20,353996.00,226989.00,565657.00,4165.00,2645.00,6590.00,3305.458,225415.00,-1.12,-1.22,5424052.00,-4.00,0.00,0.00,3002660.00
Geo2,2023-02-27,321146.00,690155.00,267579.00,3778.00,8043.00,3117.00,3002.660,225415.00,0.85,-2.04,5750954.00,-8.00,0.00,0.00,3876729.00
Geo2,2023-03-06,623700.00,499860.00,418266.00,7338.00,5825.00,4873.00,3876.729,225415.00,1.91,-0.92,5580176.00,-1.00,0.00,307322.00,5990922.00
Geo2,2023-03-13,446229.00,950615.00,212595.00,5250.00,11078.00,2477.00,5990.922,225415.00,-1.13,-0.28,5732862.00,5.00,0.05,658955.00,5216902.00
Geo2,2023-03-20,491498.00,525790.00,549097.00,5782.00,6127.00,6397.00,5216.902,225415.00,-2.40,-0.24,5115454.00,2.00,0.54,0.00,5950000.00
Geo2,2023-03-27,618254.00,458177.00,239295.00,7274.00,5339.00,2788.00,5950.000,225415.00,-2.12,0.00,6113725.00,2.00,0.00,0.00,5901386.00
Geo2,2023-04-03,810275.00,380499.00,430058.00,9533.00,4434.00,5010.00,5901.386,225415.00,-1.98,0.25,5327640.00,3.00,2.29,1653230.00,6771228.00
Geo2,2023-04-10,332246.00,561491.00,284995.00,3909.00,6543.00,3320.00,6771.228,225415.00,-0.16,-1.38,6216880.00,8.00,0.46,0.00,5252997.00
Geo2,2023-04-17,466196.00,471164.00,416992.00,5485.00,5491.00,4858.00,5252.997,225415.00,-1.69,-0.10,6236298.00,1.00,0.00,0.00,3968809.00
Geo2,2023-04-24,617821.00,381948.00,337950.00,7269.00,4451.00,3937.00,3968.809,225415.00,-0.55,0.27,5413304.00,-3.00,0.00,448021.00,5582688.00
Geo2,2023-05-01,850293.00,309527.00,547330.00,10004.00,3607.00,6377.00,5582.688,225415.00,-0.12,-0.91,6949098.00,2.00,0.00,0.00,5311651.00
Geo2,2023-05-08,558794.00,351283.00,195994.00,6574.00,4094.00,2283.00,5311.651,225415.00,-2.33,-0.70,5428552.00,2.00,0.12,128024.00,5505390.00
Geo2,2023-05-15,723763.00,497138.00,604559.00,8515.00,5793.00,7043.00,5505.390,225415.00,0.11,-0.51,6806922.00,1.00,0.36,0.00,5946133.00
Geo2,2023-05-22,439296.00,271446.00,717121.00,5168.00,3163.00,8355.00,5946.133,225415.00,-1.34,-1.63,6047594.00,2.00,1.63,0.00,4979994.00
Geo2,2023-05-29,321609.00,524807.00,220533.00,3784.00,6116.00,2569.00,4979.994,225415.00,0.61,0.74,6753400.00,-2.00,1.94,3002530.00,3957053.00
Geo2,2023-06-05,400241.00,647947.00,418581.00,4709.00,7551.00,4877.00,3957.053,225415.00,-1.27,0.26,5782073.00,-4.00,0.00,0.00,5094306.00
Geo2,2023-06-12,673976.00,499487.00,476557.00,7929.00,5821.00,5552.00,5094.306,225415.00,-1.37,-0.17,6265062.00,2.00,0.00,0.00,5826863.00
Geo2,2023-06-19,479152.00,399256.00,356984.00,5637.00,4653.00,4159.00,5826.863,225415.00,0.92,0.02,5864632.00,3.00,0.00,901808.00,4761084.00
Geo2,2023-06-26,333382.00,391574.00,402082.00,3922.00,4563.00,4684.00,4761.084,225415.00,-1.05,-0.30,5860179.00,-3.00,0.00,0.00,4957137.00
Geo2,2023-07-03,601359.00,441541.00,50724.00,7075.00,5145.00,591.00,4957.137,225415.00,-1.07,-0.25,5783122.00,-1.00,0.00,0.00,4947414.00
Geo2,2023-07-10,369081.00,406407.00,183901.00,4342.00,4736.00,2143.00,4947.414,225415.00,0.81,0.53,6146288.00,-1.00,0.01,0.00,5851410.00
Geo2,2023-07-17,605727.00,430242.00,258438.00,7126.00,5014.00,3011.00,5851.410,225415.00,1.31,0.95,6262097.00,4.00,0.00,1823023.00,4712601.00
Geo2,2023-07-24,0.00,59058.00,473061.00,0.00,688.00,5511.00,4712.601,225415.00,2.45,0.86,5722986.00,0.00,0.00,2260260.00,5046061.00
Geo2,2023-07-31,246243.00,418644.00,563410.00,2897.00,4879.00,6564.00,5046.061,225415.00,-0.19,-0.61,5757902.00,1.00,1.35,1344944.00,3664821.00
Geo2,2023-08-07,338111.00,279157.00,422046.00,3978.00,3253.00,4917.00,3664.821,225415.00,2.01,-2.66,5294101.00,-3.00,2.37,0.00,5701317.00
Geo2,2023-08-14,562734.00,705814.00,306093.00,6621.00,8225.00,3566.00,5701.317,225415.00,0.52,-0.20,6082538.00,3.00,0.00,983316.00,6089811.00
Geo2,2023-08-21,671406.00,277869.00,204298.00,7899.00,3238.00,2380.00,6089.811,225415.00,0.32,-0.79,5823500.00,4.00,1.60,449990.00,6127256.00
Geo2,2023-08-28,528771.00,532782.00,451349.00,6221.00,6209.00,5258.00,6127.256,225415.00,0.78,1.66,5520834.00,3.00,0.00,1430252.00,4013389.00
Geo2,2023-09-04,246174.00,633396.00,594338.00,2896.00,7381.00,6924.00,4013.389,225415.00,2.05,-0.31,5813546.00,-4.00,1.19,0.00,4010602.00
Geo2,2023-09-11,758736.00,371767.00,3273.00,8926.00,4332.00,38.00,4010.602,225415.00,-1.93,-2.69,6198135.00,-2.00,0.00,0.00,3998722.00
Geo2,2023-09-18,412494.00,337814.00,357044.00,4853.00,3937.00,4160.00,3998.722,225415.00,0.72,0.22,6238980.00,-2.00,0.06,0.00,4341550.00
Geo2,2023-09-25,643275.00,680964.00,132189.00,7568.00,7936.00,1540.00,4341.550,225415.00,-0.72,-0.16,6068093.00,2.00,0.00,948795.00,4629128.00
Geo2,2023-10-02,456278.00,508019.00,566788.00,5368.00,5920.00,6603.00,4629.128,225415.00,-1.68,1.80,6722304.00,-1.00,0.70,4021679.00,5048042.00
Geo2,2023-10-09,684733.00,418701.00,351847.00,8056.00,4879.00,4099.00,5048.042,225415.00,0.88,0.33,6298934.00,0.00,0.00,3472609.00,6406924.00
Geo2,2023-10-16,526157.00,424389.00,223420.00,6190.00,4946.00,2603.00,6406.924,225415.00,0.75,1.89,6978374.00,4.00,1.08,2366099.00,5058906.00
Geo2,2023-10-23,380166.00,103502.00,206748.00,4473.00,1206.00,2409.00,5058.906,225415.00,0.53,1.12,5903693.00,3.00,1.66,3226188.00,3765361.00
Geo2,2023-10-30,212328.00,313531.00,415024.00,2498.00,3654.00,4835.00,3765.361,225415.00,0.31,1.27,5865561.00,-5.00,1.13,2719681.00,5370236.00
Geo2,2023-11-06,438669.00,395239.00,385954.00,5161.00,4606.00,4497.00,5370.236,225415.00,-1.09,1.62,6357866.00,-1.00,0.51,56488.00,4796539.00
Geo2,2023-11-13,456260.00,565682.00,372361.00,5368.00,6592.00,4338.00,4796.539,225415.00,-0.23,0.02,6553486.00,0.00,1.00,1789718.00,4829705.00
Geo2,2023-11-20,501114.00,340396.00,209398.00,5896.00,3967.00,2440.00,4829.705,225415.00,1.45,3.32,5368273.00,1.00,0.00,2271281.00,4626783.00
Geo2,2023-11-27,632334.00,485065.00,43480.00,7439.00,5653.00,507.00,4626.783,225415.00,0.43,0.59,6827658.00,-1.00,0.59,279908.00,4075257.00
Geo2,2023-12-04,332528.00,735120.00,667522.00,3912.00,8567.00,7777.00,4075.257,225415.00,-1.89,1.08,6427250.00,0.00,1.79,918465.00,4908855.00
Geo2,2023-12-11,599071.00,327330.00,322688.00,7048.00,3815.00,3759.00,4908.855,225415.00,-0.42,0.29,6476502.00,0.00,0.78,1493478.00,3557111.00
Geo2,2023-12-18,607202.00,531516.00,335191.00,7144.00,6194.00,3905.00,3557.111,225415.00,0.55,2.47,5666408.00,-3.00,0.00,3029794.00,5400003.00
Geo2,2023-12-25,652004.00,396395.00,349928.00,7671.00,4619.00,4077.00,5400.003,225415.00,1.76,-0.97,5030528.00,3.00,1.80,2874201.00,5010585.00
Geo2,2024-01-01,618792.00,500188.00,112619.00,7280.00,5829.00,1312.00,5010.585,225415.00,-1.02,0.59,6772089.00,-1.00,0.00,2331459.00,3327997.00
Geo2,2024-01-08,413165.00,0.00,146679.00,4861.00,0.00,1709.00,3327.997,225415.00,0.44,2.49,5549346.00,-2.00,0.54,899749.00,5299107.00
Geo2,2024-01-15,617808.00,349371.00,386198.00,7268.00,4071.00,4499.00,5299.107,225415.00,-0.40,1.47,5934530.00,1.00,0.00,1097520.00,20875624.00
Geo3,2021-01-25,2054089.00,1391491.00,1138764.00,24166.00,16216.00,13267.00,20875.624,833551.00,1.12,1.27,14774581.00,4.00,1.24,980185.00,16216360.00
Geo3,2021-02-01,1200595.00,842807.00,2372082.00,14125.00,9822.00,27636.00,16216.360,833551.00,-2.04,-0.31,16512710.00,0.00,1.17,0.00,21468226.00
Geo3,2021-02-08,1561724.00,1474814.00,1760734.00,18374.00,17187.00,20513.00,21468.226,833551.00,1.25,-0.34,18730868.00,3.00,0.98,699386.00,15445779.00
Geo3,2021-02-15,1110756.00,1876821.00,1180885.00,13068.00,21871.00,13758.00,15445.779,833551.00,-0.43,-0.57,17433154.00,1.00,0.00,86184.00,17354890.00
Geo3,2021-02-22,2745629.00,1983517.00,1201517.00,32302.00,23115.00,13998.00,17354.890,833551.00,-0.74,0.30,17243574.00,0.00,0.00,896360.00,20739892.00
Geo3,2021-03-01,1529183.00,976894.00,1615127.00,17991.00,11384.00,18817.00,20739.892,833551.00,-2.56,0.44,14902700.00,4.00,0.00,670526.00,20741340.00
Geo3,2021-03-08,1430651.00,1096696.00,1413356.00,16832.00,12780.00,16466.00,20741.340,833551.00,-0.67,-0.52,18640918.00,2.00,0.00,195919.00,20572016.00
Geo3,2021-03-15,2293210.00,601036.00,1442800.00,26980.00,7004.00,16809.00,20572.016,833551.00,-0.18,0.00,18713124.00,4.00,0.32,1233397.00,11185229.00
Geo3,2021-03-22,1847111.00,850542.00,1322621.00,21731.00,9912.00,15409.00,11185.229,833551.00,-0.88,0.95,21949160.00,-4.00,0.30,1181495.00,13341056.00
Geo3,2021-03-29,2147138.00,201034.00,506337.00,25261.00,2343.00,5899.00,13341.056,833551.00,0.45,2.03,20391424.00,-4.00,3.00,732402.00,14734855.00
Geo3,2021-04-05,1640735.00,1885266.00,738282.00,19303.00,21970.00,8601.00,14734.855,833551.00,-1.38,0.84,22430998.00,-3.00,0.21,505046.00,25161766.00
Geo3,2021-04-12,1829389.00,2245657.00,2162734.00,21523.00,26170.00,25197.00,25161.766,833551.00,-0.01,0.24,19338496.00,5.00,0.46,0.00,19756986.00
Geo3,2021-04-19,2558955.00,1675359.00,1346260.00,30106.00,19524.00,15684.00,19756.986,833551.00,0.05,-2.24,19011750.00,2.00,0.22,0.00,17987740.00
Geo3,2021-04-26,2125404.00,1093306.00,719488.00,25005.00,12741.00,8382.00,17987.740,833551.00,-0.48,-0.04,24370790.00,-1.00,0.00,333774.00,15893934.00
Geo3,2021-05-03,1490470.00,1125243.00,693976.00,17535.00,13113.00,8085.00,15893.934,833551.00,-0.48,0.09,21163636.00,0.00,0.17,1096244.00,17163346.00
Geo3,2021-05-10,1260063.00,1238688.00,779576.00,14825.00,14435.00,9082.00,17163.346,833551.00,-1.43,-0.43,23046270.00,-1.00,2.56,858345.00,18485842.00
Geo3,2021-05-17,1916264.00,1528516.00,1981503.00,22545.00,17813.00,23085.00,18485.842,833551.00,-1.18,-1.13,18328728.00,2.00,0.96,0.00,20494486.00
Geo3,2021-05-24,1803873.00,962505.00,2048318.00,21222.00,11217.00,23864.00,20494.486,833551.00,-1.02,-1.13,17815050.00,4.00,0.68,0.00,17696938.00
Geo3,2021-05-31,2209934.00,890820.00,1062470.00,26000.00,10381.00,12378.00,17696.938,833551.00,1.22,1.75,23637918.00,-2.00,0.00,1261153.00,21011568.00
Geo3,2021-06-07,2127872.00,2898968.00,2048890.00,25034.00,33783.00,23870.00,21011.568,833551.00,1.62,-0.02,21850324.00,2.00,0.00,482387.00,24909204.00
Geo3,2021-06-14,1152532.00,1741489.00,954759.00,13559.00,20294.00,11123.00,24909.204,833551.00,1.48,-0.81,22290548.00,6.00,0.16,0.00,13497884.00
Geo3,2021-06-21,1097146.00,1382383.00,2195454.00,12908.00,16110.00,25578.00,13497.884,833551.00,3.07,1.34,19136628.00,-4.00,0.31,2287652.00,11406053.00
Geo3,2021-06-28,2629218.00,1888532.00,1410446.00,30933.00,22008.00,16432.00,11406.053,833551.00,-0.17,-0.80,23119546.00,-4.00,1.84,985068.00,20619412.00
Geo3,2021-07-05,1325778.00,2051984.00,2195058.00,15598.00,23913.00,25573.00,20619.412,833551.00,-0.56,-1.14,20011948.00,2.00,0.28,0.00,20104818.00
Geo3,2021-07-12,2536218.00,1186835.00,772755.00,29839.00,13831.00,9003.00,20104.818,833551.00,-0.97,0.72,21586474.00,1.00,0.00,0.00,19731252.00
Geo3,2021-07-19,1066706.00,336412.00,2297963.00,12550.00,3920.00,26772.00,19731.252,833551.00,1.11,-0.04,21282382.00,0.00,0.00,615347.00,19182346.00
Geo3,2021-07-26,2401396.00,1483720.00,1778593.00,28252.00,17291.00,20721.00,19182.346,833551.00,0.05,-0.65,20111688.00,2.00,1.66,662604.00,18711588.00
Geo3,2021-08-02,1503247.00,2218043.00,1342603.00,17686.00,25848.00,15642.00,18711.588,833551.00,0.81,2.82,22036954.00,1.00,0.36,566862.00,10417928.00
Geo3,2021-08-09,138124.00,0.00,1404586.00,1625.00,0.00,16364.00,10417.928,833551.00,-0.36,-0.04,20053370.00,-7.00,0.12,425076.00,15410369.00
Geo3,2021-08-16,1136202.00,2160099.00,2201759.00,13367.00,25173.00,25651.00,15410.369,833551.00,-0.69,-1.21,22752424.00,0.00,0.00,0.00,21496726.00
Geo3,2021-08-23,1960597.00,1522730.00,2772224.00,23066.00,17745.00,32297.00,21496.726,833551.00,2.20,1.66,19757946.00,3.00,0.70,1676072.00,19306836.00
Geo3,2021-08-30,1560693.00,1425860.00,2721226.00,18361.00,16616.00,31703.00,19306.836,833551.00,-0.51,-1.78,23292542.00,1.00,0.00,0.00,15952757.00
Geo3,2021-09-06,2885952.00,1406808.00,1979734.00,33953.00,16394.00,23065.00,15952.757,833551.00,0.18,0.71,20228976.00,1.00,0.00,390185.00,17375734.00
Geo3,2021-09-13,993512.00,1303511.00,919569.00,11689.00,15190.00,10713.00,17375.734,833551.00,0.22,-1.14,18937030.00,-1.00,0.00,1539207.00,21170914.00
Geo3,2021-09-20,3221219.00,2093949.00,1988867.00,37898.00,24402.00,23171.00,21170.914,833551.00,1.48,-1.18,22305024.00,4.00,0.06,0.00,20150120.00
Geo3,2021-09-27,1481570.00,3219036.00,1293709.00,17431.00,37513.00,15072.00,20150.120,833551.00,1.15,-1.94,20598442.00,3.00,0.04,0.00,21736898.00
Geo3,2021-10-04,2266614.00,1180985.00,1606613.00,26667.00,13763.00,18718.00,21736.898,833551.00,-0.24,0.61,18798680.00,3.00,2.10,1543402.00,19296662.00
Geo3,2021-10-11,1788134.00,1584624.00,916230.00,21037.00,18466.00,10674.00,19296.662,833551.00,-0.81,-1.26,23205794.00,0.00,1.31,166821.00,20132200.00
Geo3,2021-10-18,1422106.00,1738353.00,1062955.00,16731.00,20258.00,12384.00,20132.200,833551.00,-0.31,0.12,20787548.00,2.00,0.56,425156.00,10990062.00
Geo3,2021-10-25,2028064.00,189885.00,1286795.00,23860.00,2213.00,14992.00,10990.062,833551.00,0.64,-0.99,22690846.00,-5.00,0.00,0.00,16901328.00
Geo3,2021-11-01,1481862.00,1710274.00,1511558.00,17434.00,19931.00,17610.00,16901.328,833551.00,0.21,0.80,20863396.00,-1.00,0.00,799509.00,9867883.00
Geo3,2021-11-08,957078.00,1035511.00,1019163.00,11260.00,12067.00,11874.00,9867.883,833551.00,-0.83,3.01,21513190.00,-5.00,1.47,2840856.00,12816851.00
Geo3,2021-11-15,1411367.00,2031918.00,989050.00,16605.00,23679.00,11523.00,12816.851,833551.00,-0.31,3.15,20408706.00,-1.00,0.77,2596444.00,17010156.00
Geo3,2021-11-22,2491998.00,1588591.00,1978964.00,29318.00,18513.00,23056.00,17010.156,833551.00,0.79,-0.88,19693030.00,-1.00,0.00,1285396.00,16608716.00
Geo3,2021-11-29,2100739.00,932334.00,1812905.00,24715.00,10865.00,21121.00,16608.716,833551.00,0.15,-0.32,21933150.00,-2.00,0.72,186494.00,13303291.00
Geo3,2021-12-06,2368710.00,1619726.00,2353476.00,27868.00,18875.00,27419.00,13303.291,833551.00,-0.53,3.33,22873152.00,-3.00,2.52,2352283.00,17914176.00
Geo3,2021-12-13,1964786.00,1108555.00,113932.00,23116.00,12919.00,1327.00,17914.176,833551.00,0.92,-0.86,20295368.00,2.00,1.11,882884.00,12128617.00
Geo3,2021-12-20,2414683.00,524207.00,1426020.00,28409.00,6109.00,16614.00,12128.617,833551.00,-0.92,1.07,25025902.00,-4.00,2.00,1675627.00,17659650.00
Geo3,2021-12-27,2199571.00,1986559.00,2092497.00,25878.00,23150.00,24378.00,17659.650,833551.00,0.56,-2.03,23111904.00,1.00,0.00,0.00,19951874.00
Geo3,2022-01-03,1999681.00,1365351.00,1853332.00,23526.00,15911.00,21592.00,19951.874,833551.00,0.24,0.52,19676208.00,1.00,0.47,0.00,13090230.00
Geo3,2022-01-10,1434326.00,1094626.00,1017184.00,16875.00,12756.00,11851.00,13090.230,833551.00,-1.47,-0.16,26834270.00,-2.00,0.00,0.00,14288400.00
Geo3,2022-01-17,1966460.00,1700544.00,2022194.00,23135.00,19817.00,23559.00,14288.400,833551.00,-1.20,2.71,22886608.00,-1.00,0.43,1826270.00,15719366.00
Geo3,2022-01-24,2177387.00,1993430.00,2080532.00,25617.00,23230.00,24239.00,15719.366,833551.00,1.22,-0.02,19652452.00,1.00,0.50,0.00,16717724.00
Geo3,2022-01-31,1752689.00,1570584.00,1560642.00,20620.00,18303.00,18182.00,16717.724,833551.00,0.24,0.59,20681176.00,-2.00,0.05,614720.00,22976596.00
Geo3,2022-02-07,2496116.00,1385980.00,1307558.00,29367.00,16151.00,15234.00,22976.596,833551.00,-0.08,-0.13,19770726.00,3.00,0.00,131225.00,15367548.00
Geo3,2022-02-14,1672138.00,657138.00,1637540.00,19673.00,7658.00,19078.00,15367.548,833551.00,1.12,0.24,21054204.00,1.00,0.00,0.00,17107078.00
Geo3,2022-02-21,1463668.00,1613983.00,1473416.00,17220.00,18809.00,17166.00,17107.078,833551.00,-1.94,1.40,20569844.00,0.00,0.00,1558626.00,12238258.00
Geo3,2022-02-28,2045544.00,1618505.00,399584.00,24066.00,18861.00,4655.00,12238.258,833551.00,0.64,-0.43,20717890.00,-3.00,0.00,736341.00,17286924.00
Geo3,2022-03-07,2160866.00,1636825.00,1215817.00,25422.00,19075.00,14165.00,17286.924,833551.00,1.25,1.34,22722714.00,0.00,0.00,1975667.00,17055402.00
Geo3,2022-03-14,1273244.00,1617449.00,1105669.00,14980.00,18849.00,12881.00,17055.402,833551.00,-0.43,0.00,19470184.00,2.00,0.00,131888.00,17714396.00
Geo3,2022-03-21,1422528.00,1033329.00,788034.00,16736.00,12042.00,9181.00,17714.396,833551.00,-1.88,-1.30,20585644.00,1.00,0.22,1047832.00,20609404.00
Geo3,2022-03-28,1739069.00,2149402.00,1588289.00,20460.00,25048.00,18504.00,20609.404,833551.00,-0.16,-0.58,18495032.00,3.00,2.01,0.00,12392841.00
Geo3,2022-04-04,0.00,933322.00,1529756.00,0.00,10876.00,17822.00,12392.841,833551.00,0.07,-0.94,20474990.00,-4.00,0.00,238901.00,16831590.00
Geo3,2022-04-11,1458643.00,1448209.00,2389046.00,17161.00,16877.00,27833.00,16831.590,833551.00,-0.12,0.56,19299180.00,0.00,0.00,864992.00,14465984.00
Geo3,2022-04-18,2025592.00,1613554.00,1283486.00,23831.00,18804.00,14953.00,14465.984,833551.00,-1.69,-1.39,17594482.00,0.00,0.00,0.00,18656712.00
Geo3,2022-04-25,1940879.00,2876080.00,690199.00,22834.00,33516.00,8041.00,18656.712,833551.00,0.52,0.03,20678482.00,0.00,0.00,216441.00,16636711.00
Geo3,2022-05-02,1955401.00,474698.00,1527885.00,23005.00,5532.00,17800.00,16636.711,833551.00,1.29,-1.33,14806689.00,0.00,0.00,0.00,13365818.00
Geo3,2022-05-09,2109926.00,817210.00,1620189.00,24823.00,9523.00,18876.00,13365.818,833551.00,-2.81,-0.46,18771014.00,-2.00,0.36,869474.00,16742752.00
Geo3,2022-05-16,2478719.00,595280.00,1488000.00,29162.00,6937.00,17336.00,16742.752,833551.00,0.95,-0.69,21347142.00,0.00,1.07,500524.00,16939450.00
Geo3,2022-05-23,2317660.00,177811.00,1416750.00,27267.00,2072.00,16506.00,16939.450,833551.00,-0.79,0.04,18332678.00,-1.00,1.25,0.00,15600480.00
Geo3,2022-05-30,1958008.00,1632149.00,1288387.00,23036.00,19020.00,15010.00,15600.480,833551.00,0.65,-1.38,22209554.00,-1.00,0.00,0.00,17261942.00
Geo3,2022-06-06,2745362.00,1360647.00,2515524.00,32299.00,15856.00,29307.00,17261.942,833551.00,0.49,-0.11,19425340.00,0.00,0.00,834072.00,16388643.00
Geo3,2022-06-13,1223677.00,1961726.00,1339564.00,14397.00,22861.00,15606.00,16388.643,833551.00,0.64,-2.61,20604526.00,-3.00,0.00,0.00,18877034.00
Geo3,2022-06-20,894891.00,1871144.00,1040752.00,10528.00,21805.00,12125.00,18877.034,833551.00,-1.28,-0.47,19799798.00,2.00,1.95,350835.00,17323262.00
Geo3,2022-06-27,1579679.00,1552880.00,2203411.00,18585.00,18096.00,25671.00,17323.262,833551.00,0.93,-0.94,16659328.00,0.00,1.48,0.00,18757090.00
Geo3,2022-07-04,3061436.00,568704.00,2142712.00,36018.00,6627.00,24963.00,18757.090,833551.00,-0.88,1.62,23155702.00,0.00,1.32,1940384.00,15977421.00
Geo3,2022-07-11,1158549.00,1983120.00,1442026.00,13630.00,23110.00,16800.00,15977.421,833551.00,-0.47,0.62,19926668.00,-1.00,0.09,868203.00,14705689.00
Geo3,2022-07-18,2572505.00,2190679.00,582228.00,30265.00,25529.00,6783.00,14705.689,833551.00,-1.38,2.06,22992344.00,1.00,0.86,666401.00,14601091.00
Geo3,2022-07-25,1314867.00,832394.00,1249045.00,15469.00,9700.00,14552.00,14601.091,833551.00,-0.97,0.78,19611864.00,-2.00,0.00,1323728.00,20102468.00
Geo3,2022-08-01,2611197.00,1457305.00,1062885.00,30721.00,16983.00,12383.00,20102.468,833551.00,-0.13,1.36,20519326.00,3.00,0.00,593343.00,16072352.00
Geo3,2022-08-08,1723753.00,931587.00,1304320.00,20280.00,10856.00,15196.00,16072.352,833551.00,-0.26,0.74,20516892.00,2.00,0.00,574269.00,9897898.00
Geo3,2022-08-15,1800699.00,1401929.00,1202658.00,21185.00,16337.00,14011.00,9897.898,833551.00,0.47,-1.13,22718154.00,-5.00,1.33,0.00,20551862.00
Geo3,2022-08-22,2401944.00,2489212.00,1726072.00,28259.00,29008.00,20109.00,20551.862,833551.00,2.85,1.25,23445292.00,4.00,0.00,1357764.00,16410214.00
Geo3,2022-08-29,2364292.00,2502786.00,894275.00,27816.00,29166.00,10419.00,16410.214,833551.00,-1.25,0.96,22017008.00,1.00,0.00,1225548.00,9063809.00
Geo3,2022-09-05,1653172.00,1930626.00,2154510.00,19450.00,22499.00,25101.00,9063.809,833551.00,0.48,-0.32,21128044.00,-3.00,0.00,705643.00,18963174.00
Geo3,2022-09-12,1915432.00,1463082.00,2668082.00,22535.00,17050.00,31084.00,18963.174,833551.00,1.37,0.50,24768144.00,1.00,0.48,744661.00,14697096.00
Geo3,2022-09-19,2052941.00,1692902.00,1648551.00,24153.00,19728.00,19206.00,14697.096,833551.00,1.77,0.13,24383660.00,-3.00,0.40,686228.00,17670772.00
Geo3,2022-09-26,641014.00,2592874.00,2125455.00,7542.00,30216.00,24762.00,17670.772,833551.00,1.03,1.50,19956480.00,2.00,1.30,904763.00,19512512.00
Geo3,2022-10-03,1454562.00,1503706.00,1443190.00,17113.00,17523.00,16814.00,19512.512,833551.00,2.57,0.58,17498654.00,0.00,0.41,632989.00,21984364.00
Geo3,2022-10-10,2880394.00,1533381.00,1786104.00,33888.00,17869.00,20809.00,21984.364,833551.00,1.78,-0.13,21970152.00,4.00,0.57,1483292.00,18634770.00
Geo3,2022-10-17,1466216.00,1503219.00,1265191.00,17250.00,17518.00,14740.00,18634.770,833551.00,0.49,0.15,17463792.00,-1.00,1.22,1467924.00,19880436.00
Geo3,2022-10-24,1785446.00,1369306.00,0.00,21006.00,15957.00,0.00,19880.436,833551.00,0.03,2.40,21812704.00,3.00,1.95,1270174.00,14492390.00
Geo3,2022-10-31,1784947.00,1671438.00,1517000.00,21000.00,19478.00,17674.00,14492.390,833551.00,1.27,0.94,20891346.00,1.00,0.00,377607.00,11110302.00
Geo3,2022-11-07,2413910.00,197533.00,853910.00,28400.00,2302.00,9948.00,11110.302,833551.00,0.40,0.24,21880572.00,-9.00,1.84,901364.00,14044089.00
Geo3,2022-11-14,1483409.00,1332257.00,0.00,17452.00,15525.00,0.00,14044.089,833551.00,3.09,-0.89,19961734.00,-1.00,1.15,713176.00,21208924.00
Geo3,2022-11-21,3499223.00,1148588.00,836151.00,41168.00,13385.00,9741.00,21208.924,833551.00,-0.06,0.33,18199988.00,5.00,0.00,664117.00,14776895.00
Geo3,2022-11-28,1659796.00,1344670.00,2065361.00,19527.00,15670.00,24062.00,14776.895,833551.00,-0.67,-0.71,21926240.00,1.00,1.49,0.00,15025493.00
Geo3,2022-12-05,2084137.00,1909116.00,1267498.00,24520.00,22248.00,14767.00,15025.493,833551.00,0.62,-1.60,23855988.00,-1.00,0.11,647884.00,17682386.00
Geo3,2022-12-12,2472939.00,2626826.00,1262815.00,29094.00,30612.00,14712.00,17682.386,833551.00,0.02,0.17,26340668.00,-1.00,0.89,291069.00,18797426.00
Geo3,2022-12-19,1765071.00,1591466.00,2278174.00,20766.00,18546.00,26542.00,18797.426,833551.00,0.85,1.04,20677908.00,1.00,0.29,513708.00,16200331.00
Geo3,2022-12-26,1938454.00,1588718.00,1154644.00,22806.00,18514.00,13452.00,16200.331,833551.00,2.28,1.57,19851698.00,-3.00,0.95,1391063.00,16103663.00
Geo3,2023-01-02,1364232.00,1819083.00,325681.00,16050.00,21199.00,3794.00,16103.663,833551.00,-0.97,1.56,23287338.00,0.00,0.95,1652127.00,12947402.00
Geo3,2023-01-09,2574711.00,962216.00,1041653.00,30291.00,11213.00,12136.00,12947.402,833551.00,0.06,-1.59,19940366.00,-4.00,0.57,33725.00,17608600.00
Geo3,2023-01-16,1372322.00,1384694.00,1044425.00,16145.00,16137.00,12168.00,17608.600,833551.00,-0.97,-1.33,19782008.00,0.00,0.28,0.00,14444152.00
Geo3,2023-01-23,925580.00,1801949.00,2519564.00,10889.00,20999.00,29354.00,14444.152,833551.00,-1.01,-0.89,24094720.00,-2.00,0.00,0.00,8332957.00
Geo3,2023-01-30,618780.00,1175875.00,830980.00,7280.00,13703.00,9681.00,8332.957,833551.00,0.51,0.04,18417468.00,-6.00,0.00,1185874.00,13912380.00
Geo3,2023-02-06,1841766.00,1469060.00,1699117.00,21668.00,17120.00,19795.00,13912.380,833551.00,-0.09,1.16,19872698.00,-4.00,0.74,877093.00,19428512.00
Geo3,2023-02-13,1759338.00,2413985.00,1187842.00,20699.00,28131.00,13839.00,19428.512,833551.00,0.85,-0.73,22590736.00,1.00,0.17,89930.00,15290207.00
Geo3,2023-02-20,724264.00,1162762.00,1213130.00,8521.00,13550.00,14133.00,15290.207,833551.00,-1.92,-0.55,17641288.00,0.00,0.00,138540.00,18291484.00
Geo3,2023-02-27,1780720.00,1072348.00,1013956.00,20950.00,12497.00,11813.00,18291.484,833551.00,-2.03,-1.66,20313944.00,0.00,0.97,0.00,13400074.00
Geo3,2023-03-06,2506787.00,1030722.00,1142698.00,29492.00,12011.00,13313.00,13400.074,833551.00,0.33,0.22,18505446.00,0.00,0.00,95213.00,10061708.00
Geo3,2023-03-13,1207779.00,2405641.00,674978.00,14209.00,28034.00,7864.00,10061.708,833551.00,-0.14,-1.42,19320420.00,-6.00,0.00,367001.00,14570216.00
Geo3,2023-03-20,2690408.00,1331302.00,1540332.00,31653.00,15514.00,17945.00,14570.216,833551.00,-0.07,0.43,18434750.00,-2.00,0.24,0.00,18426842.00
Geo3,2023-03-27,1931651.00,1349289.00,1528349.00,22726.00,15724.00,17806.00,18426.842,833551.00,-0.09,-1.37,22123562.00,0.00,0.00,0.00,19115754.00
Geo3,2023-04-03,2274063.00,1413394.00,2720532.00,26754.00,16471.00,31695.00,19115.754,833551.00,-0.08,-0.79,18581878.00,1.00,0.00,120728.00,13342178.00
Geo3,2023-04-10,1539056.00,1808720.00,1222328.00,18107.00,21078.00,14241.00,13342.178,833551.00,-1.16,-1.60,20292636.00,-2.00,0.02,0.00,20864134.00
Geo3,2023-04-17,1682396.00,1920379.00,1285303.00,19793.00,22379.00,14974.00,20864.134,833551.00,-0.12,0.48,21521462.00,3.00,0.00,133488.00,16053374.00
Geo3,2023-04-24,2638798.00,2643665.00,1423767.00,31045.00,30808.00,16587.00,16053.374,833551.00,-0.15,0.20,19829074.00,-1.00,1.31,677947.00,13611674.00
Geo3,2023-05-01,2300892.00,1159968.00,1801777.00,27070.00,13518.00,20991.00,13611.674,833551.00,-0.71,-1.38,24760850.00,-4.00,0.00,0.00,14347869.00
Geo3,2023-05-08,1547054.00,946684.00,738928.00,18201.00,11032.00,8609.00,14347.869,833551.00,-1.52,-0.02,18822024.00,-2.00,0.00,0.00,13707676.00
Geo3,2023-05-15,2143830.00,2322828.00,1301055.00,25222.00,27069.00,15158.00,13707.676,833551.00,-0.45,-1.24,22602424.00,-4.00,2.02,0.00,27094480.00
Geo3,2023-05-22,1938712.00,872226.00,2515957.00,22809.00,10164.00,29312.00,27094.480,833551.00,-1.40,-0.94,20684402.00,7.00,0.13,0.00,15360042.00
Geo3,2023-05-29,644052.00,1898154.00,566747.00,7577.00,22120.00,6603.00,15360.042,833551.00,0.76,-2.63,22940450.00,-3.00,0.01,0.00,14958258.00
Geo3,2023-06-05,1102932.00,1760925.00,775722.00,12976.00,20521.00,9037.00,14958.258,833551.00,-2.79,-1.15,19488846.00,-2.00,1.59,0.00,12404187.00
Geo3,2023-06-12,1331039.00,1267201.00,1061641.00,15660.00,14767.00,12369.00,12404.187,833551.00,-1.36,-0.28,20435394.00,-2.00,0.03,536912.00,18947456.00
Geo3,2023-06-19,1641806.00,2123659.00,1020171.00,19316.00,24748.00,11885.00,18947.456,833551.00,2.24,-0.65,18955548.00,1.00,1.62,0.00,19694222.00
Geo3,2023-06-26,1359819.00,792067.00,1726188.00,15998.00,9230.00,20111.00,19694.222,833551.00,-2.18,-1.52,19575096.00,-1.00,0.00,0.00,15481612.00
Geo3,2023-07-03,1596474.00,1095868.00,645838.00,18782.00,12771.00,7524.00,15481.612,833551.00,1.40,0.68,18608880.00,-3.00,0.53,322938.00,18711874.00
Geo3,2023-07-10,1578032.00,1883990.00,1309461.00,18565.00,21955.00,15256.00,18711.874,833551.00,-0.54,-1.74,20535480.00,-1.00,0.00,0.00,11928164.00
Geo3,2023-07-17,1923702.00,2286990.00,954513.00,22632.00,26651.00,11120.00,11928.164,833551.00,0.00,2.38,20318114.00,-4.00,0.85,904254.00,22687866.00
Geo3,2023-07-24,704812.00,1961132.00,2267920.00,8292.00,22854.00,26422.00,22687.866,833551.00,1.53,-0.99,18844098.00,5.00,0.00,0.00,16762185.00
Geo3,2023-07-31,1863087.00,1927899.00,832008.00,21919.00,22467.00,9693.00,16762.185,833551.00,-0.07,1.06,19157256.00,0.00,2.01,1299497.00,18281208.00
Geo3,2023-08-07,496430.00,943305.00,1438894.00,5840.00,10993.00,16764.00,18281.208,833551.00,-1.55,0.31,18185958.00,0.00,1.90,294799.00,17553328.00
Geo3,2023-08-14,1514348.00,2696720.00,1672678.00,17816.00,31426.00,19487.00,17553.328,833551.00,0.73,1.26,21872564.00,1.00,0.76,805951.00,16827460.00
Geo3,2023-08-21,3187003.00,1491772.00,920794.00,37495.00,17384.00,10728.00,16827.460,833551.00,-1.52,-2.41,20067994.00,-1.00,1.17,0.00,17617634.00
Geo3,2023-08-28,2100416.00,801464.00,1025708.00,24711.00,9340.00,11950.00,17617.634,833551.00,-0.44,0.74,18849298.00,0.00,0.02,88959.00,15525979.00
Geo3,2023-09-04,981060.00,1528290.00,2101038.00,11542.00,17810.00,24478.00,15525.979,833551.00,1.16,-1.01,20113400.00,-1.00,0.00,0.00,19507956.00
Geo3,2023-09-11,3405026.00,1480062.00,1510880.00,40060.00,17248.00,17602.00,19507.956,833551.00,-0.90,-3.22,22734258.00,3.00,0.29,0.00,12509052.00
Geo3,2023-09-18,1385086.00,1811714.00,635288.00,16295.00,21113.00,7401.00,12509.052,833551.00,0.59,0.65,22571528.00,-4.00,0.69,131962.00,16935776.00
Geo3,2023-09-25,1521768.00,1874918.00,247740.00,17904.00,21849.00,2886.00,16935.776,833551.00,-0.16,0.83,20844280.00,4.00,0.00,1148586.00,12807134.00
Geo3,2023-10-02,1786909.00,1475819.00,1790508.00,21023.00,17198.00,20860.00,12807.134,833551.00,-0.52,1.37,22173026.00,-5.00,0.38,628084.00,14864584.00
Geo3,2023-10-09,2284376.00,2002000.00,757149.00,26876.00,23330.00,8821.00,14864.584,833551.00,0.21,0.80,21667492.00,-4.00,0.34,1149821.00,19006390.00
Geo3,2023-10-16,1960748.00,1313438.00,1323210.00,23068.00,15306.00,15416.00,19006.390,833551.00,2.26,-0.93,24867678.00,1.00,1.41,688038.00,14434024.00
Geo3,2023-10-23,994641.00,603943.00,998195.00,11702.00,7038.00,11629.00,14434.024,833551.00,-1.52,0.20,20321390.00,-1.00,0.00,0.00,17990144.00
Geo3,2023-10-30,1957982.00,1342007.00,1413993.00,23036.00,15639.00,16474.00,17990.144,833551.00,-1.37,1.15,21541112.00,-1.00,1.07,651379.00,24799802.00
Geo3,2023-11-06,2429036.00,2198659.00,1935516.00,28578.00,25622.00,22549.00,24799.802,833551.00,-0.06,-0.30,22321298.00,4.00,0.00,461028.00,17726108.00
Geo3,2023-11-13,904282.00,2683963.00,1931265.00,10639.00,31278.00,22500.00,17726.108,833551.00,-0.85,-0.50,22618540.00,-1.00,0.00,114850.00,13350560.00
Geo3,2023-11-20,1796526.00,1219455.00,1462018.00,21136.00,14211.00,17033.00,13350.560,833551.00,0.11,-0.12,17920628.00,-4.00,1.49,1086856.00,10137220.00
Geo3,2023-11-27,2504751.00,971778.00,515995.00,29468.00,11325.00,6012.00,10137.220,833551.00,-0.47,0.60,24413202.00,-6.00,0.00,0.00,7870109.00
Geo3,2023-12-04,1585664.00,1144690.00,2049484.00,18655.00,13340.00,23877.00,7870.109,833551.00,-0.83,1.94,21892804.00,-7.00,0.59,1297284.00,17959538.00
Geo3,2023-12-11,1603563.00,88792.00,1378170.00,18866.00,1035.00,16056.00,17959.538,833551.00,0.99,-1.21,21790078.00,1.00,0.00,0.00,14524652.00
Geo3,2023-12-18,2502613.00,1619970.00,936675.00,29443.00,18878.00,10913.00,14524.652,833551.00,0.37,1.82,20481802.00,-2.00,0.00,596458.00,10720847.00
Geo3,2023-12-25,1928381.00,1387607.00,508931.00,22687.00,16170.00,5929.00,10720.847,833551.00,0.20,0.26,17217402.00,-5.00,0.81,920690.00,23773322.00
Geo3,2024-01-01,1668799.00,2586199.00,1129911.00,19633.00,30138.00,13164.00,23773.322,833551.00,-0.75,-1.43,23188626.00,3.00,0.00,583516.00,10532463.00
Geo3,2024-01-08,1769371.00,465659.00,1501646.00,20817.00,5427.00,17495.00,10532.463,833551.00,-0.36,-0.94,18711624.00,-4.00,0.00,71638.00,10230069.00
Geo3,2024-01-15,1332098.00,1101819.00,1355677.00,15672.00,12840.00,15794.00,10230.069,833551.00,0.64,-1.09,19949958.00,-7.00,0.38,248262.00,2884345.00
Geo4,2021-01-25,499785.00,157108.00,265544.00,5880.00,1831.00,3094.00,2884.345,157739.00,-1.53,-0.29,2773099.00,-3.00,0.00,0.00,3619721.00
Geo4,2021-02-01,339107.00,216524.00,382349.00,3990.00,2523.00,4455.00,3619.721,157739.00,-1.84,0.36,2943778.00,2.00,1.28,190328.00,3223276.00
Geo4,2021-02-08,302898.00,177487.00,394014.00,3564.00,2068.00,4590.00,3223.276,157739.00,1.50,-1.05,3460391.00,-1.00,0.00,1139964.00,3154961.00
Geo4,2021-02-15,204238.00,327837.00,306876.00,2403.00,3820.00,3575.00,3154.961,157739.00,0.88,0.37,2957000.00,1.00,0.27,715951.00,2925554.00
Geo4,2021-02-22,457219.00,336372.00,302486.00,5379.00,3920.00,3524.00,2925.554,157739.00,0.54,0.95,2749978.00,-2.00,0.00,396723.00,3562371.00
Geo4,2021-03-01,386993.00,163773.00,446092.00,4553.00,1909.00,5197.00,3562.371,157739.00,-1.10,-0.63,2172258.00,1.00,0.00,0.00,3423035.00
Geo4,2021-03-08,389337.00,284610.00,261767.00,4581.00,3317.00,3050.00,3423.035,157739.00,1.40,-2.43,3090918.00,-2.00,0.00,0.00,2283395.00
Geo4,2021-03-15,247967.00,280975.00,208115.00,2917.00,3274.00,2425.00,2283.395,157739.00,1.45,-1.54,2956632.00,-5.00,0.86,651988.00,4281301.00
Geo4,2021-03-22,491901.00,324840.00,303350.00,5787.00,3786.00,3534.00,4281.301,157739.00,1.97,-0.48,3274330.00,5.00,0.38,667134.00,2852657.00
Geo4,2021-03-29,389559.00,85727.00,112044.00,4583.00,999.00,1305.00,2852.657,157739.00,-0.42,1.54,3241088.00,-4.00,0.00,562119.00,3833700.00
Geo4,2021-04-05,347930.00,299802.00,340756.00,4093.00,3494.00,3970.00,3833.700,157739.00,0.50,-0.98,3564480.00,1.00,0.95,893638.00,2607538.00
Geo4,2021-04-12,273162.00,251448.00,274900.00,3214.00,2930.00,3203.00,2607.538,157739.00,-0.97,-0.29,2888972.00,-7.00,0.98,776353.00,2362563.00
Geo4,2021-04-19,570187.00,321927.00,273741.00,6708.00,3752.00,3189.00,2362.563,157739.00,1.86,-2.35,2681088.00,-7.00,0.00,288829.00,3978965.00
Geo4,2021-04-26,254389.00,146396.00,32065.00,2993.00,1706.00,374.00,3978.965,157739.00,-1.20,-1.28,4044240.00,1.00,0.00,0.00,3296388.00
Geo4,2021-05-03,296270.00,191795.00,278336.00,3486.00,2235.00,3243.00,3296.388,157739.00,-0.43,-0.36,3193450.00,1.00,0.00,0.00,3713778.00
Geo4,2021-05-10,350672.00,175655.00,156122.00,4126.00,2047.00,1819.00,3713.778,157739.00,-0.67,-0.11,3532648.00,1.00,1.29,1316157.00,2309363.00
Geo4,2021-05-17,252677.00,251429.00,353645.00,2973.00,2930.00,4120.00,2309.363,157739.00,-0.98,0.73,2779749.00,-5.00,0.00,737129.00,4074517.00
Geo4,2021-05-24,400223.00,154612.00,346466.00,4709.00,1802.00,4036.00,4074.517,157739.00,-0.52,2.67,2606745.00,4.00,0.00,853626.00,4479892.00
Geo4,2021-05-31,245755.00,218035.00,338485.00,2891.00,2541.00,3943.00,4479.892,157739.00,-1.10,-1.02,3383983.00,4.00,0.03,377682.00,5104400.00
Geo4,2021-06-07,595541.00,511262.00,354902.00,7007.00,5958.00,4135.00,5104.400,157739.00,1.97,-0.11,3438702.00,6.00,0.00,1269076.00,3945841.00
Geo4,2021-06-14,322174.00,313522.00,334703.00,3790.00,3654.00,3899.00,3945.841,157739.00,0.16,-0.41,3396135.00,1.00,0.97,191747.00,3808294.00
Geo4,2021-06-21,333074.00,303169.00,370842.00,3919.00,3533.00,4320.00,3808.294,157739.00,-1.04,-1.38,3029262.00,0.00,1.06,365907.00,2786831.00
Geo4,2021-06-28,454060.00,251093.00,367197.00,5342.00,2926.00,4278.00,2786.831,157739.00,0.44,-1.66,3531778.00,-2.00,1.69,1342864.00,3786981.00
Geo4,2021-07-05,337281.00,201733.00,467968.00,3968.00,2351.00,5452.00,3786.981,157739.00,0.04,-2.24,3092706.00,0.00,0.00,0.00,3979035.00
Geo4,2021-07-12,346824.00,248981.00,195184.00,4080.00,2901.00,2274.00,3979.035,157739.00,-1.42,-0.19,3349717.00,1.00,0.00,0.00,3951023.00
Geo4,2021-07-19,366346.00,319888.00,83811.00,4310.00,3728.00,976.00,3951.023,157739.00,0.02,0.52,3297356.00,-1.00,0.00,872130.00,3032169.00
Geo4,2021-07-26,400478.00,218482.00,182340.00,4712.00,2546.00,2124.00,3032.169,157739.00,1.51,-0.75,3085440.00,-2.00,0.00,669291.00,3619956.00
Geo4,2021-08-02,328908.00,420775.00,243675.00,3870.00,4903.00,2839.00,3619.956,157739.00,-1.98,0.47,3476945.00,0.00,0.58,0.00,2444973.00
Geo4,2021-08-09,76082.00,77491.00,321914.00,895.00,903.00,3750.00,2444.973,157739.00,-0.23,-0.82,3237507.00,-6.00,0.00,0.00,4053033.00
Geo4,2021-08-16,205538.00,358790.00,133256.00,2418.00,4181.00,1552.00,4053.033,157739.00,-0.74,-1.50,3602739.00,4.00,0.37,0.00,3040111.00
Geo4,2021-08-23,372550.00,301411.00,223540.00,4383.00,3512.00,2604.00,3040.111,157739.00,0.03,2.03,3194182.00,-4.00,1.45,1595795.00,3371422.00
Geo4,2021-08-30,253655.00,286430.00,443361.00,2984.00,3338.00,5165.00,3371.422,157739.00,-1.53,-2.78,3731396.00,-1.00,0.12,0.00,2669453.00
Geo4,2021-09-06,400331.00,313638.00,259341.00,4710.00,3655.00,3021.00,2669.453,157739.00,1.51,1.51,3155939.00,-1.00,0.00,0.00,4015604.00
Geo4,2021-09-13,225364.00,372912.00,350796.00,2651.00,4346.00,4087.00,4015.604,157739.00,1.15,1.61,2910089.00,2.00,0.00,1192776.00,3073580.00
Geo4,2021-09-20,510967.00,194286.00,245805.00,6012.00,2264.00,2864.00,3073.580,157739.00,-0.26,-0.44,3548754.00,0.00,0.69,422672.00,3376748.00
Geo4,2021-09-27,315295.00,371162.00,238197.00,3709.00,4325.00,2775.00,3376.748,157739.00,1.12,0.70,3066860.00,0.00,0.78,649414.00,3164048.00
Geo4,2021-10-04,422659.00,267720.00,353255.00,4973.00,3120.00,4116.00,3164.048,157739.00,1.33,0.30,3095148.00,-1.00,0.94,392884.00,4505936.00
Geo4,2021-10-11,323989.00,378117.00,257301.00,3812.00,4406.00,2998.00,4505.936,157739.00,-0.17,-1.49,3451522.00,3.00,0.64,0.00,3554104.00
Geo4,2021-10-18,352702.00,335544.00,0.00,4150.00,3910.00,0.00,3554.104,157739.00,0.63,0.07,3174730.00,0.00,1.45,237211.00,4444057.00
Geo4,2021-10-25,249952.00,171161.00,424243.00,2941.00,1995.00,4943.00,4444.057,157739.00,-1.03,-0.74,3490668.00,5.00,0.00,0.00,4198507.00
Geo4,2021-11-01,496406.00,133341.00,272939.00,5840.00,1554.00,3180.00,4198.507,157739.00,0.39,0.27,3272223.00,3.00,0.59,379682.00,3837832.00
Geo4,2021-11-08,376117.00,475102.00,260940.00,4425.00,5537.00,3040.00,3837.832,157739.00,1.02,2.95,3363906.00,3.00,0.96,2253054.00,1928185.00
Geo4,2021-11-15,284367.00,507986.00,255003.00,3346.00,5920.00,2971.00,1928.185,157739.00,0.61,0.06,3277835.00,-6.00,0.07,634192.00,2557469.00
Geo4,2021-11-22,328265.00,267407.00,269330.00,3862.00,3116.00,3138.00,2557.469,157739.00,1.81,1.05,3257083.00,-5.00,1.65,1839936.00,3368014.00
Geo4,2021-11-29,410918.00,282692.00,192761.00,4834.00,3294.00,2246.00,3368.014,157739.00,1.35,-1.60,3524582.00,-1.00,0.00,0.00,2712006.00
Geo4,2021-12-06,354483.00,365943.00,252610.00,4170.00,4265.00,2943.00,2712.006,157739.00,-2.09,3.93,3533583.00,-1.00,0.42,1100743.00,2104973.00
Geo4,2021-12-13,410714.00,154501.00,218944.00,4832.00,1800.00,2551.00,2104.973,157739.00,-0.32,-0.76,3085494.00,-6.00,0.33,0.00,3520893.00
Geo4,2021-12-20,382432.00,207875.00,181905.00,4499.00,2422.00,2119.00,3520.893,157739.00,0.53,0.27,3971576.00,1.00,0.00,774860.00,3139354.00
Geo4,2021-12-27,421524.00,292921.00,262393.00,4959.00,3414.00,3057.00,3139.354,157739.00,0.46,-1.48,3575437.00,0.00,0.00,0.00,4465552.00
Geo4,2022-01-03,327348.00,366692.00,210691.00,3851.00,4273.00,2455.00,4465.552,157739.00,0.49,-0.78,2958945.00,3.00,0.00,0.00,2336796.00
Geo4,2022-01-10,409812.00,258273.00,187833.00,4821.00,3010.00,2188.00,2336.796,157739.00,-0.69,-1.27,4264658.00,-4.00,0.00,0.00,2794880.00
Geo4,2022-01-17,329494.00,256050.00,350579.00,3876.00,2984.00,4084.00,2794.880,157739.00,-0.87,0.61,3577364.00,-1.00,1.55,578165.00,2281632.00
Geo4,2022-01-24,444425.00,370607.00,365757.00,5229.00,4319.00,4261.00,2281.632,157739.00,2.11,-1.11,2908920.00,-4.00,0.00,120570.00,3727873.00
Geo4,2022-01-31,276329.00,481943.00,358935.00,3251.00,5616.00,4182.00,3727.873,157739.00,-0.05,-0.50,3158796.00,-1.00,0.26,1253256.00,2112195.00
Geo4,2022-02-07,336227.00,159511.00,304182.00,3956.00,1859.00,3544.00,2112.195,157739.00,0.62,0.48,2930760.00,-8.00,0.00,0.00,2251470.00
Geo4,2022-02-14,223716.00,53782.00,261274.00,2632.00,627.00,3044.00,2251.470,157739.00,-1.06,-1.43,3207084.00,-4.00,0.00,0.00,3503874.00
Geo4,2022-02-21,353157.00,224496.00,382983.00,4155.00,2616.00,4462.00,3503.874,157739.00,-1.12,-1.24,3053292.00,1.00,0.00,0.00,3387753.00
Geo4,2022-02-28,452384.00,309456.00,390312.00,5322.00,3606.00,4547.00,3387.753,157739.00,0.47,-1.10,2998836.00,1.00,0.00,157333.00,4349577.00
Geo4,2022-03-07,473656.00,505104.00,89888.00,5573.00,5886.00,1047.00,4349.577,157739.00,-1.97,-1.74,3529238.00,4.00,0.00,0.00,2186170.00
Geo4,2022-03-14,204973.00,314589.00,209964.00,2411.00,3666.00,2446.00,2186.170,157739.00,-1.50,-1.14,2990790.00,-5.00,0.00,0.00,1922841.00
Geo4,2022-03-21,9549.00,69742.00,159705.00,112.00,813.00,1861.00,1922.841,157739.00,-1.11,0.04,2927742.00,-7.00,1.25,1077034.00,3544465.00
Geo4,2022-03-28,364227.00,235107.00,246417.00,4285.00,2740.00,2871.00,3544.465,157739.00,-1.98,-0.73,2677526.00,0.00,0.00,0.00,3172099.00
Geo4,2022-04-04,266590.00,287230.00,279972.00,3136.00,3347.00,3262.00,3172.099,157739.00,0.55,-0.01,3224111.00,-2.00,0.70,1544408.00,3742001.00
Geo4,2022-04-11,406075.00,303108.00,370719.00,4777.00,3532.00,4319.00,3742.001,157739.00,-0.68,-3.55,3239622.00,1.00,0.00,0.00,2663491.00
Geo4,2022-04-18,324734.00,232406.00,185631.00,3820.00,2708.00,2163.00,2663.491,157739.00,1.63,-1.86,2789738.00,-1.00,0.00,0.00,3009838.00
Geo4,2022-04-25,292361.00,440494.00,155669.00,3440.00,5133.00,1814.00,3009.838,157739.00,-0.96,-0.12,3289540.00,-3.00,0.21,1902204.00,3089190.00
Geo4,2022-05-02,403779.00,194072.00,251376.00,4750.00,2262.00,2929.00,3089.190,157739.00,1.23,-1.37,2384938.00,-1.00,0.00,0.00,2908186.00
Geo4,2022-05-09,213659.00,95370.00,241106.00,2514.00,1111.00,2809.00,2908.186,157739.00,-3.48,-0.77,2818787.00,0.00,0.94,0.00,2385619.00
Geo4,2022-05-16,499276.00,127008.00,215949.00,5874.00,1480.00,2516.00,2385.619,157739.00,0.59,-0.89,3317618.00,-3.00,0.24,0.00,2985520.00
Geo4,2022-05-23,533877.00,40680.00,340489.00,6281.00,474.00,3967.00,2985.520,157739.00,-0.35,-0.02,2821540.00,-2.00,0.00,614505.00,3907384.00
Geo4,2022-05-30,419348.00,332006.00,453107.00,4934.00,3869.00,5279.00,3907.384,157739.00,-0.77,-0.64,3455298.00,1.00,0.32,840312.00,2995518.00
Geo4,2022-06-06,468215.00,276545.00,348362.00,5509.00,3223.00,4059.00,2995.518,157739.00,-1.39,2.63,2651490.00,-2.00,1.43,2383082.00,5046045.00
Geo4,2022-06-13,353114.00,293934.00,324860.00,4154.00,3425.00,3785.00,5046.045,157739.00,0.39,1.52,2995998.00,5.00,0.41,1226943.00,4205477.00
Geo4,2022-06-20,379330.00,397863.00,139044.00,4463.00,4636.00,1620.00,4205.477,157739.00,-1.33,-0.72,3114539.00,4.00,0.20,8385.00,3583824.00
Geo4,2022-06-27,269314.00,299220.00,332579.00,3168.00,3487.00,3875.00,3583.824,157739.00,-0.02,-0.92,2452447.00,1.00,1.43,0.00,2581589.00
Geo4,2022-07-04,365867.00,58487.00,345188.00,4304.00,682.00,4022.00,2581.589,157739.00,-0.75,-1.42,3444256.00,-6.00,1.11,0.00,3000529.00
Geo4,2022-07-11,392820.00,182702.00,369073.00,4622.00,2129.00,4300.00,3000.529,157739.00,-0.89,-0.50,3198045.00,-2.00,1.29,0.00,2813838.00
Geo4,2022-07-18,299906.00,306117.00,354380.00,3528.00,3567.00,4129.00,2813.838,157739.00,-1.02,-0.04,3717829.00,0.00,0.25,439267.00,4186913.00
Geo4,2022-07-25,304393.00,163217.00,267493.00,3581.00,1902.00,3116.00,4186.913,157739.00,-0.85,0.50,3137162.00,4.00,0.00,606528.00,4072276.00
Geo4,2022-08-01,407539.00,326209.00,169994.00,4795.00,3801.00,1980.00,4072.276,157739.00,0.42,0.00,3218470.00,3.00,0.55,283323.00,3046505.00
Geo4,2022-08-08,338836.00,41399.00,312068.00,3986.00,482.00,3636.00,3046.505,157739.00,1.06,-0.07,3197094.00,2.00,0.97,253650.00,3267983.00
Geo4,2022-08-15,261468.00,283810.00,269299.00,3076.00,3307.00,3137.00,3267.983,157739.00,0.95,0.31,3351980.00,1.00,0.97,1081740.00,4793742.00
Geo4,2022-08-22,594285.00,408026.00,273973.00,6992.00,4755.00,3192.00,4793.742,157739.00,0.88,0.64,3478621.00,6.00,2.17,25273.00,3262030.00
Geo4,2022-08-29,445280.00,336839.00,336193.00,5239.00,3925.00,3917.00,3262.030,157739.00,-0.32,-0.15,3171868.00,0.00,0.34,635710.00,2036383.00
Geo4,2022-09-05,343880.00,228523.00,189772.00,4046.00,2663.00,2211.00,2036.383,157739.00,-0.29,1.08,3205888.00,-2.00,0.00,0.00,3328646.00
Geo4,2022-09-12,257899.00,337714.00,450843.00,3034.00,3936.00,5252.00,3328.646,157739.00,0.78,-0.26,3953660.00,-3.00,1.29,0.00,2898280.00
Geo4,2022-09-19,277290.00,465044.00,149317.00,3262.00,5419.00,1740.00,2898.280,157739.00,-0.66,0.87,3589556.00,-3.00,1.65,600299.00,3576687.00
Geo4,2022-09-26,188870.00,497353.00,372326.00,2222.00,5796.00,4338.00,3576.687,157739.00,-1.07,-0.30,2907116.00,2.00,0.00,231612.00,4114791.00
Geo4,2022-10-03,453813.00,254389.00,253325.00,5339.00,2965.00,2951.00,4114.791,157739.00,2.71,1.30,2593924.00,2.00,0.00,324482.00,3535670.00
Geo4,2022-10-10,256186.00,422698.00,447219.00,3014.00,4926.00,5210.00,3535.670,157739.00,1.29,-1.26,3311796.00,0.00,0.45,475391.00,3558403.00
Geo4,2022-10-17,384904.00,199959.00,325086.00,4528.00,2330.00,3787.00,3558.403,157739.00,-2.83,0.57,2565370.00,-2.00,1.89,2114252.00,3436293.00
Geo4,2022-10-24,405069.00,138215.00,0.00,4766.00,1611.00,0.00,3436.293,157739.00,-0.29,1.45,3185365.00,1.00,0.00,607931.00,2451922.00
Geo4,2022-10-31,408198.00,261954.00,295594.00,4802.00,3053.00,3444.00,2451.922,157739.00,1.53,0.13,3206607.00,-1.00,0.00,662571.00,4148995.00
Geo4,2022-11-07,404619.00,120065.00,197943.00,4760.00,1399.00,2306.00,4148.995,157739.00,1.20,0.41,3256716.00,1.00,0.22,950943.00,3592501.00
Geo4,2022-11-14,275403.00,261599.00,154228.00,3240.00,3049.00,1797.00,3592.501,157739.00,-0.77,0.72,2975726.00,2.00,0.49,0.00,5080466.00
Geo4,2022-11-21,583827.00,329258.00,294185.00,6869.00,3837.00,3427.00,5080.466,157739.00,0.39,-0.64,2673059.00,8.00,0.00,278522.00,3208132.00
Geo4,2022-11-28,211797.00,302645.00,331694.00,2492.00,3527.00,3864.00,3208.132,157739.00,1.05,1.25,3266894.00,2.00,0.53,583150.00,3152053.00
Geo4,2022-12-05,132192.00,420466.00,44151.00,1555.00,4900.00,514.00,3152.053,157739.00,1.51,0.91,3660121.00,-1.00,0.00,732257.00,3325424.00
Geo4,2022-12-12,296620.00,224890.00,250014.00,3490.00,2621.00,2913.00,3325.424,157739.00,0.59,0.14,3789699.00,-2.00,0.00,0.00,3838915.00
Geo4,2022-12-19,455880.00,229711.00,344757.00,5363.00,2677.00,4017.00,3838.915,157739.00,-0.38,-0.01,3131475.00,2.00,0.00,1080339.00,4501779.00
Geo4,2022-12-26,436817.00,314313.00,363134.00,5139.00,3663.00,4231.00,4501.779,157739.00,-0.18,0.54,3017638.00,3.00,0.81,566533.00,2774074.00
Geo4,2023-01-02,227312.00,382147.00,106517.00,2674.00,4453.00,1241.00,2774.074,157739.00,-0.30,1.23,3562717.00,-3.00,0.66,1421531.00,3124211.00
Geo4,2023-01-09,421834.00,200696.00,216663.00,4963.00,2339.00,2524.00,3124.211,157739.00,0.30,-0.21,2904899.00,-2.00,0.00,118030.00,2779727.00
Geo4,2023-01-16,233006.00,150415.00,179061.00,2741.00,1753.00,2086.00,2779.727,157739.00,2.57,-0.86,2784956.00,-1.00,0.00,295411.00,2669659.00
Geo4,2023-01-23,46210.00,289201.00,375078.00,544.00,3370.00,4370.00,2669.659,157739.00,0.51,-1.33,3461031.00,-4.00,0.00,0.00,2619063.00
Geo4,2023-01-30,190357.00,376401.00,206019.00,2240.00,4386.00,2400.00,2619.063,157739.00,-0.10,0.61,2573838.00,-1.00,0.80,1052207.00,4780537.00
Geo4,2023-02-06,479331.00,232564.00,485090.00,5639.00,2710.00,5651.00,4780.537,157739.00,-1.42,2.84,3054934.00,6.00,0.00,758875.00,3479334.00
Geo4,2023-02-13,381570.00,207669.00,75763.00,4489.00,2420.00,883.00,3479.334,157739.00,0.44,3.08,3466342.00,-1.00,0.00,1524227.00,3685896.00
Geo4,2023-02-20,229146.00,323669.00,140040.00,2696.00,3772.00,1632.00,3685.896,157739.00,-2.00,-1.05,2687830.00,2.00,0.00,0.00,3642647.00
Geo4,2023-02-27,450169.00,272147.00,373039.00,5296.00,3171.00,4346.00,3642.647,157739.00,-0.97,-3.19,3158750.00,-1.00,0.00,0.00,3147663.00
Geo4,2023-03-06,453791.00,126919.00,243168.00,5339.00,1479.00,2833.00,3147.663,157739.00,-1.33,-0.59,3020078.00,2.00,0.00,396566.00,3195491.00
Geo4,2023-03-13,315738.00,497483.00,63198.00,3715.00,5797.00,736.00,3195.491,157739.00,-1.08,-1.42,3073114.00,0.00,0.00,44256.00,3708899.00
Geo4,2023-03-20,531595.00,528383.00,259415.00,6254.00,6158.00,3022.00,3708.899,157739.00,-0.79,0.17,2672238.00,2.00,1.52,263305.00,3530916.00
Geo4,2023-03-27,497235.00,113079.00,363882.00,5850.00,1318.00,4239.00,3530.916,157739.00,-0.30,0.16,3460987.00,-1.00,1.04,0.00,3422747.00
Geo4,2023-04-03,429013.00,274864.00,251225.00,5047.00,3203.00,2927.00,3422.747,157739.00,-2.01,0.75,2866892.00,-1.00,1.14,1396930.00,3484033.00
Geo4,2023-04-10,245647.00,419466.00,351742.00,2890.00,4888.00,4098.00,3484.033,157739.00,-2.06,0.24,3340185.00,1.00,0.00,8693.00,4142677.00
Geo4,2023-04-17,377893.00,317832.00,294211.00,4446.00,3704.00,3428.00,4142.677,157739.00,-0.90,-1.66,3275360.00,2.00,0.00,0.00,3028910.00
Geo4,2023-04-24,331182.00,217898.00,276566.00,3896.00,2539.00,3222.00,3028.910,157739.00,-0.07,-1.79,2804834.00,-2.00,0.00,475300.00,2476476.00
Geo4,2023-05-01,325905.00,289180.00,284295.00,3834.00,3370.00,3312.00,2476.476,157739.00,-3.04,-1.73,3700006.00,-6.00,0.00,235676.00,3440751.00
Geo4,2023-05-08,482391.00,305315.00,143707.00,5675.00,3558.00,1674.00,3440.751,157739.00,-0.42,-2.97,2692756.00,-1.00,0.00,0.00,3973116.00
Geo4,2023-05-15,421210.00,191426.00,212221.00,4956.00,2231.00,2472.00,3973.116,157739.00,-0.42,-0.66,3560756.00,2.00,1.45,0.00,3605566.00
Geo4,2023-05-22,361299.00,208994.00,567294.00,4251.00,2436.00,6609.00,3605.566,157739.00,-0.04,-1.43,2956736.00,-2.00,1.12,0.00,3343193.00
Geo4,2023-05-29,253285.00,348176.00,133630.00,2980.00,4057.00,1557.00,3343.193,157739.00,0.65,0.69,3711380.00,-2.00,0.19,192476.00,3018744.00
Geo4,2023-06-05,283319.00,244799.00,105404.00,3333.00,2853.00,1228.00,3018.744,157739.00,-0.89,-1.47,3128199.00,-3.00,0.00,80279.00,1943982.00
Geo4,2023-06-12,200133.00,192463.00,70618.00,2355.00,2243.00,823.00,1943.982,157739.00,-1.04,-0.44,3052343.00,-6.00,0.82,1851154.00,3449976.00
Geo4,2023-06-19,355998.00,247727.00,214019.00,4188.00,2887.00,2493.00,3449.976,157739.00,1.53,-0.45,2945248.00,0.00,0.00,792888.00,4004145.00
Geo4,2023-06-26,336719.00,80749.00,241220.00,3961.00,941.00,2810.00,4004.145,157739.00,-1.18,-0.38,3014383.00,0.00,0.00,197546.00,2792631.00
Geo4,2023-07-03,320189.00,230673.00,4694.00,3767.00,2688.00,55.00,2792.631,157739.00,-2.02,0.99,2980394.00,-5.00,0.57,0.00,3978721.00
Geo4,2023-07-10,223286.00,231585.00,0.00,2627.00,2699.00,0.00,3978.721,157739.00,0.68,-1.87,3211356.00,1.00,0.00,0.00,3013693.00
Geo4,2023-07-17,244528.00,306284.00,28625.00,2877.00,3569.00,333.00,3013.693,157739.00,-0.35,1.79,3265846.00,-1.00,1.11,2755668.00,2985270.00
Geo4,2023-07-24,28292.00,281019.00,283782.00,333.00,3275.00,3306.00,2985.270,157739.00,-1.42,-0.06,2889818.00,-2.00,0.49,0.00,2764823.00
Geo4,2023-07-31,110430.00,400332.00,358424.00,1299.00,4665.00,4176.00,2764.823,157739.00,0.96,-0.70,3036088.00,-3.00,0.00,1331949.00,2788538.00
Geo4,2023-08-07,225104.00,253979.00,221251.00,2648.00,2960.00,2578.00,2788.538,157739.00,-0.14,0.22,2836292.00,-3.00,1.42,412146.00,3081323.00
Geo4,2023-08-14,327518.00,401897.00,213334.00,3853.00,4683.00,2485.00,3081.323,157739.00,-0.88,0.70,3337199.00,-1.00,0.74,579047.00,3512481.00
Geo4,2023-08-21,449646.00,351314.00,1028.00,5290.00,4094.00,12.00,3512.481,157739.00,0.58,-0.87,3030338.00,0.00,1.40,660613.00,2870802.00
Geo4,2023-08-28,373156.00,178212.00,212207.00,4390.00,2077.00,2472.00,2870.802,157739.00,1.40,-0.17,2973996.00,-4.00,1.53,220556.00,3318425.00
Geo4,2023-09-04,304841.00,364324.00,256507.00,3586.00,4246.00,2988.00,3318.425,157739.00,2.73,0.39,3077940.00,0.00,1.19,525461.00,4235447.00
Geo4,2023-09-11,559032.00,270900.00,91566.00,6577.00,3157.00,1067.00,4235.447,157739.00,-1.01,0.11,3360404.00,5.00,1.99,1670832.00,3311564.00
Geo4,2023-09-18,346616.00,228832.00,248005.00,4078.00,2667.00,2889.00,3311.564,157739.00,-0.54,2.30,3413547.00,0.00,0.00,486317.00,3001185.00
Geo4,2023-09-25,350096.00,392807.00,211227.00,4119.00,4578.00,2461.00,3001.185,157739.00,0.13,0.62,3339943.00,2.00,0.00,70917.00,4241650.00
Geo4,2023-10-02,298925.00,277096.00,180449.00,3517.00,3229.00,2102.00,4241.650,157739.00,0.72,1.35,3471885.00,3.00,0.61,1319336.00,3701822.00
Geo4,2023-10-09,409063.00,109172.00,384258.00,4813.00,1272.00,4477.00,3701.822,157739.00,1.60,0.55,3417947.00,1.00,0.00,291463.00,3687336.00
Geo4,2023-10-16,244374.00,204150.00,328943.00,2875.00,2379.00,3832.00,3687.336,157739.00,2.25,0.48,3963863.00,-1.00,2.21,1027793.00,3001910.00
Geo4,2023-10-23,249331.00,161562.00,106336.00,2933.00,1883.00,1239.00,3001.910,157739.00,1.22,-0.02,2955899.00,-1.00,0.00,969341.00,3983513.00
Geo4,2023-10-30,421942.00,158207.00,313325.00,4964.00,1844.00,3650.00,3983.513,157739.00,1.08,-1.05,3233740.00,1.00,1.48,635746.00,4504336.00
Geo4,2023-11-06,422794.00,425816.00,191338.00,4974.00,4962.00,2229.00,4504.336,157739.00,-0.97,1.23,3353654.00,2.00,0.00,1366396.00,3155676.00
Geo4,2023-11-13,206845.00,243355.00,201530.00,2434.00,2836.00,2348.00,3155.676,157739.00,0.16,1.82,3573486.00,-2.00,0.17,1969218.00,3478082.00
Geo4,2023-11-20,404492.00,87500.00,231427.00,4759.00,1020.00,2696.00,3478.082,157739.00,0.77,-0.37,2907859.00,0.00,1.38,522649.00,3797795.00
Geo4,2023-11-27,406461.00,424434.00,177104.00,4782.00,4946.00,2063.00,3797.795,157739.00,1.10,-1.28,3724074.00,2.00,1.44,38604.00,3623881.00
Geo4,2023-12-04,401648.00,444660.00,327041.00,4725.00,5182.00,3810.00,3623.881,157739.00,-1.30,-2.43,3436564.00,4.00,2.64,0.00,3558234.00
Geo4,2023-12-11,426242.00,182143.00,347973.00,5015.00,2123.00,4054.00,3558.234,157739.00,-0.50,-1.68,3593846.00,0.00,0.81,1038543.00,2675236.00
Geo4,2023-12-18,217894.00,279762.00,262228.00,2564.00,3260.00,3055.00,2675.236,157739.00,-0.57,-0.66,2946978.00,-3.00,1.80,0.00,3143209.00
Geo4,2023-12-25,436951.00,267334.00,298702.00,5141.00,3115.00,3480.00,3143.209,157739.00,1.53,1.33,2582641.00,-1.00,0.00,2244586.00,3980117.00
Geo4,2024-01-01,364271.00,318679.00,16849.00,4286.00,3714.00,196.00,3980.117,157739.00,0.03,-0.83,3635872.00,0.00,0.00,0.00,3533090.00
Geo4,2024-01-08,392637.00,33673.00,116838.00,4619.00,392.00,1361.00,3533.090,157739.00,0.32,-1.39,2846009.00,3.00,1.24,0.00,3231179.00
Geo4,2024-01-15,182276.00,355263.00,211393.00,2144.00,4140.00,2463.00,3231.179,157739.00,2.17,1.10,3120432.00,-3.00,0.49,646996.00,14861466.00
Geo5,2021-01-25,1873709.00,251734.00,1172487.00,22044.00,2934.00,13660.00,14861.466,598300.00,-0.45,2.08,12167341.00,4.00,0.00,790634.00,9099215.00
Geo5,2021-02-01,1016108.00,641156.00,1277999.00,11954.00,7472.00,14889.00,9099.215,598300.00,-1.54,-2.95,12127106.00,-2.00,1.26,0.00,8669393.00
Geo5,2021-02-08,999368.00,1572939.00,786696.00,11758.00,18330.00,9165.00,8669.393,598300.00,-0.19,-0.37,13391262.00,-5.00,1.74,95947.00,12816676.00
Geo5,2021-02-15,630207.00,1694102.00,1191928.00,7414.00,19742.00,13886.00,12816.676,598300.00,-1.15,-0.49,12231169.00,4.00,0.33,0.00,13161020.00
Geo5,2021-02-22,589442.00,1301482.00,1246662.00,6935.00,15167.00,14524.00,13161.020,598300.00,-0.58,-0.59,11409531.00,2.00,0.20,76344.00,11005390.00
Geo5,2021-03-01,803443.00,555397.00,1138145.00,9452.00,6472.00,13260.00,11005.390,598300.00,-1.12,-3.43,9103400.00,-1.00,0.00,0.00,17915898.00
Geo5,2021-03-08,1940480.00,1746245.00,1132433.00,22830.00,20350.00,13193.00,17915.898,598300.00,0.46,-0.46,12563704.00,7.00,0.00,1121368.00,13013550.00
Geo5,2021-03-15,1523471.00,473442.00,1355755.00,17924.00,5517.00,15795.00,13013.550,598300.00,0.05,-2.21,12846520.00,2.00,0.19,0.00,11096422.00
Geo5,2021-03-22,1651009.00,1156116.00,1237518.00,19424.00,13473.00,14418.00,11096.422,598300.00,0.50,1.42,14699771.00,0.00,0.62,1073160.00,11234833.00
Geo5,2021-03-29,1267095.00,317765.00,828512.00,14907.00,3703.00,9652.00,11234.833,598300.00,-0.44,-1.28,14045945.00,-2.00,0.63,0.00,11556693.00
Geo5,2021-04-05,1402060.00,1090888.00,1864902.00,16495.00,12713.00,21727.00,11556.693,598300.00,-0.18,-0.27,15075150.00,-1.00,0.00,320332.00,11673611.00
Geo5,2021-04-12,1360160.00,1173858.00,1316393.00,16002.00,13680.00,15336.00,11673.611,598300.00,-1.75,-1.36,13229737.00,-2.00,0.78,0.00,13716261.00
Geo5,2021-04-19,956408.00,1059947.00,683427.00,11252.00,12352.00,7962.00,13716.261,598300.00,1.05,-0.77,12134587.00,2.00,0.00,270692.00,14787520.00
Geo5,2021-04-26,982083.00,819961.00,660987.00,11554.00,9555.00,7701.00,14787.520,598300.00,-0.86,-0.38,15802712.00,2.00,1.82,589676.00,9059821.00
Geo5,2021-05-03,1176290.00,627224.00,998824.00,13839.00,7309.00,11637.00,9059.821,598300.00,1.38,-0.94,13448394.00,-2.00,0.00,93049.00,16857876.00
Geo5,2021-05-10,625163.00,782154.00,956081.00,7355.00,9115.00,11139.00,16857.876,598300.00,-1.15,-0.70,14601584.00,6.00,0.00,234949.00,11554881.00
Geo5,2021-05-17,1566690.00,974292.00,1125055.00,18432.00,11354.00,13107.00,11554.881,598300.00,-1.33,-1.54,12883054.00,-1.00,0.00,0.00,14597388.00
Geo5,2021-05-24,1619007.00,898339.00,1509915.00,19048.00,10469.00,17591.00,14597.388,598300.00,-1.07,-0.56,11779643.00,3.00,0.03,0.00,14541465.00
Geo5,2021-05-31,1582851.00,1170706.00,1110580.00,18622.00,13643.00,12939.00,14541.465,598300.00,0.29,1.12,14618621.00,1.00,0.00,461152.00,11825767.00
Geo5,2021-06-07,1969155.00,1445265.00,1125369.00,23167.00,16842.00,13111.00,11825.767,598300.00,0.26,0.44,15481348.00,-2.00,1.87,1060781.00,12488385.00
Geo5,2021-06-14,147996.00,632569.00,779251.00,1741.00,7372.00,9079.00,12488.385,598300.00,-1.19,0.82,14241702.00,-1.00,0.00,810175.00,9858245.00
Geo5,2021-06-21,646362.00,1278885.00,1393079.00,7604.00,14903.00,16230.00,9858.245,598300.00,0.17,-0.40,13380564.00,-3.00,1.21,1071096.00,9399942.00
Geo5,2021-06-28,1541720.00,1019491.00,834966.00,18138.00,11881.00,9728.00,9399.942,598300.00,-0.84,-1.62,14911136.00,-1.00,0.00,1031741.00,14732610.00
Geo5,2021-07-05,1336996.00,1452672.00,1358167.00,15730.00,16929.00,15823.00,14732.610,598300.00,-1.58,-2.34,13473522.00,3.00,0.00,0.00,12878213.00
Geo5,2021-07-12,1362717.00,1054753.00,976619.00,16032.00,12292.00,11378.00,12878.213,598300.00,-0.03,-0.86,14160927.00,-1.00,0.00,0.00,14656580.00
Geo5,2021-07-19,1512946.00,693620.00,960953.00,17800.00,8083.00,11195.00,14656.580,598300.00,-1.27,-0.83,13961478.00,2.00,0.00,0.00,11814901.00
Geo5,2021-07-26,1407059.00,1364606.00,1371603.00,16554.00,15902.00,15980.00,11814.901,598300.00,0.79,-0.07,13871270.00,0.00,0.00,148121.00,15800698.00
Geo5,2021-08-02,1686355.00,1439671.00,843015.00,19840.00,16777.00,9821.00,15800.698,598300.00,0.25,-1.12,14696511.00,5.00,0.75,0.00,13446693.00
Geo5,2021-08-09,841157.00,868332.00,921696.00,9896.00,10119.00,10738.00,13446.693,598300.00,-0.95,-0.45,13844592.00,1.00,0.00,168572.00,7325652.00
Geo5,2021-08-16,375912.00,1202357.00,1036559.00,4423.00,14012.00,12076.00,7325.652,598300.00,-0.27,-0.45,15814697.00,-4.00,0.00,74920.00,12699283.00
Geo5,2021-08-23,1242072.00,1261736.00,1376025.00,14613.00,14704.00,16031.00,12699.283,598300.00,0.99,3.46,14486753.00,-1.00,0.00,698282.00,13792094.00
Geo5,2021-08-30,971732.00,876114.00,1663680.00,11432.00,10210.00,19383.00,13792.094,598300.00,-1.18,-0.77,16111800.00,2.00,0.00,0.00,7546615.00
Geo5,2021-09-06,1096549.00,1122741.00,701327.00,12901.00,13084.00,8171.00,7546.615,598300.00,2.04,1.42,13562924.00,-2.00,0.00,207562.00,12841552.00
Geo5,2021-09-13,809557.00,996602.00,857844.00,9524.00,11614.00,9994.00,12841.552,598300.00,0.74,-0.66,12582419.00,0.00,0.00,106651.00,12020757.00
Geo5,2021-09-20,1973806.00,1228777.00,1421210.00,23222.00,14320.00,16558.00,12020.757,598300.00,-0.21,1.18,14322971.00,2.00,0.00,0.00,13644406.00
Geo5,2021-09-27,1110078.00,1512341.00,1471116.00,13060.00,17624.00,17139.00,13644.406,598300.00,1.90,0.07,13588971.00,3.00,0.00,615430.00,10310757.00
Geo5,2021-10-04,628030.00,1041167.00,719584.00,7389.00,12133.00,8383.00,10310.757,598300.00,1.48,1.52,12233311.00,-2.00,0.00,658779.00,12125466.00
Geo5,2021-10-11,1407378.00,1610258.00,1333467.00,16558.00,18765.00,15535.00,12125.466,598300.00,0.24,1.77,14604993.00,-1.00,0.10,584086.00,11119884.00
Geo5,2021-10-18,1167113.00,947142.00,569340.00,13731.00,11038.00,6633.00,11119.884,598300.00,-0.87,-0.74,13502297.00,-1.00,0.00,333460.00,9821107.00
Geo5,2021-10-25,1436764.00,1207506.00,958388.00,16903.00,14072.00,11166.00,9821.107,598300.00,-0.48,0.61,14647065.00,-3.00,0.00,115403.00,12349635.00
Geo5,2021-11-01,1563950.00,1323584.00,1375150.00,18400.00,15424.00,16021.00,12349.635,598300.00,1.38,0.20,13313169.00,0.00,1.58,926254.00,8383824.00
Geo5,2021-11-08,861679.00,653415.00,952389.00,10138.00,7615.00,11096.00,8383.824,598300.00,0.89,-0.20,13978256.00,-3.00,0.17,932171.00,14580548.00
Geo5,2021-11-15,623587.00,2004710.00,573987.00,7336.00,23362.00,6687.00,14580.548,598300.00,0.01,0.45,13114874.00,6.00,2.46,1516095.00,11463426.00
Geo5,2021-11-22,1506064.00,1043138.00,1310653.00,17719.00,12156.00,15270.00,11463.426,598300.00,-0.83,0.64,14204891.00,0.00,0.00,353930.00,10588340.00
Geo5,2021-11-29,1381222.00,896672.00,785100.00,16250.00,10449.00,9147.00,10588.340,598300.00,-0.32,-0.30,14554648.00,-3.00,0.70,682580.00,6280605.00
Geo5,2021-12-06,1436814.00,921377.00,999403.00,16904.00,10737.00,11643.00,6280.605,598300.00,-1.08,1.70,14701865.00,-5.00,2.02,890916.00,14044550.00
Geo5,2021-12-13,2176238.00,1041370.00,937270.00,25603.00,12136.00,10920.00,14044.550,598300.00,-0.97,1.29,13509906.00,4.00,0.88,768690.00,6635450.00
Geo5,2021-12-20,1433087.00,832609.00,1156003.00,16860.00,9703.00,13468.00,6635.450,598300.00,-0.68,-1.15,16900930.00,-6.00,1.42,705722.00,12579243.00
Geo5,2021-12-27,1832217.00,1341651.00,1610210.00,21556.00,15635.00,18760.00,12579.243,598300.00,-0.20,-1.82,14430732.00,3.00,1.30,682429.00,10822929.00
Geo5,2022-01-03,1568526.00,1663322.00,1512831.00,18454.00,19383.00,17625.00,10822.929,598300.00,-1.77,0.73,12280317.00,-4.00,0.00,0.00,4879807.00
Geo5,2022-01-10,1277226.00,1231904.00,1510468.00,15027.00,14356.00,17598.00,4879.807,598300.00,-1.05,-1.14,18679340.00,-7.00,0.12,0.00,14176412.00
Geo5,2022-01-17,1883439.00,1245025.00,1191700.00,22159.00,14509.00,13884.00,14176.412,598300.00,0.21,0.33,15088263.00,4.00,0.00,745354.00,12326622.00
Geo5,2022-01-24,805275.00,1537406.00,726296.00,9474.00,17916.00,8462.00,12326.622,598300.00,0.19,0.01,12429869.00,3.00,0.00,0.00,13753816.00
Geo5,2022-01-31,1687319.00,1497926.00,1074817.00,19851.00,17456.00,12522.00,13753.816,598300.00,-1.12,-1.14,14650167.00,2.00,0.29,0.00,12238843.00
Geo5,2022-02-07,1562558.00,1197004.00,1039690.00,18383.00,13949.00,12113.00,12238.843,598300.00,-1.24,-0.28,13502867.00,-1.00,0.62,0.00,9867785.00
Geo5,2022-02-14,1056074.00,511551.00,727689.00,12425.00,5961.00,8478.00,9867.785,598300.00,-0.34,0.37,13579354.00,-1.00,0.00,0.00,9746298.00
Geo5,2022-02-21,1213783.00,668597.00,1025125.00,14280.00,7791.00,11943.00,9746.298,598300.00,1.12,0.73,13706620.00,-2.00,0.00,707651.00,11901134.00
Geo5,2022-02-28,2052572.00,664352.00,316269.00,24148.00,7742.00,3685.00,11901.134,598300.00,-1.75,0.81,14002000.00,1.00,0.00,410783.00,10700540.00
Geo5,2022-03-07,720005.00,1417915.00,574275.00,8471.00,16524.00,6691.00,10700.540,598300.00,0.95,0.90,15047121.00,-1.00,0.00,723391.00,4845356.00
Geo5,2022-03-14,484217.00,1196124.00,1458558.00,5697.00,13939.00,16993.00,4845.356,598300.00,0.25,-0.60,13025224.00,-6.00,0.00,0.00,9821470.00
Geo5,2022-03-21,141260.00,674352.00,459813.00,1662.00,7859.00,5357.00,9821.470,598300.00,-0.66,-0.18,13314724.00,-2.00,0.00,91761.00,12787125.00
Geo5,2022-03-28,1278341.00,1705822.00,818206.00,15040.00,19879.00,9532.00,12787.125,598300.00,-2.99,-1.14,11189153.00,1.00,0.00,0.00,10396181.00
Geo5,2022-04-04,657914.00,225543.00,942156.00,7740.00,2628.00,10976.00,10396.181,598300.00,-1.57,-0.55,13098812.00,-1.00,0.33,0.00,8321000.00
Geo5,2022-04-11,1052774.00,1552476.00,1501977.00,12386.00,18092.00,17499.00,8321.000,598300.00,-1.18,-2.68,12898717.00,-4.00,1.84,0.00,7712994.00
Geo5,2022-04-18,1663345.00,589628.00,637875.00,19569.00,6871.00,7431.00,7712.994,598300.00,-0.75,-1.93,11466245.00,-3.00,0.00,0.00,13181750.00
Geo5,2022-04-25,1633552.00,1537109.00,668647.00,19219.00,17913.00,7790.00,13181.750,598300.00,-0.16,-0.62,13923868.00,1.00,0.59,100717.00,9606160.00
Geo5,2022-05-02,1758675.00,777777.00,1100257.00,20691.00,9064.00,12818.00,9606.160,598300.00,1.45,0.75,9142236.00,-3.00,0.00,1103754.00,8158724.00
Geo5,2022-05-09,552177.00,564950.00,1229096.00,6496.00,6584.00,14319.00,8158.724,598300.00,-2.33,-0.55,12014386.00,-2.00,1.65,142735.00,8205432.00
Geo5,2022-05-16,2325905.00,675527.00,827118.00,27364.00,7872.00,9636.00,8205.432,598300.00,-2.91,-1.17,14306508.00,-3.00,0.00,163200.00,9891208.00
Geo5,2022-05-23,840078.00,0.00,661186.00,9883.00,0.00,7703.00,9891.208,598300.00,1.14,1.25,12627584.00,-2.00,0.00,379032.00,12031452.00
Geo5,2022-05-30,1407404.00,829842.00,1546739.00,16558.00,9671.00,18020.00,12031.452,598300.00,-1.00,0.15,14914255.00,0.00,0.00,667061.00,12850723.00
Geo5,2022-06-06,1770160.00,1031155.00,1453839.00,20826.00,12017.00,16938.00,12850.723,598300.00,-1.42,0.02,12392350.00,1.00,1.09,573287.00,11501883.00
Geo5,2022-06-13,1551973.00,853613.00,915861.00,18259.00,9948.00,10670.00,11501.883,598300.00,-1.20,0.04,13529066.00,-3.00,0.00,167093.00,8826462.00
Geo5,2022-06-20,1021598.00,1806020.00,176257.00,12019.00,21046.00,2053.00,8826.462,598300.00,-0.85,-2.90,13341315.00,-3.00,0.24,0.00,11683950.00
Geo5,2022-06-27,1240113.00,1198486.00,1223704.00,14590.00,13967.00,14257.00,11683.950,598300.00,-0.38,-0.28,11355885.00,1.00,1.19,0.00,14747802.00
Geo5,2022-07-04,2337237.00,562328.00,770154.00,27497.00,6553.00,8973.00,14747.802,598300.00,-0.08,-1.61,15176772.00,2.00,0.00,0.00,11092170.00
Geo5,2022-07-11,1556219.00,2169532.00,900720.00,18309.00,25283.00,10494.00,11092.170,598300.00,-1.21,0.30,14226863.00,0.00,0.03,248796.00,8953057.00
Geo5,2022-07-18,1414012.00,1157273.00,777439.00,16636.00,13486.00,9057.00,8953.057,598300.00,-1.28,0.14,15425177.00,0.00,1.02,624353.00,14541785.00
Geo5,2022-07-25,1616302.00,873171.00,1774086.00,19016.00,10175.00,20669.00,14541.785,598300.00,0.07,1.61,14059057.00,3.00,0.00,613121.00,8588653.00
Geo5,2022-08-01,1587179.00,742558.00,759892.00,18673.00,8653.00,8853.00,8588.653,598300.00,0.44,0.56,14236291.00,-3.00,0.26,152865.00,9744867.00
Geo5,2022-08-08,1052247.00,1014718.00,1045500.00,12380.00,11825.00,12180.00,9744.867,598300.00,-0.23,-1.37,13491727.00,0.00,0.00,0.00,15789447.00
Geo5,2022-08-15,1683724.00,1396003.00,1159225.00,19809.00,16268.00,13505.00,15789.447,598300.00,0.58,0.75,15926487.00,7.00,0.94,187574.00,13442745.00
Geo5,2022-08-22,1961148.00,1970953.00,478929.00,23073.00,22968.00,5580.00,13442.745,598300.00,-0.70,0.89,15272270.00,2.00,0.28,707481.00,11697289.00
Geo5,2022-08-29,1494935.00,1409589.00,1452167.00,17588.00,16427.00,16918.00,11697.289,598300.00,1.36,1.07,14625797.00,1.00,0.00,476496.00,7446643.00
Geo5,2022-09-05,1179872.00,1503504.00,691187.00,13881.00,17521.00,8053.00,7446.643,598300.00,2.45,-1.19,14145153.00,-2.00,0.00,0.00,14856330.00
Geo5,2022-09-12,1212766.00,1442596.00,2202532.00,14268.00,16811.00,25660.00,14856.330,598300.00,1.34,-0.93,16628806.00,3.00,0.39,680995.00,10135947.00
Geo5,2022-09-19,1050862.00,1670524.00,1356354.00,12363.00,19467.00,15802.00,10135.947,598300.00,0.46,1.10,15480763.00,-3.00,0.46,219411.00,8323589.00
Geo5,2022-09-26,215378.00,1580211.00,1256947.00,2534.00,18415.00,14644.00,8323.589,598300.00,-0.76,0.55,12824932.00,-3.00,1.28,1037921.00,10144590.00
Geo5,2022-10-03,1003186.00,796764.00,1365243.00,11802.00,9285.00,15906.00,10144.590,598300.00,2.95,0.32,12212716.00,-3.00,0.19,392153.00,11761711.00
Geo5,2022-10-10,1170794.00,792395.00,813847.00,13774.00,9234.00,9482.00,11761.711,598300.00,0.15,1.68,14006070.00,-1.00,1.17,903120.00,14961658.00
Geo5,2022-10-17,1449402.00,1296160.00,764538.00,17052.00,15105.00,8907.00,14961.658,598300.00,-0.22,-1.61,10915163.00,3.00,0.66,0.00,14988763.00
Geo5,2022-10-24,1735945.00,1391717.00,0.00,20423.00,16218.00,0.00,14988.763,598300.00,-0.76,0.52,14179401.00,5.00,0.00,183884.00,12738524.00
Geo5,2022-10-31,1427935.00,1223170.00,1405452.00,16800.00,14254.00,16374.00,12738.524,598300.00,2.68,-0.77,13624809.00,5.00,0.00,189514.00,14017374.00
Geo5,2022-11-07,1576745.00,830712.00,553137.00,18550.00,9681.00,6444.00,14017.374,598300.00,0.51,0.99,14674418.00,-1.00,0.37,1433780.00,9680676.00
Geo5,2022-11-14,1194025.00,1037343.00,735394.00,14048.00,12089.00,8568.00,9680.676,598300.00,0.71,1.36,13329192.00,-1.00,0.00,1016307.00,11022433.00
Geo5,2022-11-21,2397097.00,167392.00,821799.00,28202.00,1951.00,9574.00,11022.433,598300.00,2.49,0.49,11745367.00,1.00,0.00,0.00,9142319.00
Geo5,2022-11-28,1635452.00,1185694.00,1507731.00,19241.00,13817.00,17566.00,9142.319,598300.00,0.97,-0.16,14267972.00,-1.00,0.00,0.00,11960505.00
Geo5,2022-12-05,1936182.00,1394375.00,534159.00,22779.00,16249.00,6223.00,11960.505,598300.00,-0.30,1.06,15892720.00,1.00,0.00,1615434.00,7846560.00
Geo5,2022-12-12,1164220.00,1343453.00,687380.00,13697.00,15656.00,8008.00,7846.560,598300.00,1.08,1.10,17550696.00,-6.00,1.72,329959.00,8697973.00
Geo5,2022-12-19,1410533.00,1065205.00,1339036.00,16595.00,12413.00,15600.00,8697.973,598300.00,-1.34,0.82,14458421.00,-4.00,0.09,396746.00,14532593.00
Geo5,2022-12-26,1362600.00,618605.00,841711.00,16031.00,7209.00,9806.00,14532.593,598300.00,1.50,0.27,13390982.00,1.00,0.60,574555.00,8668667.00
Geo5,2023-01-02,1143900.00,1381182.00,621579.00,13458.00,16096.00,7242.00,8668.667,598300.00,1.27,-1.64,15487453.00,-3.00,0.83,790904.00,13443124.00
Geo5,2023-01-09,1269176.00,741929.00,655181.00,14932.00,8646.00,7633.00,13443.124,598300.00,-0.52,0.30,13066716.00,3.00,0.21,1035351.00,12354299.00
Geo5,2023-01-16,1132040.00,537630.00,288761.00,13318.00,6265.00,3364.00,12354.299,598300.00,1.38,-1.12,12612682.00,2.00,0.17,152662.00,5943402.00
Geo5,2023-01-23,251982.00,1512942.00,1111450.00,2965.00,17631.00,12949.00,5943.402,598300.00,-0.42,-2.48,15868372.00,-8.00,0.33,358508.00,9500359.00
Geo5,2023-01-30,1571619.00,1253257.00,600944.00,18490.00,14605.00,7001.00,9500.359,598300.00,-2.21,-0.70,12542195.00,1.00,0.00,0.00,9777493.00
Geo5,2023-02-06,1757023.00,550808.00,1406835.00,20671.00,6419.00,16390.00,9777.493,598300.00,-2.22,1.19,13598239.00,-3.00,1.68,0.00,14252926.00
Geo5,2023-02-13,1277553.00,941268.00,632824.00,15030.00,10969.00,7373.00,14252.926,598300.00,0.38,-1.09,15125736.00,2.00,0.00,0.00,9771439.00
Geo5,2023-02-20,1092176.00,1162855.00,1747983.00,12849.00,13551.00,20365.00,9771.439,598300.00,0.00,-2.00,12680072.00,-1.00,0.00,0.00,12180274.00
Geo5,2023-02-27,959961.00,890041.00,270861.00,11294.00,10372.00,3156.00,12180.274,598300.00,-1.47,0.21,14537767.00,0.00,0.00,0.00,6817511.00
Geo5,2023-03-06,1406833.00,1021120.00,704694.00,16551.00,11900.00,8210.00,6817.511,598300.00,0.18,-1.72,12302300.00,-4.00,0.00,0.00,11700798.00
Geo5,2023-03-13,1403162.00,1868812.00,996369.00,16508.00,21778.00,11608.00,11700.798,598300.00,-1.91,-1.93,13260194.00,1.00,0.00,329327.00,15611459.00
Geo5,2023-03-20,1275373.00,1452983.00,1332619.00,15005.00,16932.00,15526.00,15611.459,598300.00,0.15,0.50,12228341.00,5.00,0.00,0.00,15096918.00
Geo5,2023-03-27,2174565.00,577290.00,1136959.00,25584.00,6727.00,13246.00,15096.918,598300.00,0.05,-0.97,14970691.00,4.00,0.77,677167.00,12483068.00
Geo5,2023-04-03,1807484.00,415527.00,846490.00,21265.00,4842.00,9862.00,12483.068,598300.00,-0.28,0.32,12609753.00,-1.00,1.72,1083766.00,9626737.00
Geo5,2023-04-10,1375675.00,1803972.00,1385788.00,16185.00,21023.00,16145.00,9626.737,598300.00,-0.13,-1.53,14206429.00,-2.00,0.33,0.00,11328167.00
Geo5,2023-04-17,1761506.00,1514372.00,923178.00,20724.00,17648.00,10755.00,11328.167,598300.00,-1.02,-1.28,14975366.00,-2.00,0.00,0.00,10679239.00
Geo5,2023-04-24,1519197.00,1103592.00,792756.00,17873.00,12861.00,9236.00,10679.239,598300.00,1.85,-2.55,12990036.00,-1.00,0.00,0.00,10254042.00
Geo5,2023-05-01,2160424.00,516791.00,1414832.00,25417.00,6022.00,16483.00,10254.042,598300.00,-0.28,-0.15,16400287.00,-3.00,0.00,271795.00,8782034.00
Geo5,2023-05-08,1513093.00,1053225.00,1409415.00,17801.00,12274.00,16420.00,8782.034,598300.00,-0.82,-1.01,12339929.00,-4.00,0.00,0.00,18682044.00
Geo5,2023-05-15,1590440.00,1181259.00,1063594.00,18711.00,13766.00,12391.00,18682.044,598300.00,-0.97,1.19,15753886.00,7.00,2.25,806806.00,10923639.00
Geo5,2023-05-22,915305.00,919988.00,1995136.00,10769.00,10721.00,23244.00,10923.639,598300.00,0.51,-2.43,14169895.00,-3.00,0.57,20765.00,14635905.00
Geo5,2023-05-29,754825.00,1755988.00,0.00,8880.00,20463.00,0.00,14635.905,598300.00,1.38,0.61,15570486.00,2.00,0.52,312519.00,9609777.00
Geo5,2023-06-05,1012578.00,1324538.00,256815.00,11913.00,15435.00,2992.00,9609.777,598300.00,-2.18,-1.59,13037475.00,-4.00,0.10,0.00,11810526.00
Geo5,2023-06-12,1012589.00,499007.00,594827.00,11913.00,5815.00,6930.00,11810.526,598300.00,-0.74,-0.27,13993783.00,3.00,0.12,81464.00,10885014.00
Geo5,2023-06-19,1064533.00,1206514.00,473080.00,12524.00,14060.00,5512.00,10885.014,598300.00,0.29,-0.09,13137324.00,-1.00,1.40,672981.00,16884228.00
Geo5,2023-06-26,972130.00,1313529.00,1479020.00,11437.00,15307.00,17231.00,16884.228,598300.00,-0.24,0.85,12694349.00,4.00,0.00,0.00,13505558.00
Geo5,2023-07-03,1182125.00,1344117.00,519008.00,13908.00,15664.00,6047.00,13505.558,598300.00,-0.70,0.75,12085435.00,1.00,1.90,648732.00,11759068.00
Geo5,2023-07-10,455879.00,1271505.00,619060.00,5363.00,14817.00,7212.00,11759.068,598300.00,-0.19,-1.45,13951163.00,-2.00,0.04,293151.00,7783325.00
Geo5,2023-07-17,1345097.00,1011492.00,206872.00,15825.00,11787.00,2410.00,7783.325,598300.00,0.86,-1.24,13490036.00,-3.00,0.00,67800.00,16099988.00
Geo5,2023-07-24,748353.00,913776.00,1462832.00,8804.00,10649.00,17043.00,16099.988,598300.00,-0.72,1.52,13299455.00,5.00,0.37,888225.00,12527101.00
Geo5,2023-07-31,484656.00,1113620.00,1272891.00,5702.00,12978.00,14830.00,12527.101,598300.00,0.33,3.98,13083319.00,2.00,0.00,1681888.00,13239699.00
Geo5,2023-08-07,840906.00,890482.00,869848.00,9893.00,10377.00,10134.00,13239.699,598300.00,-1.85,-0.66,12143682.00,3.00,2.45,489672.00,9683279.00
Geo5,2023-08-14,1386422.00,706487.00,947348.00,16311.00,8233.00,11037.00,9683.279,598300.00,0.57,0.74,14757839.00,-2.00,0.07,319556.00,10881854.00
Geo5,2023-08-21,2149738.00,1454641.00,542953.00,25292.00,16952.00,6326.00,10881.854,598300.00,-0.81,-0.98,13704530.00,-1.00,0.13,407339.00,7883908.00
Geo5,2023-08-28,1949860.00,1108722.00,761176.00,22940.00,12920.00,8868.00,7883.908,598300.00,3.56,1.50,13024246.00,-5.00,0.00,1030648.00,11562679.00
Geo5,2023-09-04,919807.00,960954.00,987583.00,10821.00,11198.00,11506.00,11562.679,598300.00,0.43,-1.36,13433276.00,-1.00,0.02,78084.00,10828462.00
Geo5,2023-09-11,2247689.00,866967.00,504412.00,26444.00,10103.00,5877.00,10828.462,598300.00,1.15,-0.49,15282787.00,0.00,1.06,285817.00,12083448.00
Geo5,2023-09-18,1535606.00,786661.00,1054614.00,18066.00,9167.00,12287.00,12083.448,598300.00,3.50,-1.04,15385613.00,1.00,0.60,593950.00,8083515.00
Geo5,2023-09-25,1512007.00,1221080.00,214804.00,17789.00,14230.00,2503.00,8083.515,598300.00,0.68,1.10,13912007.00,-1.00,1.67,1133224.00,14135578.00
Geo5,2023-10-02,1535802.00,707795.00,1000695.00,18069.00,8248.00,11658.00,14135.578,598300.00,0.32,0.62,16593189.00,3.00,2.35,1123960.00,15391504.00
Geo5,2023-10-09,1819760.00,1779403.00,862736.00,21409.00,20736.00,10051.00,15391.504,598300.00,-0.76,-0.51,14659615.00,3.00,2.36,621452.00,12860547.00
Geo5,2023-10-16,1131222.00,1299148.00,1447213.00,13309.00,15140.00,16861.00,12860.547,598300.00,0.38,1.14,17088154.00,-1.00,0.00,1347415.00,12006117.00
Geo5,2023-10-23,1135970.00,642494.00,1459582.00,13365.00,7487.00,17005.00,12006.117,598300.00,-1.35,-0.77,12985193.00,1.00,0.00,0.00,10425545.00
Geo5,2023-10-30,875987.00,1057369.00,1517990.00,10306.00,12322.00,17685.00,10425.545,598300.00,-0.19,0.23,15128172.00,-4.00,1.39,595577.00,15771407.00
Geo5,2023-11-06,1351842.00,1058391.00,1533706.00,15904.00,12334.00,17868.00,15771.407,598300.00,-0.55,1.93,15003176.00,2.00,0.82,1310995.00,15464973.00
Geo5,2023-11-13,868274.00,1761874.00,422141.00,10215.00,20532.00,4918.00,15464.973,598300.00,-0.41,0.38,15301290.00,3.00,1.42,274167.00,11034516.00
Geo5,2023-11-20,1887096.00,477221.00,678744.00,22202.00,5561.00,7908.00,11034.516,598300.00,-0.51,-0.08,12484517.00,0.00,0.05,153303.00,7111391.00
Geo5,2023-11-27,1606535.00,1038231.00,343763.00,18901.00,12099.00,4005.00,7111.391,598300.00,0.28,0.38,16241292.00,-6.00,0.39,612492.00,4568107.00
Geo5,2023-12-04,932144.00,1614236.00,939484.00,10967.00,18811.00,10945.00,4568.107,598300.00,0.61,-0.83,14452713.00,-6.00,0.83,66315.00,11203956.00
Geo5,2023-12-11,1090248.00,581653.00,1737145.00,12827.00,6778.00,20238.00,11203.956,598300.00,-0.39,-0.24,15117856.00,-1.00,1.55,0.00,11956537.00
Geo5,2023-12-18,1273449.00,1300250.00,1312887.00,14982.00,15152.00,15296.00,11956.537,598300.00,-0.63,0.27,13224927.00,1.00,0.47,0.00,14102233.00
Geo5,2023-12-25,1310012.00,1135820.00,919349.00,15412.00,13236.00,10711.00,14102.233,598300.00,1.52,-0.38,10868091.00,3.00,0.00,26666.00,13793388.00
Geo5,2024-01-01,1404808.00,984620.00,1138598.00,16528.00,11474.00,13265.00,13793.388,598300.00,-0.97,-0.56,15572596.00,0.00,1.47,662224.00,12154598.00
Geo5,2024-01-08,1422884.00,0.00,843765.00,16740.00,0.00,9830.00,12154.598,598300.00,1.99,1.86,12461527.00,3.00,0.00,926214.00,13474315.00
Geo5,2024-01-15,1224205.00,991532.00,676338.00,14403.00,11555.00,7880.00,13474.315,598300.00,0.20,-0.02,13572957.00,1.00,0.00,1436450.00,6108094.00
Geo6,2021-01-25,657608.00,98306.00,290167.00,7737.00,1146.00,3381.00,6108.094,227916.00,0.72,0.95,4725826.00,5.00,0.00,0.00,4874449.00
Geo6,2021-02-01,325694.00,358140.00,551899.00,3832.00,4174.00,6430.00,4874.449,227916.00,-2.02,-0.01,4640622.00,3.00,0.71,340335.00,3001571.00
Geo6,2021-02-08,474884.00,363933.00,331102.00,5587.00,4241.00,3857.00,3001.571,227916.00,-0.16,0.60,5552198.00,-6.00,0.00,139328.00,3813312.00
Geo6,2021-02-15,355609.00,446151.00,581245.00,4184.00,5199.00,6772.00,3813.312,227916.00,-0.53,0.80,5146709.00,0.00,0.41,0.00,4891202.00
Geo6,2021-02-22,370507.00,600747.00,353367.00,4359.00,7001.00,4117.00,4891.202,227916.00,0.41,0.14,4684088.00,2.00,0.85,1304707.00,4824049.00
Geo6,2021-03-01,416540.00,400988.00,532134.00,4901.00,4673.00,6200.00,4824.049,227916.00,-0.80,0.10,4079585.00,1.00,0.19,2996363.00,4740546.00
Geo6,2021-03-08,667295.00,207759.00,380806.00,7851.00,2421.00,4437.00,4740.546,227916.00,0.51,-0.43,5370556.00,0.00,0.00,663916.00,4026514.00
Geo6,2021-03-15,401919.00,430700.00,174816.00,4729.00,5019.00,2037.00,4026.514,227916.00,1.98,-1.74,5189608.00,-2.00,1.09,4147880.00,4632708.00
Geo6,2021-03-22,514926.00,262033.00,465909.00,6058.00,3054.00,5428.00,4632.708,227916.00,0.24,0.16,6191690.00,1.00,0.16,2041128.00,5026544.00
Geo6,2021-03-29,671029.00,209927.00,245806.00,7895.00,2446.00,2864.00,5026.544,227916.00,-0.54,0.67,5902024.00,0.00,0.00,131988.00,6577072.00
Geo6,2021-04-05,595194.00,311328.00,417151.00,7002.00,3628.00,4860.00,6577.072,227916.00,1.26,-1.60,6062898.00,6.00,0.00,0.00,4740101.00
Geo6,2021-04-12,437722.00,450444.00,582633.00,5150.00,5249.00,6788.00,4740.101,227916.00,-0.06,-0.52,5314890.00,-2.00,0.70,0.00,5488212.00
Geo6,2021-04-19,883048.00,675236.00,518377.00,10389.00,7869.00,6039.00,5488.212,227916.00,-0.02,-3.26,5462345.00,2.00,0.16,1064934.00,4327745.00
Geo6,2021-04-26,400891.00,507022.00,208567.00,4716.00,5909.00,2430.00,4327.745,227916.00,-1.61,-0.53,6719730.00,-3.00,0.63,0.00,4634218.00
Geo6,2021-05-03,515720.00,188166.00,349935.00,6067.00,2193.00,4077.00,4634.218,227916.00,-1.41,-0.65,5801344.00,2.00,0.01,57047.00,4022486.00
Geo6,2021-05-10,218451.00,201163.00,380802.00,2570.00,2344.00,4436.00,4022.486,227916.00,-0.04,-0.41,6262834.00,-3.00,2.83,1362829.00,6259575.00
Geo6,2021-05-17,571930.00,348749.00,633991.00,6729.00,4064.00,7386.00,6259.575,227916.00,-1.27,-1.33,5199562.00,4.00,0.00,0.00,4901974.00
Geo6,2021-05-24,678128.00,229556.00,466735.00,7978.00,2675.00,5438.00,4901.974,227916.00,-1.03,-1.28,5183998.00,1.00,0.03,0.00,4703492.00
Geo6,2021-05-31,520651.00,374645.00,414021.00,6125.00,4366.00,4824.00,4703.492,227916.00,-3.08,-0.16,6517080.00,-1.00,0.00,0.00,3600670.00
Geo6,2021-06-07,471948.00,592392.00,510660.00,5552.00,6903.00,5949.00,3600.670,227916.00,0.83,0.36,6112423.00,-6.00,0.53,1148749.00,5409799.00
Geo6,2021-06-14,273994.00,491497.00,328676.00,3224.00,5728.00,3829.00,5409.799,227916.00,0.64,-0.45,5988858.00,1.00,0.20,507129.00,3598779.00
Geo6,2021-06-21,593542.00,510640.00,474696.00,6983.00,5951.00,5530.00,3598.779,227916.00,1.32,-1.43,5645358.00,-4.00,2.14,0.00,2364666.00
Geo6,2021-06-28,443607.00,400035.00,368102.00,5219.00,4662.00,4289.00,2364.666,227916.00,0.73,-0.90,6362422.00,-7.00,1.49,526801.00,3801792.00
Geo6,2021-07-05,388406.00,283452.00,475987.00,4570.00,3303.00,5545.00,3801.792,227916.00,0.10,-0.20,5856106.00,-2.00,0.00,0.00,5990679.00
Geo6,2021-07-12,635200.00,273250.00,163939.00,7473.00,3184.00,1910.00,5990.679,227916.00,-0.08,-1.05,5939122.00,4.00,0.82,0.00,6469952.00
Geo6,2021-07-19,330692.00,418665.00,369516.00,3891.00,4879.00,4305.00,6469.952,227916.00,-0.41,0.13,5676644.00,4.00,0.00,889706.00,4522892.00
Geo6,2021-07-26,740558.00,373421.00,454675.00,8713.00,4352.00,5297.00,4522.892,227916.00,0.34,-0.12,5578640.00,0.00,0.04,162102.00,4734911.00
Geo6,2021-08-02,512553.00,441129.00,410396.00,6030.00,5141.00,4781.00,4734.911,227916.00,2.20,0.69,5882119.00,1.00,0.00,0.00,2712755.00
Geo6,2021-08-09,207748.00,251391.00,448993.00,2444.00,2930.00,5231.00,2712.755,227916.00,-1.12,-0.22,5722291.00,-7.00,0.00,0.00,3661008.00
Geo6,2021-08-16,227205.00,370891.00,374919.00,2673.00,4322.00,4368.00,3661.008,227916.00,-0.16,-1.25,6535114.00,-1.00,0.48,0.00,7664685.00
Geo6,2021-08-23,702417.00,468989.00,417610.00,8264.00,5465.00,4865.00,7664.685,227916.00,0.62,0.88,5717750.00,8.00,2.62,2452400.00,5596659.00
Geo6,2021-08-30,449123.00,389494.00,710404.00,5284.00,4539.00,8276.00,5596.659,227916.00,-0.08,-2.44,6708724.00,3.00,0.00,0.00,4509540.00
Geo6,2021-09-06,618745.00,255957.00,180498.00,7280.00,2983.00,2103.00,4509.540,227916.00,-0.18,0.04,5707676.00,2.00,0.00,0.00,6516718.00
Geo6,2021-09-13,482454.00,647328.00,356358.00,5676.00,7544.00,4152.00,6516.718,227916.00,-0.35,-1.66,5656940.00,6.00,0.00,0.00,5670823.00
Geo6,2021-09-20,605104.00,504431.00,402742.00,7119.00,5878.00,4692.00,5670.823,227916.00,0.89,0.69,6106814.00,4.00,0.00,1639942.00,3966880.00
Geo6,2021-09-27,532745.00,484681.00,753015.00,6268.00,5648.00,8773.00,3966.880,227916.00,-0.06,0.11,5760889.00,-1.00,0.00,1946809.00,5159584.00
Geo6,2021-10-04,379313.00,404722.00,402175.00,4463.00,4716.00,4685.00,5159.584,227916.00,-0.53,2.38,5384506.00,2.00,0.86,2973570.00,5488568.00
Geo6,2021-10-11,491505.00,407241.00,292126.00,5783.00,4746.00,3403.00,5488.568,227916.00,1.77,3.13,6057550.00,2.00,0.96,3124470.00,3793849.00
Geo6,2021-10-18,634750.00,397956.00,300517.00,7468.00,4638.00,3501.00,3793.849,227916.00,0.05,1.43,5830866.00,-2.00,0.79,2122301.00,4947421.00
Geo6,2021-10-25,570562.00,257213.00,484392.00,6713.00,2997.00,5643.00,4947.421,227916.00,-0.91,0.15,6269200.00,1.00,0.00,0.00,4494389.00
Geo6,2021-11-01,529058.00,430059.00,365744.00,6224.00,5012.00,4261.00,4494.389,227916.00,-0.13,0.56,5802495.00,-1.00,0.48,530595.00,2902433.00
Geo6,2021-11-08,532301.00,355885.00,309879.00,6262.00,4147.00,3610.00,2902.433,227916.00,1.27,1.53,6178812.00,-4.00,1.94,3806846.00,3464207.00
Geo6,2021-11-15,480006.00,445328.00,276636.00,5647.00,5190.00,3223.00,3464.207,227916.00,-0.65,2.49,5799965.00,-2.00,1.18,1697059.00,4973670.00
Geo6,2021-11-22,457001.00,584934.00,430071.00,5377.00,6817.00,5010.00,4973.670,227916.00,0.85,1.98,5847037.00,1.00,0.00,3088048.00,5007770.00
Geo6,2021-11-29,435923.00,452904.00,267227.00,5129.00,5278.00,3113.00,5007.770,227916.00,0.36,1.42,6082720.00,1.00,0.37,2417784.00,4471219.00
Geo6,2021-12-06,547829.00,383943.00,528019.00,6445.00,4474.00,6152.00,4471.219,227916.00,-0.63,3.81,6304135.00,1.00,0.00,3253447.00,4268521.00
Geo6,2021-12-13,650138.00,179411.00,176923.00,7649.00,2091.00,2061.00,4268.521,227916.00,-0.98,0.16,5540289.00,0.00,0.00,685517.00,5177759.00
Geo6,2021-12-20,501134.00,334025.00,410989.00,5896.00,3893.00,4788.00,5177.759,227916.00,-1.37,-1.08,6812322.00,2.00,1.38,1414371.00,5443470.00
Geo6,2021-12-27,353148.00,374408.00,385615.00,4155.00,4363.00,4493.00,5443.470,227916.00,0.75,0.50,6072506.00,5.00,0.66,2034483.00,7490111.00
Geo6,2022-01-03,779193.00,605440.00,457281.00,9167.00,7055.00,5327.00,7490.111,227916.00,-0.79,-0.35,5236205.00,8.00,0.00,0.00,3222291.00
Geo6,2022-01-10,448713.00,345118.00,436069.00,5279.00,4022.00,5080.00,3222.291,227916.00,0.73,-0.04,7423808.00,-3.00,0.00,37906.00,3292321.00
Geo6,2022-01-17,603800.00,400038.00,396646.00,7104.00,4662.00,4621.00,3292.321,227916.00,-0.74,1.59,6403576.00,-3.00,1.10,3460146.00,2584575.00
Geo6,2022-01-24,465759.00,393747.00,345213.00,5480.00,4589.00,4022.00,2584.575,227916.00,-0.25,-0.24,5262400.00,-5.00,0.00,0.00,5600502.00
Geo6,2022-01-31,514461.00,346559.00,432114.00,6053.00,4039.00,5034.00,5600.502,227916.00,0.53,-0.65,5783906.00,3.00,2.33,1033851.00,3392174.00
Geo6,2022-02-07,573754.00,500206.00,298421.00,6750.00,5829.00,3477.00,3392.174,227916.00,-1.82,-0.38,5488056.00,-6.00,0.00,438203.00,1892708.00
Geo6,2022-02-14,481365.00,369080.00,252309.00,5663.00,4301.00,2939.00,1892.708,227916.00,1.12,-0.03,5615615.00,-7.00,0.91,144591.00,4500552.00
Geo6,2022-02-21,605942.00,322921.00,394149.00,7129.00,3763.00,4592.00,4500.552,227916.00,-3.11,0.29,5817786.00,1.00,0.00,1538556.00,3906039.00
Geo6,2022-02-28,717987.00,175817.00,376634.00,8447.00,2049.00,4388.00,3906.039,227916.00,-0.37,-0.68,5755502.00,-1.00,0.00,601289.00,4647360.00
Geo6,2022-03-07,404258.00,681279.00,174800.00,4756.00,7939.00,2036.00,4647.360,227916.00,-0.50,-1.41,6160224.00,1.00,0.00,762884.00,3883908.00
Geo6,2022-03-14,464240.00,486971.00,314068.00,5462.00,5675.00,3659.00,3883.908,227916.00,-0.01,0.43,5485408.00,0.00,0.23,569487.00,4816999.00
Geo6,2022-03-21,259107.00,223865.00,442710.00,3048.00,2609.00,5158.00,4816.999,227916.00,0.59,-3.14,5492065.00,1.00,0.00,0.00,4264976.00
Geo6,2022-03-28,511124.00,465130.00,736873.00,6013.00,5420.00,8585.00,4264.976,227916.00,-0.81,1.14,5069100.00,-2.00,0.00,452285.00,2823618.00
Geo6,2022-04-04,228348.00,181407.00,320479.00,2687.00,2114.00,3734.00,2823.618,227916.00,-1.35,-1.18,5768325.00,-5.00,0.58,640485.00,3788482.00
Geo6,2022-04-11,723583.00,509226.00,399536.00,8513.00,5934.00,4655.00,3788.482,227916.00,-0.70,-3.37,5769956.00,-2.00,0.00,0.00,2934842.00
Geo6,2022-04-18,491407.00,167598.00,71354.00,5781.00,1953.00,831.00,2934.842,227916.00,-1.32,0.11,5171176.00,-2.00,0.14,0.00,5206150.00
Geo6,2022-04-25,595190.00,881759.00,332902.00,7002.00,10276.00,3878.00,5206.150,227916.00,-0.39,-1.33,6092585.00,1.00,2.09,136669.00,4842666.00
Geo6,2022-05-02,498396.00,372700.00,367458.00,5864.00,4343.00,4281.00,4842.666,227916.00,0.04,-0.67,4368122.00,1.00,0.00,0.00,3724537.00
Geo6,2022-05-09,306252.00,235397.00,542185.00,3603.00,2743.00,6317.00,3724.537,227916.00,-2.00,0.74,5228910.00,-1.00,0.00,1615561.00,4613841.00
Geo6,2022-05-16,924624.00,71099.00,479624.00,10878.00,829.00,5588.00,4613.841,227916.00,0.64,-0.90,6010077.00,1.00,0.84,743048.00,5113270.00
Geo6,2022-05-23,691381.00,255471.00,207038.00,8134.00,2977.00,2412.00,5113.270,227916.00,0.11,0.44,5253323.00,1.00,0.00,0.00,3354710.00
Geo6,2022-05-30,701533.00,438091.00,641139.00,8254.00,5105.00,7470.00,3354.710,227916.00,-2.37,-0.71,6412082.00,-5.00,0.35,2319169.00,4929917.00
Geo6,2022-06-06,459725.00,331312.00,189601.00,5409.00,3861.00,2209.00,4929.917,227916.00,0.06,0.21,5184097.00,1.00,0.88,1702069.00,5291042.00
Geo6,2022-06-13,413890.00,470716.00,511497.00,4869.00,5485.00,5959.00,5291.042,227916.00,-1.58,1.37,5492186.00,0.00,0.00,0.00,3935747.00
Geo6,2022-06-20,538972.00,459137.00,220704.00,6341.00,5351.00,2571.00,3935.747,227916.00,-0.85,-0.05,5710224.00,-1.00,0.48,2703763.00,5481153.00
Geo6,2022-06-27,343870.00,531433.00,578008.00,4046.00,6193.00,6734.00,5481.153,227916.00,0.45,-0.74,4673800.00,3.00,1.88,1422025.00,4440479.00
Geo6,2022-07-04,519961.00,321556.00,681687.00,6117.00,3747.00,7942.00,4440.479,227916.00,0.16,1.67,6192616.00,-2.00,1.71,2465068.00,5582932.00
Geo6,2022-07-11,447939.00,465340.00,677728.00,5270.00,5423.00,7896.00,5582.932,227916.00,0.41,1.44,5690860.00,4.00,0.70,2361134.00,3897494.00
Geo6,2022-07-18,622190.00,518263.00,499253.00,7320.00,6040.00,5816.00,3897.494,227916.00,-1.60,-0.56,6253668.00,1.00,0.87,0.00,4798890.00
Geo6,2022-07-25,736396.00,524495.00,190770.00,8664.00,6112.00,2223.00,4798.890,227916.00,0.92,-0.39,5534022.00,-1.00,1.61,3449845.00,5077383.00
Geo6,2022-08-01,575159.00,56702.00,482714.00,6767.00,661.00,5624.00,5077.383,227916.00,-0.20,-1.25,5705920.00,3.00,0.00,0.00,2423622.00
Geo6,2022-08-08,551916.00,252974.00,266950.00,6493.00,2948.00,3110.00,2423.622,227916.00,-0.59,-0.98,5575982.00,-4.00,0.00,0.00,4706385.00
Geo6,2022-08-15,474514.00,538187.00,425996.00,5583.00,6272.00,4963.00,4706.385,227916.00,0.19,0.80,6298392.00,2.00,0.00,465491.00,4286918.00
Geo6,2022-08-22,634036.00,351833.00,498775.00,7459.00,4100.00,5811.00,4286.918,227916.00,0.78,1.96,6245350.00,-2.00,0.87,1602217.00,3701728.00
Geo6,2022-08-29,638175.00,489511.00,70050.00,7508.00,5705.00,816.00,3701.728,227916.00,-0.33,-0.68,5960466.00,-2.00,0.00,0.00,4346440.00
Geo6,2022-09-05,495240.00,440727.00,399326.00,5826.00,5136.00,4652.00,4346.440,227916.00,1.41,-0.43,5971158.00,3.00,0.00,153237.00,4313387.00
Geo6,2022-09-12,246163.00,515794.00,571829.00,2896.00,6011.00,6662.00,4313.387,227916.00,-0.17,0.18,6972833.00,-2.00,0.00,1649799.00,5412195.00
Geo6,2022-09-19,422709.00,513515.00,229289.00,4973.00,5984.00,2671.00,5412.195,227916.00,1.01,-0.92,6368132.00,3.00,1.58,0.00,4698146.00
Geo6,2022-09-26,342533.00,1009000.00,688818.00,4030.00,11758.00,8025.00,4698.146,227916.00,1.98,1.79,5300294.00,2.00,0.99,1134594.00,5212884.00
Geo6,2022-10-03,586048.00,389669.00,597052.00,6895.00,4541.00,6956.00,5212.884,227916.00,3.12,-0.33,5042069.00,2.00,0.45,0.00,4843214.00
Geo6,2022-10-10,682284.00,460690.00,367026.00,8027.00,5369.00,4276.00,4843.214,227916.00,1.94,0.11,5572874.00,0.00,0.76,136301.00,4193042.00
Geo6,2022-10-17,535664.00,421513.00,151058.00,6302.00,4912.00,1760.00,4193.042,227916.00,0.45,0.09,4926924.00,-2.00,1.19,1648094.00,3636150.00
Geo6,2022-10-24,556538.00,251597.00,148556.00,6548.00,2932.00,1731.00,3636.150,227916.00,0.34,1.19,5734079.00,-2.00,1.18,805344.00,3043032.00
Geo6,2022-10-31,574747.00,484148.00,247521.00,6762.00,5642.00,2884.00,3043.032,227916.00,1.40,0.70,5808568.00,-2.00,0.30,1826757.00,4449654.00
Geo6,2022-11-07,606460.00,268948.00,226003.00,7135.00,3134.00,2633.00,4449.654,227916.00,0.28,2.52,6033764.00,-3.00,0.06,577667.00,4179098.00
Geo6,2022-11-14,335138.00,426435.00,76276.00,3943.00,4969.00,889.00,4179.098,227916.00,1.14,-1.25,5695956.00,0.00,0.15,0.00,3420806.00
Geo6,2022-11-21,718487.00,287870.00,295567.00,8453.00,3355.00,3443.00,3420.806,227916.00,1.48,1.37,5078596.00,-3.00,0.00,1797598.00,2938641.00
Geo6,2022-11-28,618310.00,330640.00,225901.00,7274.00,3853.00,2632.00,2938.641,227916.00,0.64,0.88,5906176.00,-2.00,0.78,1531468.00,5201550.00
Geo6,2022-12-05,505716.00,505103.00,282809.00,5950.00,5886.00,3295.00,5201.550,227916.00,-1.01,-0.50,6305706.00,4.00,0.00,0.00,4554034.00
Geo6,2022-12-12,413073.00,367267.00,448350.00,4860.00,4280.00,5223.00,4554.034,227916.00,-0.61,-0.25,6905204.00,-1.00,0.00,60011.00,3815726.00
Geo6,2022-12-19,588397.00,554525.00,404949.00,6922.00,6462.00,4718.00,3815.726,227916.00,-1.80,-1.31,5915804.00,-2.00,0.00,0.00,5564695.00
Geo6,2022-12-26,317249.00,377288.00,428776.00,3732.00,4397.00,4995.00,5564.695,227916.00,1.15,0.87,5509763.00,1.00,0.00,1546000.00,5355070.00
Geo6,2023-01-02,560112.00,675188.00,47581.00,6590.00,7868.00,554.00,5355.070,227916.00,-1.17,-0.61,6164447.00,3.00,0.85,474526.00,4219268.00
Geo6,2023-01-09,485684.00,247597.00,419254.00,5714.00,2885.00,4884.00,4219.268,227916.00,-0.15,0.86,5319347.00,0.00,0.00,451036.00,3527137.00
Geo6,2023-01-16,338752.00,326634.00,257709.00,3985.00,3806.00,3002.00,3527.137,227916.00,1.91,-0.04,5297110.00,-2.00,0.00,0.00,4388062.00
Geo6,2023-01-23,482090.00,473338.00,790477.00,5672.00,5516.00,9209.00,4388.062,227916.00,-1.07,-0.91,6277542.00,-1.00,0.00,0.00,2528877.00
Geo6,2023-01-30,336548.00,502686.00,305732.00,3959.00,5858.00,3562.00,2528.877,227916.00,0.36,0.86,5227084.00,-4.00,2.02,4113364.00,4091226.00
Geo6,2023-02-06,540351.00,446524.00,697010.00,6357.00,5204.00,8120.00,4091.226,227916.00,-2.43,0.97,5584446.00,-2.00,0.00,36740.00,5320941.00
Geo6,2023-02-13,624402.00,287932.00,240843.00,7346.00,3355.00,2806.00,5320.941,227916.00,1.30,-0.96,6326366.00,1.00,1.09,250805.00,3344174.00
Geo6,2023-02-20,115458.00,319322.00,487892.00,1358.00,3721.00,5684.00,3344.174,227916.00,-1.68,0.22,4997463.00,-3.00,0.54,227622.00,5232462.00
Geo6,2023-02-27,536310.00,452305.00,310441.00,6310.00,5271.00,3617.00,5232.462,227916.00,-1.23,0.07,5659814.00,2.00,0.00,0.00,3990706.00
Geo6,2023-03-06,601374.00,182073.00,227994.00,7075.00,2122.00,2656.00,3990.706,227916.00,-1.39,0.54,5142649.00,1.00,0.00,1600636.00,5181886.00
Geo6,2023-03-13,461763.00,891991.00,350188.00,5433.00,10395.00,4080.00,5181.886,227916.00,-3.38,-0.62,5491022.00,3.00,0.00,0.00,3396028.00
Geo6,2023-03-20,370902.00,482149.00,525064.00,4364.00,5619.00,6117.00,3396.028,227916.00,-0.12,-0.01,4920792.00,-4.00,0.00,1818438.00,4522501.00
Geo6,2023-03-27,734909.00,226495.00,593570.00,8646.00,2639.00,6915.00,4522.501,227916.00,-0.62,-0.31,5815692.00,-1.00,0.01,0.00,5400112.00
Geo6,2023-04-03,485533.00,213949.00,533810.00,5712.00,2493.00,6219.00,5400.112,227916.00,-0.25,-0.53,5092569.00,3.00,0.60,799118.00,2628148.00
Geo6,2023-04-10,362947.00,580195.00,356032.00,4270.00,6761.00,4148.00,2628.148,227916.00,-2.53,-0.01,5791436.00,-5.00,0.00,0.00,6198410.00
Geo6,2023-04-17,345051.00,457909.00,302624.00,4060.00,5336.00,3526.00,6198.410,227916.00,0.88,0.08,5682402.00,5.00,0.00,0.00,4951723.00
Geo6,2023-04-24,668669.00,544985.00,588526.00,7867.00,6351.00,6857.00,4951.723,227916.00,0.55,0.45,5297886.00,1.00,1.05,1959815.00,5282753.00
Geo6,2023-05-01,926011.00,177689.00,541169.00,10894.00,2071.00,6305.00,5282.753,227916.00,-0.37,-1.27,6470748.00,2.00,0.00,0.00,4686338.00
Geo6,2023-05-08,463794.00,296678.00,409039.00,5457.00,3457.00,4765.00,4686.338,227916.00,-2.63,0.06,5088234.00,0.00,1.00,288046.00,5122207.00
Geo6,2023-05-15,644890.00,553954.00,539600.00,7587.00,6455.00,6287.00,5122.207,227916.00,-0.69,2.51,6288706.00,0.00,2.29,2764388.00,2518755.00
Geo6,2023-05-22,387615.00,602838.00,738250.00,4560.00,7025.00,8601.00,2518.755,227916.00,0.48,-2.47,5489663.00,-8.00,0.00,0.00,5134206.00
Geo6,2023-05-29,322188.00,434962.00,355899.00,3791.00,5069.00,4146.00,5134.206,227916.00,0.46,-3.20,6516170.00,0.00,0.00,0.00,4716272.00
Geo6,2023-06-05,205642.00,412653.00,159644.00,2419.00,4809.00,1860.00,4716.272,227916.00,-2.15,1.53,5324452.00,0.00,0.57,250529.00,4599852.00
Geo6,2023-06-12,491780.00,479712.00,319751.00,5786.00,5590.00,3725.00,4599.852,227916.00,-0.05,-1.51,5684724.00,2.00,0.00,0.00,2838191.00
Geo6,2023-06-19,494031.00,136826.00,153645.00,5812.00,1594.00,1790.00,2838.191,227916.00,-1.83,-0.17,5355594.00,-6.00,0.00,0.00,5311788.00
Geo6,2023-06-26,361366.00,275900.00,359019.00,4251.00,3215.00,4183.00,5311.788,227916.00,-0.43,1.57,5390756.00,0.00,0.51,1486974.00,5258846.00
Geo6,2023-07-03,852339.00,487177.00,354572.00,10028.00,5677.00,4131.00,5258.846,227916.00,-1.08,-0.90,5236645.00,1.00,0.00,0.00,4688739.00
Geo6,2023-07-10,404536.00,535480.00,123593.00,4759.00,6240.00,1440.00,4688.739,227916.00,0.05,0.50,5905233.00,-1.00,0.91,654966.00,3415807.00
Geo6,2023-07-17,525628.00,473242.00,159487.00,6184.00,5515.00,1858.00,3415.807,227916.00,0.17,-0.13,5837434.00,-3.00,0.44,0.00,4269846.00
Geo6,2023-07-24,234624.00,196506.00,522734.00,2760.00,2290.00,6090.00,4269.846,227916.00,0.22,-0.95,5571579.00,-1.00,0.94,1335841.00,4577667.00
Geo6,2023-07-31,228857.00,375002.00,513565.00,2692.00,4370.00,5983.00,4577.667,227916.00,-0.30,1.40,5590464.00,1.00,0.00,1076477.00,2380580.00
Geo6,2023-08-07,382374.00,237348.00,438097.00,4499.00,2766.00,5104.00,2380.580,227916.00,-0.70,-0.31,5042510.00,-7.00,0.00,0.00,4763598.00
Geo6,2023-08-14,622914.00,453150.00,314804.00,7329.00,5281.00,3668.00,4763.598,227916.00,1.48,1.95,6429406.00,1.00,0.65,2531683.00,6166384.00
Geo6,2023-08-21,744078.00,435790.00,309068.00,8754.00,5078.00,3601.00,6166.384,227916.00,1.60,1.20,5861640.00,5.00,1.39,3241647.00,5331403.00
Geo6,2023-08-28,479954.00,421637.00,282696.00,5647.00,4914.00,3294.00,5331.403,227916.00,0.57,1.57,5603024.00,1.00,0.89,4974461.00,5304545.00
Geo6,2023-09-04,480708.00,538100.00,326105.00,5656.00,6271.00,3799.00,5304.545,227916.00,1.61,-1.76,5635294.00,2.00,0.00,931572.00,5094692.00
Geo6,2023-09-11,735596.00,569747.00,238900.00,8654.00,6640.00,2783.00,5094.692,227916.00,-0.36,0.39,6022646.00,3.00,0.00,986196.00,5635923.00
Geo6,2023-09-18,466034.00,508451.00,543389.00,5483.00,5925.00,6331.00,5635.923,227916.00,2.09,-0.23,6385120.00,4.00,0.21,1353716.00,3213883.00
Geo6,2023-09-25,513987.00,667025.00,302865.00,6047.00,7773.00,3528.00,3213.883,227916.00,2.30,2.01,5721876.00,-1.00,0.00,2330346.00,5823604.00
Geo6,2023-10-02,680951.00,561161.00,474729.00,8011.00,6539.00,5531.00,5823.604,227916.00,-0.38,0.06,6346518.00,4.00,0.00,1012433.00,4668766.00
Geo6,2023-10-09,429000.00,340505.00,388846.00,5047.00,3968.00,4530.00,4668.766,227916.00,0.67,0.03,5797192.00,-1.00,0.35,2552190.00,4715637.00
Geo6,2023-10-16,489109.00,440795.00,420218.00,5754.00,5137.00,4896.00,4715.637,227916.00,1.43,1.68,6784611.00,-1.00,1.20,2796462.00,4306537.00
Geo6,2023-10-23,617980.00,274524.00,182502.00,7271.00,3199.00,2126.00,4306.537,227916.00,-0.81,-1.26,5619712.00,0.00,0.09,0.00,6315595.00
Geo6,2023-10-30,471417.00,241912.00,490585.00,5546.00,2819.00,5716.00,6315.595,227916.00,0.76,-0.20,6026915.00,5.00,0.11,1472820.00,4782140.00
Geo6,2023-11-06,611444.00,402346.00,213845.00,7194.00,4689.00,2491.00,4782.140,227916.00,-0.17,-0.80,6636521.00,-2.00,2.19,522951.00,4704742.00
Geo6,2023-11-13,486725.00,285087.00,299251.00,5726.00,3322.00,3486.00,4704.742,227916.00,1.73,2.31,6593234.00,-1.00,0.29,2259682.00,4107014.00
Geo6,2023-11-20,412781.00,436022.00,273262.00,4856.00,5081.00,3184.00,4107.014,227916.00,-0.17,0.84,5282746.00,-1.00,0.11,0.00,3206878.00
Geo6,2023-11-27,544756.00,502826.00,62197.00,6409.00,5860.00,725.00,3206.878,227916.00,0.63,-0.63,6671782.00,-5.00,0.28,0.00,3784710.00
Geo6,2023-12-04,225857.00,525794.00,483423.00,2657.00,6127.00,5632.00,3784.710,227916.00,0.37,-0.97,6017418.00,0.00,1.91,66241.00,2952488.00
Geo6,2023-12-11,512296.00,185212.00,519956.00,6027.00,2158.00,6058.00,2952.488,227916.00,-0.37,-1.13,5994453.00,-6.00,1.18,820961.00,4595437.00
Geo6,2023-12-18,560032.00,586063.00,451503.00,6589.00,6830.00,5260.00,4595.437,227916.00,0.91,0.41,5473386.00,1.00,0.00,0.00,4843588.00
Geo6,2023-12-25,507146.00,459752.00,0.00,5967.00,5358.00,0.00,4843.588,227916.00,0.85,0.94,4922304.00,1.00,0.56,763055.00,5925484.00
Geo6,2024-01-01,509160.00,631704.00,95831.00,5990.00,7362.00,1116.00,5925.484,227916.00,-0.10,0.64,6229764.00,1.00,0.00,1489398.00,3726143.00
Geo6,2024-01-08,527498.00,109698.00,165614.00,6206.00,1278.00,1929.00,3726.143,227916.00,-0.49,0.89,4935694.00,0.00,0.55,0.00,4096425.00
Geo6,2024-01-15,222036.00,350830.00,340261.00,2612.00,4088.00,3964.00,4096.425,227916.00,1.42,1.71,5346868.00,-3.00,0.24,314633.00,10769426.00
Geo7,2021-01-25,1134362.00,552065.00,963167.00,13346.00,6433.00,11221.00,10769.426,478603.00,1.05,0.17,10877410.00,1.00,0.00,35721.00,10310559.00
Geo7,2021-02-01,1006391.00,1066145.00,951770.00,11840.00,12424.00,11088.00,10310.559,478603.00,-2.77,0.86,12118105.00,2.00,0.19,0.00,10711026.00
Geo7,2021-02-08,899596.00,1362423.00,1068747.00,10584.00,15877.00,12451.00,10711.026,478603.00,-1.47,-0.09,14274249.00,0.00,0.68,0.00,8231736.00
Geo7,2021-02-15,427233.00,1087630.00,1152527.00,5026.00,12675.00,13427.00,8231.736,478603.00,0.88,-0.51,13512479.00,-1.00,0.18,0.00,8012366.00
Geo7,2021-02-22,1797945.00,1005041.00,844024.00,21153.00,11712.00,9833.00,8012.366,478603.00,-0.18,0.02,14050004.00,-2.00,1.00,246955.00,8613245.00
Geo7,2021-03-01,1350822.00,576963.00,933847.00,15892.00,6724.00,10880.00,8613.245,478603.00,-0.15,1.97,13447136.00,-2.00,0.00,470791.00,9443073.00
Geo7,2021-03-08,1107682.00,890237.00,968017.00,13032.00,10374.00,11278.00,9443.073,478603.00,0.58,0.64,16272430.00,-2.00,0.00,309301.00,11704183.00
Geo7,2021-03-15,1271742.00,470333.00,876356.00,14962.00,5481.00,10210.00,11704.183,478603.00,0.89,-2.35,17383864.00,3.00,0.63,134314.00,9992985.00
Geo7,2021-03-22,942069.00,1315105.00,1033419.00,11083.00,15326.00,12040.00,9992.985,478603.00,-1.07,0.64,18888598.00,2.00,0.00,141588.00,9911212.00
Geo7,2021-03-29,1200872.00,0.00,695810.00,14128.00,0.00,8106.00,9911.212,478603.00,-0.89,0.04,17921632.00,-1.00,1.56,241558.00,12005643.00
Geo7,2021-04-05,1363748.00,983203.00,1468729.00,16044.00,11458.00,17111.00,12005.643,478603.00,0.30,-0.75,19412910.00,3.00,0.00,0.00,11141081.00
Geo7,2021-04-12,757718.00,958486.00,1369992.00,8915.00,11170.00,15961.00,11141.081,478603.00,-2.36,-0.61,17745826.00,0.00,0.00,0.00,10493521.00
Geo7,2021-04-19,979439.00,1237224.00,955620.00,11523.00,14418.00,11133.00,10493.521,478603.00,-0.36,-2.67,17154426.00,1.00,0.00,108294.00,12704313.00
Geo7,2021-04-26,836638.00,930986.00,346193.00,9843.00,10849.00,4033.00,12704.313,478603.00,0.49,0.29,19740110.00,3.00,0.00,423930.00,13960784.00
Geo7,2021-05-03,877295.00,912971.00,679795.00,10321.00,10639.00,7920.00,13960.784,478603.00,1.86,-1.06,17246398.00,9.00,1.07,281043.00,11449375.00
Geo7,2021-05-10,934322.00,594788.00,1040947.00,10992.00,6931.00,12127.00,11449.375,478603.00,-0.35,-0.61,19248190.00,1.00,0.00,78404.00,10866748.00
Geo7,2021-05-17,1153357.00,561483.00,924622.00,13569.00,6543.00,10772.00,10866.748,478603.00,1.24,1.74,16790224.00,2.00,0.00,431028.00,7730811.00
Geo7,2021-05-24,558518.00,445725.00,1154452.00,6571.00,5194.00,13450.00,7730.811,478603.00,-1.12,-1.67,15740702.00,-3.00,0.00,0.00,12201804.00
Geo7,2021-05-31,1167173.00,613762.00,256175.00,13732.00,7152.00,2985.00,12201.804,478603.00,0.09,0.80,18627814.00,3.00,0.00,362023.00,11935438.00
Geo7,2021-06-07,893002.00,1242614.00,1045055.00,10506.00,14481.00,12175.00,11935.438,478603.00,1.14,-0.33,18275022.00,1.00,0.61,264435.00,8255736.00
Geo7,2021-06-14,101360.00,416860.00,1089036.00,1192.00,4858.00,12688.00,8255.736,478603.00,-0.27,-0.82,17128998.00,-4.00,0.00,0.00,13459028.00
Geo7,2021-06-21,1044356.00,1220250.00,1216203.00,12287.00,14220.00,14169.00,13459.028,478603.00,2.01,-1.06,15801531.00,6.00,0.00,176556.00,7646513.00
Geo7,2021-06-28,1382274.00,1417804.00,613872.00,16262.00,16522.00,7152.00,7646.513,478603.00,0.52,-3.34,17999100.00,-2.00,1.61,62584.00,10175632.00
Geo7,2021-07-05,716015.00,1201687.00,1426666.00,8424.00,14004.00,16621.00,10175.632,478603.00,0.64,-0.64,17138868.00,0.00,0.00,0.00,11508229.00
Geo7,2021-07-12,1577646.00,973293.00,464369.00,18561.00,11342.00,5410.00,11508.229,478603.00,0.92,0.68,17914584.00,2.00,0.00,65520.00,11332766.00
Geo7,2021-07-19,881468.00,587351.00,1220859.00,10370.00,6845.00,14223.00,11332.766,478603.00,0.41,1.52,17616528.00,0.00,0.00,290084.00,7076537.00
Geo7,2021-07-26,1196958.00,653748.00,1372040.00,14082.00,7618.00,15985.00,7076.537,478603.00,-2.37,1.30,17577642.00,-5.00,0.00,211202.00,8955754.00
Geo7,2021-08-02,1444461.00,1153554.00,852308.00,16994.00,13443.00,9930.00,8955.754,478603.00,0.16,-0.66,18729558.00,-2.00,0.70,0.00,10883470.00
Geo7,2021-08-09,477101.00,1084828.00,1145376.00,5613.00,12642.00,13344.00,10883.470,478603.00,1.25,0.24,17374214.00,0.00,0.00,217333.00,11338037.00
Geo7,2021-08-16,363482.00,1468690.00,961992.00,4276.00,17115.00,11208.00,11338.037,478603.00,-0.29,-0.20,19223020.00,3.00,0.45,0.00,11765442.00
Geo7,2021-08-23,1392780.00,1349510.00,1238877.00,16386.00,15726.00,14433.00,11765.442,478603.00,-0.57,1.56,18195770.00,1.00,2.13,622137.00,9336339.00
Geo7,2021-08-30,1215452.00,1030086.00,1612811.00,14300.00,12004.00,18790.00,9336.339,478603.00,-0.06,-0.96,19732848.00,-2.00,0.10,0.00,9594797.00
Geo7,2021-09-06,1317490.00,945106.00,744678.00,15500.00,11014.00,8676.00,9594.797,478603.00,1.26,-1.15,18401464.00,3.00,0.00,0.00,9087837.00
Geo7,2021-09-13,1095114.00,849579.00,1171448.00,12884.00,9901.00,13648.00,9087.837,478603.00,-0.42,-2.25,17431950.00,-3.00,0.00,4557.00,6993475.00
Geo7,2021-09-20,1202844.00,1135095.00,1094488.00,14151.00,13228.00,12751.00,6993.475,478603.00,-0.87,0.34,18563972.00,-4.00,0.14,133269.00,14100679.00
Geo7,2021-09-27,910983.00,1245940.00,1113970.00,10718.00,14520.00,12978.00,14100.679,478603.00,2.66,-1.41,17675740.00,8.00,0.00,122572.00,11745646.00
Geo7,2021-10-04,1059734.00,1158890.00,626620.00,12468.00,13505.00,7300.00,11745.646,478603.00,-0.80,1.57,17072336.00,3.00,0.00,256860.00,10468900.00
Geo7,2021-10-11,992343.00,468899.00,868349.00,11675.00,5464.00,10117.00,10468.900,478603.00,-0.75,0.84,18934114.00,0.00,1.77,166796.00,10445954.00
Geo7,2021-10-18,885674.00,1050632.00,228009.00,10420.00,12244.00,2656.00,10445.954,478603.00,1.57,-0.25,18363840.00,0.00,0.00,50171.00,10375102.00
Geo7,2021-10-25,1300720.00,678771.00,1375390.00,15303.00,7910.00,16024.00,10375.102,478603.00,-1.26,-0.48,19042612.00,1.00,0.00,0.00,8627588.00
Geo7,2021-11-01,1076870.00,1183434.00,338840.00,12669.00,13791.00,3948.00,8627.588,478603.00,2.03,2.34,17689704.00,-2.00,0.64,365325.00,8552185.00
Geo7,2021-11-08,772040.00,886021.00,825458.00,9083.00,10325.00,9617.00,8552.185,478603.00,1.43,1.47,18582190.00,0.00,0.61,198670.00,7514179.00
Geo7,2021-11-15,358946.00,1234517.00,1052125.00,4223.00,14386.00,12258.00,7514.179,478603.00,1.69,2.43,17048808.00,-1.00,0.89,440603.00,9289548.00
Geo7,2021-11-22,693690.00,1521428.00,1068755.00,8161.00,17730.00,12451.00,9289.548,478603.00,0.09,1.37,16729906.00,-1.00,0.00,275753.00,12104392.00
Geo7,2021-11-29,1527415.00,762172.00,1099858.00,17970.00,8882.00,12814.00,12104.392,478603.00,-1.38,-0.34,18034228.00,2.00,0.52,61909.00,9809808.00
Geo7,2021-12-06,1480212.00,1034212.00,673151.00,17415.00,12052.00,7842.00,9809.808,478603.00,-0.14,3.13,18687126.00,1.00,3.07,736156.00,8071161.00
Geo7,2021-12-13,1108627.00,1021608.00,533107.00,13043.00,11905.00,6211.00,8071.161,478603.00,-0.23,-0.61,17918238.00,-2.00,0.00,127572.00,12394821.00
Geo7,2021-12-20,1256103.00,496246.00,652228.00,14778.00,5783.00,7599.00,12394.821,478603.00,0.23,-1.72,19911648.00,5.00,2.03,193066.00,9940633.00
Geo7,2021-12-27,1529882.00,1282940.00,780124.00,17999.00,14951.00,9089.00,9940.633,478603.00,2.25,-1.50,18768286.00,2.00,0.00,0.00,9430379.00
Geo7,2022-01-03,1368465.00,940828.00,897768.00,16100.00,10964.00,10459.00,9430.379,478603.00,-0.85,-1.14,17191738.00,-2.00,0.69,45860.00,7828086.00
Geo7,2022-01-10,1051684.00,1037497.00,542787.00,12373.00,12090.00,6324.00,7828.086,478603.00,1.02,-0.98,22077368.00,-1.00,0.78,8510.00,7810975.00
Geo7,2022-01-17,498481.00,1103658.00,772126.00,5865.00,12861.00,8996.00,7810.975,478603.00,1.46,1.87,19584282.00,-1.00,0.00,262264.00,9169713.00
Geo7,2022-01-24,1578418.00,1352140.00,755249.00,18570.00,15757.00,8799.00,9169.713,478603.00,-0.94,-0.62,17443208.00,1.00,0.39,0.00,12953712.00
Geo7,2022-01-31,832528.00,994739.00,873166.00,9795.00,11592.00,10173.00,12953.712,478603.00,0.55,0.36,18572648.00,4.00,0.00,13736.00,8817848.00
Geo7,2022-02-07,1188722.00,991057.00,895566.00,13985.00,11549.00,10434.00,8817.848,478603.00,-0.09,-0.98,17577084.00,-3.00,0.00,0.00,6771260.00
Geo7,2022-02-14,673107.00,917950.00,854526.00,7919.00,10697.00,9956.00,6771.260,478603.00,-1.80,0.06,18217830.00,-3.00,0.00,20981.00,10203925.00
Geo7,2022-02-21,910405.00,625433.00,586840.00,10711.00,7288.00,6837.00,10203.925,478603.00,1.31,-0.13,17623630.00,1.00,0.28,39806.00,10900586.00
Geo7,2022-02-28,1342192.00,896474.00,858122.00,15791.00,10447.00,9997.00,10900.586,478603.00,0.14,-1.65,16926380.00,3.00,0.00,0.00,8066547.00
Geo7,2022-03-07,933942.00,1446981.00,474067.00,10988.00,16862.00,5523.00,8066.547,478603.00,-1.29,-2.09,18866414.00,-2.00,0.00,0.00,6530960.00
Geo7,2022-03-14,1031331.00,1197813.00,904282.00,12134.00,13959.00,10535.00,6530.960,478603.00,-0.01,1.13,16643244.00,-2.00,0.00,115263.00,15396025.00
Geo7,2022-03-21,593432.00,256311.00,592515.00,6982.00,2987.00,6903.00,15396.025,478603.00,-1.57,-1.64,17081410.00,10.00,1.86,328821.00,7776002.00
Geo7,2022-03-28,1288532.00,1197578.00,1107361.00,15160.00,13956.00,12901.00,7776.002,478603.00,-1.85,-0.24,16270583.00,-4.00,0.00,0.00,7317805.00
Geo7,2022-04-04,559313.00,704749.00,377926.00,6580.00,8213.00,4403.00,7317.805,478603.00,-1.56,-1.18,17407100.00,-3.00,0.39,0.00,12053024.00
Geo7,2022-04-11,1312767.00,1293173.00,1148314.00,15445.00,15070.00,13378.00,12053.024,478603.00,-0.28,0.81,17432310.00,5.00,0.00,248841.00,7524807.00
Geo7,2022-04-18,1252399.00,634448.00,315489.00,14734.00,7394.00,3676.00,7524.807,478603.00,-0.07,0.19,16325862.00,-2.00,0.00,0.00,10315706.00
Geo7,2022-04-25,1419798.00,1148096.00,865712.00,16704.00,13379.00,10086.00,10315.706,478603.00,0.58,0.21,18587528.00,0.00,0.71,62200.00,9307291.00
Geo7,2022-05-02,1146405.00,835356.00,629907.00,13487.00,9735.00,7339.00,9307.291,478603.00,-0.28,0.73,15093366.00,0.00,0.00,0.00,9157769.00
Geo7,2022-05-09,790616.00,467034.00,981377.00,9302.00,5443.00,11433.00,9157.769,478603.00,-2.01,-2.03,16990860.00,2.00,0.40,0.00,9868399.00
Geo7,2022-05-16,1704990.00,697084.00,1560706.00,20059.00,8123.00,18183.00,9868.399,478603.00,-0.98,-1.19,18520356.00,1.00,0.10,0.00,12646002.00
Geo7,2022-05-23,1569355.00,534500.00,1050656.00,18463.00,6229.00,12241.00,12646.002,478603.00,-0.12,-0.05,17926360.00,4.00,0.00,289330.00,11934376.00
Geo7,2022-05-30,789471.00,1144828.00,1475678.00,9288.00,13341.00,17192.00,11934.376,478603.00,0.10,-0.72,19305978.00,2.00,3.09,206255.00,11958186.00
Geo7,2022-06-06,1473263.00,1055637.00,1003140.00,17333.00,12302.00,11687.00,11958.186,478603.00,-1.16,0.97,17389778.00,2.00,1.74,253236.00,12026928.00
Geo7,2022-06-13,874085.00,1224322.00,1345097.00,10284.00,14268.00,15671.00,12026.928,478603.00,0.29,-0.06,18395846.00,1.00,2.00,316124.00,10613775.00
Geo7,2022-06-20,369907.00,932000.00,541885.00,4352.00,10861.00,6313.00,10613.775,478603.00,-1.86,-0.81,17657452.00,1.00,2.69,435536.00,6448170.00
Geo7,2022-06-27,869158.00,744688.00,1063369.00,10226.00,8678.00,12389.00,6448.170,478603.00,2.14,-1.47,15504732.00,-5.00,1.90,36724.00,10727654.00
Geo7,2022-07-04,1120752.00,545855.00,1082810.00,13186.00,6361.00,12615.00,10727.654,478603.00,0.24,-0.93,18415088.00,0.00,0.92,240883.00,7681283.00
Geo7,2022-07-11,1180482.00,1468366.00,1219259.00,13888.00,17112.00,14205.00,7681.283,478603.00,-2.54,0.45,18263828.00,-2.00,1.37,49649.00,9672374.00
Geo7,2022-07-18,1397949.00,905518.00,1027186.00,16447.00,10552.00,11967.00,9672.374,478603.00,-2.26,-0.74,18915508.00,3.00,0.41,0.00,9974863.00
Geo7,2022-07-25,1015911.00,740228.00,790949.00,11952.00,8626.00,9215.00,9974.863,478603.00,1.28,1.35,16939304.00,-1.00,0.22,408248.00,7676984.00
Geo7,2022-08-01,1386713.00,795982.00,722598.00,16315.00,9276.00,8419.00,7676.984,478603.00,0.66,0.96,18048348.00,-3.00,0.00,193151.00,7192686.00
Geo7,2022-08-08,1084058.00,198332.00,775705.00,12754.00,2311.00,9037.00,7192.686,478603.00,-1.63,1.51,17017628.00,-1.00,0.00,406422.00,9447325.00
Geo7,2022-08-15,1311850.00,1109503.00,1017616.00,15434.00,12930.00,11856.00,9447.325,478603.00,-0.42,0.89,18918090.00,1.00,2.10,276997.00,9694187.00
Geo7,2022-08-22,1129050.00,1293036.00,117289.00,13283.00,15068.00,1366.00,9694.187,478603.00,0.09,1.10,19487236.00,0.00,0.66,235854.00,7307411.00
Geo7,2022-08-29,464957.00,1339494.00,239266.00,5470.00,15610.00,2788.00,7307.411,478603.00,1.17,1.38,18320030.00,-2.00,0.00,203290.00,6431830.00
Geo7,2022-09-05,1172879.00,1144034.00,1295765.00,13799.00,13332.00,15096.00,6431.830,478603.00,1.66,0.61,18337954.00,0.00,0.00,247201.00,10130573.00
Geo7,2022-09-12,1003213.00,1423922.00,1688508.00,11803.00,16594.00,19672.00,10130.573,478603.00,2.12,0.64,20356002.00,-1.00,0.00,202127.00,9162223.00
Geo7,2022-09-19,960005.00,1347284.00,471267.00,11294.00,15701.00,5490.00,9162.223,478603.00,-1.46,0.16,18878852.00,-1.00,0.72,0.00,8181644.00
Geo7,2022-09-26,786060.00,1720769.00,1254613.00,9248.00,20053.00,14617.00,8181.644,478603.00,-0.72,0.51,16638244.00,-1.00,0.39,70844.00,11963669.00
Geo7,2022-10-03,948344.00,576629.00,960654.00,11157.00,6720.00,11192.00,11963.669,478603.00,1.93,1.44,16310913.00,3.00,0.94,112015.00,10456870.00
Geo7,2022-10-10,601784.00,624269.00,789301.00,7080.00,7275.00,9196.00,10456.870,478603.00,0.20,1.60,17563920.00,0.00,0.00,501286.00,7556988.00
Geo7,2022-10-17,621350.00,897941.00,1188264.00,7310.00,10464.00,13844.00,7556.988,478603.00,-0.14,0.10,14542789.00,-5.00,0.00,0.00,8818396.00
Geo7,2022-10-24,786150.00,1071141.00,112848.00,9249.00,12483.00,1315.00,8818.396,478603.00,-0.78,-0.39,16014409.00,-1.00,0.00,0.00,5503834.00
Geo7,2022-10-31,1019708.00,721248.00,932254.00,11997.00,8405.00,10861.00,5503.834,478603.00,0.93,0.82,16716005.00,-3.00,0.00,34906.00,12785822.00
Geo7,2022-11-07,1344427.00,546973.00,695930.00,15817.00,6374.00,8108.00,12785.822,478603.00,1.67,-0.01,17276006.00,2.00,0.00,81200.00,4507202.00
Geo7,2022-11-14,854467.00,991231.00,133918.00,10053.00,11551.00,1560.00,4507.202,478603.00,0.46,-0.72,16481768.00,-7.00,0.21,181167.00,7659220.00
Geo7,2022-11-21,1897656.00,658561.00,239355.00,22326.00,7675.00,2789.00,7659.220,478603.00,0.09,0.66,16298319.00,-3.00,0.00,223134.00,10705764.00
Geo7,2022-11-28,1049918.00,982395.00,1227376.00,12352.00,11448.00,14299.00,10705.764,478603.00,-0.64,0.77,18123136.00,5.00,0.00,0.00,10977597.00
Geo7,2022-12-05,896389.00,1486036.00,244040.00,10546.00,17317.00,2843.00,10977.597,478603.00,-0.60,0.01,18822562.00,3.00,1.44,215747.00,9476999.00
Geo7,2022-12-12,995758.00,878305.00,956904.00,11715.00,10235.00,11148.00,9476.999,478603.00,0.18,-0.04,19955790.00,-1.00,0.00,0.00,9587040.00
Geo7,2022-12-19,621389.00,1133731.00,622050.00,7311.00,13212.00,7247.00,9587.040,478603.00,-0.76,-1.58,17277252.00,-1.00,0.00,0.00,9360689.00
Geo7,2022-12-26,1050733.00,790477.00,703625.00,12362.00,9212.00,8197.00,9360.689,478603.00,0.53,-0.72,17385752.00,-3.00,0.59,0.00,11058353.00
Geo7,2023-01-02,1139975.00,774366.00,429193.00,13412.00,9024.00,5000.00,11058.353,478603.00,1.06,0.23,18673088.00,2.00,1.04,240529.00,9996415.00
Geo7,2023-01-09,1448574.00,1047094.00,571634.00,17042.00,12202.00,6660.00,9996.415,478603.00,-0.47,0.84,17306430.00,0.00,0.00,171133.00,9657856.00
Geo7,2023-01-16,1236294.00,492413.00,686054.00,14545.00,5738.00,7993.00,9657.856,478603.00,-0.44,-0.75,16789192.00,2.00,0.03,0.00,6926258.00
Geo7,2023-01-23,408762.00,1484052.00,917928.00,4809.00,17294.00,10694.00,6926.258,478603.00,-0.74,2.66,18995622.00,-4.00,0.00,160608.00,6091524.00
Geo7,2023-01-30,1050224.00,1181715.00,758667.00,12356.00,13771.00,8839.00,6091.524,478603.00,1.79,1.33,15994273.00,-3.00,0.00,578398.00,10010855.00
Geo7,2023-02-06,1174999.00,1078110.00,1644552.00,13824.00,12564.00,19160.00,10010.855,478603.00,-0.23,-1.44,17174664.00,-1.00,0.22,0.00,12779481.00
Geo7,2023-02-13,1357500.00,938018.00,1065119.00,15971.00,10931.00,12409.00,12779.481,478603.00,0.30,-1.66,19418444.00,4.00,1.66,264597.00,11110462.00
Geo7,2023-02-20,698048.00,550438.00,689497.00,8213.00,6415.00,8033.00,11110.462,478603.00,-1.48,0.97,16718245.00,4.00,0.11,66245.00,6712144.00
Geo7,2023-02-27,851355.00,1131721.00,520411.00,10016.00,13188.00,6063.00,6712.144,478603.00,2.27,-0.04,18631506.00,-5.00,0.00,193111.00,9317624.00
Geo7,2023-03-06,1191124.00,781065.00,1127458.00,14014.00,9102.00,13135.00,9317.624,478603.00,0.11,-1.52,17150412.00,1.00,0.46,0.00,11289093.00
Geo7,2023-03-13,1246695.00,1214364.00,419895.00,14667.00,14152.00,4892.00,11289.093,478603.00,-1.13,-1.85,17424250.00,2.00,0.00,21767.00,11525377.00
Geo7,2023-03-20,1244860.00,1812846.00,1390902.00,14646.00,21126.00,16205.00,11525.377,478603.00,0.39,-0.23,16303789.00,3.00,0.00,0.00,9922159.00
Geo7,2023-03-27,1313077.00,688377.00,1314754.00,15448.00,8022.00,15317.00,9922.159,478603.00,-0.78,1.09,18941964.00,-1.00,0.00,0.00,14211519.00
Geo7,2023-04-03,1446803.00,1105396.00,1012582.00,17022.00,12882.00,11797.00,14211.519,478603.00,0.10,-1.66,17169432.00,6.00,1.21,110308.00,9310059.00
Geo7,2023-04-10,616829.00,1659197.00,745047.00,7257.00,19335.00,8680.00,9310.059,478603.00,-0.02,-0.95,18538070.00,0.00,0.07,0.00,12670675.00
Geo7,2023-04-17,1623485.00,1572163.00,783897.00,19100.00,18321.00,9133.00,12670.675,478603.00,-3.13,0.28,18212574.00,3.00,0.00,0.00,4549262.00
Geo7,2023-04-24,1292864.00,1462168.00,381897.00,15210.00,17039.00,4449.00,4549.262,478603.00,-1.06,-0.90,17729440.00,-8.00,0.00,0.00,10331212.00
Geo7,2023-05-01,1151630.00,536380.00,1299692.00,13549.00,6251.00,15142.00,10331.212,478603.00,0.86,-2.59,20275352.00,1.00,1.13,0.00,10336546.00
Geo7,2023-05-08,805015.00,1101590.00,649999.00,9471.00,12837.00,7573.00,10336.546,478603.00,-1.58,-1.31,17187540.00,1.00,1.36,49012.00,13738251.00
Geo7,2023-05-15,970993.00,1243973.00,1086153.00,11424.00,14497.00,12654.00,13738.251,478603.00,-0.21,0.11,18782932.00,5.00,0.99,26115.00,11909322.00
Geo7,2023-05-22,918776.00,825406.00,1632989.00,10809.00,9619.00,19025.00,11909.322,478603.00,1.37,-1.58,17374980.00,2.00,2.13,0.00,10475474.00
Geo7,2023-05-29,779381.00,1550894.00,956498.00,9169.00,18073.00,11144.00,10475.474,478603.00,-1.01,-0.33,19496908.00,0.00,0.56,54466.00,6747134.00
Geo7,2023-06-05,640417.00,1343793.00,37146.00,7534.00,15660.00,433.00,6747.134,478603.00,-1.41,-1.34,16687337.00,-6.00,0.00,45547.00,9878987.00
Geo7,2023-06-12,812107.00,1222588.00,1314219.00,9554.00,14247.00,15311.00,9878.987,478603.00,-0.61,0.34,17629134.00,1.00,0.28,390338.00,9515115.00
Geo7,2023-06-19,599338.00,1128732.00,533922.00,7051.00,13154.00,6220.00,9515.115,478603.00,-0.30,0.74,15822312.00,-1.00,0.00,152430.00,12864310.00
Geo7,2023-06-26,976214.00,990144.00,915003.00,11485.00,11539.00,10660.00,12864.310,478603.00,0.21,0.90,15703015.00,1.00,1.24,116316.00,12344190.00
Geo7,2023-07-03,930772.00,706736.00,581911.00,10950.00,8236.00,6779.00,12344.190,478603.00,1.66,0.76,15149622.00,3.00,0.78,0.00,11750224.00
Geo7,2023-07-10,1293100.00,1113007.00,252362.00,15213.00,12970.00,2940.00,11750.224,478603.00,-0.49,-0.63,17585714.00,2.00,0.00,0.00,7027369.00
Geo7,2023-07-17,1131083.00,1042265.00,753699.00,13307.00,12146.00,8781.00,7027.369,478603.00,1.25,-0.81,17514348.00,-4.00,1.27,351806.00,8402346.00
Geo7,2023-07-24,401547.00,277902.00,860534.00,4724.00,3239.00,10026.00,8402.346,478603.00,0.47,-1.04,16743322.00,-3.00,0.93,86729.00,12804865.00
Geo7,2023-07-31,742733.00,1016704.00,1010197.00,8738.00,11848.00,11769.00,12804.865,478603.00,0.80,0.86,16781234.00,5.00,0.00,91363.00,7578710.00
Geo7,2023-08-07,453344.00,216466.00,1218179.00,5334.00,2523.00,14192.00,7578.710,478603.00,1.46,-0.63,15468658.00,-4.00,1.10,54179.00,9630010.00
Geo7,2023-08-14,1079166.00,1392654.00,526953.00,12696.00,16229.00,6139.00,9630.010,478603.00,1.41,0.00,17478440.00,0.00,0.52,274084.00,9090816.00
Geo7,2023-08-21,1781480.00,909332.00,503878.00,20959.00,10597.00,5870.00,9090.816,478603.00,-0.81,0.08,17689672.00,-1.00,0.83,0.00,8637953.00
Geo7,2023-08-28,934157.00,1251546.00,742913.00,10990.00,14585.00,8655.00,8637.953,478603.00,0.03,2.78,17035242.00,-4.00,2.43,766839.00,9269288.00
Geo7,2023-09-04,334451.00,1070449.00,1040316.00,3935.00,12474.00,12120.00,9269.288,478603.00,1.46,-0.66,16717887.00,-1.00,0.55,170412.00,10124541.00
Geo7,2023-09-11,1611877.00,384122.00,838517.00,18964.00,4476.00,9769.00,10124.541,478603.00,0.09,0.34,18088322.00,0.00,0.16,383892.00,11902143.00
Geo7,2023-09-18,1262997.00,763715.00,662576.00,14859.00,8900.00,7719.00,11902.143,478603.00,0.83,0.27,18327038.00,4.00,0.00,178563.00,5510645.00
Geo7,2023-09-25,1466554.00,1268893.00,350054.00,17254.00,14787.00,4078.00,5510.645,478603.00,0.26,1.11,17985966.00,-3.00,0.39,228090.00,13153053.00
Geo7,2023-10-02,1282072.00,1444630.00,935084.00,15084.00,16835.00,10894.00,13153.053,478603.00,1.10,0.16,19505102.00,5.00,0.73,32424.00,12135471.00
Geo7,2023-10-09,735922.00,516621.00,1276889.00,8658.00,6020.00,14876.00,12135.471,478603.00,0.51,-0.79,18808176.00,3.00,0.00,93169.00,7922938.00
Geo7,2023-10-16,1055568.00,1060469.00,1155801.00,12419.00,12358.00,13466.00,7922.938,478603.00,1.32,-1.13,20905678.00,-5.00,1.99,145626.00,10495420.00
Geo7,2023-10-23,523091.00,1106961.00,247687.00,6154.00,12900.00,2886.00,10495.420,478603.00,-0.68,0.00,17078724.00,3.00,1.59,390250.00,9686680.00
Geo7,2023-10-30,1082827.00,619882.00,647603.00,12739.00,7224.00,7545.00,9686.680,478603.00,1.53,-1.64,17861514.00,-2.00,0.39,12037.00,12283100.00
Geo7,2023-11-06,1491036.00,1017947.00,517500.00,17542.00,11863.00,6029.00,12283.100,478603.00,-0.95,2.32,19261206.00,1.00,0.00,287923.00,9519605.00
Geo7,2023-11-13,664713.00,1476529.00,895635.00,7820.00,17207.00,10434.00,9519.605,478603.00,1.57,1.72,19215524.00,0.00,1.23,297104.00,8585279.00
Geo7,2023-11-20,1580314.00,1138144.00,687428.00,18592.00,13263.00,8009.00,8585.279,478603.00,1.00,2.98,16723312.00,-2.00,0.20,467298.00,9181233.00
Geo7,2023-11-27,1066116.00,1181247.00,664116.00,12543.00,13766.00,7737.00,9181.233,478603.00,0.43,0.69,19724914.00,-1.00,0.00,0.00,6889628.00
Geo7,2023-12-04,556301.00,886999.00,638960.00,6545.00,10337.00,7444.00,6889.628,478603.00,-0.95,-0.49,17940272.00,-1.00,2.38,32873.00,11224198.00
Geo7,2023-12-11,1241661.00,418367.00,696922.00,14608.00,4875.00,8119.00,11224.198,478603.00,1.17,-1.09,18567514.00,2.00,0.00,196165.00,5458828.00
Geo7,2023-12-18,1351154.00,1419796.00,552564.00,15896.00,16546.00,6438.00,5458.828,478603.00,-1.39,1.62,17811900.00,-6.00,0.00,0.00,9440698.00
Geo7,2023-12-25,955551.00,1346171.00,941794.00,11242.00,15688.00,10972.00,9440.698,478603.00,-0.28,0.31,16556690.00,0.00,0.62,180575.00,15418293.00
Geo7,2024-01-01,1180166.00,1498502.00,724653.00,13885.00,17463.00,8442.00,15418.293,478603.00,0.39,0.60,19559752.00,7.00,0.00,0.00,5943356.00
Geo7,2024-01-08,1286462.00,176920.00,1266652.00,15135.00,2062.00,14757.00,5943.356,478603.00,-0.70,-0.69,16892104.00,-4.00,0.00,0.00,11409313.00
Geo7,2024-01-15,1022284.00,916859.00,1386751.00,12027.00,10685.00,16156.00,11409.313,478603.00,-0.42,-0.39,17813082.00,1.00,0.00,0.00,10570791.00
Geo8,2021-01-25,1361902.00,1005281.00,1123586.00,16023.00,11715.00,13090.00,10570.791,515234.00,1.06,0.68,11222807.00,1.00,0.08,615557.00,13421399.00
Geo8,2021-02-01,1481133.00,567074.00,1257392.00,17425.00,6608.00,14649.00,13421.399,515234.00,-1.12,-0.94,11575783.00,5.00,0.00,636031.00,12190343.00
Geo8,2021-02-08,928949.00,1146029.00,1019885.00,10929.00,13355.00,11882.00,12190.343,515234.00,-0.55,-1.24,12782348.00,3.00,0.00,0.00,5909758.00
Geo8,2021-02-15,644294.00,1571712.00,1101579.00,7580.00,18316.00,12834.00,5909.758,515234.00,1.35,-1.08,11333035.00,-5.00,0.54,0.00,8196099.00
Geo8,2021-02-22,1186043.00,1849831.00,1267642.00,13954.00,21557.00,14769.00,8196.099,515234.00,-1.24,-0.68,11091950.00,-3.00,0.00,141326.00,8568414.00
Geo8,2021-03-01,1199872.00,671341.00,941955.00,14116.00,7823.00,10974.00,8568.414,515234.00,-0.64,-0.64,9608139.00,-2.00,0.00,0.00,13415897.00
Geo8,2021-03-08,887892.00,1197868.00,406771.00,10446.00,13959.00,4739.00,13415.897,515234.00,1.06,-0.57,12118108.00,3.00,0.00,0.00,7377795.00
Geo8,2021-03-15,878363.00,192042.00,544676.00,10334.00,2238.00,6346.00,7377.795,515234.00,0.22,0.09,11413096.00,-4.00,1.28,1075339.00,11980185.00
Geo8,2021-03-22,1484938.00,448660.00,230891.00,17470.00,5228.00,2690.00,11980.185,515234.00,-0.86,0.09,13586380.00,4.00,1.07,395766.00,12573400.00
Geo8,2021-03-29,1402454.00,433628.00,523060.00,16500.00,5053.00,6094.00,12573.400,515234.00,-2.02,-0.53,12750228.00,2.00,0.11,0.00,13137790.00
Geo8,2021-04-05,1369089.00,1013560.00,946540.00,16107.00,11812.00,11028.00,13137.790,515234.00,0.77,1.88,13619026.00,4.00,0.26,3052227.00,11569163.00
Geo8,2021-04-12,1275650.00,1360470.00,1187805.00,15008.00,15854.00,13838.00,11569.163,515234.00,-0.68,-1.12,12261754.00,-1.00,0.00,642614.00,10332585.00
Geo8,2021-04-19,1927761.00,954818.00,571290.00,22680.00,11127.00,6656.00,10332.585,515234.00,0.52,-2.86,12026735.00,-1.00,0.27,0.00,7376338.00
Geo8,2021-04-26,194994.00,1295345.00,27587.00,2294.00,15095.00,321.00,7376.338,515234.00,0.28,0.53,14617733.00,-6.00,0.00,596909.00,5367483.00
Geo8,2021-05-03,424068.00,349782.00,434627.00,4989.00,4076.00,5064.00,5367.483,515234.00,0.13,0.09,12130283.00,-6.00,0.24,1924450.00,10727166.00
Geo8,2021-05-10,809391.00,817487.00,662168.00,9522.00,9527.00,7715.00,10727.166,515234.00,-0.50,-0.89,13452610.00,-1.00,0.89,77014.00,10217749.00
Geo8,2021-05-17,838664.00,867063.00,1169850.00,9867.00,10104.00,13629.00,10217.749,515234.00,-2.37,-1.66,11583351.00,-1.00,0.00,0.00,10936134.00
Geo8,2021-05-24,1264837.00,261070.00,1403299.00,14881.00,3042.00,16349.00,10936.134,515234.00,-0.35,-0.89,11179447.00,1.00,0.39,0.00,9788361.00
Geo8,2021-05-31,892378.00,1103696.00,922970.00,10499.00,12862.00,10753.00,9788.361,515234.00,-0.74,0.54,13423174.00,-3.00,0.00,301064.00,12584575.00
Geo8,2021-06-07,1696286.00,770194.00,1432569.00,19957.00,8975.00,16690.00,12584.575,515234.00,0.93,-0.55,13425622.00,1.00,0.00,1030293.00,13232142.00
Geo8,2021-06-14,99593.00,909139.00,812498.00,1172.00,10595.00,9466.00,13232.142,515234.00,-1.20,-0.52,12877465.00,3.00,0.00,0.00,11566772.00
Geo8,2021-06-21,889646.00,881639.00,1329559.00,10467.00,10274.00,15490.00,11566.772,515234.00,0.90,-0.18,11561939.00,1.00,0.19,0.00,10914696.00
Geo8,2021-06-28,1523821.00,1595399.00,699235.00,17928.00,18592.00,8146.00,10914.696,515234.00,-0.25,-0.05,13719063.00,1.00,0.28,1066013.00,12045776.00
Geo8,2021-07-05,953287.00,1185150.00,918142.00,11215.00,13811.00,10697.00,12045.776,515234.00,-0.30,-1.95,12249347.00,2.00,0.00,0.00,14611807.00
Geo8,2021-07-12,816110.00,358203.00,173879.00,9602.00,4174.00,2026.00,14611.807,515234.00,-0.92,-0.87,12226561.00,5.00,0.00,0.00,13720707.00
Geo8,2021-07-19,972771.00,1016487.00,966854.00,11445.00,11846.00,11264.00,13720.707,515234.00,0.56,1.25,12483814.00,2.00,0.00,2121010.00,13094734.00
Geo8,2021-07-26,1493934.00,141676.00,615850.00,17576.00,1651.00,7175.00,13094.734,515234.00,1.36,2.70,12502653.00,4.00,0.00,2955369.00,12193471.00
Geo8,2021-08-02,635625.00,1000185.00,1216739.00,7478.00,11656.00,14175.00,12193.471,515234.00,0.82,-0.81,13276515.00,3.00,0.38,0.00,12280926.00
Geo8,2021-08-09,449825.00,887987.00,896428.00,5292.00,10348.00,10444.00,12280.926,515234.00,0.97,0.00,11925063.00,2.00,0.00,812237.00,10254835.00
Geo8,2021-08-16,862414.00,1268186.00,1074561.00,10146.00,14779.00,12519.00,10254.835,515234.00,-0.44,0.15,14478214.00,1.00,1.31,1492166.00,12029207.00
Geo8,2021-08-23,1514124.00,974939.00,761304.00,17814.00,11361.00,8869.00,12029.207,515234.00,1.27,1.30,12693635.00,-1.00,0.65,169979.00,11194952.00
Geo8,2021-08-30,1013950.00,775236.00,1581854.00,11929.00,9034.00,18429.00,11194.952,515234.00,1.74,0.46,15056572.00,1.00,0.00,0.00,7720866.00
Geo8,2021-09-06,1480040.00,760204.00,958738.00,17413.00,8859.00,11170.00,7720.866,515234.00,1.92,0.71,12742852.00,-2.00,0.00,0.00,12558840.00
Geo8,2021-09-13,1510608.00,1528846.00,1578436.00,17772.00,17816.00,18389.00,12558.840,515234.00,0.48,1.62,12271726.00,1.00,0.81,2871394.00,11659290.00
Geo8,2021-09-20,1611791.00,1372507.00,1098551.00,18963.00,15994.00,12799.00,11659.290,515234.00,-0.31,-0.83,14086269.00,3.00,0.27,0.00,9508483.00
Geo8,2021-09-27,1238690.00,1167423.00,1183981.00,14573.00,13605.00,13794.00,9508.483,515234.00,0.96,-0.20,13058030.00,-1.00,0.00,0.00,11839745.00
Geo8,2021-10-04,1182537.00,1325318.00,766509.00,13912.00,15445.00,8930.00,11839.745,515234.00,-0.82,1.64,12760529.00,2.00,0.00,673723.00,9858675.00
Geo8,2021-10-11,770709.00,736994.00,1012167.00,9067.00,8589.00,11792.00,9858.675,515234.00,0.78,-1.27,13644487.00,-3.00,0.45,41917.00,10951499.00
Geo8,2021-10-18,911053.00,1061536.00,689292.00,10719.00,12371.00,8031.00,10951.499,515234.00,1.37,0.49,12698951.00,0.00,1.08,2214750.00,9862882.00
Geo8,2021-10-25,850615.00,760993.00,1151726.00,10007.00,8868.00,13418.00,9862.882,515234.00,0.61,2.20,13875763.00,0.00,0.00,1382858.00,13444919.00
Geo8,2021-11-01,1401326.00,840884.00,1258977.00,16487.00,9799.00,14668.00,13444.919,515234.00,0.81,0.33,13090501.00,4.00,0.12,613352.00,10199162.00
Geo8,2021-11-08,746086.00,495073.00,1349945.00,8778.00,5769.00,15727.00,10199.162,515234.00,0.00,0.41,12914463.00,1.00,0.00,630422.00,10534260.00
Geo8,2021-11-15,877591.00,1500261.00,585922.00,10325.00,17483.00,6826.00,10534.260,515234.00,1.49,1.29,12201982.00,2.00,1.36,3462304.00,11765326.00
Geo8,2021-11-22,1240124.00,814512.00,770709.00,14590.00,9492.00,8979.00,11765.326,515234.00,-0.82,0.83,12593907.00,2.00,0.04,409397.00,13688540.00
Geo8,2021-11-29,1640158.00,1167511.00,932294.00,19296.00,13606.00,10862.00,13688.540,515234.00,1.65,-0.31,13656387.00,3.00,0.00,238341.00,8631027.00
Geo8,2021-12-06,1014687.00,541497.00,717383.00,11938.00,6310.00,8358.00,8631.027,515234.00,-1.67,2.81,13952433.00,-1.00,3.45,3007382.00,8119014.00
Geo8,2021-12-13,1106334.00,837844.00,0.00,13016.00,9764.00,0.00,8119.014,515234.00,0.32,-0.77,12043562.00,-3.00,0.00,0.00,13969067.00
Geo8,2021-12-20,1841416.00,475793.00,1201548.00,21664.00,5545.00,13998.00,13969.067,515234.00,0.84,-1.33,15487519.00,6.00,2.24,1448726.00,8715890.00
Geo8,2021-12-27,821246.00,1245166.00,1463492.00,9662.00,14511.00,17050.00,8715.890,515234.00,0.84,0.40,13975404.00,-2.00,0.50,1861224.00,10393489.00
Geo8,2022-01-03,1184348.00,963317.00,1406797.00,13934.00,11226.00,16390.00,10393.489,515234.00,-0.93,0.33,11631123.00,-2.00,0.00,319826.00,10670705.00
Geo8,2022-01-10,868473.00,1379680.00,1104628.00,10218.00,16078.00,12869.00,10670.705,515234.00,0.03,-0.01,16225135.00,2.00,0.00,435207.00,10283508.00
Geo8,2022-01-17,1434917.00,919514.00,1352069.00,16882.00,10716.00,15752.00,10283.508,515234.00,-0.28,-0.63,13914429.00,1.00,0.73,310026.00,10396977.00
Geo8,2022-01-24,1344519.00,1356205.00,1048392.00,15818.00,15805.00,12214.00,10396.977,515234.00,0.16,0.42,11670969.00,2.00,0.00,0.00,10166191.00
Geo8,2022-01-31,1471817.00,872628.00,1066512.00,17316.00,10169.00,12425.00,10166.191,515234.00,2.95,0.21,12855699.00,-1.00,0.00,1375108.00,12293399.00
Geo8,2022-02-07,1388452.00,891650.00,747762.00,16335.00,10391.00,8712.00,12293.399,515234.00,0.92,1.76,11777293.00,2.00,0.76,813287.00,9848339.00
Geo8,2022-02-14,1621220.00,1026444.00,837887.00,19074.00,11962.00,9762.00,9848.339,515234.00,-1.74,0.79,13225695.00,0.00,0.00,0.00,13444811.00
Geo8,2022-02-21,1286208.00,962981.00,711176.00,15132.00,11222.00,8285.00,13444.811,515234.00,-1.79,-0.89,13276719.00,5.00,0.00,312805.00,7213609.00
Geo8,2022-02-28,1458813.00,1093008.00,632441.00,17163.00,12737.00,7368.00,7213.609,515234.00,-0.78,-1.26,13194981.00,-4.00,0.00,676567.00,14490376.00
Geo8,2022-03-07,1398578.00,1637338.00,311875.00,16454.00,19081.00,3633.00,14490.376,515234.00,-0.48,-2.07,13880362.00,6.00,0.00,0.00,11277626.00
Geo8,2022-03-14,776497.00,1194833.00,998642.00,9135.00,13924.00,11635.00,11277.626,515234.00,-1.88,-0.79,12244068.00,3.00,0.00,368950.00,10501960.00
Geo8,2022-03-21,460965.00,1272541.00,531056.00,5423.00,14830.00,6187.00,10501.960,515234.00,-2.27,-0.14,12617977.00,0.00,0.00,2113021.00,12537876.00
Geo8,2022-03-28,907146.00,1345050.00,1331934.00,10673.00,15675.00,15518.00,12537.876,515234.00,-0.43,1.01,10933332.00,3.00,0.65,833944.00,7084214.00
Geo8,2022-04-04,514627.00,347984.00,759044.00,6055.00,4055.00,8843.00,7084.214,515234.00,-1.74,-1.60,12988287.00,-5.00,1.32,0.00,10102172.00
Geo8,2022-04-11,1300359.00,1148190.00,992555.00,15299.00,13380.00,11564.00,10102.172,515234.00,-1.26,1.52,12513547.00,0.00,0.00,1121010.00,10332289.00
Geo8,2022-04-18,1034066.00,267046.00,663126.00,12166.00,3112.00,7726.00,10332.289,515234.00,-0.61,0.23,11377846.00,2.00,0.00,0.00,12655141.00
Geo8,2022-04-25,723831.00,1454081.00,424375.00,8516.00,16945.00,4944.00,12655.141,515234.00,0.40,-1.27,12725155.00,2.00,0.33,61347.00,9600878.00
Geo8,2022-05-02,1655865.00,1365526.00,461838.00,19481.00,15913.00,5381.00,9600.878,515234.00,1.57,-0.39,9361307.00,-1.00,0.00,1546519.00,10768928.00
Geo8,2022-05-09,1262753.00,352804.00,771082.00,14856.00,4111.00,8983.00,10768.928,515234.00,-0.85,-0.73,11565455.00,3.00,2.39,0.00,7575797.00
Geo8,2022-05-16,1567195.00,1487.00,1369683.00,18438.00,17.00,15957.00,7575.797,515234.00,-0.66,-0.12,13406858.00,-3.00,1.38,1037730.00,12087255.00
Geo8,2022-05-23,1712993.00,447310.00,850862.00,20153.00,5213.00,9913.00,12087.255,515234.00,-0.80,-1.63,11788737.00,3.00,0.80,0.00,9373651.00
Geo8,2022-05-30,1446307.00,964100.00,976695.00,17016.00,11235.00,11379.00,9373.651,515234.00,-0.90,0.59,13791533.00,-3.00,0.40,1557249.00,11354308.00
Geo8,2022-06-06,1410060.00,879004.00,648847.00,16589.00,10243.00,7559.00,11354.308,515234.00,-1.46,-0.51,11246772.00,1.00,0.00,1582137.00,11711833.00
Geo8,2022-06-13,802873.00,1155250.00,930237.00,9446.00,13463.00,10838.00,11711.833,515234.00,-1.37,-0.87,12139990.00,0.00,1.77,1515901.00,5660523.00
Geo8,2022-06-20,931561.00,672710.00,22521.00,10960.00,7839.00,262.00,5660.523,515234.00,-1.02,-0.42,12339396.00,-7.00,1.41,959465.00,6946187.00
Geo8,2022-06-27,698491.00,675469.00,532135.00,8218.00,7872.00,6200.00,6946.187,515234.00,-1.37,-1.94,10234743.00,-5.00,1.86,0.00,10982612.00
Geo8,2022-07-04,1654098.00,794241.00,1278470.00,19460.00,9256.00,14895.00,10982.612,515234.00,-1.40,-1.66,13859980.00,-1.00,0.70,194811.00,11188520.00
Geo8,2022-07-11,1203085.00,1430915.00,1394312.00,14154.00,16675.00,16244.00,11188.520,515234.00,-2.02,-1.71,12332328.00,2.00,0.57,0.00,8071215.00
Geo8,2022-07-18,1079583.00,692627.00,739930.00,12701.00,8072.00,8620.00,8071.215,515234.00,-2.19,0.38,13957633.00,0.00,0.00,0.00,12668635.00
Geo8,2022-07-25,1115291.00,1048031.00,1130297.00,13121.00,12213.00,13168.00,12668.635,515234.00,0.08,1.79,12214891.00,2.00,0.00,1519641.00,9372985.00
Geo8,2022-08-01,1620652.00,599279.00,517710.00,19067.00,6984.00,6032.00,9372.985,515234.00,-0.81,1.99,12573119.00,-1.00,0.00,559876.00,9203671.00
Geo8,2022-08-08,1133956.00,547636.00,937269.00,13341.00,6382.00,10920.00,9203.671,515234.00,-0.87,0.98,12503022.00,1.00,0.06,697019.00,7984427.00
Geo8,2022-08-15,977889.00,441984.00,828822.00,11505.00,5151.00,9656.00,7984.427,515234.00,0.55,0.29,13656169.00,-2.00,0.67,409994.00,10933605.00
Geo8,2022-08-22,1494520.00,1307782.00,1003026.00,17583.00,15240.00,11686.00,10933.605,515234.00,1.38,1.75,13482637.00,0.00,0.29,996765.00,11866027.00
Geo8,2022-08-29,949655.00,1031292.00,784197.00,11173.00,12018.00,9136.00,11866.027,515234.00,0.25,0.42,12921535.00,3.00,0.00,480410.00,9951361.00
Geo8,2022-09-05,1338584.00,826754.00,1191496.00,15748.00,9635.00,13881.00,9951.361,515234.00,-1.82,1.25,12731355.00,4.00,0.93,834063.00,9284080.00
Geo8,2022-09-12,970736.00,638994.00,1614405.00,11421.00,7447.00,18808.00,9284.080,515234.00,-0.09,-0.37,15474171.00,-4.00,0.00,0.00,7319543.00
Geo8,2022-09-19,674481.00,1366778.00,868026.00,7935.00,15928.00,10113.00,7319.543,515234.00,2.38,0.61,14519788.00,-5.00,1.48,1126684.00,8683501.00
Geo8,2022-09-26,560787.00,1907828.00,1330784.00,6598.00,22233.00,15504.00,8683.501,515234.00,-1.21,-0.35,11501759.00,-2.00,2.52,2121488.00,11874707.00
Geo8,2022-10-03,1351950.00,775634.00,976961.00,15906.00,9039.00,11382.00,11874.707,515234.00,2.78,0.97,11165032.00,1.00,0.00,1935930.00,12961826.00
Geo8,2022-10-10,1776556.00,1100068.00,522705.00,20901.00,12820.00,6090.00,12961.826,515234.00,1.31,-0.99,13184487.00,4.00,0.74,0.00,11392013.00
Geo8,2022-10-17,921117.00,388958.00,541757.00,10837.00,4533.00,6312.00,11392.013,515234.00,1.77,-0.82,10386156.00,1.00,0.00,787065.00,12841402.00
Geo8,2022-10-24,1154280.00,845149.00,413843.00,13580.00,9849.00,4821.00,12841.402,515234.00,0.14,0.71,12747396.00,4.00,1.35,1249082.00,10456052.00
Geo8,2022-10-31,1370588.00,931669.00,1317822.00,16125.00,10857.00,15353.00,10456.052,515234.00,2.20,-0.02,13092852.00,4.00,0.07,714593.00,14470728.00
Geo8,2022-11-07,1347402.00,291553.00,669410.00,15852.00,3398.00,7799.00,14470.728,515234.00,0.27,0.84,13342916.00,3.00,1.37,1910725.00,7529968.00
Geo8,2022-11-14,1421624.00,712675.00,162433.00,16725.00,8305.00,1892.00,7529.968,515234.00,1.17,2.05,12920841.00,-4.00,0.68,1787119.00,11180191.00
Geo8,2022-11-21,1531931.00,1154909.00,604185.00,18023.00,13459.00,7039.00,11180.191,515234.00,0.29,2.06,11583113.00,1.00,0.14,896680.00,6165463.00
Geo8,2022-11-28,901054.00,663693.00,1343944.00,10601.00,7734.00,15657.00,6165.463,515234.00,1.31,-0.93,12843362.00,-3.00,0.71,1022889.00,13020523.00
Geo8,2022-12-05,1174986.00,1468653.00,1052348.00,13824.00,17115.00,12260.00,13020.523,515234.00,0.37,0.44,14173176.00,5.00,0.10,1187111.00,12932410.00
Geo8,2022-12-12,1546420.00,1141860.00,730042.00,18194.00,13307.00,8505.00,12932.410,515234.00,-0.52,0.12,15392958.00,2.00,0.00,0.00,10716633.00
Geo8,2022-12-19,1394342.00,1588262.00,1261008.00,16404.00,18509.00,14691.00,10716.633,515234.00,0.98,0.30,13444153.00,-1.00,0.00,855685.00,12825228.00
Geo8,2022-12-26,1556335.00,1457850.00,1112340.00,18310.00,16989.00,12959.00,12825.228,515234.00,1.77,-0.33,12388509.00,2.00,0.90,1363722.00,11862584.00
Geo8,2023-01-02,1023476.00,1479689.00,607921.00,12041.00,17244.00,7083.00,11862.584,515234.00,2.53,1.92,14102363.00,2.00,1.53,2298198.00,13579215.00
Geo8,2023-01-09,1270874.00,1205602.00,591528.00,14952.00,14049.00,6892.00,13579.215,515234.00,-0.44,-2.16,12168885.00,5.00,0.24,0.00,8925935.00
Geo8,2023-01-16,971281.00,357023.00,484055.00,11427.00,4161.00,5639.00,8925.935,515234.00,0.63,-0.36,11655631.00,-1.00,0.00,0.00,11234898.00
Geo8,2023-01-23,760676.00,989983.00,916356.00,8949.00,11537.00,10676.00,11234.898,515234.00,0.56,-1.78,14590157.00,1.00,0.00,0.00,9331944.00
Geo8,2023-01-30,755824.00,1099239.00,736824.00,8892.00,12810.00,8584.00,9331.944,515234.00,-1.86,0.74,11700954.00,1.00,0.00,164957.00,8631416.00
Geo8,2023-02-06,1438571.00,737651.00,2115556.00,16925.00,8596.00,24647.00,8631.416,515234.00,-0.45,-1.86,12879460.00,-4.00,0.00,0.00,11826474.00
Geo8,2023-02-13,1350218.00,738863.00,654244.00,15885.00,8610.00,7622.00,11826.474,515234.00,0.95,0.67,14164186.00,1.00,0.33,1423144.00,11250000.00
Geo8,2023-02-20,938353.00,820859.00,324005.00,11040.00,9566.00,3775.00,11250.000,515234.00,-0.59,1.66,11609637.00,2.00,0.00,1106922.00,8473028.00
Geo8,2023-02-27,745053.00,1050038.00,914640.00,8766.00,12237.00,10656.00,8473.028,515234.00,0.80,-1.49,12752730.00,-4.00,0.00,0.00,8724381.00
Geo8,2023-03-06,1451299.00,493591.00,163934.00,17074.00,5752.00,1910.00,8724.381,515234.00,-1.13,-0.36,11366214.00,0.00,0.76,0.00,7844605.00
Geo8,2023-03-13,1233585.00,2083143.00,278616.00,14513.00,24276.00,3246.00,7844.605,515234.00,-0.82,-1.44,12409793.00,-4.00,0.00,711221.00,12254165.00
Geo8,2023-03-20,1365486.00,1561664.00,1224591.00,16065.00,18199.00,14267.00,12254.165,515234.00,-1.85,-0.47,11216334.00,3.00,0.65,0.00,11962791.00
Geo8,2023-03-27,1638760.00,533995.00,1216092.00,19280.00,6223.00,14168.00,11962.791,515234.00,-2.29,-0.22,13843604.00,2.00,0.27,0.00,7570960.00
Geo8,2023-04-03,1647664.00,498009.00,637137.00,19385.00,5804.00,7423.00,7570.960,515234.00,-0.05,-0.79,11688688.00,-4.00,0.00,0.00,11125154.00
Geo8,2023-04-10,1155728.00,954253.00,1506322.00,13597.00,11120.00,17549.00,11125.154,515234.00,-0.68,-2.24,13382386.00,3.00,0.07,0.00,10085205.00
Geo8,2023-04-17,1538826.00,738646.00,1180322.00,18104.00,8608.00,13751.00,10085.205,515234.00,-1.25,-1.40,13231160.00,-2.00,0.00,0.00,11403046.00
Geo8,2023-04-24,1171272.00,940971.00,899119.00,13780.00,10966.00,10475.00,11403.046,515234.00,1.02,-0.90,12179281.00,2.00,0.84,0.00,7366413.00
Geo8,2023-05-01,1142905.00,1171789.00,1074222.00,13446.00,13655.00,12515.00,7366.413,515234.00,-0.79,-1.12,14536793.00,-5.00,0.00,0.00,4268423.00
Geo8,2023-05-08,1316478.00,615837.00,1059702.00,15488.00,7177.00,12346.00,4268.423,515234.00,-1.34,-1.64,11715981.00,-10.00,1.00,0.00,9470429.00
Geo8,2023-05-15,1369217.00,1376571.00,1133568.00,16109.00,16042.00,13206.00,9470.429,515234.00,-0.12,-0.74,13768771.00,-3.00,0.17,0.00,11305112.00
Geo8,2023-05-22,615685.00,238469.00,1712700.00,7244.00,2779.00,19954.00,11305.112,515234.00,-0.99,-1.42,12191821.00,0.00,1.42,0.00,11494905.00
Geo8,2023-05-29,577494.00,1089795.00,657462.00,6794.00,12700.00,7660.00,11494.905,515234.00,0.66,1.10,14325941.00,0.00,1.96,3046286.00,11070614.00
Geo8,2023-06-05,806620.00,1282831.00,364219.00,9490.00,14949.00,4243.00,11070.614,515234.00,-1.37,1.98,11864041.00,0.00,0.00,220684.00,5658670.00
Geo8,2023-06-12,1265277.00,927931.00,296595.00,14886.00,10814.00,3455.00,5658.670,515234.00,-1.22,0.64,12398473.00,-5.00,1.24,1618364.00,9880667.00
Geo8,2023-06-19,651729.00,886445.00,585906.00,7668.00,10330.00,6826.00,9880.667,515234.00,1.39,-0.58,11424606.00,-1.00,0.77,1449540.00,15574449.00
Geo8,2023-06-26,953407.00,825293.00,1176595.00,11217.00,9618.00,13708.00,15574.449,515234.00,0.41,-0.87,11377492.00,5.00,0.00,0.00,14799336.00
Geo8,2023-07-03,1564787.00,1248500.00,594050.00,18410.00,14549.00,6921.00,14799.336,515234.00,-0.59,2.11,11640129.00,5.00,0.00,1413530.00,12287741.00
Geo8,2023-07-10,771076.00,1155735.00,0.00,9072.00,13468.00,0.00,12287.741,515234.00,-0.47,-0.62,12658489.00,0.00,0.00,0.00,11438285.00
Geo8,2023-07-17,1031986.00,1218138.00,529607.00,12141.00,14196.00,6170.00,11438.285,515234.00,-1.27,1.48,12375094.00,2.00,0.98,1438135.00,12098960.00
Geo8,2023-07-24,652546.00,647159.00,605566.00,7677.00,7542.00,7055.00,12098.960,515234.00,0.12,2.35,12954794.00,2.00,0.36,1441883.00,12079045.00
Geo8,2023-07-31,838415.00,959674.00,1013082.00,9864.00,11184.00,11803.00,12079.045,515234.00,0.91,-0.90,12262383.00,2.00,0.03,0.00,9394546.00
Geo8,2023-08-07,691984.00,784412.00,553804.00,8141.00,9141.00,6452.00,9394.546,515234.00,1.24,0.53,11722570.00,-2.00,1.03,2062250.00,9059649.00
Geo8,2023-08-14,1256579.00,1217304.00,850745.00,14784.00,14186.00,9912.00,9059.649,515234.00,1.67,-0.74,13947042.00,-1.00,0.00,0.00,10835669.00
Geo8,2023-08-21,1522744.00,1248058.00,1066865.00,17915.00,14544.00,12429.00,10835.669,515234.00,-0.08,0.06,12679664.00,0.00,0.00,1630519.00,14493922.00
Geo8,2023-08-28,1196225.00,945441.00,532299.00,14074.00,11018.00,6201.00,14493.922,515234.00,0.96,1.77,12405118.00,4.00,0.41,2587777.00,10716206.00
Geo8,2023-09-04,1150098.00,974690.00,934576.00,13531.00,11359.00,10888.00,10716.206,515234.00,3.10,-0.22,12319517.00,0.00,0.00,1943453.00,11943259.00
Geo8,2023-09-11,1706176.00,1015929.00,512009.00,20073.00,11839.00,5965.00,11943.259,515234.00,-1.27,-0.62,13888197.00,2.00,0.82,2116026.00,10037754.00
Geo8,2023-09-18,1264682.00,830616.00,572856.00,14879.00,9680.00,6674.00,10037.754,515234.00,0.66,0.26,13404993.00,0.00,2.33,309385.00,10616073.00
Geo8,2023-09-25,1749605.00,1556678.00,255823.00,20584.00,18141.00,2980.00,10616.073,515234.00,-0.53,0.67,13137570.00,3.00,0.18,414477.00,10937543.00
Geo8,2023-10-02,1282992.00,877196.00,1084154.00,15094.00,10222.00,12631.00,10937.543,515234.00,-1.32,2.19,14184969.00,0.00,0.00,445205.00,9741114.00
Geo8,2023-10-09,544848.00,767257.00,991214.00,6410.00,8941.00,11548.00,9741.114,515234.00,0.39,1.21,13279057.00,-2.00,0.54,2445194.00,11336839.00
Geo8,2023-10-16,1060956.00,906983.00,579111.00,12482.00,10570.00,6747.00,11336.839,515234.00,1.70,2.04,15358122.00,0.00,1.20,2255997.00,7833562.00
Geo8,2023-10-23,758342.00,613535.00,451528.00,8922.00,7150.00,5260.00,7833.562,515234.00,-0.18,-1.19,11990575.00,-3.00,0.00,0.00,11574919.00
Geo8,2023-10-30,631482.00,657882.00,777707.00,7429.00,7667.00,9061.00,11574.919,515234.00,0.78,0.06,13405580.00,0.00,0.00,1916880.00,13891869.00
Geo8,2023-11-06,675414.00,1361440.00,1195656.00,7946.00,15866.00,13930.00,13891.869,515234.00,0.38,0.87,13215717.00,3.00,0.35,1072469.00,11311337.00
Geo8,2023-11-13,601910.00,820388.00,733538.00,7081.00,9560.00,8546.00,11311.337,515234.00,1.50,0.38,13720633.00,1.00,1.63,2526637.00,8179396.00
Geo8,2023-11-20,1206640.00,1110676.00,1029128.00,14196.00,12943.00,11990.00,8179.396,515234.00,-0.01,-0.77,10574060.00,-3.00,0.74,0.00,11674587.00
Geo8,2023-11-27,1449626.00,607634.00,360787.00,17055.00,7081.00,4203.00,11674.587,515234.00,-0.59,2.10,14219772.00,2.00,0.00,1022887.00,7526859.00
Geo8,2023-12-04,925050.00,925235.00,1024333.00,10883.00,10782.00,11934.00,7526.859,515234.00,0.47,0.50,12895428.00,-3.00,2.19,0.00,9035885.00
Geo8,2023-12-11,923777.00,326807.00,1127180.00,10868.00,3808.00,13132.00,9035.885,515234.00,-0.01,-1.28,12932857.00,-2.00,0.00,922287.00,6541961.00
Geo8,2023-12-18,1150334.00,905434.00,540738.00,13534.00,10551.00,6300.00,6541.961,515234.00,-0.33,0.90,11840547.00,-5.00,0.34,182061.00,8070879.00
Geo8,2023-12-25,1326227.00,767884.00,560506.00,15603.00,8949.00,6530.00,8070.879,515234.00,1.61,0.20,10677909.00,-3.00,1.11,1043505.00,11344113.00
Geo8,2024-01-01,995383.00,866616.00,75492.00,11711.00,10099.00,880.00,11344.113,515234.00,-0.83,-0.90,13132659.00,-1.00,0.00,0.00,10241318.00
Geo8,2024-01-08,1416411.00,112353.00,555608.00,16664.00,1309.00,6473.00,10241.318,515234.00,-0.47,-0.26,10874135.00,3.00,1.31,1005354.00,13476006.00
Geo8,2024-01-15,1047159.00,933754.00,1479562.00,12320.00,10881.00,17237.00,13476.006,515234.00,-0.91,-0.67,13059876.00,4.00,0.00,406295.00,8541899.00
Geo9,2021-01-25,1067375.00,223279.00,767704.00,12558.00,2602.00,8944.00,8541.899,418599.00,-1.08,-0.91,7746178.00,0.00,0.30,46459.00,7857252.00
Geo9,2021-02-01,696140.00,822207.00,932617.00,8190.00,9582.00,10865.00,7857.252,418599.00,-0.89,0.45,7673918.00,0.00,0.97,0.00,10671554.00
Geo9,2021-02-08,1078410.00,1027253.00,1212032.00,12687.00,11971.00,14121.00,10671.554,418599.00,0.74,-0.93,9353037.00,2.00,0.00,0.00,8390757.00
Geo9,2021-02-15,611762.00,822768.00,862098.00,7197.00,9588.00,10044.00,8390.757,418599.00,1.83,0.56,7980384.00,1.00,0.00,0.00,10750799.00
Geo9,2021-02-22,689206.00,1260883.00,743616.00,8108.00,14694.00,8663.00,10750.799,418599.00,-0.59,-0.40,7409242.00,4.00,0.00,0.00,8583394.00
Geo9,2021-03-01,927192.00,486867.00,578399.00,10908.00,5674.00,6739.00,8583.394,418599.00,0.52,-0.78,6647448.00,0.00,1.36,0.00,9923048.00
Geo9,2021-03-08,1034119.00,612094.00,623093.00,12166.00,7133.00,7259.00,9923.048,418599.00,2.14,-0.55,8819395.00,1.00,0.00,480911.00,8335315.00
Geo9,2021-03-15,794761.00,575241.00,473392.00,9350.00,6704.00,5515.00,8335.315,418599.00,-0.57,-2.93,8288572.00,0.00,0.00,0.00,9527563.00
Geo9,2021-03-22,1014429.00,684506.00,664113.00,11935.00,7977.00,7737.00,9527.563,418599.00,-0.01,-1.05,9978809.00,2.00,0.31,0.00,8747080.00
Geo9,2021-03-29,1090008.00,419570.00,338725.00,12824.00,4889.00,3946.00,8747.080,418599.00,-0.68,-0.78,9126188.00,-1.00,0.00,0.00,12317729.00
Geo9,2021-04-05,1401788.00,667136.00,974796.00,16492.00,7774.00,11357.00,12317.729,418599.00,-0.33,-0.25,10288480.00,7.00,0.00,600813.00,9924627.00
Geo9,2021-04-12,536174.00,542529.00,621408.00,6308.00,6322.00,7240.00,9924.627,418599.00,0.28,-1.81,9059838.00,0.00,0.00,0.00,9208626.00
Geo9,2021-04-19,1374485.00,858179.00,659142.00,16171.00,10001.00,7679.00,9208.626,418599.00,0.53,-1.03,8483861.00,1.00,0.00,433117.00,9096992.00
Geo9,2021-04-26,519056.00,789049.00,0.00,6107.00,9195.00,0.00,9096.992,418599.00,-2.03,0.59,11014556.00,0.00,0.00,322754.00,5946465.00
Geo9,2021-05-03,640411.00,458449.00,698591.00,7534.00,5343.00,8139.00,5946.465,418599.00,0.33,-0.05,9292753.00,-2.00,0.30,176128.00,10556460.00
Geo9,2021-05-10,781546.00,630074.00,1013053.00,9195.00,7343.00,11802.00,10556.460,418599.00,0.00,-0.60,10552711.00,3.00,0.03,0.00,8843582.00
Geo9,2021-05-17,1003397.00,982683.00,828011.00,11805.00,11452.00,9647.00,8843.582,418599.00,-1.27,-0.75,8696608.00,0.00,0.00,0.00,7128063.00
Geo9,2021-05-24,970548.00,318245.00,471524.00,11418.00,3709.00,5493.00,7128.063,418599.00,1.12,1.51,8125180.00,-2.00,1.82,610021.00,8620703.00
Geo9,2021-05-31,856411.00,708063.00,682766.00,10076.00,8251.00,7954.00,8620.703,418599.00,-1.29,1.80,10324545.00,-2.00,0.00,201875.00,10212365.00
Geo9,2021-06-07,1098639.00,1000170.00,881814.00,12925.00,11655.00,10273.00,10212.365,418599.00,0.35,-0.60,9996016.00,1.00,0.00,295699.00,8749562.00
Geo9,2021-06-14,627600.00,257414.00,781494.00,7384.00,3000.00,9105.00,8749.562,418599.00,-0.59,-1.92,9844498.00,-1.00,0.44,0.00,7404604.00
Geo9,2021-06-21,445608.00,635868.00,1023502.00,5243.00,7410.00,11924.00,7404.604,418599.00,-0.73,-0.63,8638517.00,-3.00,1.34,169180.00,8342396.00
Geo9,2021-06-28,1120140.00,691270.00,782230.00,13178.00,8056.00,9113.00,8342.396,418599.00,0.48,-0.24,10585470.00,0.00,1.35,27575.00,10812096.00
Geo9,2021-07-05,1095971.00,740910.00,747746.00,12894.00,8634.00,8712.00,10812.096,418599.00,-1.58,-0.39,8999334.00,3.00,0.33,0.00,9713237.00
Geo9,2021-07-12,808572.00,421364.00,456864.00,9513.00,4910.00,5323.00,9713.237,418599.00,-3.02,-0.58,9794747.00,1.00,0.00,0.00,10361901.00
Geo9,2021-07-19,457948.00,611617.00,531312.00,5388.00,7127.00,6190.00,10361.901,418599.00,0.24,1.43,9708090.00,1.00,0.00,498102.00,10214126.00
Geo9,2021-07-26,1309909.00,899604.00,520904.00,15411.00,10484.00,6069.00,10214.126,418599.00,0.34,-1.20,9120251.00,3.00,0.00,0.00,11039009.00
Geo9,2021-08-02,1007814.00,1071438.00,819527.00,11857.00,12486.00,9548.00,11039.009,418599.00,0.44,1.48,9965196.00,4.00,0.53,18760.00,11204327.00
Geo9,2021-08-09,705177.00,645360.00,806785.00,8296.00,7521.00,9399.00,11204.327,418599.00,0.96,0.55,9192122.00,4.00,0.21,551608.00,4822265.00
Geo9,2021-08-16,672704.00,841724.00,714943.00,7914.00,9809.00,8329.00,4822.265,418599.00,-0.27,1.25,10631165.00,-6.00,1.74,768593.00,8929276.00
Geo9,2021-08-23,1045425.00,1190668.00,845092.00,12299.00,13875.00,9846.00,8929.276,418599.00,0.17,2.70,9929834.00,-2.00,1.71,877680.00,10007453.00
Geo9,2021-08-30,680647.00,847252.00,1084758.00,8008.00,9873.00,12638.00,10007.453,418599.00,1.33,-1.53,11141065.00,2.00,0.38,157160.00,5657446.00
Geo9,2021-09-06,921592.00,620765.00,1260128.00,10842.00,7234.00,14681.00,5657.446,418599.00,0.64,-0.29,9326787.00,-2.00,0.00,0.00,10938717.00
Geo9,2021-09-13,413613.00,731730.00,1110199.00,4866.00,8527.00,12934.00,10938.717,418599.00,-0.51,0.29,8498521.00,3.00,1.62,228525.00,9813775.00
Geo9,2021-09-20,1156479.00,876897.00,738062.00,13606.00,10219.00,8599.00,9813.775,418599.00,0.70,1.00,10397538.00,3.00,1.05,476392.00,8347329.00
Geo9,2021-09-27,955862.00,1167726.00,689939.00,11246.00,13608.00,8038.00,8347.329,418599.00,0.39,1.71,9506729.00,0.00,0.00,30078.00,10244983.00
Geo9,2021-10-04,952016.00,585416.00,576905.00,11200.00,6822.00,6721.00,10244.983,418599.00,2.40,-0.76,8863497.00,2.00,0.90,279353.00,8931018.00
Geo9,2021-10-11,745211.00,403071.00,814598.00,8767.00,4697.00,9490.00,8931.018,418599.00,0.23,0.51,10419264.00,-1.00,1.20,0.00,8266828.00
Geo9,2021-10-18,606283.00,636202.00,646580.00,7133.00,7414.00,7533.00,8266.828,418599.00,0.10,-0.48,9195830.00,-2.00,0.00,232952.00,8087309.00
Geo9,2021-10-25,1357297.00,620110.00,753397.00,15969.00,7226.00,8777.00,8087.309,418599.00,1.64,1.73,10345976.00,-1.00,0.00,94241.00,9954499.00
Geo9,2021-11-01,1029906.00,1062755.00,746270.00,12117.00,12385.00,8694.00,9954.499,418599.00,2.44,-0.69,9145944.00,1.00,0.96,0.00,5889430.00
Geo9,2021-11-08,571092.00,877002.00,356862.00,6719.00,10220.00,4158.00,5889.430,418599.00,0.04,2.44,9651305.00,-4.00,2.75,1026469.00,8749747.00
Geo9,2021-11-15,1103592.00,887490.00,608910.00,12984.00,10342.00,7094.00,8749.747,418599.00,0.10,1.99,9263457.00,3.00,0.00,652813.00,9079404.00
Geo9,2021-11-22,1011528.00,1146247.00,566105.00,11901.00,13358.00,6595.00,9079.404,418599.00,0.47,-0.05,9650164.00,1.00,0.00,25575.00,11455461.00
Geo9,2021-11-29,1424170.00,544293.00,550603.00,16755.00,6343.00,6415.00,11455.461,418599.00,-0.89,-0.63,10069221.00,4.00,0.00,0.00,9413358.00
Geo9,2021-12-06,1528372.00,424052.00,821064.00,17981.00,4942.00,9566.00,9413.358,418599.00,-0.03,0.41,11057994.00,3.00,1.50,627906.00,7732245.00
Geo9,2021-12-13,834192.00,691711.00,597491.00,9814.00,8061.00,6961.00,7732.245,418599.00,-0.78,-0.16,9734518.00,-1.00,0.00,101348.00,8392889.00
Geo9,2021-12-20,1576968.00,587730.00,841865.00,18553.00,6849.00,9808.00,8392.889,418599.00,-2.20,-0.70,11815444.00,0.00,0.00,343552.00,6940463.00
Geo9,2021-12-27,1213144.00,1165487.00,843199.00,14273.00,13582.00,9824.00,6940.463,418599.00,1.77,0.39,10597010.00,-1.00,1.16,278074.00,4990410.00
Geo9,2022-01-03,1162024.00,1173433.00,591808.00,13671.00,13675.00,6895.00,4990.410,418599.00,-2.78,3.22,9315207.00,-9.00,0.08,27797.00,7176865.00
Geo9,2022-01-10,829622.00,722784.00,628895.00,9760.00,8423.00,7327.00,7176.865,418599.00,-0.56,1.55,12527600.00,-1.00,0.49,165328.00,6289915.00
Geo9,2022-01-17,941466.00,925716.00,531533.00,11076.00,10788.00,6193.00,6289.915,418599.00,-1.03,-0.60,10767130.00,-3.00,0.00,105192.00,12479156.00
Geo9,2022-01-24,1350768.00,865459.00,755634.00,15892.00,10086.00,8803.00,12479.156,418599.00,1.04,-1.65,9344003.00,10.00,0.00,0.00,11403054.00
Geo9,2022-01-31,984140.00,657936.00,871407.00,11578.00,7667.00,10152.00,11403.054,418599.00,0.09,-0.34,9693553.00,4.00,0.00,300118.00,11355313.00
Geo9,2022-02-07,1447858.00,807978.00,1480745.00,17034.00,9416.00,17251.00,11355.313,418599.00,-2.84,-1.08,9078698.00,3.00,0.14,0.00,8529323.00
Geo9,2022-02-14,418978.00,414956.00,895333.00,4929.00,4836.00,10431.00,8529.323,418599.00,3.74,1.36,9688665.00,2.00,0.00,0.00,8768622.00
Geo9,2022-02-21,764001.00,717050.00,231836.00,8988.00,8356.00,2701.00,8768.622,418599.00,-0.39,1.30,9817575.00,0.00,0.11,871213.00,6675403.00
Geo9,2022-02-28,1334767.00,723837.00,764523.00,15703.00,8435.00,8907.00,6675.403,418599.00,0.31,-0.68,9561354.00,-3.00,0.05,0.00,9062401.00
Geo9,2022-03-07,897922.00,1156694.00,82931.00,10564.00,13480.00,966.00,9062.401,418599.00,0.35,-2.04,10505601.00,1.00,0.00,0.00,6716435.00
Geo9,2022-03-14,755142.00,603169.00,829250.00,8884.00,7029.00,9661.00,6716.435,418599.00,-1.24,0.97,9329530.00,-1.00,0.00,624368.00,7647680.00
Geo9,2022-03-21,279490.00,201949.00,335104.00,3288.00,2353.00,3904.00,7647.680,418599.00,-1.10,-0.98,9068266.00,-1.00,0.04,230264.00,7346181.00
Geo9,2022-03-28,634640.00,996834.00,945790.00,7467.00,11617.00,11019.00,7346.181,418599.00,-2.67,-0.15,7740812.00,-2.00,1.22,432547.00,10904767.00
Geo9,2022-04-04,480748.00,634384.00,1413027.00,5656.00,7393.00,16462.00,10904.767,418599.00,-0.09,1.79,8955724.00,5.00,0.49,530228.00,9261417.00
Geo9,2022-04-11,1083909.00,528183.00,1279423.00,12752.00,6155.00,14906.00,9261.417,418599.00,0.04,1.04,9178705.00,1.00,0.00,101685.00,6962632.00
Geo9,2022-04-18,859821.00,691901.00,336666.00,10116.00,8063.00,3922.00,6962.632,418599.00,-0.47,0.58,8243080.00,-1.00,0.32,96100.00,6804968.00
Geo9,2022-04-25,888700.00,1014552.00,35134.00,10456.00,11823.00,409.00,6804.968,418599.00,-0.49,-1.01,9407335.00,-4.00,0.63,51309.00,8185934.00
Geo9,2022-05-02,1135766.00,672125.00,589010.00,13362.00,7833.00,6862.00,8185.934,418599.00,-0.53,1.07,6645912.00,-1.00,0.00,0.00,6338067.00
Geo9,2022-05-09,979125.00,453339.00,694118.00,11519.00,5283.00,8087.00,6338.067,418599.00,-1.51,0.30,8371678.00,-2.00,0.00,198203.00,8074353.00
Geo9,2022-05-16,1286066.00,128529.00,1093625.00,15131.00,1498.00,12741.00,8074.353,418599.00,0.09,0.21,9895656.00,0.00,0.21,284340.00,13251882.00
Geo9,2022-05-23,1340416.00,280613.00,432604.00,15770.00,3270.00,5040.00,13251.882,418599.00,1.19,0.78,8540734.00,8.00,1.61,390629.00,8256054.00
Geo9,2022-05-30,1081467.00,589288.00,1061633.00,12723.00,6867.00,12368.00,8256.054,418599.00,-2.28,-1.69,10890224.00,-2.00,0.00,239769.00,9133440.00
Geo9,2022-06-06,1248737.00,643353.00,1262896.00,14691.00,7497.00,14713.00,9133.440,418599.00,0.22,0.87,8332826.00,0.00,0.00,954757.00,7279233.00
Geo9,2022-06-13,515422.00,492454.00,781224.00,6064.00,5739.00,9102.00,7279.233,418599.00,0.73,-0.86,9605030.00,-5.00,0.00,32317.00,7184759.00
Geo9,2022-06-20,1205685.00,890574.00,402864.00,14185.00,10378.00,4694.00,7184.759,418599.00,-1.18,-0.09,9412294.00,-3.00,0.64,0.00,9670331.00
Geo9,2022-06-27,945456.00,707099.00,1058735.00,11123.00,8240.00,12335.00,9670.331,418599.00,0.68,-1.17,7593435.00,3.00,0.79,0.00,10493211.00
Geo9,2022-07-04,1362728.00,222750.00,670914.00,16032.00,2596.00,7816.00,10493.211,418599.00,-0.04,-0.36,10581110.00,1.00,0.83,488517.00,7058063.00
Geo9,2022-07-11,961178.00,553410.00,1052396.00,11308.00,6449.00,12261.00,7058.063,418599.00,-2.04,-0.08,9679209.00,-2.00,0.94,274643.00,8215013.00
Geo9,2022-07-18,663956.00,652900.00,475194.00,7811.00,7609.00,5536.00,8215.013,418599.00,-0.58,-0.20,10660315.00,2.00,0.00,0.00,9745935.00
Geo9,2022-07-25,511523.00,899183.00,961424.00,6018.00,10479.00,11201.00,9745.935,418599.00,-0.03,-0.12,8698770.00,1.00,0.10,0.00,9697073.00
Geo9,2022-08-01,1164970.00,619468.00,630187.00,13706.00,7219.00,7342.00,9697.073,418599.00,-1.08,1.24,9694397.00,3.00,1.32,525656.00,7939822.00
Geo9,2022-08-08,1242261.00,550037.00,1019779.00,14615.00,6410.00,11881.00,7939.822,418599.00,0.97,-1.56,9464655.00,1.00,0.36,0.00,9891555.00
Geo9,2022-08-15,750421.00,612224.00,1235654.00,8829.00,7135.00,14396.00,9891.555,418599.00,-0.68,0.22,10519593.00,3.00,1.68,87909.00,9021750.00
Geo9,2022-08-22,1242825.00,1313165.00,523131.00,14622.00,15303.00,6095.00,9021.750,418599.00,-1.44,1.07,10131357.00,1.00,0.66,393826.00,8831888.00
Geo9,2022-08-29,1020270.00,1137974.00,439270.00,12003.00,13261.00,5118.00,8831.888,418599.00,0.60,1.64,9797580.00,1.00,0.46,1325691.00,4842193.00
Geo9,2022-09-05,1095183.00,642888.00,868630.00,12885.00,7492.00,10120.00,4842.193,418599.00,1.43,1.64,9512721.00,-3.00,0.00,0.00,9348139.00
Geo9,2022-09-12,604603.00,837416.00,964601.00,7113.00,9759.00,11238.00,9348.139,418599.00,2.07,1.73,11695952.00,0.00,0.58,722961.00,11091745.00
Geo9,2022-09-19,1116812.00,1176038.00,855304.00,13139.00,13705.00,9965.00,11091.745,418599.00,1.27,0.15,10651155.00,3.00,0.70,477151.00,5046707.00
Geo9,2022-09-26,613275.00,1214693.00,1156829.00,7215.00,14155.00,13477.00,5046.707,418599.00,-0.21,0.93,8570417.00,-6.00,1.03,44773.00,8912586.00
Geo9,2022-10-03,886778.00,706893.00,1177500.00,10433.00,8238.00,13718.00,8912.586,418599.00,2.45,0.41,8603760.00,0.00,0.00,78435.00,5973181.00
Geo9,2022-10-10,1172040.00,328727.00,483254.00,13789.00,3831.00,5630.00,5973.181,418599.00,1.39,-0.16,9897833.00,-5.00,0.24,234779.00,9298917.00
Geo9,2022-10-17,1330047.00,946430.00,580886.00,15648.00,11029.00,6768.00,9298.917,418599.00,1.01,0.29,7762775.00,0.00,1.17,157666.00,5759486.00
Geo9,2022-10-24,978412.00,768836.00,353460.00,11511.00,8960.00,4118.00,5759.486,418599.00,1.01,0.75,10056007.00,-5.00,0.00,293887.00,6765975.00
Geo9,2022-10-31,851396.00,471791.00,826257.00,10017.00,5498.00,9626.00,6765.975,418599.00,0.20,-1.45,9956116.00,1.00,1.32,154651.00,12401286.00
Geo9,2022-11-07,1363198.00,282967.00,481958.00,16038.00,3298.00,5615.00,12401.286,418599.00,0.50,1.96,9987298.00,4.00,0.69,401056.00,7958864.00
Geo9,2022-11-14,746236.00,892642.00,776803.00,8779.00,10402.00,9050.00,7958.864,418599.00,2.78,-0.79,9711265.00,-1.00,0.00,152792.00,8957826.00
Geo9,2022-11-21,1409027.00,735360.00,251491.00,16577.00,8570.00,2930.00,8957.826,418599.00,0.64,-0.02,8580841.00,0.00,0.44,613767.00,5490696.00
Geo9,2022-11-28,737058.00,609513.00,943401.00,8671.00,7103.00,10991.00,5490.696,418599.00,-0.38,-1.89,10074445.00,-3.00,0.70,0.00,7111492.00
Geo9,2022-12-05,951592.00,1066722.00,456577.00,11195.00,12431.00,5319.00,7111.492,418599.00,-0.89,0.24,11190396.00,-2.00,0.00,538962.00,7274508.00
Geo9,2022-12-12,893147.00,948670.00,927589.00,10508.00,11055.00,10807.00,7274.508,418599.00,-0.32,1.09,11774822.00,-3.00,0.00,0.00,9331787.00
Geo9,2022-12-19,1009174.00,803236.00,788717.00,11873.00,9360.00,9189.00,9331.787,418599.00,-1.43,0.65,9448946.00,1.00,0.00,0.00,10839912.00
Geo9,2022-12-26,1093836.00,792436.00,610173.00,12869.00,9235.00,7109.00,10839.912,418599.00,1.36,-1.44,9267907.00,0.00,1.73,173245.00,5277487.00
Geo9,2023-01-02,662220.00,737303.00,263868.00,7791.00,8592.00,3074.00,5277.487,418599.00,-0.88,1.13,10532125.00,-6.00,0.08,422437.00,9124924.00
Geo9,2023-01-09,1355718.00,614174.00,163800.00,15950.00,7157.00,1908.00,9124.924,418599.00,1.04,1.17,8905600.00,1.00,0.00,697611.00,7953366.00
Geo9,2023-01-16,915512.00,607859.00,202485.00,10771.00,7084.00,2359.00,7953.366,418599.00,0.31,-2.13,8851856.00,0.00,0.00,0.00,11150915.00
Geo9,2023-01-23,1008350.00,1193051.00,1174726.00,11863.00,13903.00,13686.00,11150.915,418599.00,0.93,-0.54,10972805.00,5.00,0.00,0.00,7701776.00
Geo9,2023-01-30,102296.00,897246.00,680222.00,1204.00,10456.00,7925.00,7701.776,418599.00,0.21,0.53,8054456.00,2.00,0.00,367735.00,8132550.00
Geo9,2023-02-06,1174959.00,770744.00,1608241.00,13823.00,8982.00,18737.00,8132.550,418599.00,-2.90,0.95,9558665.00,-2.00,0.00,0.00,7985784.00
Geo9,2023-02-13,791165.00,728320.00,669112.00,9308.00,8487.00,7795.00,7985.784,418599.00,0.35,-1.34,10653386.00,-3.00,0.04,0.00,7013746.00
Geo9,2023-02-20,1018120.00,535452.00,584206.00,11978.00,6240.00,6806.00,7013.746,418599.00,-1.70,-1.48,8552634.00,-1.00,1.82,0.00,9959938.00
Geo9,2023-02-27,1011810.00,455655.00,359346.00,11904.00,5310.00,4187.00,9959.938,418599.00,0.60,-0.30,9984269.00,2.00,0.00,0.00,6846853.00
Geo9,2023-03-06,1666260.00,430310.00,618839.00,19603.00,5015.00,7210.00,6846.853,418599.00,-2.53,-1.08,8776793.00,-1.00,0.05,0.00,9700569.00
Geo9,2023-03-13,989999.00,1381906.00,375766.00,11647.00,16104.00,4378.00,9700.569,418599.00,-1.69,-0.46,9524002.00,2.00,0.00,596844.00,6799843.00
Geo9,2023-03-20,1135644.00,1064912.00,738240.00,13361.00,12410.00,8601.00,6799.843,418599.00,-2.98,2.06,8739068.00,-4.00,0.00,194426.00,11455707.00
Geo9,2023-03-27,1213582.00,376907.00,974702.00,14278.00,4392.00,11356.00,11455.707,418599.00,-2.17,-1.43,10021501.00,4.00,1.03,0.00,9867500.00
Geo9,2023-04-03,1332830.00,102780.00,677898.00,15681.00,1198.00,7898.00,9867.500,418599.00,-2.29,-0.23,8814818.00,2.00,0.00,258445.00,8960160.00
Geo9,2023-04-10,878392.00,1409116.00,533946.00,10334.00,16421.00,6221.00,8960.160,418599.00,0.38,-0.32,9788896.00,2.00,1.05,0.00,9701128.00
Geo9,2023-04-17,1056605.00,670408.00,655593.00,12431.00,7813.00,7638.00,9701.128,418599.00,-0.04,0.06,9894998.00,1.00,0.00,0.00,9837797.00
Geo9,2023-04-24,1441092.00,969774.00,932981.00,16954.00,11301.00,10870.00,9837.797,418599.00,-0.24,-0.37,9026708.00,2.00,1.34,13793.00,8808178.00
Geo9,2023-05-01,1107760.00,847306.00,1009093.00,13033.00,9874.00,11756.00,8808.178,418599.00,-0.49,-0.28,10940507.00,0.00,0.00,0.00,8767994.00
Geo9,2023-05-08,683949.00,656939.00,396650.00,8047.00,7656.00,4621.00,8767.994,418599.00,-1.35,0.04,8771766.00,0.00,0.87,506153.00,8337177.00
Geo9,2023-05-15,1016787.00,685855.00,1174253.00,11962.00,7993.00,13680.00,8337.177,418599.00,-0.55,-1.06,10487929.00,-2.00,0.00,243071.00,7761938.00
Geo9,2023-05-22,560191.00,360648.00,1139875.00,6591.00,4203.00,13280.00,7761.938,418599.00,-0.96,-1.22,9286803.00,-3.00,0.85,0.00,8635791.00
Geo9,2023-05-29,577324.00,924967.00,384623.00,6792.00,10779.00,4481.00,8635.791,418599.00,0.92,-0.45,10857121.00,-2.00,1.60,747031.00,8043416.00
Geo9,2023-06-05,442303.00,613919.00,0.00,5204.00,7154.00,0.00,8043.416,418599.00,-1.00,2.05,8491483.00,-2.00,0.00,176949.00,6967222.00
Geo9,2023-06-12,393013.00,503020.00,400247.00,4624.00,5862.00,4663.00,6967.222,418599.00,-1.56,-1.42,9060676.00,-2.00,0.00,297860.00,8528794.00
Geo9,2023-06-19,707523.00,443451.00,431348.00,8324.00,5168.00,5025.00,8528.794,418599.00,-0.98,0.37,8206942.00,0.00,1.42,41655.00,11974665.00
Geo9,2023-06-26,492918.00,648928.00,738646.00,5799.00,7562.00,8606.00,11974.665,418599.00,-0.27,0.47,8184489.00,3.00,0.00,198219.00,10570128.00
Geo9,2023-07-03,847912.00,817596.00,64773.00,9976.00,9528.00,755.00,10570.128,418599.00,-1.22,0.71,7893780.00,2.00,0.10,0.00,8679420.00
Geo9,2023-07-10,525931.00,784067.00,86661.00,6188.00,9137.00,1010.00,8679.420,418599.00,-1.14,-0.27,9381015.00,-2.00,0.00,0.00,9446987.00
Geo9,2023-07-17,1170010.00,790864.00,777447.00,13765.00,9216.00,9058.00,9446.987,418599.00,-1.15,0.15,9115746.00,2.00,1.31,558328.00,9282337.00
Geo9,2023-07-24,0.00,219507.00,580963.00,0.00,2558.00,6768.00,9282.337,418599.00,-0.01,-0.35,8553928.00,2.00,1.33,694331.00,6146284.00
Geo9,2023-07-31,709754.00,786976.00,788421.00,8350.00,9171.00,9185.00,6146.284,418599.00,2.34,-0.08,8766724.00,-4.00,1.38,514218.00,5577931.00
Geo9,2023-08-07,808750.00,457960.00,99373.00,9515.00,5337.00,1158.00,5577.931,418599.00,-1.03,-0.50,8389714.00,-6.00,3.00,67737.00,10962954.00
Geo9,2023-08-14,1235140.00,890007.00,864299.00,14531.00,10372.00,10069.00,10962.954,418599.00,2.63,1.43,10171255.00,5.00,0.00,440739.00,7474630.00
Geo9,2023-08-21,1093781.00,665911.00,301908.00,12868.00,7760.00,3517.00,7474.630,418599.00,-0.97,-0.50,9296111.00,-2.00,0.87,178887.00,9317311.00
Geo9,2023-08-28,991178.00,567409.00,760245.00,11661.00,6612.00,8857.00,9317.311,418599.00,-0.27,1.30,9142413.00,0.00,0.00,334336.00,10051716.00
Geo9,2023-09-04,979994.00,1100262.00,873816.00,11530.00,12822.00,10180.00,10051.716,418599.00,-0.55,-0.35,9618739.00,2.00,1.31,453949.00,10731795.00
Geo9,2023-09-11,1627835.00,675462.00,491812.00,19151.00,7871.00,5730.00,10731.795,418599.00,0.13,-1.33,10432307.00,4.00,0.00,0.00,11803102.00
Geo9,2023-09-18,1338485.00,904346.00,818326.00,15747.00,10539.00,9534.00,11803.102,418599.00,-0.21,0.53,10586514.00,6.00,0.00,0.00,4970243.00
Geo9,2023-09-25,1132472.00,1330985.00,454950.00,13323.00,15511.00,5300.00,4970.243,418599.00,0.78,-1.02,9791078.00,-3.00,0.00,0.00,7921229.00
Geo9,2023-10-02,1116883.00,1118358.00,858969.00,13140.00,13033.00,10007.00,7921.229,418599.00,-0.97,-0.18,10822444.00,-2.00,1.49,510264.00,9829638.00
Geo9,2023-10-09,851647.00,631020.00,1072769.00,10020.00,7354.00,12498.00,9829.638,418599.00,0.99,0.60,10147960.00,0.00,0.00,749064.00,9270001.00
Geo9,2023-10-16,705970.00,657002.00,767018.00,8306.00,7656.00,8936.00,9270.001,418599.00,0.03,2.06,11696636.00,0.00,1.91,900285.00,8887022.00
Geo9,2023-10-23,705742.00,292537.00,773261.00,8303.00,3409.00,9009.00,8887.022,418599.00,-2.34,-0.89,9440857.00,1.00,0.00,377793.00,9177478.00
Geo9,2023-10-30,797814.00,805864.00,838508.00,9386.00,9391.00,9769.00,9177.478,418599.00,-0.06,-2.78,10187489.00,-1.00,0.55,18124.00,11592860.00
Geo9,2023-11-06,987330.00,934136.00,865687.00,11616.00,10886.00,10086.00,11592.860,418599.00,-0.45,2.76,10339238.00,2.00,0.45,730744.00,8586346.00
Geo9,2023-11-13,668875.00,1254211.00,654445.00,7869.00,14616.00,7625.00,8586.346,418599.00,-1.69,0.42,10764789.00,-2.00,0.91,289943.00,8729655.00
Geo9,2023-11-20,1662632.00,642870.00,796084.00,19561.00,7492.00,9275.00,8729.655,418599.00,0.67,1.58,8758572.00,0.00,2.04,673372.00,8893521.00
Geo9,2023-11-27,1126357.00,969565.00,676357.00,13252.00,11299.00,7880.00,8893.521,418599.00,-1.38,0.05,11252811.00,0.00,0.00,0.00,8100240.00
Geo9,2023-12-04,711498.00,694550.00,1073643.00,8371.00,8094.00,12508.00,8100.240,418599.00,0.69,-0.32,10124895.00,1.00,2.55,715625.00,8266823.00
Geo9,2023-12-11,1316260.00,386729.00,448781.00,15486.00,4507.00,5228.00,8266.823,418599.00,-0.32,-0.98,10437710.00,-1.00,0.32,266033.00,8488487.00
Geo9,2023-12-18,1059485.00,954573.00,274109.00,12465.00,11124.00,3193.00,8488.487,418599.00,2.93,-0.15,8917056.00,0.00,0.53,0.00,8437076.00
Geo9,2023-12-25,1028294.00,1092913.00,237366.00,12098.00,12736.00,2765.00,8437.076,418599.00,0.16,-0.82,8371025.00,0.00,1.52,297647.00,9329694.00
Geo9,2024-01-01,838109.00,1091626.00,171689.00,9860.00,12721.00,2000.00,9329.694,418599.00,-0.21,-0.61,10766415.00,-2.00,0.39,0.00,5972125.00
Geo9,2024-01-08,442707.00,325522.00,623876.00,5208.00,3793.00,7268.00,5972.125,418599.00,-0.36,-0.40,8435796.00,-3.00,0.00,0.00,8916414.00
Geo9,2024-01-15,1042164.00,949898.00,535262.00,12261.00,11070.00,6236.00,8916.414,418599.00,-0.28,1.04,9637023.00,-1.00,0.00,551789.00,7926502.00
