geo,time,Channel0_impression,Channel1_impression,Channel2_impression,Channel0_spend,Channel1_spend,Channel2_spend,conversions,population,competitor_sales_control,sentiment_score_control,BrandedGQV_control,GenericGQV_control,Promo,Organic_channel0_impression,Sales,,,,,,,,,,,,,,,,,
geo_01,2021-01-25,1688341,1018225,766209,10245.02,9104,7140.37,850.1,774269,2529906.58,0.5854,25833.93,32272.41,0,537122,2254823.41,,,,,,,,,,,,,,,,,
geo_01,2021-02-01,1632506,1082538,910448,10308.56,8981.4,10331.57,939.53,768378,2614063.97,0.5915,24185.5,32041.79,0,493852,2382755.54,,,,,,,,,,,,,,,,,
geo_01,2021-02-08,1612446,1045645,675578,9431.81,8051.13,6105.07,831.71,756560,2446415.17,0.6251,22988.78,34788.3,0,562938,2445273.46,,,,,,,,,,,,,,,,,
geo_01,2021-02-15,1292107,989792,675156,8912.97,7981.51,6180.44,818.01,775288,2305544.66,0.6399,27148.02,31078.37,0,548675,2233712.51,,,,,,,,,,,,,,,,,
geo_01,2021-02-22,1623359,1140493,630594,9606.12,8074.11,5959.27,1060.49,759291,2173975.26,0.6329,26371.98,36955.49,1,542992,3085597.26,,,,,,,,,,,,,,,,,
geo_01,2021-03-01,1308783,858462,539494,10171.14,8111.59,5572.62,823.15,763275,2737974.88,0.6084,30359.5,32704.7,0,470534,2333181.5,,,,,,,,,,,,,,,,,
geo_01,2021-03-08,1656982,972091,531544,12093.74,8274.75,6451.1,1169.11,769169,2827350.3,0.6164,24779.57,38047.43,1,524583,3485930.02,,,,,,,,,,,,,,,,,
geo_01,2021-03-15,1496799,931260,631700,10443.6,6593.15,8712.91,967.02,750562,2242086.62,0.6386,31380.88,48595.68,0,454464,2330010.05,,,,,,,,,,,,,,,,,
geo_01,2021-03-22,1541240,975448,658911,11929.81,7306.96,7755.5,1017.27,754870,2117886.79,0.6124,27957.28,47014.03,0,580778,2340511.41,,,,,,,,,,,,,,,,,
geo_01,2021-03-29,1455123,1211995,717462,8934.33,12454.64,7047.65,926.12,773800,2366007.07,0.5871,23908.91,38037.22,0,514229,2544337.66,,,,,,,,,,,,,,,,,
geo_01,2021-04-05,1543136,1241616,722281,9499.78,12762.38,7370.77,836.21,766704,2858856.08,0.6897,28441.43,36166.36,0,609138,2351182.14,,,,,,,,,,,,,,,,,
geo_01,2021-04-12,1587057,1113113,843345,11417.52,8266.44,9725.16,796.41,764130,2280315.83,0.585,25013.19,35526.89,0,527022,2097115.55,,,,,,,,,,,,,,,,,
geo_01,2021-04-19,1721398,1276605,654929,9574.67,11416.92,7970.41,850.05,775683,2224825.23,0.628,28993.92,51800.02,0,486818,2124094.29,,,,,,,,,,,,,,,,,
geo_01,2021-04-26,1857202,951898,602080,12678.98,8682.31,8030.96,783,767807,2980446.11,0.6023,25019.51,36529.14,0,420589,1973863.15,,,,,,,,,,,,,,,,,
geo_01,2021-05-03,2264989,889895,626862,17127.07,7195.84,6092.7,995.21,785245,2605520.26,0.6311,26741.84,36371.57,1,538648,2948606.34,,,,,,,,,,,,,,,,,
geo_01,2021-05-10,1793073,1064570,698805,13784.27,10623.3,6441.15,921.42,769594,2392549.73,0.6831,34288.61,39094.13,1,522376,2739452.17,,,,,,,,,,,,,,,,,
geo_01,2021-05-17,1761331,1101642,548833,13119.62,10188.75,7077.19,871.76,744191,2373044.4,0.5942,27666.65,43829.65,0,494605,2396908.37,,,,,,,,,,,,,,,,,
geo_01,2021-05-24,1625036,1305264,508486,10268.18,10870.4,6319.83,936,744052,2304306.94,0.6409,29445.95,45409.78,0,563880,2598009.35,,,,,,,,,,,,,,,,,
geo_01,2021-05-31,1559987,920773,754240,11289.62,9219.25,7286.34,875.56,760789,2613824.11,0.6135,33458.67,39256.15,0,458483,2303437.36,,,,,,,,,,,,,,,,,
geo_01,2021-06-07,1408590,871923,640591,8081.96,7983.83,6313.96,895.23,771497,2583511.07,0.5997,20104.04,36651.42,0,455403,2162306.76,,,,,,,,,,,,,,,,,
geo_01,2021-06-14,1253351,1222197,668632,9319.67,11426.7,7133.1,835.33,770962,2352036.08,0.5773,26792.46,30998.39,0,558032,2386012.29,,,,,,,,,,,,,,,,,
geo_01,2021-06-21,1789732,885675,546436,11988.39,7366.39,7613.58,694.39,762756,2459881.6,0.5891,27544.03,46525.92,0,521543,2159772.92,,,,,,,,,,,,,,,,,
geo_01,2021-06-28,1222018,869257,660954,9107.99,6421.25,9243.56,769.51,749841,2262022.6,0.5335,26291.05,36775.82,0,536849,2165950.27,,,,,,,,,,,,,,,,,
geo_01,2021-07-05,1344896,936260,628318,10458.71,8704.35,5768.47,642.78,770265,2201214.19,0.5694,19656.81,28251.71,0,551188,1810409.44,,,,,,,,,,,,,,,,,
geo_01,2021-07-12,1648449,1142719,595114,11662.83,11403.15,5817.87,597.57,766456,1924355.47,0.4998,22944.02,36127.68,0,579489,1369581.14,,,,,,,,,,,,,,,,,
geo_01,2021-07-19,1341148,807538,535711,9510.11,7270.62,5210.13,878.64,757254,2447737.3,0.5096,19916.36,37039.58,0,526596,2352889.86,,,,,,,,,,,,,,,,,
geo_01,2021-07-26,1814294,936672,603517,11919.47,8559.73,7346.7,734.93,786553,2210946.72,0.4837,19212.64,24211.97,0,560187,2203217.56,,,,,,,,,,,,,,,,,
geo_01,2021-08-02,1458828,867034,556182,9176.81,8458.8,6532.76,781.3,753160,1919077.18,0.5048,31711.97,32443.01,0,511004,2100462,,,,,,,,,,,,,,,,,
geo_01,2021-08-09,1459016,806796,641176,8227.27,6439.96,6841.77,656.27,755254,2048392.89,0.5297,18656.14,30041.78,0,557697,1860742.36,,,,,,,,,,,,,,,,,
geo_01,2021-08-16,962272,834937,841543,6040.57,7854.11,10542.03,804.09,746966,2032438.33,0.4936,22447,34198.51,0,521393,2277383.84,,,,,,,,,,,,,,,,,
geo_01,2021-08-23,1225104,1077846,549836,7940.43,7846.9,7025.06,786.57,753068,2120177.71,0.5389,21975.09,27366.83,0,573327,2199508.68,,,,,,,,,,,,,,,,,
geo_01,2021-08-30,1015878,795608,430056,7206.61,7376.89,5311.63,766.79,777346,2028807.63,0.4863,19747.92,33295.33,0,458002,2100542.93,,,,,,,,,,,,,,,,,
geo_01,2021-09-06,1298368,795225,475079,8760.15,7045.65,4525.08,917.97,763190,2034616.83,0.4869,22317.55,27358.81,0,438723,2845185.13,,,,,,,,,,,,,,,,,
geo_01,2021-09-13,1385108,776298,575589,9766.25,6731.49,7371.66,767.3,763410,2108031.78,0.388,18405.15,28344.94,0,429263,1931802.39,,,,,,,,,,,,,,,,,
geo_01,2021-09-20,1625149,740477,579866,11985.41,6081.33,5577.93,609.06,766888,1814263.94,0.4558,20437.3,33166.45,0,595472,1588498.24,,,,,,,,,,,,,,,,,
geo_01,2021-09-27,1240368,947400,629267,7977.74,6793.28,6007.24,539.66,756995,2078584.12,0.4202,22579.1,26643.89,0,519130,1233466.17,,,,,,,,,,,,,,,,,
geo_01,2021-10-04,1418349,816017,522059,8643.63,8147.71,5606.99,710.38,757086,2562817.19,0.4564,17259.93,28684.97,0,569171,1974513.74,,,,,,,,,,,,,,,,,
geo_01,2021-10-11,1461729,1175270,574739,8539.5,10591.59,8039.39,709.66,747059,1822221.73,0.4118,21830.52,28181.5,0,480680,1795327.1,,,,,,,,,,,,,,,,,
geo_01,2021-10-18,1216220,907805,681790,9605.73,8743.86,7979.86,693.16,767850,1989598.08,0.4723,17997.76,24467.55,0,482032,1949603.1,,,,,,,,,,,,,,,,,
geo_01,2021-10-25,1159294,1001250,597296,8003.44,9784.13,7716.53,709.09,756006,2221207.2,0.501,26140.36,28554.24,0,633034,1862303.45,,,,,,,,,,,,,,,,,
geo_01,2021-11-01,1519923,992684,702509,8495.77,10283.43,6684.38,1078.83,781364,2275075.21,0.4029,22690.84,31389.15,0,487824,3334094.66,,,,,,,,,,,,,,,,,
geo_01,2021-11-08,1729752,1028748,746380,9998.27,10307.72,6722.02,795.94,753751,2412588.38,0.4476,21698.91,39326.3,0,500597,2279393.51,,,,,,,,,,,,,,,,,
geo_01,2021-11-15,1459930,1312725,709836,8206.89,11306.1,8913.97,760.18,747033,2492010.86,0.5162,26591.84,38183.09,1,542864,1882698.53,,,,,,,,,,,,,,,,,
geo_01,2021-11-22,1770989,1307840,970639,13162.6,13070.84,9969.74,889.81,742870,2589411.5,0.469,36559.36,49320.25,0,531130,2482511.66,,,,,,,,,,,,,,,,,
geo_01,2021-11-29,1906013,1285023,813511,12134.05,9080.77,7994.73,1152.34,778513,2392391.56,0.5717,37111.63,48172.46,0,523716,3149739.22,,,,,,,,,,,,,,,,,
geo_01,2021-12-06,1796106,974734,735734,14337.8,8817.67,7088.46,920.47,768739,2771741.77,0.5232,29108.86,35033.76,0,504006,2554742.38,,,,,,,,,,,,,,,,,
geo_01,2021-12-13,1774648,1358156,887568,10885.98,12410.42,10444.64,899.49,743708,2823702.85,0.5441,35473.97,47209.53,0,565086,2064691.75,,,,,,,,,,,,,,,,,
geo_01,2021-12-20,1687252,1246672,709695,9909.96,12922.29,7020.45,1004.2,758412,3147407.93,0.4997,23366.97,32132.7,0,524650,2894658.29,,,,,,,,,,,,,,,,,
geo_01,2021-12-27,2216732,1029607,719515,16614.94,7567.12,7210.97,1029.1,768727,3296088.46,0.5382,38890.46,41899.08,0,476754,2834918.5,,,,,,,,,,,,,,,,,
geo_01,2022-01-03,1437538,1175706,614369,8613.52,9782.14,6739.96,797.39,780139,2381601.12,0.5964,28413.33,27958.32,0,508314,2225541.96,,,,,,,,,,,,,,,,,
geo_01,2022-01-10,1749847,860971,617315,10759.11,6162.92,7041.99,866.73,762289,2569472.08,0.5964,21775.8,28215.97,0,505457,2423104.98,,,,,,,,,,,,,,,,,
geo_01,2022-01-17,1402142,891958,559524,8779.04,7969.77,5307.03,868.98,781252,2088998.36,0.5742,25614.35,34747.78,0,553689,2342566.08,,,,,,,,,,,,,,,,,
geo_01,2022-01-24,1347118,1122106,684945,8105.66,11552.51,6577.72,942.73,775835,2412506.31,0.5675,27841.93,32160.3,0,531957,2548328.97,,,,,,,,,,,,,,,,,
geo_01,2022-01-31,1944024,1155955,846608,11475.84,11894.86,11378.36,913.42,783677,2362413.17,0.6146,35655.08,36929.46,0,448816,2560026.32,,,,,,,,,,,,,,,,,
geo_01,2022-02-07,2012500,1131385,754989,12342.59,8038.71,7243.94,919.59,783767,2558562.81,0.6591,31014.29,44969.52,0,484316,2196262.24,,,,,,,,,,,,,,,,,
geo_01,2022-02-14,1354162,1163755,747765,7617.52,9540.94,9700.22,863.46,728147,3097426.48,0.6348,30658.63,47618.72,0,485132,2416124.49,,,,,,,,,,,,,,,,,
geo_01,2022-02-21,1534450,1252386,701667,10864.99,10489.04,9549.16,996.06,767346,2330240.32,0.6044,33154.26,36601.09,0,531073,2564484.1,,,,,,,,,,,,,,,,,
geo_01,2022-02-28,1765173,1209498,560778,13016.47,12665.05,6537.03,971.59,778802,2456117.36,0.6763,35934.02,49826.01,0,565914,2845422.33,,,,,,,,,,,,,,,,,
geo_01,2022-03-07,1872075,1103297,627784,12355.93,8208.89,5937.97,1123.38,771813,2737963.25,0.6367,32578.9,41300.86,0,526194,2875756.47,,,,,,,,,,,,,,,,,
geo_01,2022-03-14,1712697,1074521,670887,12308.88,10945.22,6717.33,953.98,758505,2734560.92,0.5789,27904.66,29349.55,0,584331,2849737.2,,,,,,,,,,,,,,,,,
geo_01,2022-03-21,1808217,1039374,709517,11952.06,10680.38,9415.24,907.54,764521,2379525.49,0.6885,33238.62,40525.19,0,606726,2626360.94,,,,,,,,,,,,,,,,,
geo_01,2022-03-28,1471240,1088665,722954,9770.7,8536,8837.46,937.29,775358,2693475.22,0.6591,31892.7,38993.96,0,702412,2235541.67,,,,,,,,,,,,,,,,,
geo_01,2022-04-04,1667221,958049,684565,9972.45,7222.61,7608.25,1145.23,769408,3341179.85,0.6339,35537.59,40825.48,1,469114,3488741.77,,,,,,,,,,,,,,,,,
geo_01,2022-04-11,1416089,1225065,678271,9561.31,11517.53,8317.93,1123.42,754148,2441955.46,0.6956,37012.08,42669.7,0,518123,3264703.34,,,,,,,,,,,,,,,,,
geo_01,2022-04-18,1489595,1229603,569034,9744.43,9991.03,7251.83,1079.54,776307,2520467.64,0.6095,28640.48,39686.07,0,507576,3083181.01,,,,,,,,,,,,,,,,,
geo_01,2022-04-25,1692736,999405,677850,12070.3,9875.07,6670.05,1090.25,775506,2516157.4,0.5724,25962.74,37384.47,0,538923,3274172.89,,,,,,,,,,,,,,,,,
geo_01,2022-05-02,1665113,1104602,921719,10070.56,8537.83,11758.79,985.46,770732,2722003.53,0.6574,28435.05,44742.27,0,434646,2806830.52,,,,,,,,,,,,,,,,,
geo_01,2022-05-09,1694263,1096987,880361,10132.97,8526.65,10811.16,1173.6,778365,2483751.19,0.5821,25478.35,34249.28,0,428184,3777160.14,,,,,,,,,,,,,,,,,
geo_01,2022-05-16,1642381,869972,611001,10144.56,7679,6460.57,910.69,758773,2723618.05,0.6,30933.49,38108.96,0,554089,2637688.5,,,,,,,,,,,,,,,,,
geo_01,2022-05-23,1856339,1040997,771556,12928.34,7999.23,9565.47,914.58,788001,2857816.96,0.5834,24085.53,35388.25,0,660748,2466518.32,,,,,,,,,,,,,,,,,
geo_01,2022-05-30,2142567,1114344,781156,16542.57,11426.29,7420.33,901.74,760140,2187803.59,0.5488,21035.74,31725.31,0,517166,2578375.84,,,,,,,,,,,,,,,,,
geo_01,2022-06-06,1717439,1171618,611786,12907.38,8899.84,8499.64,1082.06,759893,2203614.84,0.6064,29061.46,33509.05,1,572660,3564922.91,,,,,,,,,,,,,,,,,
geo_01,2022-06-13,1952527,971575,784431,15262.75,9972.95,8595.37,846.76,758733,2107410.23,0.628,33456.91,33283.39,0,543505,2476801.33,,,,,,,,,,,,,,,,,
geo_01,2022-06-20,1488677,1190137,666491,10281.82,11478.14,6856.27,1158.73,790403,2223808.22,0.6078,29564.87,39256.22,1,582660,3578045.39,,,,,,,,,,,,,,,,,
geo_01,2022-06-27,1450828,1283152,687445,10676.13,12809.08,7893.3,1067.31,770572,2545787.73,0.5771,27498.38,30029.49,0,524761,3014486.6,,,,,,,,,,,,,,,,,
geo_01,2022-07-04,1193397,1047894,733824,9116.48,8023.34,8784.88,662.89,765743,2353329.05,0.4924,27376.95,38173.21,0,456638,1979234.81,,,,,,,,,,,,,,,,,
geo_01,2022-07-11,1321730,1118051,568618,8273.36,11247.78,5185.71,838.46,766287,2394311.36,0.5039,29138.66,31064.07,0,554793,2369869.19,,,,,,,,,,,,,,,,,
geo_01,2022-07-18,1243987,970505,705142,7143,10011.36,7774.17,833.49,773687,2374476.14,0.6117,27650.23,37809.18,0,440205,1984752.07,,,,,,,,,,,,,,,,,
geo_01,2022-07-25,1363373,1110124,608537,10688.42,11024.83,5834.37,805.33,774079,2414553.66,0.6048,27257.13,32637.45,0,516325,2209183.76,,,,,,,,,,,,,,,,,
geo_01,2022-08-01,1633473,916235,650841,9369.14,9194.94,8161.04,952.16,750276,1953555.61,0.5586,26258.5,27249.39,1,471777,2903784.82,,,,,,,,,,,,,,,,,
geo_01,2022-08-08,1689770,640495,576724,10821.29,5361.12,5449.33,762.83,787329,2010508.76,0.5337,21957.66,30298.6,0,518098,1922894.79,,,,,,,,,,,,,,,,,
geo_01,2022-08-15,1414407,1027977,479970,7952.92,7748.48,4471.71,845.57,777266,2085611.63,0.5394,25111.07,35715.25,0,591460,2671262.1,,,,,,,,,,,,,,,,,
geo_01,2022-08-22,1690469,835237,852545,13294.24,6952.58,10958.5,864.72,784872,2139817.75,0.5228,28385.17,33215.07,0,579364,2503640.06,,,,,,,,,,,,,,,,,
geo_01,2022-08-29,1274911,827964,456399,8631.76,7061.15,6377.75,911.21,767172,1936354.6,0.5434,22204.19,33931.52,0,536187,2587716.38,,,,,,,,,,,,,,,,,
geo_01,2022-09-05,1366761,856061,559940,9731.97,8334.74,6238.21,876.61,787824,2133285.69,0.5807,24571.57,40960.56,0,550363,2340668.4,,,,,,,,,,,,,,,,,
geo_01,2022-09-12,1419664,774065,472782,10453,5773.78,4724.47,735.8,781725,2144899.33,0.4182,22053.69,30557.14,1,453091,2428980.61,,,,,,,,,,,,,,,,,
geo_01,2022-09-19,1429400,968606,664216,9139.88,8402.09,6467.56,741.9,776811,2177770.61,0.474,23021.06,29087.2,0,481793,2105664.55,,,,,,,,,,,,,,,,,
geo_01,2022-09-26,1222926,853976,530475,7265.26,7375.1,5814.16,917.73,778529,1771960.32,0.4935,29573.57,32210.62,1,596501,2477710.89,,,,,,,,,,,,,,,,,
geo_01,2022-10-03,1294826,1112101,558034,10354.82,10172.73,7504.94,701.1,772732,2108374.86,0.4807,26369.35,36936.21,1,430810,2177208.03,,,,,,,,,,,,,,,,,
geo_01,2022-10-10,1230136,1229411,504759,9373.13,12886.54,6745.88,763.42,781643,2100411.03,0.5267,24382.84,31585.4,0,563994,2040311.51,,,,,,,,,,,,,,,,,
geo_01,2022-10-17,1177220,842148,538514,8929.57,7903.27,5363.38,808.58,774872,2314864.73,0.5285,23406.62,30571.57,1,505229,2316515.32,,,,,,,,,,,,,,,,,
geo_01,2022-10-24,1457074,1038263,461154,10839.87,10072.68,5022.7,807.03,756859,1905738.83,0.46,23334.92,36426.88,0,526330,2230269.22,,,,,,,,,,,,,,,,,
geo_01,2022-10-31,1666177,883674,483207,9978.3,7453.94,5507.16,965.12,762179,2262948.93,0.5031,25677.97,39972.46,0,578214,2937891.35,,,,,,,,,,,,,,,,,
geo_01,2022-11-07,1950319,1333106,564124,12988.29,10682.18,7322.49,952.16,769668,2537524.39,0.5017,29206.16,37082.74,0,511347,2736315.21,,,,,,,,,,,,,,,,,
geo_01,2022-11-14,1784463,1012290,783135,13307.21,7833.37,10640.44,834.81,749770,2888770.78,0.4399,33501.91,40007.38,0,531596,2343673.09,,,,,,,,,,,,,,,,,
geo_01,2022-11-21,2097780,943662,895368,14304.02,9065.48,11731.58,1161.76,773573,2252810.77,0.5522,26079.2,42213.78,0,531280,3126355.1,,,,,,,,,,,,,,,,,
geo_01,2022-11-28,1982168,1155176,744483,14842.63,11970.16,9387.32,1194.39,785010,2857999.5,0.6214,28395.54,42377.51,0,455420,3388634.36,,,,,,,,,,,,,,,,,
geo_01,2022-12-05,1725614,1215706,604512,10790.78,11787.09,6458.78,1066.84,773560,3117721.76,0.5594,29218.05,41246.78,1,541922,3447245.28,,,,,,,,,,,,,,,,,
geo_01,2022-12-12,1776702,1287207,770792,9997.86,12388.04,7929.96,1327.93,777700,2543883.11,0.5372,27454.25,45351.39,0,585656,3806575.5,,,,,,,,,,,,,,,,,
geo_01,2022-12-19,1947321,906955,827213,12898.73,8381.66,8278.47,1086.4,764601,2867494.99,0.545,24600.64,47289.29,1,651728,3175886.77,,,,,,,,,,,,,,,,,
geo_01,2022-12-26,1647162,1469158,643367,13135.39,10664.91,6216.67,1089.13,777308,2701270.29,0.5565,33105.54,44279.63,0,506243,2813204.5,,,,,,,,,,,,,,,,,
geo_01,2023-01-02,1395050,1050218,599835,8208.24,8257.06,7924.03,887.99,787068,2220602.12,0.6331,26243.91,35332.13,0,567100,2466355.94,,,,,,,,,,,,,,,,,
geo_01,2023-01-09,1554631,1273039,765407,10922.59,11689.57,7405.62,923.23,768772,2274971.05,0.5919,26567.44,33295.53,0,667978,2798720.66,,,,,,,,,,,,,,,,,
geo_01,2023-01-16,1594343,1115292,569101,11239,11429.4,6521.37,749.82,809137,2607256.22,0.5891,34505.41,42903.32,0,670226,2253596.88,,,,,,,,,,,,,,,,,
geo_01,2023-01-23,1405624,1164330,832714,7732.93,9910.56,10697.23,925.94,789333,2189205.7,0.6258,28573.5,38604.01,0,480464,2749107.21,,,,,,,,,,,,,,,,,
geo_01,2023-01-30,1738024,861693,771763,12844.4,8594.57,10800.16,1054.54,771645,2187438.85,0.655,30357.13,40901.84,0,569010,3141201.28,,,,,,,,,,,,,,,,,
geo_01,2023-02-06,1902645,1350378,800112,11906.76,11531.32,11144.04,1040.33,751869,2437072.07,0.6451,33407.7,40595.46,0,522752,3031100.12,,,,,,,,,,,,,,,,,
geo_01,2023-02-13,2088868,1011604,662449,12474.26,10092.6,7440.23,941.15,773403,2213430.7,0.661,27104.27,38780.24,0,573062,2685775.61,,,,,,,,,,,,,,,,,
geo_01,2023-02-20,1621607,1128900,866216,11377.87,9659.33,9713.97,1096.59,781949,3041303.48,0.7017,32860.8,42277.21,0,596889,3227302.65,,,,,,,,,,,,,,,,,
geo_01,2023-02-27,1646379,983847,621969,10290.98,8530.27,6716.23,944.82,769873,2327707.53,0.6962,37789.34,39225.57,1,478999,2795459.96,,,,,,,,,,,,,,,,,
geo_01,2023-03-06,1901271,1348802,653770,11624.21,9642.49,6614.82,1146.1,758234,2354899.59,0.6907,30265.56,36326.39,0,514198,3304611.53,,,,,,,,,,,,,,,,,
geo_01,2023-03-13,1794739,1197224,689859,14226.49,10686.58,6478.31,1001.62,762896,2089952.05,0.7193,22495.96,38938.94,0,602574,2741601.14,,,,,,,,,,,,,,,,,
geo_01,2023-03-20,2051870,1166449,615956,15045.98,9671.57,6081.97,1215.88,754038,2333241.97,0.6653,28676.6,49452.73,0,544737,3309506.66,,,,,,,,,,,,,,,,,
geo_01,2023-03-27,1539253,1192358,613065,9045.41,8715.43,7584.21,867.93,767080,2512158.86,0.6495,40218.82,42004.81,0,464567,2546932.78,,,,,,,,,,,,,,,,,
geo_01,2023-04-03,1552055,1130000,679136,10434.72,8470.19,6630.71,1127.07,786991,2551086.11,0.6964,33163.14,41621.51,0,587383,3764765.07,,,,,,,,,,,,,,,,,
geo_01,2023-04-10,1426261,1210533,958084,9249.56,11906.87,10432.76,948.12,785382,2659828.46,0.6502,30498.84,42707.19,0,606553,2809292.4,,,,,,,,,,,,,,,,,
geo_01,2023-04-17,2003895,1185280,790511,14189.35,12151.57,10992.07,1286.42,779114,2604672.4,0.6515,33186.15,42890.05,0,595009,4290445.63,,,,,,,,,,,,,,,,,
geo_01,2023-04-24,1775037,1456565,758405,10165.2,12355.74,10352.63,880.93,784088,2704930.59,0.6432,31754.06,40886.9,0,574932,2213546.78,,,,,,,,,,,,,,,,,
geo_01,2023-05-01,2068024,1082122,817137,13399.96,8333.04,10132.64,1230.05,770848,2938809,0.6311,32052.12,46144.18,0,553276,3304446.3,,,,,,,,,,,,,,,,,
geo_01,2023-05-08,1864075,1168517,610346,12557.34,8686.5,6220.85,905.16,784107,2758549.94,0.6803,29557.2,32475.45,0,620402,2888792.31,,,,,,,,,,,,,,,,,
geo_01,2023-05-15,1679121,1115783,845871,13129.33,8843.71,7780.15,981.19,780838,2333667.76,0.5838,28984.31,40232.3,0,571494,2521549.83,,,,,,,,,,,,,,,,,
geo_01,2023-05-22,1809698,964259,737120,14154.22,8451.5,8594.17,1080.84,781159,2481299.79,0.6618,31346.64,43701.36,0,633489,3274001.19,,,,,,,,,,,,,,,,,
geo_01,2023-05-29,1377436,1393329,741705,9835.68,9919.98,9531.6,737.86,767046,2483889.84,0.6862,27014.3,36143.71,0,480494,1821084.89,,,,,,,,,,,,,,,,,
geo_01,2023-06-05,1715734,1145059,797298,11591.98,9689.61,8201.69,1083.05,777146,2567995.62,0.6351,38698.51,36669.62,0,601141,3570012.82,,,,,,,,,,,,,,,,,
geo_01,2023-06-12,1522263,1046286,725288,11486.34,9463.21,7482.98,990.78,780190,2471610.5,0.7138,31792.61,35961.58,1,616977,3048205.35,,,,,,,,,,,,,,,,,
geo_01,2023-06-19,1808468,965183,580155,10787.4,7848.32,6925.99,986.29,775676,2676165.47,0.5836,26703.98,33579.35,0,577900,2954931.47,,,,,,,,,,,,,,,,,
geo_01,2023-06-26,2294584,845479,605212,14657.6,7257.23,6706.24,1108,790941,2230553.16,0.6117,28607.28,40189.57,1,529566,3894575.47,,,,,,,,,,,,,,,,,
geo_01,2023-07-03,1434671,831899,674978,9039.01,6895.78,7887.7,749.62,754725,2625522.7,0.5578,24364.34,37050.31,0,554566,2168719.88,,,,,,,,,,,,,,,,,
geo_01,2023-07-10,1498845,1023353,674959,11864.12,9033.06,9145.02,1028.9,766943,2528278.13,0.6022,26253.92,40779.12,0,594415,2840316.67,,,,,,,,,,,,,,,,,
geo_01,2023-07-17,1562211,946845,518462,10984.06,9128.53,6850.06,914.45,776547,2176269.63,0.5798,27580.05,39027.95,0,562950,2493316.48,,,,,,,,,,,,,,,,,
geo_01,2023-07-24,1399178,885995,646215,8394.35,7108.42,8956.76,1214.01,794850,2209737.05,0.514,29162.73,37612.35,1,551076,4352284.49,,,,,,,,,,,,,,,,,
geo_01,2023-07-31,1750977,859832,678527,12248.82,8721.64,9482.44,919.56,748683,2190652.75,0.5594,25667.02,37518.57,0,568343,2401751.24,,,,,,,,,,,,,,,,,
geo_01,2023-08-07,1343731,1097558,736811,10702.92,8485.61,7361.18,865.64,781265,2216269.71,0.4775,29127.85,34348,0,560120,2545866.26,,,,,,,,,,,,,,,,,
geo_01,2023-08-14,1705657,798187,678294,12484.9,6392.05,8559.21,916.09,802939,2508379.37,0.6302,24275.47,32900.78,1,618507,2463073.6,,,,,,,,,,,,,,,,,
geo_01,2023-08-21,1419740,1295659,627966,8341.44,12836.7,5814.18,873.11,780717,2589750.83,0.5361,26890.35,35830.29,0,626588,2484939.08,,,,,,,,,,,,,,,,,
geo_01,2023-08-28,1715962,983330,425169,13179.03,8955.59,4110.93,875.88,791064,2488858.81,0.4976,20548.42,34814.04,1,578967,3138316.02,,,,,,,,,,,,,,,,,
geo_01,2023-09-04,1455276,732526,600952,11610.35,5788.17,5977.95,847.42,793646,2590619.82,0.5514,27256.54,36733.59,0,595579,2171713.06,,,,,,,,,,,,,,,,,
geo_01,2023-09-11,1715077,1212566,793324,11220.52,10768.84,9072.11,740.83,780189,2576071.57,0.5615,24075.42,30163.14,0,496589,2128434.95,,,,,,,,,,,,,,,,,
geo_01,2023-09-18,1104658,1042137,550643,8167.15,10315.79,6933.57,870.3,772285,1960105.22,0.5025,26639.67,30768.23,0,550853,2504920.87,,,,,,,,,,,,,,,,,
geo_01,2023-09-25,1212352,1013476,534023,6816.67,8528.37,6362.83,748.57,784638,2371309.7,0.5044,27612.48,34563.26,0,488485,2194871.76,,,,,,,,,,,,,,,,,
geo_01,2023-10-02,1389002,856528,792875,10188.39,8476.24,9488.55,789.51,748789,2105458.56,0.4985,26394.09,24619.07,0,462919,2223783.56,,,,,,,,,,,,,,,,,
geo_01,2023-10-09,1912524,898745,616211,11024.51,7355.4,8059.21,903.42,789620,2278530.42,0.5138,22056.84,29499.67,0,659196,2617797.07,,,,,,,,,,,,,,,,,
geo_01,2023-10-16,1630105,1097456,941192,11749.04,11333.14,12372.67,831.33,765100,2160703.68,0.5111,26486.01,30212.98,0,529868,2320939.28,,,,,,,,,,,,,,,,,
geo_01,2023-10-23,1289838,818901,608863,8863.17,6348.91,5976.62,965.06,754095,2568654.04,0.5523,25459.02,32162.15,1,489405,2865795.38,,,,,,,,,,,,,,,,,
geo_01,2023-10-30,1820132,1295128,705832,12675.41,12608.24,7683.98,994.92,752755,2672960.48,0.5302,30155.69,44877.34,0,662465,2764648.96,,,,,,,,,,,,,,,,,
geo_01,2023-11-06,2037210,1597751,729131,12657.29,15058.33,6653.47,1184.07,767541,2778231.58,0.5754,32397.87,47901.33,0,444816,3599891.25,,,,,,,,,,,,,,,,,
geo_01,2023-11-13,2211485,1218385,852624,15245.89,11731.26,11198.25,1406.48,769411,2879262.6,0.487,28915.16,50967.26,1,562403,5037611.41,,,,,,,,,,,,,,,,,
geo_01,2023-11-20,1811764,1489589,877235,14010.05,13829.32,8440.8,1135.32,789021,2717610.22,0.5243,26634.14,47375.71,0,571081,3220987.99,,,,,,,,,,,,,,,,,
geo_01,2023-11-27,1840371,1225270,1121484,13186.5,10083.09,15065.15,1181.68,775885,2852239.98,0.4898,33705.83,41690.45,0,470138,3699167.92,,,,,,,,,,,,,,,,,
geo_01,2023-12-04,2310289,1635475,982451,15146.81,14655.99,10525.01,1141.47,776952,3123476.84,0.6512,37541.22,55484.18,0,510824,3165151.66,,,,,,,,,,,,,,,,,
geo_01,2023-12-11,2345719,1136055,966302,16272.66,11383.54,10102.93,1427.59,791164,3046720.79,0.6302,36129.12,49953.62,0,558517,4302669.17,,,,,,,,,,,,,,,,,
geo_01,2023-12-18,2331633,1372444,615542,14140.04,13645.44,6760.35,1252.67,766834,3111661.55,0.6316,31593.86,40906.85,0,627476,3312226.56,,,,,,,,,,,,,,,,,
geo_01,2023-12-25,1936952,1026993,757657,12939.54,10128.64,9643.64,1143.78,769393,2901659.81,0.5761,41771.05,47748.88,0,567394,3586427.13,,,,,,,,,,,,,,,,,
geo_01,2024-01-01,1741865,984589,710460,13878.07,9906.92,6983.35,1042.81,782031,2919802.91,0.6231,29300.38,43423.61,0,588125,2958208.57,,,,,,,,,,,,,,,,,
geo_01,2024-01-08,1711443,1439308,668216,13571.72,11320.73,6848.11,1035.37,799515,2689739.32,0.6892,28301.74,40776.69,0,607513,3074374.98,,,,,,,,,,,,,,,,,
geo_01,2024-01-15,1621896,1102277,583872,9474.56,9233.89,7861.55,1064.29,770694,2676541.24,0.6304,33537.95,49223.36,0,567776,3249957.14,,,,,,,,,,,,,,,,,
geo_02,2021-01-25,1048231,906539,657114,6710.16,8829.39,6591.75,628.78,649315,1996368.36,0.5257,21099.39,34688.7,0,422765,1691018.62,,,,,,,,,,,,,,,,,
geo_02,2021-02-01,1469045,921120,557843,11455.28,6771.91,5901.32,555.9,657923,2146814.59,0.637,23575.95,29686.14,0,451106,1496627.16,,,,,,,,,,,,,,,,,
geo_02,2021-02-08,1310519,739465,537784,8058.85,5526.23,5154.51,699.46,651228,1822779.53,0.6092,26777.51,24322.16,0,438029,1801175.88,,,,,,,,,,,,,,,,,
geo_02,2021-02-15,1145670,742584,450382,7961.44,6827.08,4849.02,899.94,662196,1861594.16,0.6017,30967.78,36764.88,1,518598,2385073.96,,,,,,,,,,,,,,,,,
geo_02,2021-02-22,1522725,824977,544015,8527.06,5856.53,6415.77,570.85,655612,2062532.08,0.6536,20550.88,33956.96,0,471489,1384652.58,,,,,,,,,,,,,,,,,
geo_02,2021-03-01,1243332,686944,744110,8276.86,6795.55,9241.27,816.4,639160,2009329.45,0.6151,22322.53,43919.97,1,476119,2257771.62,,,,,,,,,,,,,,,,,
geo_02,2021-03-08,1442103,1034186,600775,9288.84,8615.62,6702.6,863.55,638009,1982242.98,0.6766,23900.76,28669.25,0,443341,2269933.67,,,,,,,,,,,,,,,,,
geo_02,2021-03-15,1459954,817020,543891,9527.81,7311.73,7426.04,733.72,641909,2091946.38,0.6881,19401.1,33123.66,0,484574,1951681.67,,,,,,,,,,,,,,,,,
geo_02,2021-03-22,1367245,831439,449720,8644.66,7415.93,4546.27,1041.04,639239,2133034.34,0.6531,21319.29,31819.89,1,475925,2780976.85,,,,,,,,,,,,,,,,,
geo_02,2021-03-29,1538219,1027594,485083,9936.71,10542.44,4727.68,933.48,635552,2314805.05,0.6326,23473.15,36525.02,1,462738,2578209.2,,,,,,,,,,,,,,,,,
geo_02,2021-04-05,1502265,1028060,554737,11471.27,7320.45,6958.8,746.21,638398,2394380.67,0.6273,24255,30261.89,1,508296,2090501.71,,,,,,,,,,,,,,,,,
geo_02,2021-04-12,1173641,961579,725146,8411.58,8318.88,7692.29,716.13,633901,1883406.14,0.5613,23531.7,23254.2,0,443255,1977692.61,,,,,,,,,,,,,,,,,
geo_02,2021-04-19,1489368,1047268,565915,11083.46,7873.17,7677.72,716.34,653038,2007431.63,0.5962,24695.46,30892.35,0,453653,1868605.24,,,,,,,,,,,,,,,,,
geo_02,2021-04-26,1367940,787797,641574,9486.13,6020.04,7279.08,808.17,653860,1985321.66,0.6223,27106.45,31399.81,0,415650,2427731.04,,,,,,,,,,,,,,,,,
geo_02,2021-05-03,1406843,1160805,721474,8586.29,8372.28,8473.31,812.02,622795,2090410.97,0.5713,21298.63,28213.05,0,527160,2037756.36,,,,,,,,,,,,,,,,,
geo_02,2021-05-10,1486269,1035888,659588,9084.28,9954.74,6214.9,731.47,637187,1963061.27,0.5836,27986.5,36172.62,0,406284,2002858.49,,,,,,,,,,,,,,,,,
geo_02,2021-05-17,1449768,1026734,458434,8824.27,8600.31,5827.46,899.87,648482,1667716,0.5674,24140.88,30798.3,0,471491,2428338.88,,,,,,,,,,,,,,,,,
geo_02,2021-05-24,1321903,690794,686732,9312.1,4847.61,6813.44,680.25,637282,1992891.1,0.5944,21174.35,30735.82,0,407402,1779449.54,,,,,,,,,,,,,,,,,
geo_02,2021-05-31,1570858,832945,565871,10585.76,7630.38,5521.95,729.15,643531,2287924.51,0.5949,26567.35,32586.05,0,381122,1920533.03,,,,,,,,,,,,,,,,,
geo_02,2021-06-07,1708621,950366,509378,12881.99,9059.32,6797.88,771.81,632702,1917057.6,0.5622,17336.04,33819.74,0,491393,2045423.97,,,,,,,,,,,,,,,,,
geo_02,2021-06-14,1438476,774282,480509,11216.83,7790.73,6525.45,777.21,645546,1615750.34,0.5263,25625.92,30468.66,1,480573,2198490.42,,,,,,,,,,,,,,,,,
geo_02,2021-06-21,1142113,861064,517239,7228.08,7975.6,5137.98,792.93,631270,2006351.86,0.5645,21262.41,25868.16,0,456345,2040452.47,,,,,,,,,,,,,,,,,
geo_02,2021-06-28,1194035,876786,564816,7922.96,6721.85,5628.41,655.68,646340,1749888.54,0.5473,19993.08,24487.42,0,469515,1740342.81,,,,,,,,,,,,,,,,,
geo_02,2021-07-05,1660298,829159,490122,10390.72,6306.24,6851.95,776.74,646324,1738480.95,0.5704,21594.96,22992.8,0,428349,2098427.54,,,,,,,,,,,,,,,,,
geo_02,2021-07-12,1383194,749566,424923,7804.37,7650.14,4487.41,624.19,632231,1669937.2,0.4992,20568.26,31124.18,0,436696,1611955.1,,,,,,,,,,,,,,,,,
geo_02,2021-07-19,1414130,721512,692218,10174.7,5152.06,9230.75,581.86,633440,2014850.79,0.5192,20241.61,30067.53,0,451367,1590383.69,,,,,,,,,,,,,,,,,
geo_02,2021-07-26,1309316,814311,559172,7289.15,7277.51,6989.43,775.5,660019,1867668.99,0.5193,21624.62,28926.39,1,396817,2311735.42,,,,,,,,,,,,,,,,,
geo_02,2021-08-02,1278415,704731,494917,7381.21,5168.31,5324.57,811.33,647972,1973943.24,0.5234,25007.41,26036.6,0,397418,2517808.07,,,,,,,,,,,,,,,,,
geo_02,2021-08-09,1202408,796046,420260,8561.43,6919.46,4705.55,748.33,661572,2258718.14,0.4877,16158.25,23942.24,1,439940,2260865.41,,,,,,,,,,,,,,,,,
geo_02,2021-08-16,1042540,696591,415981,7183.67,5718.58,5411.72,473.89,647689,1766563.52,0.5173,15641.38,29263.56,0,373785,1086772.04,,,,,,,,,,,,,,,,,
geo_02,2021-08-23,975211,657115,425821,6189.41,5124.36,4234.32,605.34,651069,1760371.4,0.4428,18301.43,29294.37,0,405389,1591962.4,,,,,,,,,,,,,,,,,
geo_02,2021-08-30,1100564,874242,508714,6145.58,6963.1,4818.11,768.28,655645,1651900.49,0.4806,18610.16,28030.76,1,405336,2079590.14,,,,,,,,,,,,,,,,,
geo_02,2021-09-06,1281051,909959,479050,8580.55,6454.05,6569,800.33,665993,1590199.57,0.473,20015.64,21033.16,1,354840,2442549.46,,,,,,,,,,,,,,,,,
geo_02,2021-09-13,1291127,823675,544565,7429.74,6012.38,5748.49,670.63,649674,1760835.87,0.4893,19425.76,22766.19,0,373118,1925576.78,,,,,,,,,,,,,,,,,
geo_02,2021-09-20,1268334,703507,496297,8138.54,5789.67,5768.63,632.07,630816,1733511.47,0.4324,18888.81,30866.95,0,392282,1696698.92,,,,,,,,,,,,,,,,,
geo_02,2021-09-27,1285411,707538,456502,7442.85,5048.66,4859.34,575.25,636487,1419236.7,0.4432,17379.88,31462.09,0,403077,1486286.43,,,,,,,,,,,,,,,,,
geo_02,2021-10-04,1285633,700477,398850,7505.04,5984.63,5369.92,624.03,631264,1630196.89,0.4923,19671.32,25187.35,0,409814,1884172.04,,,,,,,,,,,,,,,,,
geo_02,2021-10-11,1641878,799202,509509,11843.06,7130.02,6991.81,604.96,653832,1826158.87,0.4662,18802.77,29153.37,0,449816,1734269.09,,,,,,,,,,,,,,,,,
geo_02,2021-10-18,1096318,764230,536375,7464.35,7776.18,7182.04,661.79,628872,1628402.26,0.4661,18614.41,25304.21,1,459851,1895371.87,,,,,,,,,,,,,,,,,
geo_02,2021-10-25,1005876,597987,450479,7670.52,5987.45,4825.24,700.96,649115,1704259.32,0.4881,19268.41,27558.76,1,454036,2135218.1,,,,,,,,,,,,,,,,,
geo_02,2021-11-01,978989,814341,518014,6173.35,5720.58,6206.42,711.15,641062,2098722.76,0.4517,23272.18,25515.84,0,380725,1927518.54,,,,,,,,,,,,,,,,,
geo_02,2021-11-08,1142467,824578,566692,9113.64,8029.73,7756.77,744.64,629549,2022099.38,0.498,23466.44,39162.52,0,397758,2005105.87,,,,,,,,,,,,,,,,,
geo_02,2021-11-15,1293482,776254,434009,8560.02,6934.41,4794.72,812.14,629423,1927066.28,0.4878,18125.84,28938.8,0,391530,2319277.1,,,,,,,,,,,,,,,,,
geo_02,2021-11-22,1606915,1223260,664338,12276.68,11174.58,6407.99,817.76,632339,2171984.92,0.4659,24265.41,33448.99,0,423624,2203356.02,,,,,,,,,,,,,,,,,
geo_02,2021-11-29,1324266,1448748,657864,8204.08,15004.33,8247.2,876.16,654686,1959181.56,0.5619,24311.02,34445.84,0,443393,2380573.91,,,,,,,,,,,,,,,,,
geo_02,2021-12-06,1907414,992821,631943,11008.58,7483.24,8334.12,1124.53,663006,2495929.16,0.5028,24817.52,27562.12,1,412699,3549228.93,,,,,,,,,,,,,,,,,
geo_02,2021-12-13,1356147,964973,714845,8222.48,7869.44,8116.9,939.64,646683,2412752.07,0.6031,30943.37,27317.15,0,434449,2500564.46,,,,,,,,,,,,,,,,,
geo_02,2021-12-20,1311118,1096234,453347,9541.89,9607.14,6130.39,929.4,649719,2526217.49,0.5745,30692.95,39313.41,0,422227,2524825.31,,,,,,,,,,,,,,,,,
geo_02,2021-12-27,1381993,977348,670137,8487.77,9390.83,6278.22,772.41,632680,2307221.73,0.5708,25693.94,42063.1,0,500633,2285872.87,,,,,,,,,,,,,,,,,
geo_02,2022-01-03,1408904,748701,595681,7905.35,7855.27,7950.72,828.25,653916,1982710.54,0.5971,21957.8,32143.7,1,391581,2880398.41,,,,,,,,,,,,,,,,,
geo_02,2022-01-10,1398603,727902,434213,9799.16,6864.74,4701.45,816.58,664833,2095288.89,0.6106,19746.85,34778.16,0,446856,2309914.24,,,,,,,,,,,,,,,,,
geo_02,2022-01-17,1418191,853804,506575,11221.94,7766.2,5612.05,731.63,648053,1920730.55,0.5619,26009,24692.05,0,532595,2092769.05,,,,,,,,,,,,,,,,,
geo_02,2022-01-24,1488657,910305,464733,9107.11,9109.54,4873.49,898.79,641502,1865122.5,0.6293,26457.91,34741.8,1,447565,2714300.27,,,,,,,,,,,,,,,,,
geo_02,2022-01-31,1437152,929005,627538,9412.66,7189.83,6051.31,722.12,631062,2085621.36,0.6313,30823.51,27969.07,0,399591,2018840.09,,,,,,,,,,,,,,,,,
geo_02,2022-02-07,1469571,866646,863261,9646.67,7543.86,8565.58,869.5,667101,2309533.55,0.7127,21324.97,39664.18,0,439032,2649871.01,,,,,,,,,,,,,,,,,
geo_02,2022-02-14,1517273,827569,532443,9976.17,8351.59,5441.74,828.04,649175,2306588.71,0.6766,23018.59,34355.9,0,438703,2214618.69,,,,,,,,,,,,,,,,,
geo_02,2022-02-21,1802890,933912,507375,13207.37,9158.23,6937.55,914.02,648931,2027283.03,0.6364,24306.9,27724.42,0,520805,2379899.11,,,,,,,,,,,,,,,,,
geo_02,2022-02-28,1407742,852650,566610,9780.83,6467.79,7861.61,871.02,665774,2173164.09,0.6959,26373.16,37332.59,0,398262,2416046.41,,,,,,,,,,,,,,,,,
geo_02,2022-03-07,1430775,940061,634461,8172.8,8263.47,7140.02,846.28,640717,2175523.94,0.6113,20162.26,33563.42,0,443046,2131720.98,,,,,,,,,,,,,,,,,
geo_02,2022-03-14,1265726,1025555,534903,8027.83,9555.28,6500.81,1009.44,668782,2095255.14,0.6159,25780.15,28292.78,0,466831,3060868.14,,,,,,,,,,,,,,,,,
geo_02,2022-03-21,1227464,1129326,527395,8361.52,11572.77,7278.64,791.07,630664,2176661.62,0.6232,22962.85,30042.04,0,432266,2291035.44,,,,,,,,,,,,,,,,,
geo_02,2022-03-28,1523596,1037249,585094,9166.83,8394.83,5787.19,904.05,646843,2278173.95,0.6709,26496.15,33832.53,0,467580,2523794.19,,,,,,,,,,,,,,,,,
geo_02,2022-04-04,1552975,982343,622967,11204.06,9767.74,8000.51,780.71,651780,2202046.57,0.6388,23838.74,40811.31,0,430976,2099822.74,,,,,,,,,,,,,,,,,
geo_02,2022-04-11,2010936,895572,457895,13271.44,8417.99,4212.5,802.68,655710,2063664.56,0.6464,27723.69,32414.71,0,507413,2301053.74,,,,,,,,,,,,,,,,,
geo_02,2022-04-18,1569589,980708,655124,11002.29,7619.73,8530.67,965.88,645227,2367600.32,0.6761,24232.72,28131.1,1,460404,2781778.38,,,,,,,,,,,,,,,,,
geo_02,2022-04-25,1414726,718834,630289,8501.4,5312.41,6050.39,865.77,654035,1944057.18,0.6343,25136.83,41677.45,1,384618,2567997.58,,,,,,,,,,,,,,,,,
geo_02,2022-05-02,1390277,737944,498631,8532.04,5533.55,6141.43,816.74,635161,2114677.68,0.6514,28183.38,23462.03,0,502661,2342595.48,,,,,,,,,,,,,,,,,
geo_02,2022-05-09,1323467,893608,704833,10194.77,7966.12,9232.91,779.94,646583,2085814.94,0.6684,29048.93,32637.17,0,428779,2294538.37,,,,,,,,,,,,,,,,,
geo_02,2022-05-16,1222386,801547,820135,7356.79,7182.02,9581.69,591.11,651846,2240224.4,0.6232,23494.55,31636.59,0,452226,1408138.94,,,,,,,,,,,,,,,,,
geo_02,2022-05-23,1539060,812279,634267,10805.36,6191.48,8504.63,685.96,676246,1781443.51,0.5802,23800.91,30124.27,0,426365,1798616.41,,,,,,,,,,,,,,,,,
geo_02,2022-05-30,1205151,955566,745961,7579,7122.84,9305.12,788.71,632837,1998324.63,0.5698,20108.37,33076.98,0,472613,2242633.88,,,,,,,,,,,,,,,,,
geo_02,2022-06-06,1413840,1060646,501320,9520.39,9844.23,4730.81,895.58,663259,1936430.02,0.5608,19510.12,22879.41,1,459186,2508866.06,,,,,,,,,,,,,,,,,
geo_02,2022-06-13,1398111,965534,622215,7738.99,7080.57,7009.85,929.32,643352,1771396.43,0.5575,20153.84,25235.12,0,390923,2463197.11,,,,,,,,,,,,,,,,,
geo_02,2022-06-20,1280556,796509,573274,10019.61,5695.44,6779.39,645.41,647175,2146618.71,0.5851,25410.83,33791.66,0,472031,1704487.71,,,,,,,,,,,,,,,,,
geo_02,2022-06-27,1500066,911668,565481,11644.96,8011.8,6093.22,726.95,652977,2019164.02,0.5643,20239.81,32875.05,0,509904,1824434.8,,,,,,,,,,,,,,,,,
geo_02,2022-07-04,1190735,1190003,534806,7338.13,9857.43,6731.92,829.31,649163,1844359.63,0.5998,20817.43,26829.46,0,432760,2264926.98,,,,,,,,,,,,,,,,,
geo_02,2022-07-11,1139593,727771,483882,6606.16,7104.5,5035.55,762.1,641719,2274648.79,0.5325,22344.54,30307.65,0,405139,2167894.72,,,,,,,,,,,,,,,,,
geo_02,2022-07-18,1077196,743839,478022,6663,7105.48,5042.3,725.56,646070,1979237.71,0.5104,20356.88,26169.14,1,400272,2158261.32,,,,,,,,,,,,,,,,,
geo_02,2022-07-25,1293981,933397,545529,9338.51,9490.94,5714.52,827.35,637342,1990372.76,0.5085,23997.96,29658.46,1,558587,2517943.02,,,,,,,,,,,,,,,,,
geo_02,2022-08-01,1394976,778987,517126,8606.57,7060.18,6891.18,691.39,664254,1743015.36,0.4958,19004.39,30321.68,0,454068,1880851.37,,,,,,,,,,,,,,,,,
geo_02,2022-08-08,1127522,825315,727397,7406.21,7251.33,8398.89,660.8,655351,1844256.85,0.5209,17283.86,24531.74,0,443356,1827564.2,,,,,,,,,,,,,,,,,
geo_02,2022-08-15,1204672,845686,465049,7877.59,6659.74,5436.03,747.42,658220,2003202.13,0.5401,22043.81,27322.31,0,469211,2017784.61,,,,,,,,,,,,,,,,,
geo_02,2022-08-22,1095781,785291,495717,6079.96,6607.86,5791.18,625.79,653600,2088617.55,0.4666,17881.57,19237.12,0,354375,1853999.61,,,,,,,,,,,,,,,,,
geo_02,2022-08-29,1149566,910219,498390,7714.49,9298.61,6496.1,614.29,650312,2242198.45,0.5063,18205.97,23213.44,1,406858,1937079.3,,,,,,,,,,,,,,,,,
geo_02,2022-09-05,1279574,803379,439185,7693.6,7890.64,4185.02,693.84,647414,2038730.45,0.5516,20317.73,29262.09,1,530666,2003806.68,,,,,,,,,,,,,,,,,
geo_02,2022-09-12,1339172,707941,440718,7603.71,7373.65,5474.88,589.32,660534,1936764.7,0.4942,22215.29,25732.78,0,413125,1576436.48,,,,,,,,,,,,,,,,,
geo_02,2022-09-19,1047780,716153,617051,5938.72,5443.87,6739.15,656.1,648859,2465961.61,0.5056,18854.25,32212.73,0,449498,1819699.29,,,,,,,,,,,,,,,,,
geo_02,2022-09-26,1414913,821668,432246,8442.63,7278.05,5719,565.68,645696,1985666.23,0.511,16852.06,22552.43,0,411391,1605896.82,,,,,,,,,,,,,,,,,
geo_02,2022-10-03,1176295,837429,586512,8695.57,8787.89,6681.87,520.8,639574,1690825.94,0.4581,18191.68,27969.56,0,468403,1669029.23,,,,,,,,,,,,,,,,,
geo_02,2022-10-10,1251508,743303,441722,8775.41,5422.55,4119.67,534.96,653298,1656684.18,0.542,18180.2,28107.81,0,545548,1430033.11,,,,,,,,,,,,,,,,,
geo_02,2022-10-17,1545141,954707,478291,10636.42,7833.28,6552.55,660.04,654821,1826665,0.5107,21302.21,26557.19,0,442281,1969428.11,,,,,,,,,,,,,,,,,
geo_02,2022-10-24,1150403,992139,546740,6496.66,7644.86,6426.83,803.79,666304,1898278.49,0.5724,18996.83,30988.17,1,614016,2624173.86,,,,,,,,,,,,,,,,,
geo_02,2022-10-31,1460648,965045,585488,8498.88,7176.2,6933.78,793.98,655396,2007121.24,0.4725,21307.48,32806.03,0,473072,2138623.33,,,,,,,,,,,,,,,,,
geo_02,2022-11-07,1362828,1007541,445152,8564.99,8767.17,5657.2,722.96,646945,2499986.97,0.5022,24643.95,37377,0,411057,1944634.82,,,,,,,,,,,,,,,,,
geo_02,2022-11-14,1508109,1116568,584622,10521.08,8479.15,7376.75,725.46,641766,2279336.22,0.5084,26372.46,31626.21,0,392920,1761205.64,,,,,,,,,,,,,,,,,
geo_02,2022-11-21,1478458,1291198,576321,10941.68,11383.53,7069.72,937.63,645035,2048901.34,0.4993,29984.1,35279.83,1,418199,2402060.58,,,,,,,,,,,,,,,,,
geo_02,2022-11-28,1459321,1029608,652014,9380.81,7395.66,8288.7,972.04,642516,2453254.51,0.5391,26533.82,36726.14,1,461002,2847513.09,,,,,,,,,,,,,,,,,
geo_02,2022-12-05,1452119,1052694,518172,8846.53,7478.77,5461.86,1032.98,679015,2509586.94,0.5665,21799.49,45874.71,0,456122,2982603.63,,,,,,,,,,,,,,,,,
geo_02,2022-12-12,1510361,1052671,638783,10036.57,8773.72,7312.02,937.21,651031,2309752.34,0.5684,24481.18,27229.14,0,369100,2461273.34,,,,,,,,,,,,,,,,,
geo_02,2022-12-19,1427207,953415,768701,9016.99,9908.59,7590.61,937.51,635284,2529968.35,0.5524,25455.88,27656.21,0,438158,2227918.91,,,,,,,,,,,,,,,,,
geo_02,2022-12-26,1811655,785992,532533,13543.99,6166.27,7094.54,894.43,666814,2549764.75,0.5916,25846.41,41129.61,0,450138,2289394.93,,,,,,,,,,,,,,,,,
geo_02,2023-01-02,1616634,782297,497508,12005.77,5527.7,5609.46,900.31,656500,1923366.6,0.5653,23471.95,29785.79,0,421034,2791691.88,,,,,,,,,,,,,,,,,
geo_02,2023-01-09,1393698,725682,733507,9167.8,5838.03,9400.58,897.7,657113,1972518.77,0.6624,25821.47,34305.44,0,468365,2408552.93,,,,,,,,,,,,,,,,,
geo_02,2023-01-16,1548729,953541,472640,10382.22,8354.03,4466.58,985.1,644850,2262421.09,0.6416,31368.93,36776.19,1,467610,2925432.3,,,,,,,,,,,,,,,,,
geo_02,2023-01-23,1428416,815947,606631,10296.3,5716.29,7509.32,956.69,633514,2182218.69,0.6103,24172.64,27771.23,1,429368,2891675.65,,,,,,,,,,,,,,,,,
geo_02,2023-01-30,1486794,1003015,597835,10235.7,9042.76,6287.55,765.97,649055,2200745.99,0.6344,33993.16,30201.97,0,534905,2331105.99,,,,,,,,,,,,,,,,,
geo_02,2023-02-06,1508873,892720,687067,11199.84,7829.29,9319.15,871.87,659743,2270033.93,0.6551,23945.34,42437.58,0,500448,2785834.01,,,,,,,,,,,,,,,,,
geo_02,2023-02-13,1313051,1012500,492615,10460.39,9396.95,6157.5,993.72,647488,1961122.03,0.6979,22676.61,38431.71,0,460147,2730842.42,,,,,,,,,,,,,,,,,
geo_02,2023-02-20,1439746,951848,757631,9762.15,7380.39,10374.28,830.15,660656,2226203.19,0.6557,21323.26,30149.75,0,449002,2549545.73,,,,,,,,,,,,,,,,,
geo_02,2023-02-27,1529084,888560,781915,9082.19,6907,7821.75,917.68,652389,2270587.88,0.6837,23952.93,36402.38,0,531073,2704555.66,,,,,,,,,,,,,,,,,
geo_02,2023-03-06,1607447,988324,406071,12385.72,7289.66,4820.66,998.79,645214,2148164.77,0.6507,27669.8,44030.12,1,550092,3267482.91,,,,,,,,,,,,,,,,,
geo_02,2023-03-13,1380422,1034037,604722,8083.35,7641.3,5842.78,760.56,661035,2427791.33,0.6933,26731.66,43795.41,0,511469,2262720.64,,,,,,,,,,,,,,,,,
geo_02,2023-03-20,1356643,704557,582379,8818.02,6580.6,6406.79,729.49,658270,2579025.98,0.6691,28412.17,37672.92,0,525427,2096068.75,,,,,,,,,,,,,,,,,
geo_02,2023-03-27,1556691,952353,710222,12068.96,8556.18,7080.18,862.62,669891,2725374.11,0.706,27434.9,35339.4,0,531400,2364732.33,,,,,,,,,,,,,,,,,
geo_02,2023-04-03,1435557,1005490,864931,9031.31,10262.49,9268.87,968.7,643512,1784263.12,0.6443,36929.45,37913.38,1,467070,3177900.18,,,,,,,,,,,,,,,,,
geo_02,2023-04-10,1414767,1105543,561552,9963.95,11100.87,5365.08,819.92,658525,2063593.45,0.6886,23420.89,23515.11,0,439261,2588445.08,,,,,,,,,,,,,,,,,
geo_02,2023-04-17,1501548,981432,547739,9904.24,7806.03,6733.95,861.26,663360,2101116,0.7095,28621.76,33433.22,0,483871,2512460.27,,,,,,,,,,,,,,,,,
geo_02,2023-04-24,1233450,934959,682627,9860.35,9543.18,8141.38,1078.48,645429,2446918.7,0.7357,24894.64,25437.29,0,453546,3607289.38,,,,,,,,,,,,,,,,,
geo_02,2023-05-01,1306902,1225671,630136,7869.93,8777.31,7128.83,865.08,645482,2018457.9,0.6133,25299.69,31830.12,0,456107,2405238.17,,,,,,,,,,,,,,,,,
geo_02,2023-05-08,1613588,958656,732060,11055.39,8564.01,9204.01,785.97,658254,2305688.92,0.6853,28389.51,36644.45,0,484919,2336230.97,,,,,,,,,,,,,,,,,
geo_02,2023-05-15,1321691,888312,794227,10000.4,6447.31,7190.75,928.76,665604,1744487.56,0.6213,25461.04,32414.8,0,527341,2538718.32,,,,,,,,,,,,,,,,,
geo_02,2023-05-22,1429734,917386,867482,10742.97,6824.11,8183.59,823.74,651501,2401060.49,0.6739,25799.78,32866.77,0,385459,2366219.99,,,,,,,,,,,,,,,,,
geo_02,2023-05-29,1244921,817108,453786,8824.42,6959.29,4638.91,771.44,662106,2575540.26,0.6159,25611.16,37214.99,0,524479,2569757.06,,,,,,,,,,,,,,,,,
geo_02,2023-06-05,1650569,986459,507174,9528.14,9304.91,5563.28,741.26,670484,1710233.32,0.6165,26877.63,31966.57,0,533144,2138777.88,,,,,,,,,,,,,,,,,
geo_02,2023-06-12,1636946,822780,617914,11909.47,7407.14,8278.3,786.13,651288,2566583.87,0.6394,20172.54,21872.3,0,481305,2171206.12,,,,,,,,,,,,,,,,,
geo_02,2023-06-19,1323802,863257,583434,10192.54,7476.1,6246.69,800.95,663019,1883926.99,0.6788,23185.29,30349.91,0,503076,2322813.13,,,,,,,,,,,,,,,,,
geo_02,2023-06-26,1040434,1178526,560963,7955.01,8469.75,6718.14,752.2,656426,2395331.73,0.5795,25906.03,29049.71,0,503327,1961300.42,,,,,,,,,,,,,,,,,
geo_02,2023-07-03,1197485,798920,438382,7313.59,6601.6,5511.87,756.57,635585,2150621.18,0.5969,20877.14,25683.7,0,439859,2518578.6,,,,,,,,,,,,,,,,,
geo_02,2023-07-10,1721846,691195,540275,10366.72,6802.46,7331.55,683.56,652733,2008837.21,0.525,24244.16,33268.59,0,532603,1878567.89,,,,,,,,,,,,,,,,,
geo_02,2023-07-17,1348317,740467,570728,9423.05,5762.61,5617.08,764.92,675857,2204302.96,0.5919,24441.73,26529.04,0,410857,2180221.91,,,,,,,,,,,,,,,,,
geo_02,2023-07-24,1354365,1080682,533465,9249.56,8337.77,6738.27,751.04,651284,1858727.24,0.5329,21901.71,32359.56,0,527594,1934550.7,,,,,,,,,,,,,,,,,
geo_02,2023-07-31,1333189,1149011,661694,9305.67,8145.75,5979.91,732.84,654962,1848816.49,0.5721,23249.78,25881.96,0,505761,2113584.62,,,,,,,,,,,,,,,,,
geo_02,2023-08-07,1240245,951346,553595,9918.52,7424.1,7281.54,862.18,664262,2020971.53,0.5993,25326.65,32460.37,0,408896,2443586.23,,,,,,,,,,,,,,,,,
geo_02,2023-08-14,1047499,926160,457166,6552.24,6952.87,6221.85,782.35,657231,1917710.56,0.6062,26187.68,30872.51,0,482859,2164361.83,,,,,,,,,,,,,,,,,
geo_02,2023-08-21,1453444,1112570,535211,10600.37,8467.34,6372.63,672.46,636816,2042685.93,0.5431,20209.11,26516.2,0,375473,1907779.08,,,,,,,,,,,,,,,,,
geo_02,2023-08-28,1065053,950773,338702,7693.36,8796.67,4450.42,835.29,652960,2122861.86,0.5042,22462.86,29152.98,0,443387,2466525.22,,,,,,,,,,,,,,,,,
geo_02,2023-09-04,1183123,924713,406886,9275.83,6850.7,5546.65,671.4,657416,2102632.74,0.5132,22963.24,28514.54,0,460025,1865105.87,,,,,,,,,,,,,,,,,
geo_02,2023-09-11,1033521,651187,556955,6458.59,4957.58,5623.86,660.39,657013,1674510.62,0.5809,22367.51,27131.29,0,426468,2005719.23,,,,,,,,,,,,,,,,,
geo_02,2023-09-18,1189666,707572,485037,9202.93,5638.51,5962.16,859.86,665448,1601100.49,0.5612,23417.69,33500.1,1,355772,2792311.92,,,,,,,,,,,,,,,,,
geo_02,2023-09-25,1090193,819084,454887,7995.18,6783.9,5791.35,570.92,638491,2057113.5,0.4833,20503.24,31931.05,1,480296,1511227.13,,,,,,,,,,,,,,,,,
geo_02,2023-10-02,1260008,823326,439356,9658.5,5828.56,5119.55,719.94,650881,1960723.87,0.4464,22481.66,25429.28,1,501454,2487697.92,,,,,,,,,,,,,,,,,
geo_02,2023-10-09,1258331,870807,526883,7456.33,7495.14,5190.13,717.45,666875,1920882.57,0.5146,22729.18,33497.45,1,504266,2500903.13,,,,,,,,,,,,,,,,,
geo_02,2023-10-16,1070964,824998,567675,6218.75,6070.58,6701.01,775.26,659421,1743869.66,0.4945,25196.73,32368.24,1,452354,2536354.59,,,,,,,,,,,,,,,,,
geo_02,2023-10-23,1360978,808346,506862,8111.91,5963.1,5670.81,602.81,652155,2067122.57,0.5222,19429.56,31143.23,0,465280,1732575.91,,,,,,,,,,,,,,,,,
geo_02,2023-10-30,1585003,1189646,649264,11903.51,11457.53,8686.55,780.65,669261,2011087.94,0.5153,23994.45,35646.92,0,469635,2230989.73,,,,,,,,,,,,,,,,,
geo_02,2023-11-06,1715464,781264,638372,13536.47,7862.13,8379.36,769.54,649949,2652137.27,0.5372,25504.01,40772.68,0,547271,2284405.29,,,,,,,,,,,,,,,,,
geo_02,2023-11-13,1509783,810204,818641,10397.97,6542.36,9858.28,823.08,633916,2091985.66,0.5825,34069.74,38262.63,0,476766,2667096.88,,,,,,,,,,,,,,,,,
geo_02,2023-11-20,1927191,838228,609704,10658.61,7722.43,8531.88,977.66,675486,2565694.09,0.5169,27955.34,39894.58,0,439510,2664693.83,,,,,,,,,,,,,,,,,
geo_02,2023-11-27,1711270,1169010,858019,12125.13,11717.44,7898.72,782.09,659731,2451909.14,0.5717,26527.77,33301.12,0,517869,2086329.62,,,,,,,,,,,,,,,,,
geo_02,2023-12-04,1415081,1149202,777915,10717.21,9159.09,8322.46,869.63,650841,2353164.2,0.6135,32096.98,41434.95,1,447976,2779593.14,,,,,,,,,,,,,,,,,
geo_02,2023-12-11,1687561,1058948,740142,13198.03,9620.26,8203.25,976.67,658511,3065338.37,0.5589,27689.84,34096.9,1,460498,3195144.53,,,,,,,,,,,,,,,,,
geo_02,2023-12-18,1870476,1288688,721042,13080.88,11953.54,8947.37,967.56,662454,2553590.91,0.6403,36556.64,47651.81,1,659515,2829451.53,,,,,,,,,,,,,,,,,
geo_02,2023-12-25,1822974,1274512,771173,12587.08,10650.94,10713.02,1221.88,657058,2172964.56,0.6259,27319.57,44354.93,0,504956,4048791.06,,,,,,,,,,,,,,,,,
geo_02,2024-01-01,1209900,1005664,515510,7464.02,9766.46,5493.27,862.18,679416,2061528.3,0.6671,31920.84,36091.42,0,542797,2598208.19,,,,,,,,,,,,,,,,,
geo_02,2024-01-08,1463104,1052065,651885,11036.88,10780.97,7825.88,909.86,652536,2561040.4,0.7073,26978.64,33238.31,0,460871,2579370.05,,,,,,,,,,,,,,,,,
geo_02,2024-01-15,1482807,1133907,698713,11716.15,9011.03,9176.37,1030.77,658109,1970774.18,0.6304,23533.07,34536.64,0,570477,3175608.93,,,,,,,,,,,,,,,,,
geo_03,2021-01-25,1677194,1094365,871260,9688.71,8067.39,11064.76,743.97,799067,2500027.86,0.6268,28572.9,37962.69,0,594995,1942061.73,,,,,,,,,,,,,,,,,
geo_03,2021-02-01,1715880,1055116,613842,11895.75,11074.52,5604.15,901.98,811537,2453945.15,0.6258,22361.81,37078.24,0,550775,2461170.02,,,,,,,,,,,,,,,,,
geo_03,2021-02-08,1688315,1413962,621048,10343.08,14670.05,6540.44,1031.05,790588,2547406.37,0.6008,26146.2,37872.92,1,643117,3251965.29,,,,,,,,,,,,,,,,,
geo_03,2021-02-15,1851782,1280153,614613,12351.78,10426.71,5870.05,805.3,791460,2232439.37,0.6006,25411.31,36521.73,0,503135,2103652.58,,,,,,,,,,,,,,,,,
geo_03,2021-02-22,1783890,1154831,831391,13563.95,10180.82,8923.96,947.67,797872,2234254.59,0.616,29632.08,44412.56,0,452117,2637792.2,,,,,,,,,,,,,,,,,
geo_03,2021-03-01,1562375,1244368,861642,11213.64,10691.33,8994.95,1022.07,809787,2270843.51,0.6538,25487.92,37877.43,0,458565,2668096.85,,,,,,,,,,,,,,,,,
geo_03,2021-03-08,2202948,889283,732485,13477.19,8286.29,7164.31,837.14,806441,2413259.87,0.6221,30350.6,41201.65,0,485690,2260134.14,,,,,,,,,,,,,,,,,
geo_03,2021-03-15,1386328,1096994,860032,8748.91,10431.7,10822.27,1010.06,786014,2327926.16,0.6023,31119.6,30375.62,0,550989,2323128.43,,,,,,,,,,,,,,,,,
geo_03,2021-03-22,1785327,1236912,887348,10119.7,12542.89,12025.4,1196.06,782827,2671402.72,0.6159,30256.59,33860.55,0,563282,3723579.28,,,,,,,,,,,,,,,,,
geo_03,2021-03-29,1854805,1444714,626619,11647.12,13357.47,7565.06,1142.54,804071,2515110.39,0.6109,32150.37,40689.05,1,492049,3201646.67,,,,,,,,,,,,,,,,,
geo_03,2021-04-05,1478579,996427,709466,8310.02,8937.41,7773.79,1031.88,767929,2661754.1,0.6435,29694.34,32025.34,1,494113,3032238.9,,,,,,,,,,,,,,,,,
geo_03,2021-04-12,1494550,1213743,775464,11207.13,9062.31,9874.46,1019.99,804126,2664471.95,0.6353,28707.09,38806.61,0,500901,2788473.53,,,,,,,,,,,,,,,,,
geo_03,2021-04-19,1506941,807679,763902,10231.72,8208.66,7505.02,996,780689,2288152.53,0.6225,35756.04,48454.97,0,480629,3101434.93,,,,,,,,,,,,,,,,,
geo_03,2021-04-26,1703866,1134380,752110,13015.85,10916.33,7863.68,1085.28,792387,3177024.48,0.6365,25002.23,35025.74,0,511475,2920026.03,,,,,,,,,,,,,,,,,
geo_03,2021-05-03,1594504,875698,763468,11848.23,7817.11,10623.68,857.74,804751,2340548.74,0.6518,30728.26,41191.29,0,605599,2345158.11,,,,,,,,,,,,,,,,,
geo_03,2021-05-10,1614056,942414,693983,10178.79,9586.32,7282.39,1237.62,803781,2582543.19,0.6033,26211.88,39448.53,1,549461,3744959.64,,,,,,,,,,,,,,,,,
geo_03,2021-05-17,1408148,1042636,692646,10138.88,7545.28,6868.07,928.58,793400,2341621.87,0.6538,31748.93,36231.85,0,551526,2583340.85,,,,,,,,,,,,,,,,,
geo_03,2021-05-24,1758595,841392,625221,13677.01,8082.63,8539.97,699.91,796710,2103940.45,0.619,35610.25,28938.12,0,607999,1894036.9,,,,,,,,,,,,,,,,,
geo_03,2021-05-31,1847116,1110571,734935,13502.08,8114.59,10272.65,892.43,799765,2707152.47,0.5176,22384.11,32556.21,0,514615,2225645.2,,,,,,,,,,,,,,,,,
geo_03,2021-06-07,1491101,1019739,484933,10532.63,8991.87,6564.2,924.16,801611,2474370.44,0.5691,28113.09,41442.87,0,517208,2410510.67,,,,,,,,,,,,,,,,,
geo_03,2021-06-14,1650012,1037492,624219,11876,9864.36,7252.26,817.67,787832,2444876.31,0.5989,25527.46,46344.21,0,515830,2011013.1,,,,,,,,,,,,,,,,,
geo_03,2021-06-21,1673996,901295,865764,12520.78,8425.57,9083.48,846.98,810787,2886180.53,0.5683,25324.05,32857.48,0,512972,2365788.67,,,,,,,,,,,,,,,,,
geo_03,2021-06-28,1582040,1163799,686146,12424.33,9040.57,6518.75,833.5,782592,2422152.55,0.64,22568.35,34613.93,0,538510,2317696.55,,,,,,,,,,,,,,,,,
geo_03,2021-07-05,1524583,1557835,648467,11184.47,14574.47,6913.04,807.82,803949,2050799.59,0.4648,24907.64,40592.33,0,538283,2230345.66,,,,,,,,,,,,,,,,,
geo_03,2021-07-12,1723067,1098082,749808,10818.96,8545.54,9692.05,952.59,773216,1940574.66,0.4783,22582.14,33107.86,1,557785,2952714.12,,,,,,,,,,,,,,,,,
geo_03,2021-07-19,1342706,949783,651058,10207.18,8407.59,6058.52,809.97,797291,2687471.38,0.5095,25114.09,31460.1,0,373011,2334243.14,,,,,,,,,,,,,,,,,
geo_03,2021-07-26,1679571,1375868,643397,10346.75,12494.33,8357.52,1068.93,793801,2179190.44,0.459,20743.56,30641.12,1,529089,2956353.22,,,,,,,,,,,,,,,,,
geo_03,2021-08-02,1665183,957996,563757,10190,7743.5,5776.63,697.45,810831,2161984.54,0.5117,22059.67,34612.36,0,583574,2000630.1,,,,,,,,,,,,,,,,,
geo_03,2021-08-09,1283475,925310,547666,8241.1,8588.88,5879.28,830.51,789953,2370675.73,0.5239,22936.49,33757.78,0,470133,2194547.1,,,,,,,,,,,,,,,,,
geo_03,2021-08-16,1393203,718831,644213,8500.82,6976.1,6720.68,641.94,796191,1963994.48,0.4974,24197.87,28892.78,0,571568,1658936.06,,,,,,,,,,,,,,,,,
geo_03,2021-08-23,1321146,893727,588314,9999.07,7308.81,7257.13,832.18,777447,2452828.03,0.5041,23400.3,36379.04,0,543419,2142701.43,,,,,,,,,,,,,,,,,
geo_03,2021-08-30,1404015,1082707,722719,10596.25,9304.97,6933.98,878.2,803739,2051457.23,0.4961,21634.04,25537.74,0,583035,2645525.63,,,,,,,,,,,,,,,,,
geo_03,2021-09-06,1430600,921589,474743,8427.71,9106.7,6038.38,833.17,823618,2362550.49,0.5148,22348.11,31405.02,0,577209,2293669.65,,,,,,,,,,,,,,,,,
geo_03,2021-09-13,1356612,1027976,762652,10832.85,10349.97,10342.85,837.9,805140,2233842.16,0.5309,24669.31,33535.92,1,630311,2369406.41,,,,,,,,,,,,,,,,,
geo_03,2021-09-20,1711330,883331,584176,11744.15,8808.33,5915.49,768.28,796062,2155692.14,0.4907,22547.06,33487.91,0,473201,2123016.7,,,,,,,,,,,,,,,,,
geo_03,2021-09-27,1708333,1334447,477527,10629.25,9978.52,6490.99,759.42,791558,2231240.78,0.476,24303.41,28469.57,0,454970,1919399.67,,,,,,,,,,,,,,,,,
geo_03,2021-10-04,1435098,995753,431873,10764.58,8683.6,4408.36,609.36,803554,1797509.38,0.5001,20742.69,35934.05,0,445142,1487540.3,,,,,,,,,,,,,,,,,
geo_03,2021-10-11,1419243,806799,658603,10769.08,6860.78,9110.93,851.66,791984,2451755.16,0.47,28711.92,36603.54,1,447167,2694494.24,,,,,,,,,,,,,,,,,
geo_03,2021-10-18,1370095,914108,719305,7727.14,7564.56,8944.2,596,796549,1880217.87,0.4489,27199.93,30389.92,0,517802,1590043.17,,,,,,,,,,,,,,,,,
geo_03,2021-10-25,1329981,687789,680555,7923.96,5885.84,6769.16,774.79,796605,2189174.02,0.5356,24322.65,26743.93,0,531338,2162673.6,,,,,,,,,,,,,,,,,
geo_03,2021-11-01,1480139,897553,673901,8499.81,7700.54,6210.47,1015.51,800946,2548465.49,0.4538,24088.25,42483.63,0,541564,2719476.16,,,,,,,,,,,,,,,,,
geo_03,2021-11-08,1810160,914931,757673,11893.26,7767.22,10571.91,994.17,792700,2637144.03,0.5468,33774.68,40218.27,1,525789,2987794.38,,,,,,,,,,,,,,,,,
geo_03,2021-11-15,2190100,1102643,568812,16643.6,8243.64,5673.44,938.05,803474,2456287.73,0.526,27860.57,34883.84,1,456910,2719664.18,,,,,,,,,,,,,,,,,
geo_03,2021-11-22,1965661,1107086,639613,12235.78,7871.23,8462.25,1099.12,801850,2804398.85,0.522,37045.53,43071.93,0,512255,2812836.31,,,,,,,,,,,,,,,,,
geo_03,2021-11-29,2019918,1254346,773563,13561.44,10148.41,8711.27,1019.7,778573,2449491.47,0.4844,23183.46,43151.54,1,406032,3097489.78,,,,,,,,,,,,,,,,,
geo_03,2021-12-06,1707317,1253886,627409,12769.4,9510.27,5932.69,961.27,816042,3080568.11,0.4921,34487.18,41398.4,0,510755,2851850.62,,,,,,,,,,,,,,,,,
geo_03,2021-12-13,1814278,1729790,959723,13992.24,12946.45,8898.12,1320.88,796529,2671813.03,0.5462,37648.44,35877.78,0,493302,4102347.74,,,,,,,,,,,,,,,,,
geo_03,2021-12-20,2206972,1204653,769163,12616.37,11968.47,9078.92,1240.92,800300,2869585.74,0.5033,24424.22,41838.2,0,541401,3727682.56,,,,,,,,,,,,,,,,,
geo_03,2021-12-27,1810036,1166323,713212,10880.22,10203.59,8278.56,1313.63,805809,2741369.74,0.5219,27726.42,42068.9,0,434879,3476292.44,,,,,,,,,,,,,,,,,
geo_03,2022-01-03,1683758,976210,684668,12234.56,8503.37,8217.13,896.42,812676,1945122.05,0.5823,35829.51,44286.23,0,529093,2756341.15,,,,,,,,,,,,,,,,,
geo_03,2022-01-10,1653239,749771,575782,10859.4,6132.61,5616.52,898.34,791581,2740717.39,0.5433,28554.08,37724.72,0,559156,2631673.61,,,,,,,,,,,,,,,,,
geo_03,2022-01-17,1576930,1071570,793614,10643.81,8731.82,10883.48,946.87,798151,2563003.86,0.6555,26651.04,39509.17,0,591085,2870945.66,,,,,,,,,,,,,,,,,
geo_03,2022-01-24,1562852,1011984,850532,9706.48,7808.12,8913.95,922.36,813129,2557511.92,0.589,32282.66,35305.49,0,619882,2691991.72,,,,,,,,,,,,,,,,,
geo_03,2022-01-31,1694917,1264626,636424,11974.68,10263.73,6152.15,871.32,797225,3042543.8,0.615,28745.49,38388,0,556074,2075067.13,,,,,,,,,,,,,,,,,
geo_03,2022-02-07,1549841,1050845,954709,11463.23,8952.16,13111.91,877.62,815884,2478871.29,0.6357,33650.85,34223.68,0,578693,2385600.4,,,,,,,,,,,,,,,,,
geo_03,2022-02-14,1601629,1143913,599444,10677.69,8553.74,6627.31,972.56,796936,2721413.38,0.5639,31426.04,59127.05,0,591332,2977778.12,,,,,,,,,,,,,,,,,
geo_03,2022-02-21,1865774,1639750,801387,10975.99,15438.8,9090.3,1007.98,774911,2432085.31,0.6434,27677.54,37709.9,0,506008,2654326.03,,,,,,,,,,,,,,,,,
geo_03,2022-02-28,1778181,1320214,667263,12959.04,10473.42,7860.26,880.72,785773,2915479.89,0.7192,25758.88,39576.76,0,665958,2648500.63,,,,,,,,,,,,,,,,,
geo_03,2022-03-07,1883367,1479881,1001709,12549.1,14857.63,12696.3,1415.94,804364,2368555.66,0.641,31369.17,38321.03,1,566657,4328668.37,,,,,,,,,,,,,,,,,
geo_03,2022-03-14,2102993,1187800,707388,13533.24,10752.38,9602.23,1438.86,803682,2379164.27,0.6966,31921.83,40252.75,1,477688,5020969.65,,,,,,,,,,,,,,,,,
geo_03,2022-03-21,1775402,1227503,647387,12655.25,9497.33,6810.38,770.64,808509,2898820.89,0.6801,36341.6,37204.67,0,702985,2106985.44,,,,,,,,,,,,,,,,,
geo_03,2022-03-28,2153851,1270984,1036800,14568.95,12201.49,13956.91,941.72,789487,2300188.45,0.679,32940.14,41222.49,0,546643,2479321.81,,,,,,,,,,,,,,,,,
geo_03,2022-04-04,2120984,942995,677510,13685.57,9419.76,6587.38,1050.39,825722,2695076.16,0.7214,31253.54,48764.63,1,596515,3385932.92,,,,,,,,,,,,,,,,,
geo_03,2022-04-11,1501069,1133150,842657,10677.05,10337.03,9408.77,916.54,801093,3154742.99,0.6552,27770.94,39585.98,0,547389,2551426.65,,,,,,,,,,,,,,,,,
geo_03,2022-04-18,1758921,1267629,479186,10791.65,11947.93,5354.43,1000.72,799659,2424671.06,0.6933,30729.36,36855.6,0,583143,2864482.52,,,,,,,,,,,,,,,,,
geo_03,2022-04-25,2005615,1287776,918375,11081.56,12238.01,9443.73,1192.44,811622,2681854.95,0.7061,38561.04,41348.62,0,606491,3410060.7,,,,,,,,,,,,,,,,,
geo_03,2022-05-02,1745038,1045797,743013,12397.68,9454.58,7436.03,1072.08,804788,2901948.95,0.6312,33533.12,40925.93,0,585150,3456222.59,,,,,,,,,,,,,,,,,
geo_03,2022-05-09,1790881,1166647,615788,11367.76,10731.76,5849.84,1176.07,809346,2515643.76,0.6262,29588.02,36890.72,0,477983,3196319.5,,,,,,,,,,,,,,,,,
geo_03,2022-05-16,1573036,1016016,843476,9959.07,10254,8163.94,1118.8,800464,2195322.66,0.6266,33444.98,42312.7,0,544200,3606270.55,,,,,,,,,,,,,,,,,
geo_03,2022-05-23,1922039,1037330,723755,14855.93,7392.24,8168.8,883.94,802763,2697865.5,0.6156,23600.66,32661.62,0,530624,2506681.63,,,,,,,,,,,,,,,,,
geo_03,2022-05-30,1926433,1210003,728710,12792.72,9653.45,7807.84,833.58,809847,2084712.54,0.602,28239.86,45278.02,0,630201,2188801.92,,,,,,,,,,,,,,,,,
geo_03,2022-06-06,1613827,884282,773913,12331.05,7153.71,9404.33,855.62,797990,2541527.29,0.6624,21155.95,34514.14,0,602514,2384558.52,,,,,,,,,,,,,,,,,
geo_03,2022-06-13,1788370,1052591,641687,13197.76,9497.33,8361.72,916.96,801578,2420676.78,0.6383,31256.74,44782.67,0,551971,2473362.74,,,,,,,,,,,,,,,,,
geo_03,2022-06-20,1428769,1008875,673901,8209.74,9219.21,7837.01,888.37,818672,2091508.93,0.569,28519.58,39541.82,0,593133,2524401.26,,,,,,,,,,,,,,,,,
geo_03,2022-06-27,1697094,1352421,764662,13194.35,12675.71,8094.9,970.5,801257,2432029.46,0.5397,31783.94,41267.53,0,629568,2821654.09,,,,,,,,,,,,,,,,,
geo_03,2022-07-04,1590702,1146663,602613,11623.69,9554.36,6580.97,850.44,799054,2833146.4,0.5858,27785.65,36573.42,0,432808,2241951.88,,,,,,,,,,,,,,,,,
geo_03,2022-07-11,1659430,940566,646612,12332.44,7209.57,7616.16,863.21,829755,2480825.1,0.5433,25294.18,30228.43,0,582890,2439114.17,,,,,,,,,,,,,,,,,
geo_03,2022-07-18,1672216,992562,594540,9639.57,8691.18,5922.39,794.94,809231,2399301.16,0.5128,21350.19,39279.77,0,497443,2271704.65,,,,,,,,,,,,,,,,,
geo_03,2022-07-25,1508026,1179515,481874,10156.26,10809.56,4957.21,784.8,795962,2204882.73,0.5286,24675.03,38940.65,0,670179,2255293.41,,,,,,,,,,,,,,,,,
geo_03,2022-08-01,1944939,918115,623164,11678.48,9490.79,8710.58,911.67,781029,2030250.41,0.4811,23973.99,33133.34,0,527558,2760224.83,,,,,,,,,,,,,,,,,
geo_03,2022-08-08,1598360,837139,696993,10207.58,7376.55,6424.25,996.48,797822,2238369.13,0.5552,23400.72,43274.32,0,520944,2368267.07,,,,,,,,,,,,,,,,,
geo_03,2022-08-15,1733784,931619,643943,13598.55,9641.93,7165.77,774.37,818820,2336416.31,0.4482,24193.75,40709.66,0,505206,2212478.47,,,,,,,,,,,,,,,,,
geo_03,2022-08-22,1453624,1264248,470625,9910.44,11928.49,4981.96,753.53,814139,2391731.87,0.5328,31033.49,38533.2,0,597665,2282970.97,,,,,,,,,,,,,,,,,
geo_03,2022-08-29,1578061,1017939,586853,11642.84,9943.74,6514.44,776.14,818584,2223185.74,0.4762,26095.57,32887.33,0,581545,2380948.48,,,,,,,,,,,,,,,,,
geo_03,2022-09-05,1407095,927211,765036,9721.16,6710.66,7921.28,785.63,811420,2627239.06,0.4513,25427.11,42945.4,0,524811,2323066.51,,,,,,,,,,,,,,,,,
geo_03,2022-09-12,1266532,1198168,735014,9235.95,10388.44,7674.31,853.85,799665,2021145.79,0.4357,21878.84,26962.09,0,541575,2424576.37,,,,,,,,,,,,,,,,,
geo_03,2022-09-19,1845676,915720,648415,11299.04,9458.72,7655.25,751.53,801587,2203312.16,0.517,26501.69,31212.04,0,464399,2053994.14,,,,,,,,,,,,,,,,,
geo_03,2022-09-26,1473814,826798,634065,8318.81,6157.82,6523.42,828.82,795254,2106640.72,0.4905,21413.86,44620.89,0,545563,2073781.75,,,,,,,,,,,,,,,,,
geo_03,2022-10-03,1243049,930787,630545,9358.82,6690.93,5678.97,743.1,796008,2300164.91,0.4774,28391.29,32395.42,0,595853,2383029.25,,,,,,,,,,,,,,,,,
geo_03,2022-10-10,1713310,1146115,827490,12045.06,11631.84,7451.36,726.08,764012,2041762.83,0.555,32625.99,35644.04,0,543050,2038674.61,,,,,,,,,,,,,,,,,
geo_03,2022-10-17,1376784,989064,487810,8886.86,8051.25,5634.23,804.33,806584,2217739.1,0.4578,26302.51,29378.49,0,607347,2040675.59,,,,,,,,,,,,,,,,,
geo_03,2022-10-24,1419658,944367,634278,8027.56,7855.89,8277.99,748.42,810356,2054270.59,0.4911,20761.8,37702.33,0,538966,2045063.66,,,,,,,,,,,,,,,,,
geo_03,2022-10-31,1474727,992771,908276,11093.8,9864.3,11784.5,926.34,788389,2435255.46,0.5105,29417.53,53632.59,0,508359,2908839.41,,,,,,,,,,,,,,,,,
geo_03,2022-11-07,1720260,1095177,698090,10904.02,8566.75,6318.57,908.02,790684,2955708.25,0.5141,26218.41,33522.3,0,481397,2347209.1,,,,,,,,,,,,,,,,,
geo_03,2022-11-14,1825492,1432219,692084,13721,14518.88,7553.09,1237.25,802192,2516871.2,0.4511,27038.89,41614.35,1,511568,3881595.66,,,,,,,,,,,,,,,,,
geo_03,2022-11-21,2350808,1627583,927454,16841.11,12136.29,10305.63,1042.03,810014,3077735.16,0.5043,31047.39,31749.56,0,592252,3151270.77,,,,,,,,,,,,,,,,,
geo_03,2022-11-28,1664725,1773060,956510,12187.03,16140.38,11279.56,917.67,818153,3344648.03,0.4725,33813.97,46304.14,0,565489,2481020.02,,,,,,,,,,,,,,,,,
geo_03,2022-12-05,1712090,1354126,679237,11203.13,12881.48,6781.49,1065.96,786125,3056502.47,0.5369,32959.49,48446.08,0,598527,2991106.23,,,,,,,,,,,,,,,,,
geo_03,2022-12-12,1770597,1168720,792842,12792.3,9640.65,7402.34,1062.67,783258,2906210.75,0.5497,27994.39,41422.04,0,517059,2864559.8,,,,,,,,,,,,,,,,,
geo_03,2022-12-19,1806631,1323069,844585,13064.44,10994.78,9053.56,1207.71,806668,3036770.18,0.6176,40449.93,47145.06,0,632476,3711685.74,,,,,,,,,,,,,,,,,
geo_03,2022-12-26,1902823,1113016,914363,13752.12,10578.73,9487.26,1339.85,795931,3389637.44,0.4997,42416.25,42804.69,1,518074,4099561.5,,,,,,,,,,,,,,,,,
geo_03,2023-01-02,2111226,1206224,973590,13584.97,11001.33,12568.78,950.61,813444,2972111.37,0.6106,33691.41,36026.43,0,638002,2820289.06,,,,,,,,,,,,,,,,,
geo_03,2023-01-09,1712029,1201812,745766,11705.19,10574.49,9894.12,1233.99,780958,2141649.47,0.6398,29191.21,35639.33,0,644329,4113934.25,,,,,,,,,,,,,,,,,
geo_03,2023-01-16,1543294,906636,831507,8569.31,7106.21,10434.84,1060.21,806649,2648806.07,0.6224,31940.27,47508.21,0,556218,3040379.54,,,,,,,,,,,,,,,,,
geo_03,2023-01-23,1843626,1258966,805003,11002.9,10436,8320.07,877.8,812226,2350416.02,0.6332,31720.31,35312.44,0,534441,2567486.11,,,,,,,,,,,,,,,,,
geo_03,2023-01-30,1774854,1260114,698223,10083.79,12292.1,6725.33,946.5,811415,2752544.25,0.6388,29822.87,39595.04,0,546011,3155359.85,,,,,,,,,,,,,,,,,
geo_03,2023-02-06,1995495,1041612,867751,15615.96,9955.19,9325.16,1056.61,790451,2992320.75,0.6683,30387.64,45580.17,0,581033,3212910.13,,,,,,,,,,,,,,,,,
geo_03,2023-02-13,1848788,1001295,745709,12695.71,8008.04,9984.77,1035.83,810204,2963599.19,0.6831,33171.96,35648.97,0,608409,2951200.85,,,,,,,,,,,,,,,,,
geo_03,2023-02-20,2163242,1278776,749022,12661.78,10187.31,9197.62,1142.64,825854,2675908.09,0.6747,33447.48,46305.48,0,634691,3213661.57,,,,,,,,,,,,,,,,,
geo_03,2023-02-27,2081801,1055582,685544,14303.87,7928.08,6441.44,1022.87,794180,3019315.26,0.7005,36255.4,46448.02,0,677840,3189909.26,,,,,,,,,,,,,,,,,
geo_03,2023-03-06,1860774,1164861,643154,10300.37,9035.03,8162.65,1079.71,798765,2445331,0.6618,32491.4,38523.3,0,609658,3121163.98,,,,,,,,,,,,,,,,,
geo_03,2023-03-13,1691057,1238858,631732,11791.57,9588.95,8101.92,1259.29,804945,3108519.29,0.6384,30080.95,45292.14,0,632981,4038757.29,,,,,,,,,,,,,,,,,
geo_03,2023-03-20,1663700,1296074,532786,9926.99,13575.44,5225.36,802.9,820463,3072210.72,0.6619,29395.27,40825.88,0,536619,1979953,,,,,,,,,,,,,,,,,
geo_03,2023-03-27,1881027,1443578,929630,10573.1,13408.83,11351.98,952.28,794553,2995856.63,0.7452,36160.73,47621.27,0,575909,2619940.25,,,,,,,,,,,,,,,,,
geo_03,2023-04-03,1808224,1102431,932468,14041.84,11393.34,8408.45,1209.99,833335,2461825.94,0.6985,31973.74,53495.06,0,546377,3354099.61,,,,,,,,,,,,,,,,,
geo_03,2023-04-10,1678983,1267843,746778,11345.29,12941.32,8775.12,899.55,811865,2870624.28,0.6567,30795.11,42665.99,1,585960,2395337.07,,,,,,,,,,,,,,,,,
geo_03,2023-04-17,2256035,1220367,793992,15236.93,11670.83,7893.18,1155.82,796794,2592142.38,0.6651,24221.13,37375.31,0,571751,3619612.98,,,,,,,,,,,,,,,,,
geo_03,2023-04-24,1631349,1423086,776575,11714.87,11767.96,7065.65,953.69,801676,3167150.8,0.7302,29770.3,41027.3,0,769158,2743469.48,,,,,,,,,,,,,,,,,
geo_03,2023-05-01,1470424,1443383,722897,9313.79,14961.2,8340.45,1021.53,813894,2307166.28,0.6678,33446.44,37491.61,0,631199,3075759.85,,,,,,,,,,,,,,,,,
geo_03,2023-05-08,1726917,1423644,754448,12396.16,11452.01,7624.3,1035.72,802239,2941339.23,0.6839,35110.99,35729.95,0,602100,2836087.26,,,,,,,,,,,,,,,,,
geo_03,2023-05-15,1756640,1176886,663801,13641.11,12261.21,8132,1299.59,790856,2931652.33,0.6602,27119.31,41716.17,0,600770,4335643.58,,,,,,,,,,,,,,,,,
geo_03,2023-05-22,1638606,1181089,769465,11543.92,10083.95,8353.03,1092.82,818148,2663597.76,0.5793,28688.92,28690.56,0,694052,3080708.9,,,,,,,,,,,,,,,,,
geo_03,2023-05-29,1518079,1130323,656121,12090.11,10992.53,6118.94,983.53,785969,2841043.62,0.6442,32092.82,34228.87,0,575771,3020924.24,,,,,,,,,,,,,,,,,
geo_03,2023-06-05,2094065,1283467,626129,12074.85,9604.46,6941.69,990.05,823519,2974574.07,0.5982,28895.23,43341.54,0,475097,2899546.38,,,,,,,,,,,,,,,,,
geo_03,2023-06-12,1743364,823781,607073,11213.92,5855.62,8240.96,1086.63,820884,3021820.5,0.599,27849.37,39779.47,1,636107,3251298.19,,,,,,,,,,,,,,,,,
geo_03,2023-06-19,1816587,1068127,819400,13594.42,10379.44,7957.97,997.36,787862,2472745.45,0.5876,34288.74,42902.83,0,596274,2796489.15,,,,,,,,,,,,,,,,,
geo_03,2023-06-26,1726362,731966,665003,11228.13,6322.7,7742.63,852.53,805644,2548915.28,0.5534,28141.8,32890,0,605670,2094554.28,,,,,,,,,,,,,,,,,
geo_03,2023-07-03,1573777,1095064,726049,9628.85,9904.3,7688.03,1051.65,780860,2384967.99,0.6243,25382.22,40445.12,0,542698,3182633.04,,,,,,,,,,,,,,,,,
geo_03,2023-07-10,1388077,753760,734628,10338.89,6400.16,7477.68,884.56,812419,2424422.72,0.5956,30794.53,47762.58,0,607316,2788666.16,,,,,,,,,,,,,,,,,
geo_03,2023-07-17,2388603,1128191,555028,16720.4,8497.68,6812.79,993.29,812645,2369270.87,0.5229,33271.04,38634.22,0,568593,2911823.83,,,,,,,,,,,,,,,,,
geo_03,2023-07-24,1761141,1184566,693850,12252.18,10536.81,8480.98,782.12,808781,2563818.32,0.5415,24865.08,35241.61,0,565486,2293073.79,,,,,,,,,,,,,,,,,
geo_03,2023-07-31,1177046,1153892,611756,7223.27,9212.96,7447.6,972.81,813872,2439137.45,0.6016,27738.27,42602.63,0,603169,2994886.24,,,,,,,,,,,,,,,,,
geo_03,2023-08-07,1416845,884822,908726,10295.78,8557.68,9517.35,961.59,815825,2410447.08,0.5014,26340.03,31131.16,0,522486,2557234.33,,,,,,,,,,,,,,,,,
geo_03,2023-08-14,1478755,1149357,639186,9032.31,11569.42,6965.69,1008.34,807073,2312926.4,0.5814,25407.75,29573,0,510519,2876704.83,,,,,,,,,,,,,,,,,
geo_03,2023-08-21,1516648,1003679,686681,9292.06,8972.13,7273.28,826.59,816215,2340033.37,0.5236,29637.51,27867.05,0,526805,2381035.9,,,,,,,,,,,,,,,,,
geo_03,2023-08-28,1481047,1055415,611558,11726.77,9921.91,5779.59,638.27,815177,2640596.09,0.4521,29750.76,34007.17,0,622877,1813657.54,,,,,,,,,,,,,,,,,
geo_03,2023-09-04,1449036,869460,602705,9007.06,6740.48,7543.42,795.43,814826,2224699.36,0.4948,23961.75,40001.47,0,572810,2581495.72,,,,,,,,,,,,,,,,,
geo_03,2023-09-11,1746316,929411,644275,9680.24,7105.29,7695.12,887.49,822098,2191089.87,0.5123,27367.62,34256.8,1,501770,2803918.4,,,,,,,,,,,,,,,,,
geo_03,2023-09-18,1400165,1045028,593802,10180.88,7533.92,6412.21,840.99,810266,2214524.24,0.5619,24664.86,38214.02,0,508881,2391485.85,,,,,,,,,,,,,,,,,
geo_03,2023-09-25,1898994,857480,584697,12148.68,7873.98,8025.45,838.94,802195,2195084.98,0.4947,22118.34,40965.68,0,520941,2252199.84,,,,,,,,,,,,,,,,,
geo_03,2023-10-02,1201736,965728,829910,6762.64,9902.75,9245.89,768.47,813810,2279769.41,0.5161,22905.1,30652.17,0,558309,2551116.07,,,,,,,,,,,,,,,,,
geo_03,2023-10-09,1207871,1077233,432746,7291.68,8403.45,4359.53,873.26,814035,2112498.44,0.4982,26127.62,26666.27,0,558338,2593166.21,,,,,,,,,,,,,,,,,
geo_03,2023-10-16,1229210,1036446,553858,8843.75,8561.02,5694.63,804.49,800601,2477600.61,0.4746,26156.06,34425.27,0,539820,2458094.89,,,,,,,,,,,,,,,,,
geo_03,2023-10-23,2118430,879749,642144,14431.53,6201.69,8283.43,836.01,793734,2321110.54,0.4901,33287.59,34028.37,0,593229,2351516.62,,,,,,,,,,,,,,,,,
geo_03,2023-10-30,1756802,1425831,633683,13427.59,12781.32,8694.54,1006.84,805215,3192722.97,0.5037,32734.3,47124.89,1,542091,3289571.97,,,,,,,,,,,,,,,,,
geo_03,2023-11-06,1883736,1284975,833533,12929.45,12661.76,11002.99,1049.72,811906,2205009.87,0.5628,27913.85,45044.13,0,524466,3060900.51,,,,,,,,,,,,,,,,,
geo_03,2023-11-13,1871424,1350309,755897,12225.92,10609.99,8644.09,1202.43,794300,2920579.52,0.5663,36821.82,36652.76,0,648006,2955507.59,,,,,,,,,,,,,,,,,
geo_03,2023-11-20,2265001,1429482,890809,15049.71,14665.11,8949.58,1122.09,818275,3696997.2,0.4953,31705.99,41023.73,0,498778,3425050.6,,,,,,,,,,,,,,,,,
geo_03,2023-11-27,1793819,1265179,693232,12764.44,9888.18,8125.06,1158.18,794554,3066721.39,0.6,34240.31,46507.14,0,578535,3277991.22,,,,,,,,,,,,,,,,,
geo_03,2023-12-04,2243221,1238679,976311,13697.83,12912.72,13614.98,1228.72,797319,2944908.39,0.5232,29017.89,50213.28,1,587050,3707854.04,,,,,,,,,,,,,,,,,
geo_03,2023-12-11,1764889,1516790,831231,9903.69,15177.59,7802.99,1178.37,798254,2999765.04,0.5549,38331.31,50760.11,1,718159,3126855.38,,,,,,,,,,,,,,,,,
geo_03,2023-12-18,1972893,1247493,885715,14440.37,9286.38,12124.14,1084.51,793864,2947238.59,0.5317,33625.1,38462.92,0,623317,3446171.43,,,,,,,,,,,,,,,,,
geo_03,2023-12-25,2350895,1250339,1045371,16748.61,12703.32,13591.31,1343.75,787332,3437998.5,0.5969,38810.46,53450.63,1,548564,4341728.26,,,,,,,,,,,,,,,,,
geo_03,2024-01-01,2088200,962212,969424,12562.74,9518.44,9174.25,884.19,808468,2688856.32,0.6464,34219.63,40558.61,0,609728,2493295.01,,,,,,,,,,,,,,,,,
geo_03,2024-01-08,1773661,1298066,661424,11446.28,12139.62,8228.53,1143.86,802117,2923951.07,0.6994,32114.87,53339.48,0,719321,3235647.78,,,,,,,,,,,,,,,,,
geo_03,2024-01-15,1655422,1264865,780965,12230.76,11109.92,7161.22,1004.61,813605,2822814.87,0.6308,44149.02,35353.6,0,611282,2796136.58,,,,,,,,,,,,,,,,,
geo_04,2021-01-25,1543353,1156523,749302,8573.23,12066.19,7714.62,841.83,739554,2098401.95,0.5807,20762.25,35796.07,0,472431,2172256.23,,,,,,,,,,,,,,,,,
geo_04,2021-02-01,1719452,1222464,550668,11924.32,10330.37,7191.64,863.19,743306,2094018.29,0.617,29197.52,38949.23,0,576103,2376204.42,,,,,,,,,,,,,,,,,
geo_04,2021-02-08,1672869,789783,615902,12938.54,5833.17,8392.87,639.39,739063,2324648.79,0.6295,20636.41,32701.61,0,433181,1836103.2,,,,,,,,,,,,,,,,,
geo_04,2021-02-15,1694852,1030714,693173,9908.06,9850.38,9126.88,917.13,740946,2657490.43,0.6582,25694.06,31368.47,0,483394,2401225.55,,,,,,,,,,,,,,,,,
geo_04,2021-02-22,1657107,1221935,829347,11133.76,9224.85,11506.27,812.59,724814,2158732.43,0.6138,31622.81,38386.12,0,536884,2352819.9,,,,,,,,,,,,,,,,,
geo_04,2021-03-01,1532980,1171793,709144,11937.85,9635.36,7267.99,827.92,734634,2577494.41,0.6447,29548.37,36350.31,0,524693,1906964.86,,,,,,,,,,,,,,,,,
geo_04,2021-03-08,1822970,1011587,490011,13067.7,8393.73,6787.48,843.31,723454,2336729.5,0.6505,25750.91,32401.96,0,539232,2150105.57,,,,,,,,,,,,,,,,,
geo_04,2021-03-15,1606269,1163184,595310,12315.81,9014.28,7439.5,780.04,745156,2667569.55,0.6578,25391.49,32636.8,0,464420,2191014.76,,,,,,,,,,,,,,,,,
geo_04,2021-03-22,1693975,1091935,827335,11716.05,10211.16,8913.69,1058.14,725209,2114488.61,0.6252,27146.33,34994.95,1,532828,3064697.4,,,,,,,,,,,,,,,,,
geo_04,2021-03-29,1630559,889367,630587,12618.66,6725.74,6216.94,1000.21,748935,2256835.3,0.6855,24355.46,40152.65,0,423061,2550018.05,,,,,,,,,,,,,,,,,
geo_04,2021-04-05,1439363,927104,617152,9990.79,8836.28,8135.32,1040.36,732260,2341942.82,0.6226,33985.15,37234.02,1,498577,3021522.99,,,,,,,,,,,,,,,,,
geo_04,2021-04-12,1372483,1122907,670284,9084.84,10616.98,6236.53,883.69,756239,2620217.32,0.6056,27563.97,30374.84,0,534738,2177671.43,,,,,,,,,,,,,,,,,
geo_04,2021-04-19,1814189,971617,540763,13066.78,9133.33,6219.22,790.84,727752,2332954.93,0.6455,24284.03,30564.1,0,507034,2244016.06,,,,,,,,,,,,,,,,,
geo_04,2021-04-26,1438478,895624,856435,10752.76,7002.86,11836.32,886.21,722951,2216777,0.6245,28555.77,35375.52,0,550320,2361016.18,,,,,,,,,,,,,,,,,
geo_04,2021-05-03,1618942,1039407,530906,10574.75,10418,4836.7,915.66,739372,2257222.58,0.6237,23463.1,42235.82,1,454195,2601330.91,,,,,,,,,,,,,,,,,
geo_04,2021-05-10,1559807,1088331,565710,11146.37,10832.05,6939.12,770.16,734573,2317548.9,0.6144,26728.7,36533.76,0,510789,1772089.04,,,,,,,,,,,,,,,,,
geo_04,2021-05-17,1740205,954761,539213,10329.21,9446.73,6337.5,773.81,743596,2265306.15,0.59,25586.58,38312.76,0,484440,2019347.33,,,,,,,,,,,,,,,,,
geo_04,2021-05-24,1817712,931983,644804,12527.04,6543.75,5862.19,874.02,734687,2186169.83,0.5801,29498.23,31913.25,0,529870,2431623.32,,,,,,,,,,,,,,,,,
geo_04,2021-05-31,1404023,979985,504620,9695.58,10045.31,4952.37,900.88,743750,2362761.96,0.604,19284.54,44637.02,0,503461,2201314.07,,,,,,,,,,,,,,,,,
geo_04,2021-06-07,1576561,939646,638260,12345.58,9008.69,6480.49,832.62,730562,2745875.39,0.6355,30182.74,33857.74,0,458909,2449929.18,,,,,,,,,,,,,,,,,
geo_04,2021-06-14,1261250,882905,454150,8855.75,8187.86,5902.05,757.83,736462,1953128.25,0.5775,24027.4,37288.24,0,543364,2251097.92,,,,,,,,,,,,,,,,,
geo_04,2021-06-21,1854911,960013,526724,12313.06,9053,6831.72,601.36,756682,2193211.69,0.5397,22846.09,34064.06,0,478296,1380142.46,,,,,,,,,,,,,,,,,
geo_04,2021-06-28,1432603,1226105,434095,9447.72,10669.1,5290.32,862.88,731610,2236109.07,0.5565,29233.16,34482.62,1,486478,2486586.22,,,,,,,,,,,,,,,,,
geo_04,2021-07-05,1347277,842607,635786,9640.41,7133.74,6428.95,666.37,742152,2070426.87,0.5625,24525.88,35459.85,0,436665,1791991.88,,,,,,,,,,,,,,,,,
geo_04,2021-07-12,1271054,804911,644313,7614.03,7548.78,6904.08,767.42,744437,2202185.02,0.5409,22474.74,32636.41,0,473417,2077459.58,,,,,,,,,,,,,,,,,
geo_04,2021-07-19,1592516,914507,593540,8816.42,7312.43,8278.74,863.26,755856,2241729.48,0.4828,25478.44,30546.63,0,453489,2360283.7,,,,,,,,,,,,,,,,,
geo_04,2021-07-26,1611982,990354,458622,9618.66,8634.33,5420.52,671.16,745291,2168673.2,0.5031,23521.18,33811.98,0,592969,1757570.48,,,,,,,,,,,,,,,,,
geo_04,2021-08-02,1308864,978163,618351,7795.22,7283.07,7818.96,703.79,721962,2126756.21,0.4866,23019.01,36791.53,1,446984,2292278.51,,,,,,,,,,,,,,,,,
geo_04,2021-08-09,1300149,888224,573297,8795.48,7233,5192.44,759.18,737137,1967644.36,0.4735,17584.24,30972.7,0,540663,1999225.18,,,,,,,,,,,,,,,,,
geo_04,2021-08-16,1685128,1069848,626609,9431.94,7621.71,6736.61,784.26,747691,1818654.15,0.4919,21098.56,24568.77,1,483013,2237173.31,,,,,,,,,,,,,,,,,
geo_04,2021-08-23,1468531,660381,397828,9937.42,6761.49,5550.18,714.22,729993,1838885.08,0.4839,20492.13,36040.16,0,480543,1904221.27,,,,,,,,,,,,,,,,,
geo_04,2021-08-30,1425248,891822,560191,10190.71,6773.9,7070.94,784.21,743952,2212779.76,0.4898,23850.93,26175.69,0,484464,2026028.32,,,,,,,,,,,,,,,,,
geo_04,2021-09-06,1313931,1099821,558500,8516.03,8441.81,6689.54,781.29,760917,1798641.8,0.4629,23617.62,28498.71,0,491001,2052554.8,,,,,,,,,,,,,,,,,
geo_04,2021-09-13,1162286,863843,541075,6914.49,7402.5,7028.78,697.77,723452,1647846.97,0.4369,16667.73,30317.27,0,434579,2058356.86,,,,,,,,,,,,,,,,,
geo_04,2021-09-20,1146946,716874,527585,7256.72,6885.72,6224.15,685.98,740107,1604088.37,0.4442,18903.66,28991.58,0,541080,1848400.47,,,,,,,,,,,,,,,,,
geo_04,2021-09-27,1247564,895803,612887,9607.58,8851.04,8556.56,658.11,738459,2308155.17,0.4231,19823.5,25231.06,0,452712,1734090.94,,,,,,,,,,,,,,,,,
geo_04,2021-10-04,1271916,517258,542561,9289.24,5353.17,5367.64,682.8,733179,2114126.02,0.432,22772.27,26584.92,0,479723,1855147.13,,,,,,,,,,,,,,,,,
geo_04,2021-10-11,1469573,775950,558898,10283.63,7546.71,6698.1,688.39,728533,2132228.72,0.5329,20295.12,23137.55,0,489858,1915983.51,,,,,,,,,,,,,,,,,
geo_04,2021-10-18,1285994,1048874,544051,7760.72,8764.37,7217.45,726.03,733837,1718839.4,0.4974,23372.58,27900.24,0,424255,2023679.16,,,,,,,,,,,,,,,,,
geo_04,2021-10-25,1271865,923353,509972,9190.54,7019.32,5841.18,539.22,735765,2279069,0.5186,21545.44,28824.91,0,482701,1236628.08,,,,,,,,,,,,,,,,,
geo_04,2021-11-01,1543544,1397797,668550,9411.34,11265.91,7084.75,904.31,752245,2161259.97,0.4737,24863.78,32675.93,0,422853,2392198.76,,,,,,,,,,,,,,,,,
geo_04,2021-11-08,1320300,863241,649774,8600.46,7345.8,6705.48,1062.84,721733,2496101.46,0.4734,23946.3,29287.21,0,545071,3292660.91,,,,,,,,,,,,,,,,,
geo_04,2021-11-15,1313667,1421317,695964,10383.03,13976.31,9599.08,1069.89,737428,2251839.07,0.5081,22665.59,38651.46,1,469304,3091494.94,,,,,,,,,,,,,,,,,
geo_04,2021-11-22,1855249,1363604,642127,11572.7,11937.01,6837.53,926.52,727213,2281273.79,0.4772,21402.84,45360.96,0,514011,2258027.02,,,,,,,,,,,,,,,,,
geo_04,2021-11-29,1565875,1260640,656015,9862.53,12852.53,7656.83,710.6,758587,2940615.26,0.5144,32345.19,35160.16,0,490737,1664710.14,,,,,,,,,,,,,,,,,
geo_04,2021-12-06,1677863,914647,546681,10406.86,9529.4,5007.32,926.92,747414,2645579.27,0.5194,30261.37,39657.39,0,412156,2737119.26,,,,,,,,,,,,,,,,,
geo_04,2021-12-13,1665076,914834,921225,9281.62,6432.27,11540.43,1061.92,721743,2943405.36,0.5714,31318.06,37928.1,0,544133,2815441.12,,,,,,,,,,,,,,,,,
geo_04,2021-12-20,1603285,1109062,771871,10033.76,11617.32,10453.52,977.1,755201,2796915.2,0.6019,28744.41,39900.83,0,518269,2754878.73,,,,,,,,,,,,,,,,,
geo_04,2021-12-27,1750889,1293285,614699,12084.07,10684.73,5668.77,843.74,733746,2316875.03,0.5459,26031.6,48516.15,0,505839,2227367.07,,,,,,,,,,,,,,,,,
geo_04,2022-01-03,1188079,856115,572474,9018.17,8774.16,6974.29,758.22,748561,1843322.9,0.5983,31082.25,40724.89,0,557693,2361437.99,,,,,,,,,,,,,,,,,
geo_04,2022-01-10,1709882,943047,525801,10779.47,8792.83,6511.71,920.15,729915,2790706.78,0.5933,31116.78,39390.5,1,602002,3015271.41,,,,,,,,,,,,,,,,,
geo_04,2022-01-17,1522420,876856,670090,10377.72,7440.77,8249.35,855.27,748828,2332928.33,0.5678,31806.82,37616.72,0,453169,2635351.91,,,,,,,,,,,,,,,,,
geo_04,2022-01-24,1702612,861467,727963,10222.14,7384.35,9504.19,931.52,740717,2350270.21,0.582,34500.41,29337.24,0,551783,2634283.76,,,,,,,,,,,,,,,,,
geo_04,2022-01-31,1485827,796100,743574,9467.47,7968.7,10255.66,1065.08,720469,2363917.51,0.6404,29568.07,35593.04,1,447413,3709500.54,,,,,,,,,,,,,,,,,
geo_04,2022-02-07,1537023,948355,763646,11050.58,6803.93,9614.68,698.98,737325,2661259.09,0.5706,31963.61,43367.71,0,454649,2079933.28,,,,,,,,,,,,,,,,,
geo_04,2022-02-14,1981292,771057,629741,12508.73,7734.01,7804.53,968.92,733002,2161219.28,0.6651,30292.47,30138.17,1,503940,2907952.84,,,,,,,,,,,,,,,,,
geo_04,2022-02-21,1689501,1048704,524852,11384.58,10179.66,4818.64,811.96,740384,2539107.52,0.6013,29065.79,31297.26,0,636032,2489294.8,,,,,,,,,,,,,,,,,
geo_04,2022-02-28,1278222,981828,728739,8585.42,7374.98,8618.77,986.54,745014,2776204.67,0.6229,21689.65,33039.92,0,538219,2697491.58,,,,,,,,,,,,,,,,,
geo_04,2022-03-07,1820786,852369,526408,11747.75,6368.96,5025.08,879.49,742783,2508013,0.6097,32711.12,53727.63,0,610547,2245692.88,,,,,,,,,,,,,,,,,
geo_04,2022-03-14,1569601,1179951,865384,11700.11,9871.58,8073.69,1064.59,731237,2368811.41,0.6671,29805.04,50521.77,0,519077,3075632.56,,,,,,,,,,,,,,,,,
geo_04,2022-03-21,1786498,1086566,1005754,11928.65,8992.06,12190.13,1074.24,747109,2196836.56,0.7024,26311.55,35937.35,0,611414,2934880.65,,,,,,,,,,,,,,,,,
geo_04,2022-03-28,1824149,1747288,732458,13909.98,13153.2,9208.66,1054.66,740627,2610180.95,0.6708,27706.89,49771.7,1,492749,3358229.74,,,,,,,,,,,,,,,,,
geo_04,2022-04-04,1867139,983722,793042,14702.53,10301.2,9026.41,888.56,747477,2694172.16,0.5616,29688.72,43085.57,0,580629,2414743.4,,,,,,,,,,,,,,,,,
geo_04,2022-04-11,1503996,1037809,653299,11783.96,9634,6189.43,1149.35,735096,2368587.39,0.593,23446.5,32256.3,1,639540,3371850.49,,,,,,,,,,,,,,,,,
geo_04,2022-04-18,1864123,1009586,676397,11052.95,10392.99,9087.12,928.46,739759,2311574.79,0.6645,30926.59,31988.93,0,612863,2727686.4,,,,,,,,,,,,,,,,,
geo_04,2022-04-25,1824829,947113,549434,11763.02,8661.33,6748.92,1158.06,739325,2076713.01,0.6232,30116.79,32987.53,0,384512,3732377.48,,,,,,,,,,,,,,,,,
geo_04,2022-05-02,1751542,922647,656063,11853.55,7579.15,8288.97,986.72,737600,2584776.17,0.6746,23316.33,39789.38,0,508476,2630124.04,,,,,,,,,,,,,,,,,
geo_04,2022-05-09,1630660,1031150,563940,12087.47,10000.05,7580.79,1035.47,745464,2850032.69,0.613,32662.35,33797.5,0,550278,3178472.59,,,,,,,,,,,,,,,,,
geo_04,2022-05-16,1529504,1229779,771408,10380.08,12424.94,10096.8,1010.97,732930,3006434.12,0.6362,27853.45,43293.05,0,473510,2764730.05,,,,,,,,,,,,,,,,,
geo_04,2022-05-23,1445453,918557,722484,9847.74,7921.38,9065.73,771.19,760196,2019884.44,0.5749,27152.04,28474.18,0,493342,2430619.22,,,,,,,,,,,,,,,,,
geo_04,2022-05-30,1383668,1068305,560451,10985.81,7684.24,5140.14,932.2,730671,2193732.86,0.6523,18750.77,34499.91,1,507681,3017427.09,,,,,,,,,,,,,,,,,
geo_04,2022-06-06,1310859,1221754,662573,8125.43,11778.17,7678.39,777.29,766026,2175742.66,0.5952,24447.61,30507.21,0,496449,2228708.43,,,,,,,,,,,,,,,,,
geo_04,2022-06-13,1179809,1077583,640545,8457.38,9551.91,6205.33,825.99,764698,2186607.71,0.6156,21352.76,39270.74,0,564714,2294128.95,,,,,,,,,,,,,,,,,
geo_04,2022-06-20,1760598,921760,699748,12633.9,6765.28,6365.49,971.98,778726,2485995.66,0.5282,23381.63,37095.03,0,554947,3090185.4,,,,,,,,,,,,,,,,,
geo_04,2022-06-27,1492643,841305,621479,10116.41,8705.33,8404.49,932.18,720097,2220578.13,0.6136,25564,30589.78,1,513313,2618731.41,,,,,,,,,,,,,,,,,
geo_04,2022-07-04,1759947,996592,613691,12228.76,9158.07,7273.48,814.59,722899,2299093.92,0.5065,20274.74,28937.72,0,464745,2161625.06,,,,,,,,,,,,,,,,,
geo_04,2022-07-11,1311130,1016538,604365,9268.15,7228.85,6983.43,788.5,741434,2150352.02,0.5102,24641.54,29828.88,0,482413,2223868.27,,,,,,,,,,,,,,,,,
geo_04,2022-07-18,1566431,680699,685923,11385.92,4976.01,9555.09,765.25,736338,2565569.34,0.5714,25863.47,26040.54,0,424602,2159166.25,,,,,,,,,,,,,,,,,
geo_04,2022-07-25,1137730,951474,518728,6315.93,7870.37,6327.4,884.34,752388,2140307.32,0.5147,22606.62,31754.51,1,490083,2578589.41,,,,,,,,,,,,,,,,,
geo_04,2022-08-01,1356430,950857,501286,8876.91,9045.84,4642.39,717.1,747329,2062640.94,0.5171,22130.1,47123.64,1,487379,2254831.47,,,,,,,,,,,,,,,,,
geo_04,2022-08-08,1639606,1023481,567562,9579.34,9759.27,5384.71,823.1,735107,2011296.31,0.5159,29742.96,32807.98,0,494772,2312091.6,,,,,,,,,,,,,,,,,
geo_04,2022-08-15,1438773,829778,616771,9812.57,8658.57,6680.89,1073.85,750709,2309659.76,0.4849,23296,43649.85,1,503284,3720163,,,,,,,,,,,,,,,,,
geo_04,2022-08-22,1113547,878726,447687,7129.18,9070.59,5509.26,736.73,727895,1994329.65,0.456,28698.6,27054.45,0,588586,2176266.1,,,,,,,,,,,,,,,,,
geo_04,2022-08-29,1244399,861275,551282,9530.51,7529.55,6143.06,713.49,747854,2087133.39,0.4636,19165.49,27373.58,0,544135,1863668.85,,,,,,,,,,,,,,,,,
geo_04,2022-09-05,1244566,791375,534085,9208.28,6270.78,7035.9,703.44,750452,1875005.85,0.4555,25971.5,32631.74,0,556900,1866891.61,,,,,,,,,,,,,,,,,
geo_04,2022-09-12,1748648,1064557,698758,11392.57,9588.03,6385.9,650.66,739500,2397767.66,0.5115,23395.71,31239.53,0,538860,1798052.96,,,,,,,,,,,,,,,,,
geo_04,2022-09-19,1115074,977199,478940,7429.03,8293.15,4677.24,702.88,734323,1837535.55,0.482,30417.86,33705.28,0,512266,1974413.31,,,,,,,,,,,,,,,,,
geo_04,2022-09-26,1211820,779399,599714,9084.16,5460.5,6860.11,816.86,748608,2085694.66,0.436,23772.24,29177.54,0,448189,2035363.87,,,,,,,,,,,,,,,,,
geo_04,2022-10-03,1693443,891042,657015,10577.41,7412.26,9176.31,559.09,729098,2126402.36,0.4586,26874.89,29191.47,0,489865,1566736.57,,,,,,,,,,,,,,,,,
geo_04,2022-10-10,1273018,849660,611068,9847.54,8439.75,5906.72,673.59,738215,1981287.61,0.5043,19223.53,31662.53,0,537832,1857467.88,,,,,,,,,,,,,,,,,
geo_04,2022-10-17,1350759,983364,830287,8957.7,8711.15,8510.78,692.48,760635,1966914.4,0.4807,25317.48,35069.3,0,526093,1995960.76,,,,,,,,,,,,,,,,,
geo_04,2022-10-24,1302930,852741,629769,8849.41,7941.5,6372.32,737.87,772804,2117630.92,0.4978,26551.05,31007.6,0,472817,2367910.34,,,,,,,,,,,,,,,,,
geo_04,2022-10-31,1582924,1000203,789966,8898.31,9128.25,9828.85,1060.54,720791,2793336.13,0.4726,23421.99,40190.76,1,542646,3387373.45,,,,,,,,,,,,,,,,,
geo_04,2022-11-07,1744897,981393,609888,9620.15,8242.17,8185.47,964.4,743327,2880040.09,0.4996,25681.3,29578.42,0,533383,2707426.05,,,,,,,,,,,,,,,,,
geo_04,2022-11-14,1891374,1246023,885038,11208.26,10776.44,11729.15,816.62,750849,2897241.96,0.5668,35617.03,40959.34,0,501585,2215862.13,,,,,,,,,,,,,,,,,
geo_04,2022-11-21,1879225,1149159,857945,11079.43,8469.52,8129.26,1127.52,743310,2883019.48,0.5885,31164.54,40756.7,1,389810,3313455.52,,,,,,,,,,,,,,,,,
geo_04,2022-11-28,1794481,1117746,680865,12815.46,8801.22,6816.89,1186.76,748589,2425815.17,0.5712,25940.95,43980.33,0,540209,3365530.73,,,,,,,,,,,,,,,,,
geo_04,2022-12-05,2370656,856011,698775,18462.25,7714.01,8049.2,937.01,750600,2782931.56,0.537,28593.89,38226.2,0,561141,2714071.03,,,,,,,,,,,,,,,,,
geo_04,2022-12-12,1490234,1198043,1208776,10235.77,11689.22,12806.18,1165.48,730126,2455733.38,0.6038,30997.53,41570.87,0,587315,2971668.1,,,,,,,,,,,,,,,,,
geo_04,2022-12-19,1780448,1429844,842470,9973.86,10487.9,11675.32,1107.14,719936,2908215.8,0.55,35034.03,41660.9,1,576564,3453500.09,,,,,,,,,,,,,,,,,
geo_04,2022-12-26,1924227,1285840,750514,14927.89,10033.01,9705.52,1049.65,748746,2536330.57,0.5674,34356.94,47497.28,0,486210,2944523.18,,,,,,,,,,,,,,,,,
geo_04,2023-01-02,1239563,1164736,605101,7233.87,9972.74,6461.08,981.16,739369,2973065.52,0.5803,27450.92,30980.64,1,453529,3525537.64,,,,,,,,,,,,,,,,,
geo_04,2023-01-09,1802028,1356665,799146,12805.28,10022.39,10027.23,1182.68,743045,2104697.39,0.591,27606.49,39017.96,1,481380,3830138.8,,,,,,,,,,,,,,,,,
geo_04,2023-01-16,1473696,1357715,932974,9382.64,11259.91,9049.87,966.34,767680,2723850.71,0.6607,24836.44,36399.92,0,573515,2983266.07,,,,,,,,,,,,,,,,,
geo_04,2023-01-23,1746457,1043988,709405,10396.1,8473.07,8956.65,1062.81,743271,2466433.26,0.6298,29653.97,34902.15,1,487540,3362707.21,,,,,,,,,,,,,,,,,
geo_04,2023-01-30,1747562,1205172,514876,10176.08,12340.87,5050.76,986.52,755066,2523612.06,0.6658,25338.11,38608.87,0,458877,3006400.11,,,,,,,,,,,,,,,,,
geo_04,2023-02-06,1597479,1243768,721633,11416.81,10152.24,8195.16,1052.23,732102,2569599.89,0.6727,31396.57,42264.95,1,466855,3219265.93,,,,,,,,,,,,,,,,,
geo_04,2023-02-13,1704741,1088341,1145715,13142.08,9462.32,14967.72,846.64,739107,2484854.54,0.6895,28643.48,38575.76,0,482427,2407458.17,,,,,,,,,,,,,,,,,
geo_04,2023-02-20,1651710,1075799,536635,9807.1,10234.41,6744.85,916.37,754874,2538976.25,0.63,29664.2,41152.88,0,583988,2729334.77,,,,,,,,,,,,,,,,,
geo_04,2023-02-27,1805432,1007039,735841,13850.85,9377,6755.78,872.48,730024,2751341.17,0.6749,24024.43,47167.74,0,562936,2564775.84,,,,,,,,,,,,,,,,,
geo_04,2023-03-06,1896397,876614,604732,11841.55,7136.91,8044.95,930.93,743118,2666365.36,0.6525,29531.78,42489.64,0,451862,2549034.57,,,,,,,,,,,,,,,,,
geo_04,2023-03-13,1783300,1036027,725955,10360.17,8641.52,9726.08,1024.09,748746,3006178,0.6585,26028.19,41477.14,0,591092,3416343.79,,,,,,,,,,,,,,,,,
geo_04,2023-03-20,2003238,953530,691119,15629.43,6703.01,6414.08,1328.52,747942,2730407.61,0.6452,24965.32,41519.99,1,535595,4641619.92,,,,,,,,,,,,,,,,,
geo_04,2023-03-27,1919911,1261548,679764,12359.85,11211.68,6484.1,1114.76,754991,2785713.05,0.6709,32531.08,41642.28,1,633064,3455906.09,,,,,,,,,,,,,,,,,
geo_04,2023-04-03,1568840,942166,610662,11220.87,9474.07,7357.29,1102.95,754986,2919341.8,0.6636,30062.34,46165.65,0,573118,3520169.27,,,,,,,,,,,,,,,,,
geo_04,2023-04-10,1571249,884505,718805,9031.14,8304.3,8729.41,1131.25,776237,2567151.3,0.696,30076.66,38771.88,0,541803,3255523.37,,,,,,,,,,,,,,,,,
geo_04,2023-04-17,1571181,1108524,642969,10860.85,10491.18,7593.94,1027.65,746933,2397020.7,0.6748,34383.37,45298.41,0,555369,3216705.76,,,,,,,,,,,,,,,,,
geo_04,2023-04-24,1608230,1239187,644779,10966.51,11981.9,6882.08,740.76,727968,2562060.53,0.677,34041.64,33090.92,0,653658,1827654.9,,,,,,,,,,,,,,,,,
geo_04,2023-05-01,1788120,1240919,622401,13903.35,10058.07,7753.82,1110.46,746428,2544699.2,0.6573,31703.05,39640.78,0,517173,3169806.5,,,,,,,,,,,,,,,,,
geo_04,2023-05-08,1801206,1161622,775211,10911.91,10963.17,10278.4,728.32,740584,2341257.23,0.6353,26409.93,39719.1,0,585398,1929783.6,,,,,,,,,,,,,,,,,
geo_04,2023-05-15,1534594,1185409,687575,10354.75,8819.74,7237.47,984.76,727952,2558378.97,0.624,25245.77,34963.88,0,542346,2526603.25,,,,,,,,,,,,,,,,,
geo_04,2023-05-22,1495561,1203340,613963,10124.54,8941.48,7684.39,1127.21,733085,2563046.4,0.658,23891.52,33526.88,0,499559,3341240.82,,,,,,,,,,,,,,,,,
geo_04,2023-05-29,1607047,1391044,700943,11170.66,10798.98,6319.09,886.2,731175,2141097.56,0.6048,24507.26,37342.46,0,519731,2577145.16,,,,,,,,,,,,,,,,,
geo_04,2023-06-05,2353466,989879,587927,17486.4,10309.54,5344.77,1161.11,744587,2091085.31,0.634,24335.3,36008.18,0,494822,3362002.3,,,,,,,,,,,,,,,,,
geo_04,2023-06-12,1482561,1189274,621518,10597.8,11131.01,7798.31,895.42,738830,2693512.09,0.6063,25419.64,41282.64,1,684470,2907467.1,,,,,,,,,,,,,,,,,
geo_04,2023-06-19,1701977,1035636,754488,12449.62,10061.59,8923.67,926.05,764100,2413425.27,0.6138,28596.5,41621.77,0,485915,2698185.55,,,,,,,,,,,,,,,,,
geo_04,2023-06-26,2161338,1062324,705757,16931.66,9578.97,8355.51,989.15,746392,2446350.78,0.6362,32254.84,37965.66,0,506053,2756175.2,,,,,,,,,,,,,,,,,
geo_04,2023-07-03,1722963,894341,601833,11659.16,6332.6,5807.53,961.19,729044,2358622.92,0.5747,24310.48,41071.2,1,529828,3072673.43,,,,,,,,,,,,,,,,,
geo_04,2023-07-10,1522980,1174883,676402,11364.26,9975.35,8153.46,911.49,742985,2327011.37,0.5805,25230.79,50131.72,0,479269,2714720.86,,,,,,,,,,,,,,,,,
geo_04,2023-07-17,1514098,882012,527931,8463.5,8791.41,4972.59,756.04,741995,2155248.83,0.563,31573.24,34136.87,0,596521,2166076.19,,,,,,,,,,,,,,,,,
geo_04,2023-07-24,1422569,991494,467289,7881.73,9387,4791.73,741.57,752028,2104517.01,0.561,24632.48,36369.04,0,561393,2175240.32,,,,,,,,,,,,,,,,,
geo_04,2023-07-31,1644158,1127307,647426,12726.38,11734.72,5994.35,1042.47,749489,2424644.83,0.5384,24505.15,33321.5,1,492808,3258020.6,,,,,,,,,,,,,,,,,
geo_04,2023-08-07,1600681,875283,580202,10180.95,8259.2,7137.93,883.49,733197,2211577.25,0.6169,28294.16,30924.32,0,641530,2365802.45,,,,,,,,,,,,,,,,,
geo_04,2023-08-14,1559902,1021418,552419,10168.31,10435.93,5445.74,612.79,745577,2463150.05,0.5303,28954.16,41805.25,0,566773,1729197.87,,,,,,,,,,,,,,,,,
geo_04,2023-08-21,1381813,1142463,619830,7825.79,9375.36,7800.81,860.5,741987,2322000.54,0.5629,27847.68,32026.54,0,603689,2337457.95,,,,,,,,,,,,,,,,,
geo_04,2023-08-28,1562241,1128985,483173,10765.34,10008.26,6582.58,770.13,745891,2110006.44,0.4797,25098.54,31648.11,0,499374,2100980.68,,,,,,,,,,,,,,,,,
geo_04,2023-09-04,1448619,1034262,636817,9526.95,7871.21,8378.74,774.67,762659,2405613,0.4837,27604.75,30718.77,0,527601,2301158.53,,,,,,,,,,,,,,,,,
geo_04,2023-09-11,1454472,865930,531264,9851.22,7483.98,5926.62,722.82,758004,2082033.76,0.578,20694.38,31978.96,0,551202,2304879.53,,,,,,,,,,,,,,,,,
geo_04,2023-09-18,1146053,735778,544904,8875.78,7032.83,6975.63,803.66,739707,2379677.45,0.5774,19462.83,29433.79,0,496383,2550208.43,,,,,,,,,,,,,,,,,
geo_04,2023-09-25,1727003,933720,632700,13641.47,9077.36,7232.27,675.18,747215,2295485.32,0.5296,21282.36,36371.96,0,490647,2171261.72,,,,,,,,,,,,,,,,,
geo_04,2023-10-02,1317164,744635,601577,7482.03,7737.86,8099.58,813.36,743531,2282194.63,0.4961,25181.41,30056.66,0,537831,2451139.29,,,,,,,,,,,,,,,,,
geo_04,2023-10-09,1386391,767559,558189,10455.36,5758.91,5960.61,777.83,736640,2236634.26,0.5036,24135.92,35454.36,0,510232,2042080.84,,,,,,,,,,,,,,,,,
geo_04,2023-10-16,1783909,1025695,540434,10269.05,7883.25,7013.77,799.98,722345,2040449.11,0.5292,25984.31,38031.83,0,474749,2226659.44,,,,,,,,,,,,,,,,,
geo_04,2023-10-23,1313123,868565,516123,9939.95,8734.71,5885.05,957.26,741061,1958098.43,0.5015,26276.49,31701.27,1,507492,2979819.26,,,,,,,,,,,,,,,,,
geo_04,2023-10-30,1663667,1085109,655709,11484.77,11320.26,7705.6,985.22,751632,2710234.03,0.5164,32329.04,41046.83,0,584248,2889885.68,,,,,,,,,,,,,,,,,
geo_04,2023-11-06,1785190,1216023,862299,9973.47,9233.41,12014.55,1204.87,745692,3041755.77,0.5212,32345.15,40381.73,0,550768,4000531.55,,,,,,,,,,,,,,,,,
geo_04,2023-11-13,1827934,1146911,600580,10179.98,11314.19,7726.04,1037.04,743984,2599899.72,0.6209,24300.11,42845.33,1,525742,3366077.9,,,,,,,,,,,,,,,,,
geo_04,2023-11-20,2125445,1460668,883735,16474.69,11171.93,10985.56,1151.09,750686,2460372.71,0.4838,30911.8,43445.03,0,508750,2821309.9,,,,,,,,,,,,,,,,,
geo_04,2023-11-27,1761594,1008482,795258,12965.96,8770.49,9006.23,1146.27,756122,2361908.83,0.5675,38068.75,38267.74,1,487823,3628494.92,,,,,,,,,,,,,,,,,
geo_04,2023-12-04,2020665,1209007,673279,12661.63,12441.26,8982.48,988.68,747351,2649959.55,0.5907,33792.88,48312.58,0,599869,2775569.02,,,,,,,,,,,,,,,,,
geo_04,2023-12-11,1791489,1449393,711593,13186.63,13832.05,7347.2,1045.33,731193,3410855.46,0.5399,35028.03,49957.69,0,589306,2783726.62,,,,,,,,,,,,,,,,,
geo_04,2023-12-18,2063193,1243583,820828,14877.84,10139.87,7709.77,1111.37,762927,3315862.79,0.6141,30440.45,39152.07,0,577946,3307816.06,,,,,,,,,,,,,,,,,
geo_04,2023-12-25,1805016,1148992,854364,11970.19,9734.02,10280.69,1231.98,755071,2687241.31,0.6078,32487.5,44525.07,0,539150,3652073.87,,,,,,,,,,,,,,,,,
geo_04,2024-01-01,1349157,1314714,656441,7594.32,12401.09,9102.03,1040.39,751630,2902559.5,0.6448,27276.57,37955.47,0,596161,3408255.58,,,,,,,,,,,,,,,,,
geo_04,2024-01-08,1457342,1278372,754862,9913.59,12751.42,8218.13,985.3,752766,2390622.85,0.6088,36071.48,43260.74,0,491758,2812350.37,,,,,,,,,,,,,,,,,
geo_04,2024-01-15,2007747,1166681,640163,13436.93,9168.55,5973.41,1189.55,757741,2499530.36,0.6442,33070.43,47360.66,0,574732,3621551.06,,,,,,,,,,,,,,,,,
geo_05,2021-01-25,1176318,488561,397245,8019.59,4536.32,4999.74,561.66,511119,1760753.25,0.5632,16867.82,20269.45,0,350382,1526163.76,,,,,,,,,,,,,,,,,
geo_05,2021-02-01,1050266,659731,605669,8188.89,6141.34,8265.08,549.38,528697,1412766.26,0.5793,15701.07,22425.03,0,351002,1614656.77,,,,,,,,,,,,,,,,,
geo_05,2021-02-08,1139832,713093,501642,8969.55,6376.98,5748.51,631.25,528937,1777769.04,0.6426,17634.21,18806.01,0,422960,1727483.65,,,,,,,,,,,,,,,,,
geo_05,2021-02-15,1123736,767963,460177,7304.53,7010.13,4784.01,579.87,529096,1760190.5,0.6503,19999.45,22117.42,0,371883,1561106.17,,,,,,,,,,,,,,,,,
geo_05,2021-02-22,844431,460432,442451,6153.94,4126.95,4382.06,612.59,512336,1447196.91,0.5699,16054.17,24103.28,0,446169,1625361.75,,,,,,,,,,,,,,,,,
geo_05,2021-03-01,930062,581226,504415,5903.16,5866.96,5966.14,613.56,512617,1928957.69,0.6006,20499.62,28963.04,0,342770,1670698.55,,,,,,,,,,,,,,,,,
geo_05,2021-03-08,1173759,673054,483149,8556.65,4759.48,6344.71,591.6,510773,1776054.94,0.6771,19508.07,26236.91,0,389416,1649023.84,,,,,,,,,,,,,,,,,
geo_05,2021-03-15,1170489,883486,353288,8599.09,7066.84,4258.8,620.72,511728,1626641.75,0.6308,21140.94,20417.4,0,393971,1570761.55,,,,,,,,,,,,,,,,,
geo_05,2021-03-22,975854,848682,461572,5566.25,7172.39,5485.2,630.84,513910,1498699.72,0.6204,18441.08,23128.94,0,336794,1694544.42,,,,,,,,,,,,,,,,,
geo_05,2021-03-29,974539,638319,388340,5561.87,5630.06,3937.5,571.31,537744,1679452.99,0.6547,20806.04,23844.43,0,395953,1499419.92,,,,,,,,,,,,,,,,,
geo_05,2021-04-05,989529,683208,311704,6369.22,4885.48,4077.19,565.68,512659,1745714.67,0.6046,18116.89,24689.78,0,348066,1438634.56,,,,,,,,,,,,,,,,,
geo_05,2021-04-12,1130998,866532,542432,7310.7,7642.69,5171.55,631.09,523568,1786314.24,0.6318,20897.44,22044.31,0,452665,1646318.76,,,,,,,,,,,,,,,,,
geo_05,2021-04-19,963271,798587,288891,5501.89,7798.33,2947.4,722.23,537196,1640704.89,0.6542,15561.63,24441.62,0,380544,1835000.43,,,,,,,,,,,,,,,,,
geo_05,2021-04-26,1194049,632218,436846,8605.77,4698.68,4037.09,610.89,533333,1887710.76,0.6075,18763.33,25713.53,0,347280,1599774.21,,,,,,,,,,,,,,,,,
geo_05,2021-05-03,993346,694964,522692,6084.26,7130.38,6867.24,629.15,521266,1828538.35,0.6184,18607.92,19387.8,0,327709,1757380.78,,,,,,,,,,,,,,,,,
geo_05,2021-05-10,1066566,842799,390845,7465.31,6570.03,3551.95,614.92,511716,1506225.06,0.672,20792.71,26442.49,0,390275,1799602.38,,,,,,,,,,,,,,,,,
geo_05,2021-05-17,978376,574139,453142,5421.84,4369.56,4453.41,512.47,526909,1952633.68,0.535,23736.77,23641.32,0,296915,1386640.24,,,,,,,,,,,,,,,,,
geo_05,2021-05-24,1074961,786824,426797,6126.51,5937.23,4036.56,580.83,506022,1626150,0.5972,18609.7,24712.81,0,396683,1718419.33,,,,,,,,,,,,,,,,,
geo_05,2021-05-31,1025657,601236,395212,5799.46,6300.18,3664.44,482.62,527828,1836212.58,0.6453,21047.46,28657.93,0,427210,1353319.07,,,,,,,,,,,,,,,,,
geo_05,2021-06-07,1022262,598785,370230,6876.4,4715.87,4310.83,612.54,521064,1453757.74,0.6009,22304.4,19699.62,0,421538,1814079.07,,,,,,,,,,,,,,,,,
geo_05,2021-06-14,1120361,685963,388548,6335.59,5129.86,4587.23,625.44,519343,1506606.23,0.5532,15825.6,24505.45,0,359278,1636696.75,,,,,,,,,,,,,,,,,
geo_05,2021-06-21,1025484,654058,509546,7189.42,5726.89,4782.34,652.21,519882,1846937.09,0.5896,16642.55,28215.72,0,391897,1676838.75,,,,,,,,,,,,,,,,,
geo_05,2021-06-28,1382238,597141,528375,10141.15,5522.13,6076.79,548.82,527283,1395600.98,0.5609,19259.16,23756.22,0,348031,1500751.08,,,,,,,,,,,,,,,,,
geo_05,2021-07-05,843506,605207,426403,5108.12,4975.1,3867.59,673.56,523294,1625057.88,0.4895,17324.37,19482.55,0,387491,1875176.31,,,,,,,,,,,,,,,,,
geo_05,2021-07-12,879060,868691,486755,5742.59,7342.7,4639.39,588.21,517126,1541396.86,0.423,21111.51,22341.17,0,357308,1648179.47,,,,,,,,,,,,,,,,,
geo_05,2021-07-19,1008516,781675,365728,7984.82,5618.42,4056.61,541,511554,1433299.62,0.5194,13482.42,20543.52,0,319929,1615115.46,,,,,,,,,,,,,,,,,
geo_05,2021-07-26,947307,579779,402326,5616.81,5683.32,4891.31,485.91,528318,1573408.63,0.557,18188.44,21881.61,0,363749,1331460.34,,,,,,,,,,,,,,,,,
geo_05,2021-08-02,898244,647674,343746,6138.36,5290.04,3526.32,435.08,510110,1502577.26,0.4749,15181.09,22688.92,0,357271,1145483.19,,,,,,,,,,,,,,,,,
geo_05,2021-08-09,1153934,511087,375723,8615.81,4602.1,3691.91,522.49,518450,1492923.73,0.5563,15042.14,19508.37,0,422325,1376010.68,,,,,,,,,,,,,,,,,
geo_05,2021-08-16,881205,649546,301441,6643.08,6688.52,3800.78,435.06,529565,1548286.31,0.4856,22626.82,18650.74,0,344959,1088728.12,,,,,,,,,,,,,,,,,
geo_05,2021-08-23,895733,710419,353102,6135.6,5810.53,3598.92,462.21,521605,1419584.9,0.5062,18302.63,20361.34,0,351081,1226356.02,,,,,,,,,,,,,,,,,
geo_05,2021-08-30,986608,559789,339496,6332.28,4091.61,4327.97,528.7,520434,1373185.22,0.5213,14637.83,19407.54,1,354223,1548983.51,,,,,,,,,,,,,,,,,
geo_05,2021-09-06,813831,512780,385910,5170.62,3659.25,3630.84,447.53,517812,1524472.53,0.4857,16320.42,27374.2,0,349405,1328378.76,,,,,,,,,,,,,,,,,
geo_05,2021-09-13,838880,573864,463199,5102.89,5496.63,4409.87,495.42,513940,1449471.08,0.4651,15787.3,16784.98,0,297698,1312212.76,,,,,,,,,,,,,,,,,
geo_05,2021-09-20,855041,521265,283917,5347.67,4537.3,2560.43,549.5,518802,1352139.64,0.4544,11446.48,22234.03,1,343421,1563873.98,,,,,,,,,,,,,,,,,
geo_05,2021-09-27,1045677,627331,404693,5792.23,6364.08,5244.53,514.85,525324,1326056.05,0.4793,15395.68,23770.74,0,283295,1263084.96,,,,,,,,,,,,,,,,,
geo_05,2021-10-04,1004543,658977,438953,5649.47,5599.7,5809.36,476.42,503318,1618289.67,0.4984,15740.19,24458.24,0,316536,1217227.73,,,,,,,,,,,,,,,,,
geo_05,2021-10-11,1036630,648882,479330,7566.49,5888.92,6348.41,433.9,512433,1317598.34,0.5181,15718.99,20061.54,0,288087,1223252.17,,,,,,,,,,,,,,,,,
geo_05,2021-10-18,670480,507354,412549,3801.63,4144.86,4164.77,489.58,524270,1457989.41,0.4927,14084.67,21159.92,0,327234,1210697.52,,,,,,,,,,,,,,,,,
geo_05,2021-10-25,746022,510376,398799,5783.61,4770.76,4420.15,610.01,539735,1344258.77,0.482,14058.74,22799.98,1,406045,1754463.46,,,,,,,,,,,,,,,,,
geo_05,2021-11-01,1264676,697802,476376,6967.55,5077.95,5532.47,581.45,513508,1721241.73,0.4954,16240.83,23547.04,0,312260,1740567.39,,,,,,,,,,,,,,,,,
geo_05,2021-11-08,960451,793172,513988,5784.85,8268.49,5448.65,591.17,529614,1758180.85,0.4524,18100.18,20270.27,1,324857,1671999.57,,,,,,,,,,,,,,,,,
geo_05,2021-11-15,994310,607046,550219,6982.05,5503.28,5451.14,639.02,516017,1578666.8,0.5494,16976.36,27011.5,0,330752,1638785.96,,,,,,,,,,,,,,,,,
geo_05,2021-11-22,1341775,737180,507871,9969.53,6236.83,5336.08,588.64,514878,1829440.05,0.5207,18803.06,23905.23,0,299473,1578363.88,,,,,,,,,,,,,,,,,
geo_05,2021-11-29,1193467,626444,422793,8076.93,5183.97,4659.84,601.2,524781,1740902.42,0.4822,17250.98,30740.24,0,383715,1767003.19,,,,,,,,,,,,,,,,,
geo_05,2021-12-06,1461049,659892,527829,11125.86,6310.08,6151.01,733.05,514554,1967779.17,0.4572,20574.57,25688.09,1,363797,2191917.78,,,,,,,,,,,,,,,,,
geo_05,2021-12-13,1351032,860755,354072,7752.7,7083.8,4678.5,613.15,527326,1989479.59,0.5055,16046.85,25696.37,0,315260,1565300.13,,,,,,,,,,,,,,,,,
geo_05,2021-12-20,1150985,992050,566304,6851.15,9923.38,6164.68,601.54,519269,1640533.1,0.4779,17799.28,23646.06,0,318509,1580018.7,,,,,,,,,,,,,,,,,
geo_05,2021-12-27,1228520,883044,502017,7708.96,8528.08,6676.46,598,519082,2068100.76,0.5121,21815.05,25513.37,0,364878,1643902.34,,,,,,,,,,,,,,,,,
geo_05,2022-01-03,1182411,737715,456389,6705.13,6687.76,5829.4,592.61,529298,1605200.53,0.6403,18705.74,25006.28,0,346181,1412545.21,,,,,,,,,,,,,,,,,
geo_05,2022-01-10,1120759,851111,413160,6186.98,7840.01,4384.43,652.61,531082,1729106.45,0.6088,21856.28,24857.48,0,372440,1940496.16,,,,,,,,,,,,,,,,,
geo_05,2022-01-17,1143148,669575,462546,8295.58,6421.44,5722.09,714.63,535245,1532655.26,0.6693,19654.01,22127,0,381067,2120475.98,,,,,,,,,,,,,,,,,
geo_05,2022-01-24,1180965,758793,500980,7833.8,7402.19,5323.25,689.39,534924,1648126.49,0.6012,20221.44,23354.86,0,396298,1887796.62,,,,,,,,,,,,,,,,,
geo_05,2022-01-31,1300660,824904,446674,8861.23,8439.5,5438.17,567.19,520529,1712904.69,0.6279,21366.11,25680.99,0,328311,1565204.2,,,,,,,,,,,,,,,,,
geo_05,2022-02-07,1072136,739670,468222,8288.73,5796.65,4962.21,788.67,529801,1838639.52,0.6504,16133.39,23625.22,0,338214,2544227.85,,,,,,,,,,,,,,,,,
geo_05,2022-02-14,1279766,638581,389260,9241.63,4477.58,4497.48,599.18,518659,1723884.4,0.5955,18073.26,24073.51,0,327199,1731815.11,,,,,,,,,,,,,,,,,
geo_05,2022-02-21,1103953,973115,406773,6103.67,8468.82,3972.96,728.39,515143,1672612.23,0.6432,20320.64,26243.25,0,388814,1928756.6,,,,,,,,,,,,,,,,,
geo_05,2022-02-28,1001800,581371,430080,7029.41,5887.87,5701.41,672.82,523564,1887175.11,0.6414,16222.26,29314.32,0,360307,1803124.51,,,,,,,,,,,,,,,,,
geo_05,2022-03-07,1226028,761572,396089,7945.44,7324.8,4983.29,660.83,517036,1694074.3,0.6279,18458.95,27693.32,0,324538,1844973.61,,,,,,,,,,,,,,,,,
geo_05,2022-03-14,1025408,687439,453322,6270.15,5257.13,5511.23,789.2,515000,1716824.76,0.6903,20055.76,26403.66,0,460482,2200262.61,,,,,,,,,,,,,,,,,
geo_05,2022-03-21,1184143,677840,562235,8744.26,5328.35,5771.93,691.14,525705,1491378.63,0.6341,19057.28,27981.96,0,382750,2007687.8,,,,,,,,,,,,,,,,,
geo_05,2022-03-28,1066683,683304,539191,8229.58,6019.88,5481.87,672.42,539972,2048183.52,0.6165,22002.24,28777.67,1,374989,2098967.34,,,,,,,,,,,,,,,,,
geo_05,2022-04-04,977384,1057678,489860,5521.37,8902.46,6415.48,594.45,524663,1489212.97,0.6642,17860.61,25757.86,0,394368,1448569.53,,,,,,,,,,,,,,,,,
geo_05,2022-04-11,987359,942375,439643,5579.63,7886.69,4075.5,775,524626,2207086.24,0.6788,23636.57,33987.77,0,366256,2193418.15,,,,,,,,,,,,,,,,,
geo_05,2022-04-18,1200210,612457,371699,7185.34,5628.11,4776.39,575.73,510984,1790737.09,0.6182,22474.27,26450.51,0,382088,1713601.45,,,,,,,,,,,,,,,,,
geo_05,2022-04-25,1080867,659166,432201,6978.4,5858.25,5409.72,595.83,519055,1739828.74,0.6381,22992.15,24716.49,0,325493,1720052.44,,,,,,,,,,,,,,,,,
geo_05,2022-05-02,1337448,907286,366902,8443.28,7735.69,3610.94,913.63,525769,1493529.35,0.692,21906.4,24062,1,398830,3187669.5,,,,,,,,,,,,,,,,,
geo_05,2022-05-09,1099169,794959,472849,7910.2,8030.33,6068.72,799.67,525122,1734610.23,0.6422,16697.37,28856.81,0,334849,2357388.66,,,,,,,,,,,,,,,,,
geo_05,2022-05-16,1122402,646503,601120,6583.18,5484.65,6662.56,894.12,526867,1513073.85,0.6751,19503.55,22585.43,1,331561,3117784.33,,,,,,,,,,,,,,,,,
geo_05,2022-05-23,1107244,587408,481254,7173.07,5583.38,4810.67,559.89,522744,1878242.28,0.5918,22994.69,29129.59,0,324022,1591051.4,,,,,,,,,,,,,,,,,
geo_05,2022-05-30,1024212,642607,479878,7555.44,6356.45,6154.07,676.83,534788,1707556.58,0.6194,15797.91,27007.07,0,345822,1875664.8,,,,,,,,,,,,,,,,,
geo_05,2022-06-06,1133009,690778,492643,8230.71,5086.68,6515.72,591.2,523031,1920614.28,0.5495,15688.6,23995.58,0,355650,1760749.67,,,,,,,,,,,,,,,,,
geo_05,2022-06-13,1239384,736691,395503,9425.89,5900.95,4656.93,612.87,535432,1827080.49,0.6352,17231.23,24373.13,0,370832,1643994.22,,,,,,,,,,,,,,,,,
geo_05,2022-06-20,1422131,737902,440624,8345.91,5464.6,5406.56,674.04,526138,1597847.74,0.5289,17880.87,18619.49,1,388679,1988122.61,,,,,,,,,,,,,,,,,
geo_05,2022-06-27,1064665,703210,382989,7541.44,5935.56,4073.83,545.86,519159,1595854.18,0.5652,17212.4,21392.62,0,375693,1482231.84,,,,,,,,,,,,,,,,,
geo_05,2022-07-04,994030,778986,451135,7262.81,5633.82,4562.34,544.27,511539,1583333.12,0.5676,17888.04,29331.89,0,426140,1455600.55,,,,,,,,,,,,,,,,,
geo_05,2022-07-11,1015185,737432,340508,7293.84,5737.36,3938.12,584.77,528598,1496058.65,0.5076,20181.03,22365.08,0,369353,1690304.96,,,,,,,,,,,,,,,,,
geo_05,2022-07-18,1055581,705921,457105,5816.81,5712.42,5858.53,488.5,526592,1669956.16,0.4841,13634.6,25935.15,0,404133,1332919.8,,,,,,,,,,,,,,,,,
geo_05,2022-07-25,869314,570347,402453,6379.78,4881.64,5520.92,483.95,527745,1485632.64,0.5477,16897.21,25739.55,0,355934,1357280.31,,,,,,,,,,,,,,,,,
geo_05,2022-08-01,1026754,592646,331229,7486.13,4607.25,4022.83,632.24,514402,1567943.73,0.5222,12212.77,19592.96,1,396627,1901423.06,,,,,,,,,,,,,,,,,
geo_05,2022-08-08,992427,724135,490833,6328.94,7385.85,5640.92,563.83,527186,1587243.57,0.4793,15322.79,25048.29,0,376074,1402143.87,,,,,,,,,,,,,,,,,
geo_05,2022-08-15,1144967,486548,427350,7979.91,3650.79,4324.12,544.19,523731,1362435.27,0.5131,16069.59,23728.72,0,338745,1528395.14,,,,,,,,,,,,,,,,,
geo_05,2022-08-22,684674,647516,472453,4027.36,4885.85,6429.63,458.13,538308,1341063.37,0.5508,16448.23,19713.33,0,351218,1241123.26,,,,,,,,,,,,,,,,,
geo_05,2022-08-29,750525,587761,434931,5294.42,6149.97,5864.78,469.66,519939,1363556.03,0.561,15808.59,20349.03,0,386238,1296732.6,,,,,,,,,,,,,,,,,
geo_05,2022-09-05,830601,506803,416009,6194.74,4296.46,5357.19,519.91,522279,1665872.69,0.4729,15995.27,24496.7,0,359282,1348724.97,,,,,,,,,,,,,,,,,
geo_05,2022-09-12,1029896,535309,401468,6629.04,3922.82,4801.57,440.66,525586,1317348.9,0.5131,15143.09,22560.02,0,409214,1280213.41,,,,,,,,,,,,,,,,,
geo_05,2022-09-19,986812,667512,435358,6982.15,6929.34,5902.2,650.07,528513,1467123.13,0.4992,15506.34,20440.13,0,346628,2086254.75,,,,,,,,,,,,,,,,,
geo_05,2022-09-26,1031615,641153,341057,8186.48,6092.19,3928.86,513.23,509511,1191000.39,0.5012,15166.18,20119.35,0,384965,1293301.85,,,,,,,,,,,,,,,,,
geo_05,2022-10-03,881251,538938,452787,5460.78,5350.25,5639.46,512.99,523412,1324201.13,0.4739,15768.94,22191.34,0,313104,1305354.41,,,,,,,,,,,,,,,,,
geo_05,2022-10-10,850305,656461,367825,5202.24,5084.59,4658.6,541.14,517845,1284247.84,0.5181,15561.56,26489.93,0,315986,1552538.5,,,,,,,,,,,,,,,,,
geo_05,2022-10-17,1019301,566312,458470,7271.51,4321.41,5129.11,433.36,535623,1484165.5,0.4474,15678.22,21669.23,0,447184,1295827.55,,,,,,,,,,,,,,,,,
geo_05,2022-10-24,881835,561065,302714,5385.18,5667.11,3597.64,530.06,523987,1418767.05,0.4883,15964.5,20418.74,0,336215,1489154.9,,,,,,,,,,,,,,,,,
geo_05,2022-10-31,901259,741561,449773,5413.46,6231.14,5288.1,631.71,524367,1933069.61,0.4767,17756.33,24201.04,0,326875,1814261.15,,,,,,,,,,,,,,,,,
geo_05,2022-11-07,1160811,675640,465574,7227.95,6011.28,6178.99,584.35,536085,1647285.11,0.5382,17600.3,29318.76,0,406968,1584356.58,,,,,,,,,,,,,,,,,
geo_05,2022-11-14,1119642,827479,488867,7573.4,8504.98,5400.49,729.13,540213,1733629.72,0.4903,21800.89,26621.48,0,361728,2181629.12,,,,,,,,,,,,,,,,,
geo_05,2022-11-21,1170497,724105,644776,8425.48,7384.61,7831,654.63,527004,2231003.96,0.4556,21343.46,25458.96,0,435869,1759467.4,,,,,,,,,,,,,,,,,
geo_05,2022-11-28,1265630,845660,400683,8448.91,7412.17,5150.08,843.87,534783,1949919.02,0.6145,20926.61,36033.43,0,338180,2388434.41,,,,,,,,,,,,,,,,,
geo_05,2022-12-05,1481962,885255,647183,8906.95,8535.86,7866.54,789.3,526436,1912985.33,0.5131,24610.69,27548.02,1,340987,2454161.25,,,,,,,,,,,,,,,,,
geo_05,2022-12-12,1629078,878311,621107,12128.75,8511.26,7403.65,807.67,528231,2104378.64,0.5085,22131.07,28448.44,0,392294,2088168.54,,,,,,,,,,,,,,,,,
geo_05,2022-12-19,1036022,972685,557143,7059.59,8476.04,6600.6,728.3,514144,1936641.6,0.5208,22637.12,27792.17,0,385240,2090619.01,,,,,,,,,,,,,,,,,
geo_05,2022-12-26,1356948,615868,608530,9065.06,4742.16,7698.59,690.19,526787,1817369.1,0.6011,19265.1,26894.37,0,374480,2031673.38,,,,,,,,,,,,,,,,,
geo_05,2023-01-02,1241392,712035,451393,7265.37,6496.88,4757.25,527.32,535242,1798745.38,0.6511,20755.22,32923.65,0,358472,1465727.26,,,,,,,,,,,,,,,,,
geo_05,2023-01-09,1018639,603184,440350,7234.29,4858.12,5229.53,649.85,515450,1490464.46,0.6404,20207.16,25994.87,0,369098,1865165.43,,,,,,,,,,,,,,,,,
geo_05,2023-01-16,1014402,746509,398489,5974.15,6127.4,4092.15,721.53,523916,1772991.15,0.5538,20503.15,26454.5,1,324402,2124889.24,,,,,,,,,,,,,,,,,
geo_05,2023-01-23,1129108,674167,469211,6482.24,5013.85,6266.23,844.93,539015,1858112.7,0.6134,20758.7,24874.2,1,421283,2714533.04,,,,,,,,,,,,,,,,,
geo_05,2023-01-30,999192,642691,432399,5922.17,4961.4,5147.62,589.34,534951,1656324.04,0.6391,26122.71,24084.58,0,394257,1704575.16,,,,,,,,,,,,,,,,,
geo_05,2023-02-06,1075960,808985,756256,6944.02,6810.81,9896.91,813.23,526625,1921175.07,0.6768,19951.85,32394.41,1,411338,2524663.5,,,,,,,,,,,,,,,,,
geo_05,2023-02-13,1319869,728880,532472,8349.85,5141.89,6041.16,837.28,528351,1777193.84,0.6925,18407.58,24353.18,0,350331,2498798.66,,,,,,,,,,,,,,,,,
geo_05,2023-02-20,1225126,740386,472078,6746.24,5684.35,5739.84,588.92,524824,2014887.62,0.6862,21356.99,25948.83,0,331466,1723781.25,,,,,,,,,,,,,,,,,
geo_05,2023-02-27,1089802,648348,486587,7800.3,4619.23,5025.39,659.1,533703,1960146.54,0.6149,25483.55,24140.51,0,425375,1853989.96,,,,,,,,,,,,,,,,,
geo_05,2023-03-06,1283435,924237,633078,9443.01,6905.42,6880.66,802.86,531537,1919245.82,0.6556,21951.36,30191.3,1,406157,2511811.52,,,,,,,,,,,,,,,,,
geo_05,2023-03-13,1176474,712753,423715,8045.21,6055.23,5501.91,592.63,542836,1943751.89,0.7487,24689.57,33498.06,1,380420,1583027.18,,,,,,,,,,,,,,,,,
geo_05,2023-03-20,1179463,655177,514527,8495.95,4935.66,5073,669.13,520014,1900958.99,0.6374,20803.82,29886.11,0,403999,2035609.46,,,,,,,,,,,,,,,,,
geo_05,2023-03-27,1413078,973525,547599,11018.6,9707.68,5810.99,686.22,538628,2097726.86,0.6688,24062.6,34375.89,0,498904,1971880.09,,,,,,,,,,,,,,,,,
geo_05,2023-04-03,1736721,1020262,404049,13695.3,7668.85,5432.97,640.95,527777,1905434.74,0.6323,18921.79,28963.84,0,416579,1848469.19,,,,,,,,,,,,,,,,,
geo_05,2023-04-10,1483230,726502,523783,11584.64,5541.42,5249.8,858.83,528899,1593686.48,0.7377,22547.84,31071.88,1,380221,2788473.55,,,,,,,,,,,,,,,,,
geo_05,2023-04-17,1569475,842766,472434,11626.94,6925.89,5850.48,664.69,522459,1806835.09,0.6372,23364.1,27430.02,0,360006,1934549.56,,,,,,,,,,,,,,,,,
geo_05,2023-04-24,1204689,677858,481462,7531,5372.27,5311.87,664.83,530505,1686772.18,0.6376,20640.51,34145.32,0,416652,1897024.85,,,,,,,,,,,,,,,,,
geo_05,2023-05-01,1067644,772577,481879,8125.56,5500.18,4504.45,596.9,525446,1757694.53,0.6456,24006.12,22519.13,0,362141,1864257.2,,,,,,,,,,,,,,,,,
geo_05,2023-05-08,1201534,941909,386604,7779.87,7220.91,5030.98,682.56,532812,1824265.85,0.6563,18778.53,23605.41,0,421801,1944239.02,,,,,,,,,,,,,,,,,
geo_05,2023-05-15,1343719,860486,487548,8912.21,7846.44,6793.61,667.27,526563,1833369.04,0.7437,20059.42,23956.29,0,400659,1911502.24,,,,,,,,,,,,,,,,,
geo_05,2023-05-22,1350903,888695,453493,9027.03,6981.61,4874.32,714.77,522370,1801415.53,0.7109,26941.67,27621.82,1,323332,2067244.58,,,,,,,,,,,,,,,,,
geo_05,2023-05-29,1329203,615247,663241,10505.58,5983.55,8039.15,653.67,515824,1991143.6,0.6862,18738.62,26190.93,0,361580,1861671.52,,,,,,,,,,,,,,,,,
geo_05,2023-06-05,1256860,735911,455998,9870.94,6674.51,6295.53,724.62,524893,1873445.14,0.63,20812.43,24312.4,1,353362,2309671.44,,,,,,,,,,,,,,,,,
geo_05,2023-06-12,1181394,573501,572539,8632.72,6009.12,6406.58,696.19,546764,1853348.65,0.5984,19737.1,28683.66,0,378824,2310337.88,,,,,,,,,,,,,,,,,
geo_05,2023-06-19,953319,910943,464230,6519.85,6560.94,4584.06,544.76,516741,1791534.68,0.6062,20620.87,27192.31,0,391558,1814049.17,,,,,,,,,,,,,,,,,
geo_05,2023-06-26,1029773,733468,407695,5798.98,5299.92,3882.79,645.04,540151,1555344.91,0.589,21012.85,23787.52,0,336879,1892988.89,,,,,,,,,,,,,,,,,
geo_05,2023-07-03,963137,581757,450701,5596.62,5403.97,5857.05,733.26,525130,1421741.9,0.5809,23047.97,27155,1,415404,2379935.07,,,,,,,,,,,,,,,,,
geo_05,2023-07-10,1022440,715728,414311,8087.29,5388.94,4786.26,628.31,529085,1433213.73,0.6156,18570.49,25702.99,0,373158,1790829.88,,,,,,,,,,,,,,,,,
geo_05,2023-07-17,1145733,748295,546936,6740.39,5985.22,6642.72,550.13,530483,1530248.37,0.5348,14038.06,19984.25,0,408839,1624713.29,,,,,,,,,,,,,,,,,
geo_05,2023-07-24,1066648,911441,568993,7102.22,9343.03,5587.51,604.41,517588,1817941.1,0.6199,19016.14,23674.01,1,389776,1939842.82,,,,,,,,,,,,,,,,,
geo_05,2023-07-31,968244,843770,596072,6315.99,8351.45,5365.24,568.94,524456,1525874.11,0.5512,18764.27,22771.42,0,382525,1604897.42,,,,,,,,,,,,,,,,,
geo_05,2023-08-07,1261719,698333,479071,9893.17,6306.99,5777.02,554.84,515442,1552762.26,0.5714,16627.88,25838.22,0,405544,1589700.65,,,,,,,,,,,,,,,,,
geo_05,2023-08-14,719877,589454,510061,5134.29,5671.28,5117.83,563.57,524290,1751551.89,0.5617,15066.41,21755.17,1,355014,1744439.22,,,,,,,,,,,,,,,,,
geo_05,2023-08-21,1141048,542171,431328,8448.14,3819.88,4758.88,541.12,534207,1190088.42,0.5748,18274.78,19374.68,0,365621,1500449.75,,,,,,,,,,,,,,,,,
geo_05,2023-08-28,894743,784468,412594,5890.61,6663.75,5325.97,580.79,523154,1594604.44,0.4752,17168.71,20700.36,0,369476,1532602.15,,,,,,,,,,,,,,,,,
geo_05,2023-09-04,881606,662660,291635,6993.56,6153.2,3942.81,538.38,537146,1422172.07,0.4872,17127.95,21786,0,321030,1438444.82,,,,,,,,,,,,,,,,,
geo_05,2023-09-11,967413,620036,443454,7474.94,5686.11,4447.32,685.23,530912,1695378.75,0.501,16349.39,22175.27,0,435417,2273591.15,,,,,,,,,,,,,,,,,
geo_05,2023-09-18,1025934,731816,363998,7638.85,7642.38,4476.35,551.22,534888,1371383.4,0.5056,16839.03,20682.09,0,381571,1641126.35,,,,,,,,,,,,,,,,,
geo_05,2023-09-25,995878,561823,358596,5717.62,4054.17,3333.25,465.58,547679,1477446.38,0.5429,19043.62,23752.4,0,419602,1326434.69,,,,,,,,,,,,,,,,,
geo_05,2023-10-02,1179124,592951,377063,7720.44,4340.94,3712.76,536.43,543787,1520143.32,0.5477,13985.45,23127.67,0,344547,1496758.63,,,,,,,,,,,,,,,,,
geo_05,2023-10-09,986568,699882,366707,7664.37,5403.09,4662.03,533.35,531264,1506576.86,0.5878,17282.77,20023.79,0,401108,1492854.79,,,,,,,,,,,,,,,,,
geo_05,2023-10-16,1203077,576170,403816,8942.87,4246.8,3765.64,471.91,524814,1595276.23,0.5158,17493.18,29424.4,0,431598,1424595.52,,,,,,,,,,,,,,,,,
geo_05,2023-10-23,1089925,889874,503139,6635.37,8524.75,5215.2,544.69,534249,1402981.8,0.5092,16930.09,23599.42,0,389842,1620047.5,,,,,,,,,,,,,,,,,
geo_05,2023-10-30,1085036,615473,561925,6450.53,6396.15,7757.04,590.11,530981,1933479.97,0.5794,23429.04,21099.26,0,345386,1746439.41,,,,,,,,,,,,,,,,,
geo_05,2023-11-06,1341846,816345,519075,10561.18,6075.98,6968.2,585.76,527117,1958233.88,0.5645,20966.15,32073.94,0,364189,1705565.15,,,,,,,,,,,,,,,,,
geo_05,2023-11-13,1523493,890463,488195,8671.59,6883.64,6194.1,774.23,519464,1767616.22,0.6072,20832.31,34766.64,1,345004,2511132.47,,,,,,,,,,,,,,,,,
geo_05,2023-11-20,1332122,1030224,490017,8206.15,7745.82,5376.09,807.13,525635,1867053.07,0.5454,22658.57,29571.25,0,402451,2236450.16,,,,,,,,,,,,,,,,,
geo_05,2023-11-27,1178794,886942,586466,8566.76,8782.66,6179.6,892.82,545184,1897494.75,0.6093,23057.65,28648.37,1,369684,2934451.11,,,,,,,,,,,,,,,,,
geo_05,2023-12-04,1342022,875409,500223,8522.35,6442.76,5542.48,814.62,538810,1872823.03,0.5174,20099.73,28864.31,1,338543,2720475.54,,,,,,,,,,,,,,,,,
geo_05,2023-12-11,1224414,981535,524901,9518.48,8836.59,5925.31,978.35,516601,2269070.82,0.5664,22849.76,29774.65,1,418768,2998011.01,,,,,,,,,,,,,,,,,
geo_05,2023-12-18,1099334,1035328,464702,6471.86,10100.71,4323.4,898.69,524500,2195187.73,0.6096,21626.81,32822.43,0,378250,2553490.06,,,,,,,,,,,,,,,,,
geo_05,2023-12-25,1386873,843513,691736,8124.93,7046.23,9238.31,692.82,523707,2284047.4,0.5601,21683.8,33580.81,0,396136,1907220.62,,,,,,,,,,,,,,,,,
geo_05,2024-01-01,1025894,715860,447934,6982.51,7430.95,5089.15,673.65,537914,1876705.16,0.6447,20948.09,28268.46,0,407342,1988281.38,,,,,,,,,,,,,,,,,
geo_05,2024-01-08,1148844,725060,313055,6470.31,6148.45,3166.21,740.52,543079,1629220.44,0.6597,20837.72,30315.56,0,447815,2321958.59,,,,,,,,,,,,,,,,,
geo_05,2024-01-15,1151588,917970,676163,8372.6,8389.08,7953.54,628.89,523795,1740299.24,0.7569,20267.45,37621.88,0,397350,1972251.44,,,,,,,,,,,,,,,,,
geo_06,2021-01-25,1856105,1200164,698276,10239.77,9495.88,9269.3,1286.08,846796,2597389.66,0.5838,24723.22,36937.92,1,498764,3976209.54,,,,,,,,,,,,,,,,,
geo_06,2021-02-01,1843053,1017147,670304,11895.91,8306.87,6654.35,1031.38,812778,2980853.21,0.6559,23519.3,33891.01,0,506606,2721683.46,,,,,,,,,,,,,,,,,
geo_06,2021-02-08,1435923,943849,714040,11042.19,9664.06,7169.94,871.99,841084,2841970.78,0.5773,25595.01,31424.88,0,636545,2205843.1,,,,,,,,,,,,,,,,,
geo_06,2021-02-15,2259201,894183,738702,14252.42,7489.29,7813.73,1082.98,833193,2653200.84,0.6583,23585.12,36124.75,0,576191,3142073.99,,,,,,,,,,,,,,,,,
geo_06,2021-02-22,1980503,1042701,1104325,11503.14,10120.27,10278.94,921.5,846265,2942284.99,0.635,28443.24,49108.05,0,578944,2568249.33,,,,,,,,,,,,,,,,,
geo_06,2021-03-01,1761452,990966,510390,10733.43,9301.19,6501.52,1072.21,832090,2305490.13,0.5588,24438.64,42252.43,1,582693,3017834.39,,,,,,,,,,,,,,,,,
geo_06,2021-03-08,1945160,1323318,704123,15296.45,12200.59,8251.11,890.08,835631,2436146.88,0.6272,41227.14,38265.86,0,473579,2529302.74,,,,,,,,,,,,,,,,,
geo_06,2021-03-15,1680299,1112177,967309,12878.61,11442.02,10765.79,1047.62,853342,2914792.04,0.642,25235.97,42511.54,0,608024,3081995.41,,,,,,,,,,,,,,,,,
geo_06,2021-03-22,2034683,1591971,853786,14273.97,14057.03,11424.6,994.58,836572,3274481.61,0.6032,35235.52,40141.55,0,583209,3094983.81,,,,,,,,,,,,,,,,,
geo_06,2021-03-29,1825824,1158353,826212,11239.65,10693.12,8463.89,929.68,856180,2728568.74,0.6146,29966.8,42928.83,0,539552,2412940,,,,,,,,,,,,,,,,,
geo_06,2021-04-05,1732746,1263277,776843,13700.09,9244.34,9722.82,1074.78,828826,3010667.99,0.6409,30598.11,43127.88,0,514367,2858497.44,,,,,,,,,,,,,,,,,
geo_06,2021-04-12,1693521,1295590,795843,10762.94,12055.91,8803.01,1100.19,842898,2658942.94,0.6866,29109.18,39799.16,0,552012,2909385.36,,,,,,,,,,,,,,,,,
geo_06,2021-04-19,1779342,972404,513106,12504.18,9345.66,4922.98,807.35,836824,2644936.57,0.6703,31318.85,50768.49,0,597891,2405337.57,,,,,,,,,,,,,,,,,
geo_06,2021-04-26,1829405,1321656,721628,12131.24,13096.84,8105.29,852.68,829820,2509914.49,0.606,34423.29,41270.12,0,741873,2344273.96,,,,,,,,,,,,,,,,,
geo_06,2021-05-03,1665307,1056176,700013,10510.55,9960.76,6983.33,971.49,840812,3193420.39,0.6007,30340.61,45214.77,0,543832,2658385.51,,,,,,,,,,,,,,,,,
geo_06,2021-05-10,1712101,1323240,758606,11079.5,10858.49,8309.7,916.67,835315,2521790.07,0.5431,24680.86,37147.1,0,570988,2399136.74,,,,,,,,,,,,,,,,,
geo_06,2021-05-17,2032484,968829,745915,11699.17,10171.74,9055.71,987.88,843970,2485944.44,0.6428,27624.44,36002.47,0,468982,2985755.5,,,,,,,,,,,,,,,,,
geo_06,2021-05-24,1629236,1192827,866622,12415.53,10660.85,10322.91,1134.09,837709,2836988.89,0.5922,28794.56,44334.85,0,668462,3049635.78,,,,,,,,,,,,,,,,,
geo_06,2021-05-31,1615324,952279,802548,8976.88,9824.93,9012.21,959.23,816072,2437113.96,0.603,29998.11,43834.54,0,495172,2562733.37,,,,,,,,,,,,,,,,,
geo_06,2021-06-07,1534352,1290135,698880,11663.46,13358.1,7765.07,917.5,839872,2800187.27,0.5419,26023.61,34841.74,0,513342,2428375.96,,,,,,,,,,,,,,,,,
geo_06,2021-06-14,1895252,880145,729156,11690.99,8647.79,9120.27,891.95,834029,2306880.82,0.5684,24959.63,29702.85,0,644143,2409144.45,,,,,,,,,,,,,,,,,
geo_06,2021-06-21,1658094,1240533,727028,10148.14,10708.95,8641.99,1074.92,859545,2822449.37,0.5784,24974.27,39087.37,0,538293,2794595.55,,,,,,,,,,,,,,,,,
geo_06,2021-06-28,1871574,1179109,514265,12238.99,9812.73,5378.03,770.8,834208,2743973.61,0.5842,25426.61,36864.54,0,583661,2306965.56,,,,,,,,,,,,,,,,,
geo_06,2021-07-05,1590892,1093868,571167,11069.06,10285.3,7745.01,1003.57,835983,2327468.62,0.614,25490.22,38631.99,0,481866,2612094.2,,,,,,,,,,,,,,,,,
geo_06,2021-07-12,1444700,969071,704227,10965.82,10008.61,9266.47,1197.74,860483,2453188.05,0.575,26304.98,36105.17,1,589284,3710487.17,,,,,,,,,,,,,,,,,
geo_06,2021-07-19,1306969,759608,795315,9298.15,7294.83,10018.15,867.81,837354,2617096.81,0.5825,24914.3,39123.82,0,556465,2288806.76,,,,,,,,,,,,,,,,,
geo_06,2021-07-26,1544323,1230106,674330,8819.39,10750.51,6704.51,882.26,841069,1657682.61,0.5282,26609.16,34877.75,0,545203,2346378.25,,,,,,,,,,,,,,,,,
geo_06,2021-08-02,1634220,1076362,766560,12129.26,8371.72,8372.84,913.15,846056,2765706.79,0.543,23962.55,47090.67,0,607996,2835708.51,,,,,,,,,,,,,,,,,
geo_06,2021-08-09,1461680,949969,559353,11475.23,7754.32,6669.88,928.39,827329,2370204.22,0.5156,27595.19,36778.05,0,562531,2880335.52,,,,,,,,,,,,,,,,,
geo_06,2021-08-16,1501631,1058060,617687,10674.85,10340.94,7315.75,813.58,808723,2243717.53,0.5196,23677.47,32712.06,0,586122,2086943.63,,,,,,,,,,,,,,,,,
geo_06,2021-08-23,1565519,866766,769210,12317.08,7578.93,9323.93,819.86,840106,2732666.41,0.5218,22493.04,38280.71,0,660979,2186430.57,,,,,,,,,,,,,,,,,
geo_06,2021-08-30,1908762,920913,782572,13115.9,9080.84,8846.94,862,834930,2290113.12,0.4061,20111.69,28616.85,0,462701,2247918.07,,,,,,,,,,,,,,,,,
geo_06,2021-09-06,1557423,1018846,586905,11593.17,7810.18,6203.21,730.15,822115,2368194.52,0.5111,25494.02,35954.56,0,565798,2068476.33,,,,,,,,,,,,,,,,,
geo_06,2021-09-13,1620789,766525,639328,9265.32,6084.57,6789.85,959.7,821884,2338001.01,0.4743,22335.36,39104.65,1,522844,3015780.76,,,,,,,,,,,,,,,,,
geo_06,2021-09-20,1234734,989814,726500,7902.6,10119.23,7332.07,710.61,832488,2168466.01,0.5052,26232.88,30203.83,0,562736,1899940.51,,,,,,,,,,,,,,,,,
geo_06,2021-09-27,1714635,1144588,684321,11933.66,9656.72,6173.6,819.38,840095,2129397.02,0.5367,24964.97,35662.66,0,458475,2100644.12,,,,,,,,,,,,,,,,,
geo_06,2021-10-04,1769382,1076601,559326,12477.13,10672.51,7396.2,715.23,824457,2217561.34,0.4885,25055.93,30354.06,0,498539,2010179.24,,,,,,,,,,,,,,,,,
geo_06,2021-10-11,1448437,1199077,705795,10663.18,11322.63,8230.6,797.1,844646,2315185.85,0.4994,21215.2,28581.33,0,625120,1986067.81,,,,,,,,,,,,,,,,,
geo_06,2021-10-18,1503972,956194,742506,10380.91,9897.08,9121.5,871.91,830403,2247311.31,0.4668,21741.93,31060.82,0,666367,1996071.17,,,,,,,,,,,,,,,,,
geo_06,2021-10-25,1366160,681038,525993,9323.62,6145.72,6547.43,783.67,829136,1894374.17,0.489,28545.4,32829.11,0,640749,2142536.7,,,,,,,,,,,,,,,,,
geo_06,2021-11-01,1511976,1114349,619292,9938.2,11034.74,6632.54,991.72,865985,2580103.16,0.4488,30138.14,41761.85,0,493284,2683793.41,,,,,,,,,,,,,,,,,
geo_06,2021-11-08,2312944,1190845,735639,13265.74,12224.03,9475.83,1132.51,849710,2590818.65,0.5217,29658.88,35280.22,1,562789,3454864.8,,,,,,,,,,,,,,,,,
geo_06,2021-11-15,1785142,1231900,802214,12669.75,10099.9,10932.44,960.24,830363,3391070.04,0.5237,26081.18,41352.28,0,567036,2447328.64,,,,,,,,,,,,,,,,,
geo_06,2021-11-22,1609441,1354416,768842,10490.97,11064.19,7118.74,871.63,814274,2707239.46,0.4858,32858.84,41546.03,0,514890,2359318.31,,,,,,,,,,,,,,,,,
geo_06,2021-11-29,1935672,1356075,816682,15144.01,13677.94,8626.53,1367.68,823271,2950612.41,0.5144,37626.92,38818.09,1,652513,3904718.61,,,,,,,,,,,,,,,,,
geo_06,2021-12-06,2503452,1336596,739343,17313.87,11252.76,10136.61,1136.06,807805,2611812.37,0.448,26073.32,49559.74,0,575742,2599088.45,,,,,,,,,,,,,,,,,
geo_06,2021-12-13,2468627,1583848,581095,14352.07,12027.92,7015.15,1161.15,851387,2560694.88,0.5766,31536.09,37170.23,0,534240,3181137.42,,,,,,,,,,,,,,,,,
geo_06,2021-12-20,2362094,1380955,785176,15153.84,12886.15,9462.31,1188.61,814405,2871403.42,0.5421,35234.61,42095.8,1,531838,3223352,,,,,,,,,,,,,,,,,
geo_06,2021-12-27,1962891,1405163,789271,13006.29,13962.37,7291.01,1141.36,840182,2898376.87,0.5436,31764.27,55714.33,0,526068,3209998.91,,,,,,,,,,,,,,,,,
geo_06,2022-01-03,1878872,1186003,477274,14524.03,9458.18,5826,972.18,834721,2211777.18,0.4856,25068.01,39843.16,1,575046,2889893.98,,,,,,,,,,,,,,,,,
geo_06,2022-01-10,1710966,1278716,723466,13500.05,13284.74,8847.38,989.87,840229,2601735.56,0.582,33183.56,38008.1,1,573986,3070579.09,,,,,,,,,,,,,,,,,
geo_06,2022-01-17,1621662,1155546,674730,9802.65,8709.75,6786.39,1081.42,849411,2420730.4,0.6128,31739.37,37043.49,0,580897,2911681.08,,,,,,,,,,,,,,,,,
geo_06,2022-01-24,2060889,1334608,741515,14189.54,11689.57,6813.5,942.32,838779,2842221.07,0.6292,28236.16,37567.07,0,632229,3037684.67,,,,,,,,,,,,,,,,,
geo_06,2022-01-31,1572595,971809,809485,10723.85,9066.68,7869.92,1186.35,845275,2784344.78,0.6764,26350.93,46921.63,0,508492,3808538.99,,,,,,,,,,,,,,,,,
geo_06,2022-02-07,2058429,1115320,709790,13744.22,10370.44,9186.6,977.69,859291,2883225.41,0.5966,29979.65,42120.46,0,546898,2706964.93,,,,,,,,,,,,,,,,,
geo_06,2022-02-14,1924540,1034395,811750,14154.93,9852.85,10834.66,985.67,840760,2577479.65,0.5956,32305.31,34789.88,0,611797,2345840.75,,,,,,,,,,,,,,,,,
geo_06,2022-02-21,2092811,1113990,624029,13638.53,8359.63,7522.2,1060.72,846415,2722186.49,0.5908,23825.4,61173.15,0,516700,2744645.19,,,,,,,,,,,,,,,,,
geo_06,2022-02-28,1998662,1088693,631357,14216.39,10431.94,7442.51,1195.55,865019,2522189.02,0.6438,33542.94,36305.64,0,569024,3209167.42,,,,,,,,,,,,,,,,,
geo_06,2022-03-07,1826297,1271587,668860,12036.31,11623.26,6293.54,1068.27,821999,2581831.34,0.7049,37247.18,53918.19,0,728685,3060579.62,,,,,,,,,,,,,,,,,
geo_06,2022-03-14,2261727,1200430,958725,13666.22,10335.55,9564.17,1004.03,840007,3060680.45,0.6353,36031.15,48343.16,0,512778,2797220.37,,,,,,,,,,,,,,,,,
geo_06,2022-03-21,2206597,1351284,767926,13379.46,12219.6,9851.18,1073.32,834196,3137320.8,0.6614,39412.36,48709,0,639205,2938593.68,,,,,,,,,,,,,,,,,
geo_06,2022-03-28,1941000,1358850,739374,10756.84,10459.41,6752.58,1359.43,828955,2579970.12,0.6953,35221.76,50013.13,0,570367,3670187.32,,,,,,,,,,,,,,,,,
geo_06,2022-04-04,1769051,1005610,742369,13612.66,7832.87,9364.51,1284.68,835926,3433963.33,0.6658,30043.51,46278.02,1,635736,4478224.93,,,,,,,,,,,,,,,,,
geo_06,2022-04-11,1627881,1103065,811982,11008.51,9067.3,10502.55,1126.88,840370,2501454.5,0.6478,31562.11,40114.58,0,489250,2980895.72,,,,,,,,,,,,,,,,,
geo_06,2022-04-18,1656227,1250767,978393,12949.28,12267.76,10154.29,1112.5,844701,2788586.83,0.6664,35877.81,43588.26,0,597813,3335624.13,,,,,,,,,,,,,,,,,
geo_06,2022-04-25,1641217,1422430,788316,10897.76,11447.78,10371.69,924.41,844634,2993103.53,0.6522,32526.56,39425.66,0,567038,2469023.64,,,,,,,,,,,,,,,,,
geo_06,2022-05-02,1813556,1471609,675953,13509.23,14875.44,8935.62,855.25,853236,2826226.91,0.6455,26587.93,38055.83,0,591755,2465572.38,,,,,,,,,,,,,,,,,
geo_06,2022-05-09,2297090,1462476,746730,15946.87,10271.16,10179.45,1077.67,832454,2761488.36,0.6982,32535.22,37506.41,0,606833,3069359.03,,,,,,,,,,,,,,,,,
geo_06,2022-05-16,1598816,1198859,715542,11853.01,11951.11,6791.48,1098.4,851703,3137668.21,0.6207,32986.5,49151.13,0,709426,3051326.18,,,,,,,,,,,,,,,,,
geo_06,2022-05-23,1676512,1064109,647995,10624.69,9742.21,5954.78,947.51,859993,2605204.07,0.6752,26917.65,52211.55,1,647499,3030808.59,,,,,,,,,,,,,,,,,
geo_06,2022-05-30,1477091,1640384,639897,9877.12,12848.1,7960.56,1012.19,830776,2964238.33,0.6284,29764.67,41363.42,0,523777,2748121.31,,,,,,,,,,,,,,,,,
geo_06,2022-06-06,2000473,1289605,632463,15619.39,11236.87,6006.21,1175.96,833797,2644056.83,0.6065,30184.26,38299.91,1,525869,3674548.38,,,,,,,,,,,,,,,,,
geo_06,2022-06-13,2048224,1585859,882455,15597.11,13407.64,11800.63,963.59,863009,2542683.36,0.5603,31723.87,36435.15,0,552498,2493588.95,,,,,,,,,,,,,,,,,
geo_06,2022-06-20,1757993,1487873,675463,10806.65,12535,8151.8,907.39,845580,2638901.83,0.5648,36788.59,37853.38,0,609358,2298712.94,,,,,,,,,,,,,,,,,
geo_06,2022-06-27,1965844,1222356,779270,14790.06,10514.54,8629.67,905.42,842087,2693914.01,0.5307,32494,48719.94,0,536775,2471664.47,,,,,,,,,,,,,,,,,
geo_06,2022-07-04,1743678,1273053,744335,13063.11,10878.46,6748.05,987.32,851168,3012275.47,0.6338,32667.46,39674.59,0,536571,3027758.16,,,,,,,,,,,,,,,,,
geo_06,2022-07-11,1500482,1091736,771203,8753.14,7852.99,10706.97,1041.34,847836,2589601.64,0.5909,29853.78,35708.96,0,645839,2767666.93,,,,,,,,,,,,,,,,,
geo_06,2022-07-18,1383721,1305601,574725,9703.41,9256.1,7249.02,762.28,837422,2670160.19,0.5505,31371.35,34626.82,0,569780,2346736.14,,,,,,,,,,,,,,,,,
geo_06,2022-07-25,1715566,1157618,710976,10738.37,11575.7,7634.3,944.12,847291,2902238.17,0.5494,23781.8,46658.21,0,526151,2577513.59,,,,,,,,,,,,,,,,,
geo_06,2022-08-01,1714312,943303,652138,13258.71,7858.57,8687.55,847.55,846066,2393574.86,0.4552,30942.64,38066.21,0,535074,2627295.74,,,,,,,,,,,,,,,,,
geo_06,2022-08-08,1660222,1239728,680847,9869.97,9609.18,9007.8,790.67,821002,2410617.85,0.4632,27237.02,36279.76,0,526696,2339483.69,,,,,,,,,,,,,,,,,
geo_06,2022-08-15,1629276,1086592,610639,12952.46,10832.19,8080.27,1012.24,849027,2360164.76,0.5445,33473.85,45321.13,0,563356,2996503.51,,,,,,,,,,,,,,,,,
geo_06,2022-08-22,1677002,1185559,650975,12695.84,11669,6019.05,942.63,826992,2196191.75,0.4978,26458.19,32832.05,0,559982,2389064.68,,,,,,,,,,,,,,,,,
geo_06,2022-08-29,1366957,725101,764985,10116.61,5882.48,10054.52,849.33,843176,2412633.93,0.4953,24517.38,37028.75,0,605922,2419010.09,,,,,,,,,,,,,,,,,
geo_06,2022-09-05,1892138,1287621,568188,13399.85,10772.77,7226.76,896.9,873386,2428958.03,0.4623,26544.73,29769.38,0,712629,2362995.94,,,,,,,,,,,,,,,,,
geo_06,2022-09-12,1585203,928413,598697,12380.06,7933.67,6640.86,826.14,820180,2374760.36,0.5381,26966.24,40826.45,0,543110,2352554.27,,,,,,,,,,,,,,,,,
geo_06,2022-09-19,1447598,907768,693850,9994.81,8147.53,6439.51,808.12,854786,2263136.33,0.5341,26701.11,39620.11,0,572054,2145695.82,,,,,,,,,,,,,,,,,
geo_06,2022-09-26,1734813,1158893,913939,10471.03,10544.09,11873.43,759.49,833509,2446131.24,0.5384,25781.71,34379.64,1,529720,2204361.02,,,,,,,,,,,,,,,,,
geo_06,2022-10-03,1297135,1133797,693934,8372.13,11293.96,6438.17,936.94,848313,2386645.28,0.5047,27210.28,31988.34,0,549635,2539309.93,,,,,,,,,,,,,,,,,
geo_06,2022-10-10,1774825,938404,507523,10543.52,6798.77,5399.79,945.07,858881,2230216.06,0.4757,23798.75,34594.9,0,501977,3020234.63,,,,,,,,,,,,,,,,,
geo_06,2022-10-17,1837339,962835,607184,11546.52,9267.59,7747.67,850.55,863078,2045935.66,0.5805,25831.49,35913.97,0,523001,2379852.47,,,,,,,,,,,,,,,,,
geo_06,2022-10-24,1607056,1132177,649532,10104.6,9166.82,8265.68,646.59,853152,2388226.39,0.4986,25304.51,34679.45,0,587981,1533715.49,,,,,,,,,,,,,,,,,
geo_06,2022-10-31,2043154,989549,657340,16156.34,9726.49,6883.38,1262.81,818834,3002323.08,0.4765,30121.4,39411.83,0,595287,3689441.71,,,,,,,,,,,,,,,,,
geo_06,2022-11-07,1731405,1263279,666929,11629.08,9996.42,6570.56,1045.36,856190,2773305.71,0.4637,36132.14,43307.06,1,599173,3312306.03,,,,,,,,,,,,,,,,,
geo_06,2022-11-14,1857802,1081730,725053,14753.19,10633.32,6974.17,987.93,857053,2911246.8,0.4943,34836.13,48145.45,0,689687,2800013.45,,,,,,,,,,,,,,,,,
geo_06,2022-11-21,2471727,1279237,887629,14270.24,9833.2,8337.39,1183.63,859764,2977852.73,0.5471,32099.44,57776.07,1,654058,3428947.21,,,,,,,,,,,,,,,,,
geo_06,2022-11-28,2280741,1178226,556682,14915.1,10487.1,7052.33,1070.06,840124,3229804.24,0.5,29126.85,40555.98,0,496527,3101608.48,,,,,,,,,,,,,,,,,
geo_06,2022-12-05,1923556,1508669,833454,13862.91,10581.35,9858.41,1022.73,838453,2795314.02,0.5443,42673.76,41762.75,0,649910,2737394.44,,,,,,,,,,,,,,,,,
geo_06,2022-12-12,2018567,1080204,780586,13429.15,8620.42,7656.7,1183.65,837846,2938258.39,0.5678,29459.64,53169.27,0,617548,3251551.25,,,,,,,,,,,,,,,,,
geo_06,2022-12-19,2613081,1247277,855875,20233.91,12258.52,10129.56,1119.16,860330,3027512.01,0.58,35876.77,40959.72,0,654581,3301955.46,,,,,,,,,,,,,,,,,
geo_06,2022-12-26,2224101,1443510,939844,12820.67,13035.8,9508.38,1354.32,848540,3554330.95,0.6329,28579.51,60090.93,0,620780,4109863.15,,,,,,,,,,,,,,,,,
geo_06,2023-01-02,1776426,1268559,723005,11484.43,9611.64,8990.62,958.61,832288,2639874.08,0.6168,24746.49,37525.28,0,655453,2601440.4,,,,,,,,,,,,,,,,,
geo_06,2023-01-09,2167758,1216973,868966,13713.86,8559.54,10688.54,1030.83,885973,3054071.67,0.5992,32191.71,42746.28,0,537241,3030485.53,,,,,,,,,,,,,,,,,
geo_06,2023-01-16,1995062,1395264,853928,12875.86,11475.67,9841.13,1045,844057,2580063.54,0.6731,36028.95,49995.08,0,557195,3337816.1,,,,,,,,,,,,,,,,,
geo_06,2023-01-23,2101335,1246340,985662,16215.04,9225.52,9905.33,1000.64,832401,2464343.19,0.6167,29127.23,32311.8,0,635897,2961264.21,,,,,,,,,,,,,,,,,
geo_06,2023-01-30,1716196,1249561,906483,10212.16,9722.43,9979.3,1141.78,843861,2720088.16,0.6429,32151.13,41216.08,0,619598,3451279.26,,,,,,,,,,,,,,,,,
geo_06,2023-02-06,1566709,1242936,906019,9080.25,11345.75,9748.82,1198.33,839232,2974252.69,0.599,35767.91,44629.83,0,670042,3199177.5,,,,,,,,,,,,,,,,,
geo_06,2023-02-13,2069424,1527304,652908,16535.76,11634.16,8475.07,1443.37,829048,2796075.84,0.6827,38887.15,51724.34,1,585756,4929190.02,,,,,,,,,,,,,,,,,
geo_06,2023-02-20,1713426,1084111,803646,12092.67,9204.04,7743.84,1154.78,840083,2903558.57,0.6436,37056.68,46932.13,0,683573,3461504.34,,,,,,,,,,,,,,,,,
geo_06,2023-02-27,2000344,1197498,837848,13946.68,12293.7,9083.15,1194.78,861089,2954916.53,0.6531,32127.3,39625.52,0,651410,3170256.91,,,,,,,,,,,,,,,,,
geo_06,2023-03-06,1938776,1437287,797868,13451.5,14421.48,8173.36,1080.13,859244,3227116.19,0.7165,41813.97,48684.23,0,594899,3432678.62,,,,,,,,,,,,,,,,,
geo_06,2023-03-13,1672534,1276148,815812,10350.74,12291.2,9416.5,964.29,846654,3082764.45,0.6996,32278.35,40067.04,0,738318,2521767.39,,,,,,,,,,,,,,,,,
geo_06,2023-03-20,1961026,1069858,873354,14695.94,9484.67,7872.54,1551.99,862051,2828549.95,0.7646,35181.42,44500.27,1,636172,4977350.72,,,,,,,,,,,,,,,,,
geo_06,2023-03-27,1779115,1346064,711082,10848.54,11873.68,7171.86,1515.43,831524,2764622.29,0.67,33463.01,46747.76,1,648883,4457938.48,,,,,,,,,,,,,,,,,
geo_06,2023-04-03,2017685,1243547,901762,14835.94,8870.18,10590.36,1288.22,865762,3395550.43,0.6538,35620.91,47153.22,1,619115,4082503.03,,,,,,,,,,,,,,,,,
geo_06,2023-04-10,1788954,1254421,761628,11384.77,8798.18,10080.62,1018.27,865218,2936276.39,0.6774,36740.46,55037.16,0,597355,3278367.23,,,,,,,,,,,,,,,,,
geo_06,2023-04-17,2244260,920035,867614,16681.51,9555.82,10344.33,1000.49,857951,2882232.79,0.6642,32671.15,43554.13,0,670946,3102063.37,,,,,,,,,,,,,,,,,
geo_06,2023-04-24,1919093,1313773,743996,14442.12,9267.43,9474.2,1130.39,844717,3285143.45,0.6647,37403.02,48260.29,0,663685,3110878.26,,,,,,,,,,,,,,,,,
geo_06,2023-05-01,1782800,1549184,854457,13316.06,15639.41,10918.41,1175.32,848376,3012967.69,0.6682,29092.09,34136.28,0,586431,3650587,,,,,,,,,,,,,,,,,
geo_06,2023-05-08,2206476,1460463,659374,17523.78,12339.37,7355.1,878.17,866962,2577883.29,0.727,31795.74,35044.89,0,629892,2936415.3,,,,,,,,,,,,,,,,,
geo_06,2023-05-15,2115412,1104482,828411,16884.52,9342.35,9689.22,1033.14,838223,2823143.96,0.6337,30498.59,39877.15,0,559439,2808448.69,,,,,,,,,,,,,,,,,
geo_06,2023-05-22,1860374,1460891,694509,12707.46,13777.54,8036.08,1289.31,846449,2811837.11,0.6741,36840.88,43243.49,0,666738,3662441.96,,,,,,,,,,,,,,,,,
geo_06,2023-05-29,1898764,1200650,793486,10470.97,11997.02,9018.58,1352.02,862727,2986001.53,0.6853,33543.6,47988.64,1,645611,4389426.6,,,,,,,,,,,,,,,,,
geo_06,2023-06-05,1819323,1179942,726970,10985.6,10285.04,6589.22,989.78,842787,2478946.59,0.6501,29756.59,37178.89,0,510092,2897620.32,,,,,,,,,,,,,,,,,
geo_06,2023-06-12,1627859,1206715,831453,11254.61,10258.47,11590.55,1077.68,839235,3328419.53,0.5844,28805.73,44161.18,1,718115,3667312.21,,,,,,,,,,,,,,,,,
geo_06,2023-06-19,1691952,1248161,972701,9413.87,11916.57,12506.87,895.51,868761,2887776.62,0.6025,34770.71,34800.71,0,638842,2383577.47,,,,,,,,,,,,,,,,,
geo_06,2023-06-26,2139878,1023162,606695,15697.94,7630.3,8121.42,895.5,835550,3058932.66,0.6307,33000.19,38460.72,0,631857,2807823.38,,,,,,,,,,,,,,,,,
geo_06,2023-07-03,1404740,980816,660729,10554.41,8316.47,9143.8,842.55,855241,2790331.24,0.598,27058.22,32896.61,0,603865,2491086.99,,,,,,,,,,,,,,,,,
geo_06,2023-07-10,2087302,1509950,823484,16256.85,11796.79,11325.24,881.31,851550,3039489.66,0.5618,27907.63,38114.94,0,601705,2165881.34,,,,,,,,,,,,,,,,,
geo_06,2023-07-17,1949548,1204779,836255,11213.63,9896.73,10161.64,1218.35,863129,2422219.54,0.5625,28275.87,42174.54,0,665928,4051051.66,,,,,,,,,,,,,,,,,
geo_06,2023-07-24,1561237,1123761,644366,10053.38,9549.4,8837.29,1231.92,841546,2634954.65,0.5707,28564,41617.75,1,576590,3798618.26,,,,,,,,,,,,,,,,,
geo_06,2023-07-31,1512211,925675,801087,11578.91,9144.85,9954.17,904.15,849330,2546080.1,0.5225,27921.73,44827.09,1,562571,2815334.77,,,,,,,,,,,,,,,,,
geo_06,2023-08-07,1910027,1143268,762660,11703.52,10809.88,7754.78,856.98,857858,2255981.52,0.5418,29058.51,31525.74,0,621930,2392333.85,,,,,,,,,,,,,,,,,
geo_06,2023-08-14,1628115,1221548,643749,9461.72,11770.01,7621.64,707.8,857397,2181949.09,0.5851,34793.78,42072.09,0,579836,1740853.63,,,,,,,,,,,,,,,,,
geo_06,2023-08-21,1642562,883461,689130,13057.62,6287.66,6919.2,870.52,839807,2606901.15,0.552,27482.88,35915.96,0,536865,2693017.97,,,,,,,,,,,,,,,,,
geo_06,2023-08-28,1533900,874877,631993,12104.36,7169.17,8054.01,1254.55,840814,2337727.08,0.514,35164.5,33827.75,1,685312,3765799.16,,,,,,,,,,,,,,,,,
geo_06,2023-09-04,1843408,889035,752662,11186.97,7861.03,7564.58,1065.69,855713,2488473.79,0.5503,30618.85,44873.93,0,545319,3018549.92,,,,,,,,,,,,,,,,,
geo_06,2023-09-11,1535841,1411828,677167,11637.67,10426.91,7119.47,825.77,832032,2447150.8,0.5958,30195.46,41553.29,0,564533,2216911.11,,,,,,,,,,,,,,,,,
geo_06,2023-09-18,1816115,1083106,643057,14078,10510.44,8096.45,962.75,844759,2308788.6,0.5421,33263.16,38117.35,0,534001,2839121.15,,,,,,,,,,,,,,,,,
geo_06,2023-09-25,1475469,896877,824928,11612.79,6795.41,10847.69,1083.55,849203,2349703.1,0.4923,27965.03,35012.55,0,542729,2959133.32,,,,,,,,,,,,,,,,,
geo_06,2023-10-02,1249842,1252591,582818,9048.86,12544.53,7449.64,897.22,865633,2311756.09,0.51,27252.08,37407.39,0,616733,2977921.55,,,,,,,,,,,,,,,,,
geo_06,2023-10-09,1583477,1260284,512006,9926.31,10436.61,6172.81,999.6,850069,2481824.82,0.5384,30185.76,43532.74,0,561964,2971914.49,,,,,,,,,,,,,,,,,
geo_06,2023-10-16,1533117,906645,521372,11506.76,7285.42,7174.35,866.17,845469,2523575.46,0.5162,24391.44,41312.48,0,577108,2875463.94,,,,,,,,,,,,,,,,,
geo_06,2023-10-23,1976660,1276150,934034,15535.48,11393.63,10114.53,929.89,854854,2352456.41,0.4777,32336.78,31247.94,1,637879,3103501.52,,,,,,,,,,,,,,,,,
geo_06,2023-10-30,1943591,1741675,910259,11923.91,17599.32,12325.46,1128.11,865550,2542695.78,0.5477,27795.79,31798.34,1,552478,2992753.45,,,,,,,,,,,,,,,,,
geo_06,2023-11-06,1812591,1354578,1016750,10277.46,13821,12926.98,954.77,847452,3092830.34,0.5749,31740.64,40370.86,0,638235,2347476.94,,,,,,,,,,,,,,,,,
geo_06,2023-11-13,1754089,1392025,721913,13984.68,13548.86,8232.39,1014.62,837916,2732127.33,0.5827,33588.97,35917.72,0,572291,3004155.37,,,,,,,,,,,,,,,,,
geo_06,2023-11-20,1996348,1224412,718597,10980.17,11728.93,8273.01,1145.9,831425,2885555.32,0.555,41780.96,51179.96,0,615701,3416517.64,,,,,,,,,,,,,,,,,
geo_06,2023-11-27,2191661,1164931,789789,17447.84,11801.47,8064.88,1453.77,848401,3397387.66,0.5547,31270.74,58627.24,0,656835,3915035.66,,,,,,,,,,,,,,,,,
geo_06,2023-12-04,2406928,1550319,910941,13326.17,12289.29,9733.04,1237.28,813174,3358273.66,0.5949,36622.39,57749.68,1,543332,4137550.3,,,,,,,,,,,,,,,,,
geo_06,2023-12-11,2656736,1136333,1104719,15143.81,11486.84,15240.48,1499.83,853243,3164795.29,0.6166,36939.77,46356.96,1,587875,4170899.35,,,,,,,,,,,,,,,,,
geo_06,2023-12-18,2357976,1357311,914429,18489.11,12748.92,8460.57,1148.05,852262,2907157.97,0.6058,36440.31,44702.87,0,630984,3822978.1,,,,,,,,,,,,,,,,,
geo_06,2023-12-25,2189054,1321067,1024506,17303.73,10282.84,11300.87,1293.57,852656,3725964.31,0.6429,45610.61,56428.4,0,614491,3329086.08,,,,,,,,,,,,,,,,,
geo_06,2024-01-01,2082053,1216912,872488,11879.54,12766.24,10919.28,932.26,859496,3310036.87,0.6076,29329.65,45374.14,0,560489,2782269.85,,,,,,,,,,,,,,,,,
geo_06,2024-01-08,1869151,1221565,977788,13116.91,12534.34,12609.18,869.72,847751,3180219.34,0.686,39982.12,43159.91,0,640638,2769225.76,,,,,,,,,,,,,,,,,
geo_06,2024-01-15,2367079,1200100,716131,18929.82,9956.1,6517.25,1118.13,855244,3099896.16,0.6389,33663.2,33732.89,0,618515,3328168.4,,,,,,,,,,,,,,,,,
geo_07,2021-01-25,1345899,1050434,534088,7527.95,8893.32,6143.61,887.96,779710,2394209.47,0.5699,29003.71,33569.38,0,481869,2486586.51,,,,,,,,,,,,,,,,,
geo_07,2021-02-01,1485171,872277,511239,11360.71,6367.82,5776.27,936.99,764951,2180178.23,0.637,20803.19,34726.79,0,432591,2281102.23,,,,,,,,,,,,,,,,,
geo_07,2021-02-08,1494946,1012304,678531,11571.82,8069.56,8878.08,871.93,775435,2249177.71,0.548,25034.01,38524.85,0,450217,2328718.79,,,,,,,,,,,,,,,,,
geo_07,2021-02-15,1762968,1074037,598111,12696.81,9157.68,5795.27,900.77,754140,2952489.87,0.6379,33474.18,33986.22,0,443176,2074284.35,,,,,,,,,,,,,,,,,
geo_07,2021-02-22,1480210,1198468,505808,11541.79,10421.23,5510.46,870.57,769730,2293292.91,0.6023,24727.69,40624.34,0,544717,2574251.88,,,,,,,,,,,,,,,,,
geo_07,2021-03-01,1646086,781676,547009,9452.59,7430.46,7092.8,879.19,756844,2478497.11,0.6257,25597.76,37224.25,0,497723,2278878.26,,,,,,,,,,,,,,,,,
geo_07,2021-03-08,1855767,1264559,697032,13835.93,9800.4,9576.35,995.04,772625,2396576.35,0.621,33055.53,43878.79,0,519329,2797248.82,,,,,,,,,,,,,,,,,
geo_07,2021-03-15,1514322,1214695,495278,10232.26,10099.21,5597.89,1027.19,773759,2358003.78,0.6751,27200.89,41203.67,0,590161,2647167.14,,,,,,,,,,,,,,,,,
geo_07,2021-03-22,1709385,1039271,961044,12794.42,8302.71,9673.84,884.34,777851,2621567.46,0.553,28605.2,35900.09,0,582704,2163149.99,,,,,,,,,,,,,,,,,
geo_07,2021-03-29,1206673,975446,772013,9092.67,7038.01,8809.15,952.2,764873,2418722.14,0.6143,23717.59,30783.36,1,504878,2948337.07,,,,,,,,,,,,,,,,,
geo_07,2021-04-05,1560677,1150204,654623,9006.42,12015.42,7527.1,835.07,768157,2191299.19,0.6428,27454.95,31033.4,0,496860,2418748.55,,,,,,,,,,,,,,,,,
geo_07,2021-04-12,1365370,863206,822528,8388.81,6085.84,10506.94,876.39,741502,2210653.46,0.6456,27702.71,31970.23,0,541256,2358645.98,,,,,,,,,,,,,,,,,
geo_07,2021-04-19,1442684,1100798,706261,9097.1,7904.94,6650.23,1086.57,762116,2087622.8,0.6206,27050.01,44733.92,1,545991,3116419.96,,,,,,,,,,,,,,,,,
geo_07,2021-04-26,1474530,1058677,678098,9187.99,8241.92,7840.66,820.84,787813,1973933.97,0.601,31212.44,39667.57,0,442050,2215554.08,,,,,,,,,,,,,,,,,
geo_07,2021-05-03,1242656,1173803,615645,9491.81,9726.79,6596.53,891.62,759645,2782671.59,0.6007,24568.83,43386.26,0,498333,2352507.59,,,,,,,,,,,,,,,,,
geo_07,2021-05-10,1479495,976222,663618,9106.88,8684.84,6341.98,1092.84,744804,2307385.36,0.6032,26162.71,35043.94,1,598852,3388657.23,,,,,,,,,,,,,,,,,
geo_07,2021-05-17,1638729,1200085,545474,11757.37,11092.52,5883.21,916.83,761983,2140587.5,0.6371,36092.8,33735.76,0,661638,2806129.63,,,,,,,,,,,,,,,,,
geo_07,2021-05-24,1654682,1112367,643954,9463.01,11616.3,6583.34,1073.31,756888,2316798.34,0.6046,31040.28,28648.23,0,460748,2729569.96,,,,,,,,,,,,,,,,,
geo_07,2021-05-31,1133255,1034340,602915,7327.86,10448.63,6566.22,872.39,771245,2266065.1,0.5514,21871.99,32001.02,0,435085,2225482.11,,,,,,,,,,,,,,,,,
geo_07,2021-06-07,1617726,934302,417093,9611.8,7179.07,5391.98,702.63,768006,2490907.35,0.5771,29346.04,28641.43,0,477871,1793420.11,,,,,,,,,,,,,,,,,
geo_07,2021-06-14,1701275,930433,532258,11678.13,6873.43,5198.9,868,764275,2213510.05,0.5625,25525.04,44718.12,0,458788,2384434.58,,,,,,,,,,,,,,,,,
geo_07,2021-06-21,1345799,1128844,621714,7751.52,10002.56,7627.44,728.82,754899,3019254.33,0.5669,22266.19,32785.57,0,558592,2093273.02,,,,,,,,,,,,,,,,,
geo_07,2021-06-28,1674389,873449,484129,13182.89,8091.05,5702.19,726.37,758351,2015893.58,0.5405,28362.96,29978.15,0,440714,1998105.09,,,,,,,,,,,,,,,,,
geo_07,2021-07-05,1445453,1076893,676508,11534.76,8017.01,8407.69,825.3,762088,2323780.87,0.5525,29590.56,30669.91,0,476393,2203119.23,,,,,,,,,,,,,,,,,
geo_07,2021-07-12,1500914,840868,741814,8265.51,6356.86,8597.59,803.02,767948,2319309.03,0.4751,24637.89,35019.52,0,541328,2233619.09,,,,,,,,,,,,,,,,,
geo_07,2021-07-19,1254568,724714,704171,8440,6219.69,7883.28,827.5,755875,1887115.5,0.4912,23804.01,34790.87,0,538043,2126853.1,,,,,,,,,,,,,,,,,
geo_07,2021-07-26,1834860,1025123,698640,14106.08,7750.12,9446.24,577.94,751770,2081185.36,0.4892,21955.83,31751.07,0,488205,1324100.56,,,,,,,,,,,,,,,,,
geo_07,2021-08-02,1196669,1236875,571907,7614.81,12436.96,6018.96,757.6,772119,2040376.78,0.4844,22150.62,32928.06,0,519577,1957095.59,,,,,,,,,,,,,,,,,
geo_07,2021-08-09,1491203,1010155,572815,9668.47,7937.34,7343.31,780.67,764851,2023933.65,0.4606,20941.41,31261.63,1,516786,2078725.23,,,,,,,,,,,,,,,,,
geo_07,2021-08-16,1247417,871093,484901,8309.46,9027.21,6033.42,560.11,746318,1832727.64,0.4816,23720.15,34258.91,0,525524,1282905.72,,,,,,,,,,,,,,,,,
geo_07,2021-08-23,1365678,697803,517753,8635.9,5757.42,5193.86,820.11,749181,2482059.32,0.4894,22981.55,24640.27,0,489570,2223658.57,,,,,,,,,,,,,,,,,
geo_07,2021-08-30,1330371,1075325,666213,8819.27,10247.3,7536.62,757.9,743163,2419321.58,0.4994,21522.75,30061.33,0,488316,2045764.88,,,,,,,,,,,,,,,,,
geo_07,2021-09-06,1256592,765148,682190,10034.89,7933.89,7056.74,711.52,762624,2022477.01,0.4894,20986.59,35678.41,0,613557,1830705.6,,,,,,,,,,,,,,,,,
geo_07,2021-09-13,1600814,730208,445908,9696.66,7610.3,6108.35,872.54,766371,2266064.21,0.4614,21805.25,26285.31,0,448960,2583379.97,,,,,,,,,,,,,,,,,
geo_07,2021-09-20,1396916,922499,745514,8288.17,9413.47,9258.5,545.68,759799,1856784.27,0.4744,30816.27,21509.98,0,519690,1249563.52,,,,,,,,,,,,,,,,,
geo_07,2021-09-27,1291167,945482,497416,7762.84,7128,4623.41,811.21,782650,1890387.98,0.529,20362.56,32754.75,0,541664,2076527.67,,,,,,,,,,,,,,,,,
geo_07,2021-10-04,1398646,882552,465170,8395.73,7925.17,5570.29,772.56,753297,2020810.37,0.4801,26990.77,29239.97,0,492309,2057724.89,,,,,,,,,,,,,,,,,
geo_07,2021-10-11,1296531,994111,663345,7200.67,9622.11,7578.56,761.65,751610,2099087.29,0.3925,16744.07,28732.63,1,542149,2193667.92,,,,,,,,,,,,,,,,,
geo_07,2021-10-18,1584670,1095861,605899,10862.11,9013.77,7736.01,692.06,756765,1855632.97,0.4637,22564.2,23139.68,0,457991,1813775.12,,,,,,,,,,,,,,,,,
geo_07,2021-10-25,1134156,821484,542612,7683.97,6552.15,6764.76,748.93,751561,1937711.6,0.424,25173.75,31387.49,0,480684,2215083.27,,,,,,,,,,,,,,,,,
geo_07,2021-11-01,1380650,1041941,629414,8718.18,7354.24,6199.39,915.31,771681,2165621.47,0.5418,28626.91,38425.08,0,514284,2524767.23,,,,,,,,,,,,,,,,,
geo_07,2021-11-08,1488533,668521,632791,11506,5557.34,7239.48,915.36,755513,2511982.7,0.5018,28280.99,40536.04,0,455440,2159904.36,,,,,,,,,,,,,,,,,
geo_07,2021-11-15,1663922,872586,818491,11857.77,8735.34,11410.45,998.44,777721,2164159.41,0.4994,20804.57,36275.28,0,466252,2866092.51,,,,,,,,,,,,,,,,,
geo_07,2021-11-22,1685751,1223148,767598,13333.93,11903.59,8243.29,1128.95,756394,2738314.52,0.5608,24170.69,42273.34,0,538930,3067329.52,,,,,,,,,,,,,,,,,
geo_07,2021-11-29,1675646,955197,926455,13073.91,8888.01,9215.83,1148.02,751232,2917761.68,0.4804,19788.61,41400.6,1,526301,3551900.84,,,,,,,,,,,,,,,,,
geo_07,2021-12-06,2186510,1410346,932287,14033.39,14787.79,10762.43,974.89,773694,3009142.18,0.5024,32984.99,29036.63,0,502934,2788546.71,,,,,,,,,,,,,,,,,
geo_07,2021-12-13,2074065,1630919,833852,14989.97,15514.8,8977.85,1237.5,767127,2715681.96,0.4742,26213.14,43472.95,0,484167,3328821.09,,,,,,,,,,,,,,,,,
geo_07,2021-12-20,1710601,1362720,796081,9991.61,12611.84,9211.84,836.78,761983,2814635.07,0.5998,29417.33,45247.03,0,581029,2310612.18,,,,,,,,,,,,,,,,,
geo_07,2021-12-27,1894896,1244006,659267,14662.66,9068.09,8814.14,915.17,742562,2424330.9,0.5646,27983.91,42445.16,0,446271,2662210.73,,,,,,,,,,,,,,,,,
geo_07,2022-01-03,1889085,989146,612528,11629.91,9394.48,6391.06,873.02,778955,2466590.79,0.6105,24289.62,34622.38,0,588378,2617904.75,,,,,,,,,,,,,,,,,
geo_07,2022-01-10,1331540,1015375,710546,8092.6,9260.14,6793.91,1056.73,778217,2446906.86,0.635,30853.56,39427.03,1,528067,3214411.31,,,,,,,,,,,,,,,,,
geo_07,2022-01-17,1313232,1199681,581149,8291.68,9835.94,7195.44,666.43,748463,2227963.17,0.5453,32176.81,29782.05,0,655915,1583328.69,,,,,,,,,,,,,,,,,
geo_07,2022-01-24,1640351,971064,825401,9137.87,6992.52,11273.21,996.06,781664,2671344.63,0.6113,26179.46,42072.23,0,438359,2834595.07,,,,,,,,,,,,,,,,,
geo_07,2022-01-31,1704284,1055121,800972,11071.96,8403.88,7312.21,963.96,759485,2405933.55,0.6291,27860.28,43496.75,0,569463,2845995.59,,,,,,,,,,,,,,,,,
geo_07,2022-02-07,2000144,1187380,798470,13536.2,12012.29,10062.91,792.46,753709,2762991.03,0.6257,36765.8,37006.11,0,565246,2171128.58,,,,,,,,,,,,,,,,,
geo_07,2022-02-14,1649631,1221967,693570,10403.15,9493.31,9155.58,920.33,773524,2585226.07,0.6285,31790.25,38204.47,0,542400,2580105.91,,,,,,,,,,,,,,,,,
geo_07,2022-02-21,1671686,1071738,759140,9802.94,7507.11,7858.77,1200.1,768811,2615445.63,0.6549,29808.11,47586.27,0,512001,3872083.09,,,,,,,,,,,,,,,,,
geo_07,2022-02-28,1625113,1172333,672113,10057.73,10137.13,7534,1029.12,770920,2270551.3,0.6842,26959.85,43274.92,0,502904,2761446.58,,,,,,,,,,,,,,,,,
geo_07,2022-03-07,1560462,996190,669759,11472.74,9364.63,8044.11,1009.52,780151,2878568.75,0.6678,37681.19,42916.1,1,563168,3055187.83,,,,,,,,,,,,,,,,,
geo_07,2022-03-14,2156104,1326666,681241,13180.34,10624.41,8216.7,716.19,755018,3036471.82,0.595,24542.66,35790.85,0,653450,1704443.43,,,,,,,,,,,,,,,,,
geo_07,2022-03-21,1794189,1233866,717997,9973.9,12476.16,9797.8,1090.86,756882,2645026.57,0.7109,32045.92,38394.49,0,604129,3190061.36,,,,,,,,,,,,,,,,,
geo_07,2022-03-28,1978095,1184059,703688,12064.06,10863.92,8804.24,1087.39,737057,2382160.25,0.6285,22289.02,42654.5,0,586061,3022325.97,,,,,,,,,,,,,,,,,
geo_07,2022-04-04,1663893,970718,934871,11900.22,7124.79,12193.75,954.97,756204,2578651.9,0.6419,26674.45,39395.79,0,480043,2703578.3,,,,,,,,,,,,,,,,,
geo_07,2022-04-11,1541857,1107728,1051984,11006.4,10636.98,12723.77,881.27,760349,2398264.91,0.736,33222.79,49653.61,1,531161,2736839.23,,,,,,,,,,,,,,,,,
geo_07,2022-04-18,1584932,1263817,648486,10736.24,10004.66,8823.53,855.66,765564,2470502.83,0.7154,34958.76,45471.63,0,563335,2528362.86,,,,,,,,,,,,,,,,,
geo_07,2022-04-25,1410982,1245829,845921,8508.11,11291.6,9082.28,999.98,761428,3000518.86,0.642,28232.63,39268.04,0,509824,2983531.26,,,,,,,,,,,,,,,,,
geo_07,2022-05-02,1710314,1029477,694901,10970.81,9644.34,8878.43,919.48,778181,2339324.75,0.6948,30545.39,38609.55,0,522126,2550638.01,,,,,,,,,,,,,,,,,
geo_07,2022-05-09,1516613,1006486,617659,10396.58,7610.4,6758.52,1074.98,769310,2537023.96,0.7173,29563.68,42405.18,1,512818,3267927.5,,,,,,,,,,,,,,,,,
geo_07,2022-05-16,1554276,1084468,500444,9991.98,8538.17,5753.28,904.17,758948,2545576.71,0.6513,33140.58,32288.2,0,630212,2510318.38,,,,,,,,,,,,,,,,,
geo_07,2022-05-23,2128238,998369,819579,13853.84,8160.09,8068.79,1187.66,763635,1969257.43,0.658,27288.89,44334.97,1,576311,3142817.02,,,,,,,,,,,,,,,,,
geo_07,2022-05-30,1862643,1154156,742004,12456.66,10279.34,7557.64,902.92,761737,2334445.23,0.5609,23168.73,37498.54,0,525333,2146342.87,,,,,,,,,,,,,,,,,
geo_07,2022-06-06,1743866,971385,708275,13688.66,7494.32,6624.84,948.57,748209,2331005.77,0.642,29962.38,47314.88,0,588188,2523562.27,,,,,,,,,,,,,,,,,
geo_07,2022-06-13,1476819,914771,703465,8845.74,6865.84,9705.75,905.37,760995,2486781.1,0.5927,26983.28,35481.04,0,635804,2428704.19,,,,,,,,,,,,,,,,,
geo_07,2022-06-20,1510086,877803,796783,11080.02,7963.06,8707.33,874.43,770607,2424320.75,0.6245,33372.94,41302.24,1,593402,2777805.68,,,,,,,,,,,,,,,,,
geo_07,2022-06-27,1500378,940333,587192,9729.73,7457.08,7369.09,946.77,756327,2070319.67,0.5942,23554.9,34877.83,0,593613,2597801.23,,,,,,,,,,,,,,,,,
geo_07,2022-07-04,1652304,1045072,683076,9168.06,10894.26,8059.74,971.49,753280,2644113.66,0.5784,30849.52,33214.61,0,527677,2675423.71,,,,,,,,,,,,,,,,,
geo_07,2022-07-11,1394232,1264104,711104,10991.31,10951.42,9872.14,742.85,763341,2266495.69,0.5949,23241.81,46830.96,0,490583,1767882.01,,,,,,,,,,,,,,,,,
geo_07,2022-07-18,1110865,872074,832344,7224.56,6345.76,10729.82,821.6,750793,2365983.92,0.5677,18834.94,51517.52,0,635599,2426466.8,,,,,,,,,,,,,,,,,
geo_07,2022-07-25,1563337,955469,656423,10712.17,8034.9,7424.59,927.05,766742,1947980.53,0.5099,24687.41,30345.61,0,566030,2199835.99,,,,,,,,,,,,,,,,,
geo_07,2022-08-01,1549886,941976,503233,10783.84,7498.84,5913.78,827.33,772070,2307891.97,0.5584,23741.57,40599.28,0,502240,2229093.18,,,,,,,,,,,,,,,,,
geo_07,2022-08-08,1585896,961838,590073,10674.45,7477.07,6465.27,1007.88,758716,2120192.22,0.4984,27891.17,36568.95,1,480983,2937276.89,,,,,,,,,,,,,,,,,
geo_07,2022-08-15,1226410,1050914,577073,9282.19,8923.82,7323.58,795.25,756687,2020406.29,0.535,20733.07,34204.89,0,555600,2318727.08,,,,,,,,,,,,,,,,,
geo_07,2022-08-22,1774488,1383797,640046,12711.2,10638.2,7058.92,778.36,775428,2380792.75,0.4798,24475.77,23108.69,0,454831,2020846.74,,,,,,,,,,,,,,,,,
geo_07,2022-08-29,1402133,937328,662580,9313.44,8177.69,8349.36,717.48,769470,2380297.41,0.4917,22578.54,32684.05,0,502933,2125948.95,,,,,,,,,,,,,,,,,
geo_07,2022-09-05,1093339,901948,739911,8060.94,7234.69,9349.85,769.21,770708,2206073.22,0.4335,18521.09,31644.39,0,451156,2084854.35,,,,,,,,,,,,,,,,,
geo_07,2022-09-12,1624121,1047978,570350,12610.15,8580.3,6855.25,1066.94,772465,2493130.79,0.4712,23563.78,30474.63,1,509459,3159183.86,,,,,,,,,,,,,,,,,
geo_07,2022-09-19,1384493,786000,544723,10555.94,6537.19,5286.28,833.29,766155,2062072.86,0.478,20584.12,25629.41,0,551928,2279941.6,,,,,,,,,,,,,,,,,
geo_07,2022-09-26,1253079,955236,576365,8936.58,9206.53,7855.74,806.89,779980,2123545.02,0.5561,23888.95,25570.87,0,522877,2224197.78,,,,,,,,,,,,,,,,,
geo_07,2022-10-03,1708901,847540,680843,13509.49,7165.96,7446.31,990.04,743324,2237251.98,0.4951,22603.11,28851.71,1,442661,2817815.54,,,,,,,,,,,,,,,,,
geo_07,2022-10-10,1464834,899282,633651,8095.92,6963.65,7997.77,739.65,761690,2477365.06,0.548,25254.67,24893.6,0,517590,1950174.27,,,,,,,,,,,,,,,,,
geo_07,2022-10-17,1625137,878174,495896,11411.96,7704.63,6766.04,813.9,776997,2101720.74,0.4826,25117.59,31219.3,0,539538,2340771.43,,,,,,,,,,,,,,,,,
geo_07,2022-10-24,1413198,929393,543529,9897.75,9682.45,7269.17,752.01,755186,2429025.5,0.4581,20086.23,30492.68,0,534591,2060864.76,,,,,,,,,,,,,,,,,
geo_07,2022-10-31,2225641,1105377,826883,13819.2,8285.86,7780.7,955.64,750413,2508472.78,0.5635,23903.04,43370.56,1,493564,3195552.16,,,,,,,,,,,,,,,,,
geo_07,2022-11-07,1841786,1180928,897153,13643.95,11834.86,10124.45,916.64,767714,2492134.41,0.4958,32473.17,34313.92,0,597667,2530677.32,,,,,,,,,,,,,,,,,
geo_07,2022-11-14,1625303,1485006,745121,9653.94,13296.46,9186.66,965.53,779031,2648776.48,0.5602,39070.67,37560.61,0,597011,2706395.42,,,,,,,,,,,,,,,,,
geo_07,2022-11-21,2064052,1078964,882502,15990.51,8009.36,8372.66,963.95,763385,2890079.1,0.5651,31944.57,33743.86,1,537435,3058971.45,,,,,,,,,,,,,,,,,
geo_07,2022-11-28,2075024,971905,755437,13469.5,9292.12,9544.64,1076.44,771301,2980639.6,0.5315,27527.03,42889.15,0,459635,3024688.12,,,,,,,,,,,,,,,,,
geo_07,2022-12-05,1716435,1031051,884449,13269.56,9383.49,12207.87,1097.03,774920,2675335.52,0.5648,30687.56,50194.36,0,562018,3078731.39,,,,,,,,,,,,,,,,,
geo_07,2022-12-12,1834483,1313577,783156,12554.88,12789.5,8689.31,1218.64,753920,2885653.24,0.5414,30087.63,43153.6,1,463221,3914757.2,,,,,,,,,,,,,,,,,
geo_07,2022-12-19,2295669,1062300,878086,13956.09,7646.47,9121.5,1103.46,781403,2912317.56,0.63,28190.06,39863.4,0,604956,3085714.98,,,,,,,,,,,,,,,,,
geo_07,2022-12-26,1895895,1327497,851573,10464.36,10137.35,9182.6,1029.98,772003,3284522.45,0.5867,34478.97,48607.47,0,494090,2687738.43,,,,,,,,,,,,,,,,,
geo_07,2023-01-02,1500670,1139333,614704,11439.69,11431.42,7739.52,881.98,783905,2532359.09,0.619,30834.58,48954.99,0,503573,2690476.8,,,,,,,,,,,,,,,,,
geo_07,2023-01-09,1893085,1214038,709182,10484.25,12612.14,8921.76,979.66,764932,2339248.44,0.5972,27171.63,37937.3,0,527819,2410493.65,,,,,,,,,,,,,,,,,
geo_07,2023-01-16,1742754,1085959,752355,10194.26,8978.51,8860.58,974.1,766626,2613042.41,0.6526,27145.39,51635.02,0,569737,3248911.66,,,,,,,,,,,,,,,,,
geo_07,2023-01-23,1903201,1214959,661991,10530.71,10015.52,8722.91,940.59,757815,2727019.76,0.6583,30818.12,37438.56,0,594566,2737689.33,,,,,,,,,,,,,,,,,
geo_07,2023-01-30,1819109,1131476,943316,13552.05,8483.21,12725.13,1012.44,782373,2188582.16,0.6665,31260.26,30264.85,1,511570,2947657.1,,,,,,,,,,,,,,,,,
geo_07,2023-02-06,1780200,836118,750924,11347.24,5935.25,8417.2,921.3,792156,2468150.51,0.5955,23364.17,36339.44,0,556459,2751402.13,,,,,,,,,,,,,,,,,
geo_07,2023-02-13,1917829,1040538,607147,12007.09,9071.68,7071.78,907.03,774071,2919353.08,0.6879,33173.84,41460.88,0,540043,2801810.34,,,,,,,,,,,,,,,,,
geo_07,2023-02-20,1871363,1080535,637221,10964.96,9012.12,6492.59,867.48,763991,2593577.64,0.6551,36797.72,46338.3,0,523138,2374410.39,,,,,,,,,,,,,,,,,
geo_07,2023-02-27,2135831,927662,608732,16365.2,8069.01,6547.3,950.6,765876,2615599.75,0.7183,40073.01,39389.87,0,585805,3005522.13,,,,,,,,,,,,,,,,,
geo_07,2023-03-06,1601182,1162902,918716,11243.99,9247.86,10176.51,1109.83,771425,2284527.6,0.6829,33636.23,52800.05,0,550174,3315563.37,,,,,,,,,,,,,,,,,
geo_07,2023-03-13,1797910,1180563,675962,11843.85,9727.41,8298.08,1111.98,759433,2820449.8,0.6896,33158.16,50601.16,1,652502,3129793.11,,,,,,,,,,,,,,,,,
geo_07,2023-03-20,2060484,1281564,826843,13222.79,12311.51,8233.1,1075.36,785987,2803526.64,0.6622,32368.42,43911.48,0,517235,3238123.31,,,,,,,,,,,,,,,,,
geo_07,2023-03-27,1796774,1237037,557810,10419.43,11268.9,6708.93,768.91,782332,2894625.93,0.6575,30651.24,41278.75,0,458543,1895847.8,,,,,,,,,,,,,,,,,
geo_07,2023-04-03,1691156,1035123,651597,13114.63,7749.3,6124.84,932,769966,2830659.53,0.6423,27498.99,40157.83,0,524020,2483548.83,,,,,,,,,,,,,,,,,
geo_07,2023-04-10,2002851,1318105,816986,13305.04,13394.55,9153.93,1270.02,775105,2321669.15,0.6545,39367.71,40485.82,0,677965,3586027.03,,,,,,,,,,,,,,,,,
geo_07,2023-04-17,1844630,1201571,773649,11374.02,11298.12,10031.17,987.28,799059,2382100.3,0.6875,29238.67,38513.01,0,573745,2840612.37,,,,,,,,,,,,,,,,,
geo_07,2023-04-24,1747887,1184816,597680,12187.98,11854.33,7205.23,882.01,774146,2342065.15,0.652,36825.66,42287.99,0,592799,2454423.56,,,,,,,,,,,,,,,,,
geo_07,2023-05-01,1548989,1280741,811104,9050.47,13138.58,9874.74,965.58,783482,2289542.51,0.6704,33730.94,50381.63,0,508552,2847375.59,,,,,,,,,,,,,,,,,
geo_07,2023-05-08,1524975,1210418,644794,8720.58,12098.3,7148.73,1151.34,778756,2365507.76,0.6652,35133.6,41622.15,0,563030,3494677.55,,,,,,,,,,,,,,,,,
geo_07,2023-05-15,1716246,977081,631018,12856.08,8034.32,8434.3,985.54,738464,2388150.8,0.6797,29683.95,42181.03,0,660457,2889372.9,,,,,,,,,,,,,,,,,
geo_07,2023-05-22,1675980,1066088,657070,12542.94,10122.01,6300.29,1134.39,790450,2422268.72,0.6535,30213.23,42720.47,0,658501,3304207.48,,,,,,,,,,,,,,,,,
geo_07,2023-05-29,1683674,1137513,779146,12014.28,9209.12,8561.46,994.05,752672,2876715.79,0.6638,29954.63,43302.44,0,477581,2451500.68,,,,,,,,,,,,,,,,,
geo_07,2023-06-05,2226291,1218644,650539,16746.65,11370.45,6630.82,957.29,786040,2199133.69,0.6814,37556.94,42427.53,0,594953,2887882.54,,,,,,,,,,,,,,,,,
geo_07,2023-06-12,1795424,1238897,785712,13685.73,12306.96,9532.67,1174.35,780104,2897083.64,0.587,28519.97,35140.82,0,508646,3908043.1,,,,,,,,,,,,,,,,,
geo_07,2023-06-19,1668457,1458025,632304,11574.82,12812.38,7741.17,850.76,762007,2930383.77,0.629,31356.89,46926.48,0,611760,2484028.18,,,,,,,,,,,,,,,,,
geo_07,2023-06-26,1705133,915628,683963,10701.65,7787.71,6952.22,948.31,762936,2228522.89,0.6274,29655.13,32746.8,1,524722,2948998.84,,,,,,,,,,,,,,,,,
geo_07,2023-07-03,2186606,948741,693771,17368.75,9756.92,8270.61,899.81,770706,2617629.39,0.5784,26788.64,41446.02,0,603345,2649377,,,,,,,,,,,,,,,,,
geo_07,2023-07-10,1385408,1015079,538914,8767.97,8644.96,5452.71,908.05,780970,2272650.12,0.5245,22771.42,39235.91,0,542655,2546490,,,,,,,,,,,,,,,,,
geo_07,2023-07-17,1738041,934723,614448,12618.91,7504.69,7398.67,912.86,760906,2443544.4,0.5106,25090.13,34940.84,0,527091,2524926.14,,,,,,,,,,,,,,,,,
geo_07,2023-07-24,1291031,953436,801966,8794.71,8599.38,7614.96,789.76,771344,2250138.36,0.546,23191.88,35360.4,0,475443,2316441.2,,,,,,,,,,,,,,,,,
geo_07,2023-07-31,1582946,978903,807562,11185.85,7389.67,10564.77,894.25,767962,2387414.4,0.5832,24300.59,35816.37,0,557615,2459104.95,,,,,,,,,,,,,,,,,
geo_07,2023-08-07,1366391,931668,523161,9126.13,8110.33,6818.37,861.31,772141,2345552,0.5364,20054.47,32534.16,0,528016,2532903.93,,,,,,,,,,,,,,,,,
geo_07,2023-08-14,1402481,1144679,644642,9444.53,9815.88,5933.1,1037.06,765182,2156294.61,0.5865,26580.67,34714.89,1,535096,3402505.72,,,,,,,,,,,,,,,,,
geo_07,2023-08-21,1371425,1265544,511294,8313.65,11032.16,6295.13,825.37,778184,2255847.48,0.5142,25357.34,35330.05,0,564596,2216558.26,,,,,,,,,,,,,,,,,
geo_07,2023-08-28,1501457,996702,728788,9910.49,10158,8049.48,1011.05,781725,2550774.1,0.4696,21063.03,27836.09,0,504796,3351056.95,,,,,,,,,,,,,,,,,
geo_07,2023-09-04,1226549,927264,630291,7667.12,7876.09,7333.6,889.52,770512,2401337.05,0.5214,28385.55,43583.57,0,494311,2434747.48,,,,,,,,,,,,,,,,,
geo_07,2023-09-11,1451212,920210,594245,10088.67,9519.57,5876.78,821.94,764973,2355593.65,0.4853,25947.22,39293.66,1,593092,2814251.09,,,,,,,,,,,,,,,,,
geo_07,2023-09-18,1677074,980971,462825,10705.68,10078.14,5022.91,834.19,772215,2489492.6,0.4914,25266.07,35626.56,0,569941,2424360.77,,,,,,,,,,,,,,,,,
geo_07,2023-09-25,1452284,947885,655312,10062.57,9650.99,8254.33,966.99,761928,2085984.73,0.4729,22048.55,33944.12,0,608772,3095872.83,,,,,,,,,,,,,,,,,
geo_07,2023-10-02,1410282,830965,570042,10547.59,8157.33,6629.8,876.66,784329,2044354.86,0.4669,21003.87,31897.46,1,544915,2816097.27,,,,,,,,,,,,,,,,,
geo_07,2023-10-09,1377829,1061603,708068,10862.74,7803.76,7421.3,742.65,756666,2565324.87,0.5132,27790.14,36530.37,0,565715,1943476.19,,,,,,,,,,,,,,,,,
geo_07,2023-10-16,1437560,1096206,782186,8362.19,8209.32,9711.62,902.16,795710,2438298.64,0.5414,26310.74,33444.13,0,558390,2696877.47,,,,,,,,,,,,,,,,,
geo_07,2023-10-23,1386381,1316589,612532,8837.43,12510.74,7286.94,834.95,758559,2375296.26,0.4971,25633.39,30170.04,0,484949,2459843.73,,,,,,,,,,,,,,,,,
geo_07,2023-10-30,1849498,1286283,654904,11336.03,10309.77,8679.99,1071.19,788161,2644285.74,0.4913,26347.59,44903.89,1,507397,3173029.61,,,,,,,,,,,,,,,,,
geo_07,2023-11-06,1828944,1125427,575768,10158.07,9587.42,7855.17,1183.24,761888,2402551.89,0.5507,33528.15,46882.85,1,609420,3690289.9,,,,,,,,,,,,,,,,,
geo_07,2023-11-13,2051321,1028571,739643,14779.07,7628.07,9862.12,928.16,786604,2731858.76,0.4584,29683.25,43122.39,0,566050,2771576.48,,,,,,,,,,,,,,,,,
geo_07,2023-11-20,1986245,1158317,817811,15514.88,8254.04,10127.33,1140.8,782357,2762542.6,0.5217,32795.87,38670.53,0,546271,3332773.52,,,,,,,,,,,,,,,,,
geo_07,2023-11-27,1805324,1263352,877009,10684.48,10817.43,8528.48,1153.92,753188,3418187.31,0.4952,30358.86,37923.41,1,564227,3423843.93,,,,,,,,,,,,,,,,,
geo_07,2023-12-04,1824673,1284500,916871,10360.98,10535.59,10573.14,1050.84,756646,3025203.65,0.5535,35106.13,33182.58,0,711561,3292359.12,,,,,,,,,,,,,,,,,
geo_07,2023-12-11,2175303,1328632,635436,13493.87,11897.95,8166.9,1314.21,774918,2904363.63,0.5392,33973.49,41531.21,1,640986,4053066.19,,,,,,,,,,,,,,,,,
geo_07,2023-12-18,2599217,1437794,743900,19871.12,12402.27,9153.97,1309.62,754746,3000593.99,0.5529,33453.32,49887.35,1,665925,4179107.72,,,,,,,,,,,,,,,,,
geo_07,2023-12-25,2229706,1122778,872795,12828.56,10176.99,11218.72,1053.33,764026,2910811.29,0.5826,29826.87,48945.91,0,565861,3138987.07,,,,,,,,,,,,,,,,,
geo_07,2024-01-01,1907297,1097761,830211,10490.65,9747.06,9867.73,1129.79,766005,2928126.15,0.675,28303.61,35216.13,0,563664,3388912.11,,,,,,,,,,,,,,,,,
geo_07,2024-01-08,1764676,1168162,732520,13864.7,11994.47,10244.28,1289.27,786534,2668887.37,0.6427,33405.65,47404.95,1,542089,3853302.07,,,,,,,,,,,,,,,,,
geo_07,2024-01-15,2113429,1231087,529962,13190.15,10509.48,7011.32,1162.15,793964,2892640.63,0.6328,27145.95,43536.94,0,610654,3588590.31,,,,,,,,,,,,,,,,,
geo_08,2021-01-25,1384094,760193,590941,8023.9,7081.4,6887.97,659.53,766134,2092728.51,0.604,20465.6,46749.75,0,489671,1700776.53,,,,,,,,,,,,,,,,,
geo_08,2021-02-01,1442998,914246,539980,11485.24,6451.15,5203.39,908.03,764314,2145939.08,0.5979,27730.13,34909.51,0,561552,2623235.35,,,,,,,,,,,,,,,,,
geo_08,2021-02-08,1658629,1363258,791769,12016.6,12901.58,10859.41,807.38,787833,2428157.68,0.5824,29895.62,36315.68,0,530805,2244160.75,,,,,,,,,,,,,,,,,
geo_08,2021-02-15,1574082,1019304,879925,11298.7,9962.89,8431.78,904.03,779785,2164342.33,0.6241,30190.85,38775.23,1,505464,2701354.53,,,,,,,,,,,,,,,,,
geo_08,2021-02-22,1634724,969426,718675,10255.43,9836.94,7298.17,1005.87,775368,2756912.33,0.6224,28130.17,30728.24,0,525843,2403333.47,,,,,,,,,,,,,,,,,
geo_08,2021-03-01,1749210,992515,646025,13720.05,8778.35,7114.91,776.48,767052,2763229.69,0.6491,32333.04,37772.3,0,556231,2368806.23,,,,,,,,,,,,,,,,,
geo_08,2021-03-08,1612133,1031675,610980,12164.26,8328.73,8430.38,936.53,778112,2483957.48,0.5727,33701.48,31592.95,0,521202,2338085.19,,,,,,,,,,,,,,,,,
geo_08,2021-03-15,1751290,1258381,556095,12169.8,9021.77,5989.39,938.79,751447,2243516.47,0.6068,33890.81,36868.16,0,579405,2613539.58,,,,,,,,,,,,,,,,,
geo_08,2021-03-22,1704271,1365494,963343,12378.92,13273.83,11555.64,978.28,758920,2038106.48,0.6325,26913.04,29385,1,473160,3024963.52,,,,,,,,,,,,,,,,,
geo_08,2021-03-29,1636070,969285,658771,9928.8,8522.82,7794.89,1006.9,779441,2554892.01,0.6467,33309.74,34690.04,0,563142,2662019.79,,,,,,,,,,,,,,,,,
geo_08,2021-04-05,2086568,981584,779099,11595.57,8263.81,9121.99,801.66,752713,2401821.4,0.6094,35156.9,37717.48,0,519692,2104821.39,,,,,,,,,,,,,,,,,
geo_08,2021-04-12,1655808,1093438,965243,9296.66,8260.98,10036.43,961.07,773115,2507512.44,0.6184,28988.17,37470.52,0,421833,2525530.39,,,,,,,,,,,,,,,,,
geo_08,2021-04-19,1795863,1196107,678383,10271.61,11810.06,8761.54,1220.2,783914,2458005.91,0.6449,31589.28,37313.04,1,588319,3390850.65,,,,,,,,,,,,,,,,,
geo_08,2021-04-26,1877045,1268379,664381,10326.96,9840.71,9289.21,928.32,757640,2780009.28,0.6332,25549.45,36360.04,0,550961,2467840.71,,,,,,,,,,,,,,,,,
geo_08,2021-05-03,1653862,1124050,624974,11773.26,9579.33,8077.14,1155.36,793095,2650815.76,0.6426,31828.21,47172.09,1,447803,3888179,,,,,,,,,,,,,,,,,
geo_08,2021-05-10,1796386,1239811,860764,10296.21,12437.68,8801.8,891.91,775500,2476792.05,0.611,27532.13,28632.71,0,441915,2337654.71,,,,,,,,,,,,,,,,,
geo_08,2021-05-17,1638531,1075501,724459,12503.74,9100.6,9190.34,942.65,765616,2385624.01,0.597,26643.76,38918.96,0,497120,2562252.39,,,,,,,,,,,,,,,,,
geo_08,2021-05-24,1665993,897949,683617,12711.78,7621.66,8392.37,752.17,777485,2600591.64,0.5847,28344.15,33222.94,0,554963,2036015.99,,,,,,,,,,,,,,,,,
geo_08,2021-05-31,1573242,1029665,693983,9822.96,8421.66,9218.41,855.71,759520,2055265.1,0.6162,28406.52,38115.75,0,467148,2324949.71,,,,,,,,,,,,,,,,,
geo_08,2021-06-07,1977701,951334,732300,15131.07,9197.25,8943.16,905.6,783580,1695828.61,0.6321,24818.07,34575.74,1,534001,2642730.05,,,,,,,,,,,,,,,,,
geo_08,2021-06-14,1517850,1138331,511570,8554.57,10871.3,5060.52,920.06,770239,2196454.83,0.5656,25654.43,33850.58,0,475738,2238426.87,,,,,,,,,,,,,,,,,
geo_08,2021-06-21,1819052,733638,714151,13102.45,5907.05,7797.56,970.81,780078,2356005.39,0.5345,28557.77,38075.26,0,605465,3013877.77,,,,,,,,,,,,,,,,,
geo_08,2021-06-28,1321341,788602,491660,10143.2,7401.82,6063.03,851.34,774748,2236221.9,0.541,27631.65,30163.8,0,466651,2508567.34,,,,,,,,,,,,,,,,,
geo_08,2021-07-05,1630475,972934,653642,11341.71,10152.89,8925.22,725.89,757073,2309694.25,0.5129,33846.97,39019.04,0,453595,2040172.94,,,,,,,,,,,,,,,,,
geo_08,2021-07-12,1456210,972254,643079,9588.67,7469.9,8892.76,684.89,753173,2254117.84,0.5519,28386.46,31204.49,0,487107,1832190.29,,,,,,,,,,,,,,,,,
geo_08,2021-07-19,1295259,1167578,688188,9657.25,9356.7,6379.79,833.65,755997,2032304.51,0.5098,27258.38,37807.74,0,447257,2127301.63,,,,,,,,,,,,,,,,,
geo_08,2021-07-26,1635051,1159349,553965,9684.64,8958.24,5631.75,1096.55,753944,2132923.34,0.5108,21569.3,33723.27,1,474086,3673602.42,,,,,,,,,,,,,,,,,
geo_08,2021-08-02,1287520,1244636,802504,9839.86,11302.66,10702.53,694.65,772004,1695371.26,0.5286,23681.12,33699.86,0,479549,1949176.44,,,,,,,,,,,,,,,,,
geo_08,2021-08-09,1161193,925842,485195,7690.2,6604.31,6790.81,838.41,764363,2060385.04,0.4815,24556.49,24756.61,0,551580,1920339.49,,,,,,,,,,,,,,,,,
geo_08,2021-08-16,1580634,1049903,611369,12457.26,10750.92,6161.07,879.55,753844,2150130.66,0.5079,21717.05,37378.57,0,445124,2366111.84,,,,,,,,,,,,,,,,,
geo_08,2021-08-23,1548374,916635,423574,8907.93,6422.83,3919.26,943.52,785147,1833650.17,0.4972,29355.71,29590.44,0,543354,2485894.02,,,,,,,,,,,,,,,,,
geo_08,2021-08-30,1617320,1058746,363659,9962.08,9065.56,3713.85,924.56,774060,2020163.8,0.4626,20332.75,30368.7,0,459218,2863210.14,,,,,,,,,,,,,,,,,
geo_08,2021-09-06,1320553,1038618,493983,10192.31,9018.6,5572.51,784.34,755554,1933780.39,0.501,24616.62,28954.53,0,530357,1945695.63,,,,,,,,,,,,,,,,,
geo_08,2021-09-13,1125368,842898,689478,7939.32,6744.85,6764.13,905.3,761174,2070044.87,0.4336,19473.19,27652.3,1,563409,2638031.54,,,,,,,,,,,,,,,,,
geo_08,2021-09-20,1263125,1075856,558679,7831.17,10049.29,5042.25,824.82,766730,2252933.27,0.5221,19623.76,25001.02,0,510040,2310576.87,,,,,,,,,,,,,,,,,
geo_08,2021-09-27,1034498,865808,396177,6011.42,6843.56,5205.59,682.91,761924,2116946.44,0.5351,23966.6,35615.34,0,570355,1658241.53,,,,,,,,,,,,,,,,,
geo_08,2021-10-04,1495736,828946,438078,9045.46,6715.51,6039.16,770.47,770127,2062608.97,0.4431,21383.08,26466.89,0,576022,2009608.23,,,,,,,,,,,,,,,,,
geo_08,2021-10-11,1123009,876595,539565,6951.96,8451.5,4941.67,575.08,753508,2145709.46,0.5459,23536.2,28120.52,0,557990,1649307.27,,,,,,,,,,,,,,,,,
geo_08,2021-10-18,1467544,1039295,709389,11355.28,8629.01,7550.01,927.51,771959,2161408.32,0.4805,20524.3,34478.4,0,523629,2874128.89,,,,,,,,,,,,,,,,,
geo_08,2021-10-25,1518477,779253,654267,8656.08,6406.37,7190.62,782.81,760612,2150414.86,0.5144,27238.31,31636.98,0,506765,1935652.45,,,,,,,,,,,,,,,,,
geo_08,2021-11-01,1732159,912411,800837,12125.8,8362.08,9941.59,1111.42,784414,2881596.82,0.5243,26299.43,38783.45,1,487472,3725146.01,,,,,,,,,,,,,,,,,
geo_08,2021-11-08,1453908,844125,646283,10817.89,8698.1,8803.46,1052.03,775225,2294640.18,0.5114,30287.55,34856.34,0,506060,2861604.1,,,,,,,,,,,,,,,,,
geo_08,2021-11-15,1522453,935149,670632,10185.84,8191.85,7121.52,1095.2,769477,2445401.88,0.4696,22913.08,34319.3,0,546179,2934517.24,,,,,,,,,,,,,,,,,
geo_08,2021-11-22,1731253,1527546,715471,10315.74,11761.89,9005.43,971.71,753505,2675555.78,0.4875,28587.68,34734.3,0,647881,2705837.58,,,,,,,,,,,,,,,,,
geo_08,2021-11-29,1534757,1108574,938142,10672.86,10801.98,9569.62,1096.2,743623,2381430.46,0.5828,29211.83,41623.76,1,503489,3681499.31,,,,,,,,,,,,,,,,,
geo_08,2021-12-06,1898522,1077849,768042,14016.92,10676.63,8725.33,1031.06,779913,3261177.74,0.4541,31193.2,41886.64,1,541010,2980031.23,,,,,,,,,,,,,,,,,
geo_08,2021-12-13,1838477,950151,1004996,14524.84,7769.4,9285.51,975.1,755897,2545796.21,0.4371,27785.12,50549.54,0,569601,2678233.07,,,,,,,,,,,,,,,,,
geo_08,2021-12-20,1556414,1477941,855849,10977.16,13541.58,10087.02,1140.59,750774,2764020.53,0.5616,23361.13,40339.63,1,501715,3559894.22,,,,,,,,,,,,,,,,,
geo_08,2021-12-27,1640810,1221742,854038,9507.95,9993.56,7893.7,893.35,778016,2994025.17,0.5207,27767.24,47835.78,0,475520,2357220.05,,,,,,,,,,,,,,,,,
geo_08,2022-01-03,1753936,915275,536530,13452.32,8630.87,5305.35,893.49,745531,2878021.7,0.6318,31787.79,37965.11,0,572299,2337420.02,,,,,,,,,,,,,,,,,
geo_08,2022-01-10,1638327,1057054,596873,11914.45,8595.58,7490.86,904.76,758075,2632033.91,0.5663,27902.18,32863.03,0,585022,2575309.38,,,,,,,,,,,,,,,,,
geo_08,2022-01-17,1688052,1141721,748370,10146.93,11429.22,9774.99,867.6,762133,2389049.99,0.5592,26429.84,37801.78,0,503411,2714479.57,,,,,,,,,,,,,,,,,
geo_08,2022-01-24,1674881,1162917,792413,12813.06,9616.94,9127.76,968,776128,2449583.16,0.5036,23269.89,39238.34,0,464332,3003671.56,,,,,,,,,,,,,,,,,
geo_08,2022-01-31,2138074,925885,540905,15463.66,7388.91,5346.15,896.7,770089,2493542.39,0.6202,28876.34,28143.49,0,522294,2480970.81,,,,,,,,,,,,,,,,,
geo_08,2022-02-07,1417194,975028,908429,9942.7,9684.41,8828.03,841.23,773801,2613216.97,0.6289,27125.52,36670.17,0,636970,2475333.41,,,,,,,,,,,,,,,,,
geo_08,2022-02-14,1754898,1525094,801066,9668.66,10786.68,9019.63,870.42,778758,2699486.89,0.6058,30633.49,43003.07,0,595732,2193119.14,,,,,,,,,,,,,,,,,
geo_08,2022-02-21,1789380,1193129,903931,12884.26,9316.42,12586.73,980.64,771523,2732649.35,0.6672,30932.16,42266.82,0,553939,2339585.68,,,,,,,,,,,,,,,,,
geo_08,2022-02-28,1632903,858148,776469,12976.91,6953.17,10610.71,982.99,762877,2747396.69,0.6673,32709.4,36370.56,0,623698,2531341.49,,,,,,,,,,,,,,,,,
geo_08,2022-03-07,1901301,1120258,1104228,11167.66,11196.48,11784.94,1240.18,777338,2749754.53,0.6873,30745.86,49615.64,0,503100,4005833.7,,,,,,,,,,,,,,,,,
geo_08,2022-03-14,2348886,1143638,606745,15838.23,9087.91,5480.57,1223.62,753096,2658046.3,0.6138,27381.2,49779.09,0,619382,3942399.17,,,,,,,,,,,,,,,,,
geo_08,2022-03-21,1837774,1353208,879671,11614.89,13581.11,9545.45,1021.02,798267,2746642.86,0.6671,30853.86,40110.65,0,545949,2941878.47,,,,,,,,,,,,,,,,,
geo_08,2022-03-28,1622668,1168515,638090,12627.71,10932,8305.31,1189.71,764906,2422207.11,0.6948,31331.81,39264.59,1,608041,3895461.12,,,,,,,,,,,,,,,,,
geo_08,2022-04-04,1462880,1177360,693270,9978.41,11149.7,7636.49,1054.1,794420,2882126.13,0.6359,27014.35,44156.51,1,454070,2993417.41,,,,,,,,,,,,,,,,,
geo_08,2022-04-11,1478382,1441575,688677,10681.86,10223.42,9356.13,737.53,784734,2595101.75,0.6776,27161.22,34280.81,0,603607,1760216.17,,,,,,,,,,,,,,,,,
geo_08,2022-04-18,1608687,1020636,656293,12188.18,9452.13,7917.24,1044.9,771532,2251724.04,0.698,35902.37,53684.31,0,652672,2836583.34,,,,,,,,,,,,,,,,,
geo_08,2022-04-25,2005488,990252,606908,11345.13,8401.48,6925.06,1105.02,773919,2925565.93,0.6879,31801.64,39419.34,1,565263,3733265.1,,,,,,,,,,,,,,,,,
geo_08,2022-05-02,1458654,1064957,788713,11470.66,7738.91,10156.3,986.06,763079,2323109.22,0.6822,30225.24,32576.62,1,576295,2991627.02,,,,,,,,,,,,,,,,,
geo_08,2022-05-09,1537763,997611,595276,11120.6,7184.36,7242.8,1022.77,768999,2845837.94,0.7009,32839.75,41899.1,0,524273,2869377.66,,,,,,,,,,,,,,,,,
geo_08,2022-05-16,1662333,1340866,803586,12079.1,11726.05,11068.14,1199,784414,2248420.18,0.6454,30924.49,44852.15,0,515695,3730693.91,,,,,,,,,,,,,,,,,
geo_08,2022-05-23,1606124,1428053,660535,9921.96,14330.64,8520.76,982.17,782208,2690887.34,0.6415,28074.48,31767.82,0,571738,2713118.6,,,,,,,,,,,,,,,,,
geo_08,2022-05-30,1636828,1306169,684809,9636.78,11823.88,6375.62,956.55,780868,2468860.8,0.58,27317.62,48285.39,0,543686,2558105.38,,,,,,,,,,,,,,,,,
geo_08,2022-06-06,2062803,1407663,509677,11678.68,10300.58,5055.09,958.06,769315,2251522.71,0.6209,25253.12,38346.56,0,630615,2765966.67,,,,,,,,,,,,,,,,,
geo_08,2022-06-13,1523652,1175046,712198,8864.29,9130.83,8047.77,1010.36,764918,2290227.93,0.6088,27453.8,39779.01,0,572725,2988817.58,,,,,,,,,,,,,,,,,
geo_08,2022-06-20,2225670,905727,759824,14380.5,8008.24,8888.4,926.19,769609,2505653.89,0.5957,37731.4,41895.45,0,559449,2869365.06,,,,,,,,,,,,,,,,,
geo_08,2022-06-27,1247194,1112252,747060,9067.75,10417.41,8188.86,991.08,772542,2409029.65,0.6308,24756.03,37704.59,0,488253,2872352.29,,,,,,,,,,,,,,,,,
geo_08,2022-07-04,1897409,1000801,619942,14290.24,9282.3,8057.28,888.59,768220,2954700.45,0.6462,26932.33,38513.78,0,615149,2508751.4,,,,,,,,,,,,,,,,,
geo_08,2022-07-11,1580518,998675,669698,11799.98,8560.71,7856.36,1060.2,756995,2639380.89,0.5732,25553.77,37940.32,0,531709,3344865.9,,,,,,,,,,,,,,,,,
geo_08,2022-07-18,1581759,1044771,664771,11777.93,10464.98,8564.45,919.64,761679,2050153.3,0.4984,23933.32,36009.79,0,544175,2660294.09,,,,,,,,,,,,,,,,,
geo_08,2022-07-25,1277292,926851,590247,9401.22,9582.04,7242.5,779.32,803783,2448305.89,0.5657,30667.98,33956.74,0,582325,2401987.85,,,,,,,,,,,,,,,,,
geo_08,2022-08-01,1578764,1145476,472619,9690.46,11365.83,6372.93,994.67,782118,2471775.85,0.5551,24735.79,29093.92,1,580549,2984168.19,,,,,,,,,,,,,,,,,
geo_08,2022-08-08,1603497,829425,501415,8863.11,7613.21,5249.34,851.92,780006,3070683.01,0.5054,25512.19,29802.64,0,573558,2349696.96,,,,,,,,,,,,,,,,,
geo_08,2022-08-15,1241762,906131,822516,8038.87,9495.57,9826.25,801.56,790372,2049091.38,0.5073,28246.46,37900.43,0,524934,1901884.15,,,,,,,,,,,,,,,,,
geo_08,2022-08-22,1705596,1162962,559057,12355.2,12199.96,5301.18,757.57,771614,2159916.04,0.5127,21153.98,33504.9,0,477005,2165700.76,,,,,,,,,,,,,,,,,
geo_08,2022-08-29,1202284,1002822,802287,7027.28,9094.3,9550.65,818.76,757744,2216865.32,0.4869,20178.73,27057.91,0,476012,2359573.91,,,,,,,,,,,,,,,,,
geo_08,2022-09-05,1552232,936418,578520,9086.43,6912.29,7225.13,943.68,786355,2118126.08,0.5191,20862.38,35428.94,1,492909,2758287.63,,,,,,,,,,,,,,,,,
geo_08,2022-09-12,1298595,833835,862915,8923.47,7696.48,11789.59,777.82,780367,2157960.65,0.5094,29228.78,27666.18,0,552114,2303313.75,,,,,,,,,,,,,,,,,
geo_08,2022-09-19,1456589,912300,475032,9824.58,9375.56,6356.08,982.06,747168,2625931.02,0.5314,29429.49,27555.94,0,442773,3155179.45,,,,,,,,,,,,,,,,,
geo_08,2022-09-26,1349681,999684,520741,9764.31,7610.29,4960.71,733.26,785544,2038033.5,0.4778,21219.39,26797.21,0,510260,1856225.02,,,,,,,,,,,,,,,,,
geo_08,2022-10-03,1345203,875724,678308,10563.96,8087.06,7834.77,729.97,776608,2702017.03,0.4838,26273.08,40254.71,0,391294,2121239.09,,,,,,,,,,,,,,,,,
geo_08,2022-10-10,1649655,1341556,676693,10642.74,12669.53,6143.85,798.89,781010,2476325.97,0.495,24470.78,30549.72,0,471400,2175639.66,,,,,,,,,,,,,,,,,
geo_08,2022-10-17,1298788,1079947,700140,9162.48,9524.7,9580.1,812.53,769935,2143211.29,0.5229,26917.68,34360.35,0,557374,2381046.27,,,,,,,,,,,,,,,,,
geo_08,2022-10-24,1503972,904687,433522,11427.06,8419.69,4150.21,818.16,768575,2047402.92,0.489,27358.56,30094.43,0,551739,2383842.82,,,,,,,,,,,,,,,,,
geo_08,2022-10-31,2286111,1078327,728557,13847.79,7649.9,8522.46,878.32,777116,2730578.51,0.524,24281.78,43874.62,0,448188,2674007.91,,,,,,,,,,,,,,,,,
geo_08,2022-11-07,1744453,1231404,860789,10932.86,10706.99,12008.65,1075.44,776382,2722640.36,0.5206,27022.99,32012.92,1,509548,3352106.31,,,,,,,,,,,,,,,,,
geo_08,2022-11-14,2192970,1301704,792474,15092.47,10234.24,7482.38,1291.01,772551,2104833.31,0.5106,28703.37,36730.52,1,553325,3699395.83,,,,,,,,,,,,,,,,,
geo_08,2022-11-21,1654252,1220636,898246,12273.11,12346.28,10598.8,895.38,781858,2747766.7,0.4937,33948.95,36982.53,0,502815,2341002.23,,,,,,,,,,,,,,,,,
geo_08,2022-11-28,1952781,956740,756867,13508.84,9676.78,9679.15,1032.66,776762,2656870.72,0.5982,27667.2,40797.39,0,496970,2617393.97,,,,,,,,,,,,,,,,,
geo_08,2022-12-05,2308458,1699843,778704,12942.25,12930.95,9645.21,943.37,763518,2710645.12,0.5291,30328.12,36027.47,0,467212,2787416.33,,,,,,,,,,,,,,,,,
geo_08,2022-12-12,1458102,1427751,710527,9021.97,13913.02,9309.36,1398.69,776122,3523489.03,0.584,36285.63,55337.78,1,603939,4402873.3,,,,,,,,,,,,,,,,,
geo_08,2022-12-19,1947941,1057706,844315,11839.9,9838.42,9311.89,1092.79,768811,3160083.26,0.5753,39175.46,47127.92,0,525206,3140781.81,,,,,,,,,,,,,,,,,
geo_08,2022-12-26,1947098,1361080,688810,11020.56,11049.48,8912.28,1188.27,767362,3423467.02,0.5359,37480.04,49820.42,1,561514,3330034.09,,,,,,,,,,,,,,,,,
geo_08,2023-01-02,2002238,878883,704358,15657.1,8345.63,7098.86,1075.97,766106,2817048.51,0.6428,27563.17,38818.96,0,589114,2921274.73,,,,,,,,,,,,,,,,,
geo_08,2023-01-09,1902575,1443608,783296,12805.79,13231.47,8962.87,1115.99,787480,2266133.21,0.6189,30209.08,38144.15,0,650985,3378188.35,,,,,,,,,,,,,,,,,
geo_08,2023-01-16,1487481,875026,761016,10862.89,7548.73,9864.6,924.49,770770,2532865.81,0.6034,26090.01,37769.14,0,564720,2668195.3,,,,,,,,,,,,,,,,,
geo_08,2023-01-23,1725268,1072490,617396,11485.06,7952.33,8004.89,934.09,781285,2620344.04,0.6475,31408.31,36141.9,0,520060,2864983.27,,,,,,,,,,,,,,,,,
geo_08,2023-01-30,2005869,934678,693911,13773.55,8235.05,8872.78,897.13,796812,2520616.45,0.6822,25979.9,38281.07,0,571332,2653160.59,,,,,,,,,,,,,,,,,
geo_08,2023-02-06,2052525,1133487,755470,13979.24,8380.51,9561.24,1174.21,793978,2938485.66,0.6111,27551.64,42489.17,1,548652,3994025.67,,,,,,,,,,,,,,,,,
geo_08,2023-02-13,1891175,955392,1021883,14152.38,10022.64,12999.92,1162.1,809164,2273212.06,0.6584,36742.33,43139.27,0,642529,3597852.61,,,,,,,,,,,,,,,,,
geo_08,2023-02-20,1727102,1185502,501136,13429.63,11538.67,6579.77,1156.17,779875,2682892.77,0.5959,37317.69,38818.32,0,593529,3397349.95,,,,,,,,,,,,,,,,,
geo_08,2023-02-27,1765550,1401923,665482,10864.2,14154.49,6987.7,811.3,767286,2393714.22,0.5816,34143.58,35476.48,0,523403,2392941.52,,,,,,,,,,,,,,,,,
geo_08,2023-03-06,1399071,1023789,693282,10421.61,9494.58,6550.79,1082.5,784368,2383380.67,0.6745,34762.16,37131.12,0,537578,3260589.43,,,,,,,,,,,,,,,,,
geo_08,2023-03-13,1561893,1220954,759989,10666.42,9506.82,9904.43,949.52,777161,2559589.96,0.6509,25938.62,54255.88,0,525331,2695566.7,,,,,,,,,,,,,,,,,
geo_08,2023-03-20,1551268,953069,818843,9161.03,7301.34,9970.8,1177.75,797657,2727589.02,0.6302,25811.3,38088.32,1,574524,3596675.58,,,,,,,,,,,,,,,,,
geo_08,2023-03-27,1892267,1130421,674375,13501.17,9283.88,7889.76,1215.43,780349,2737776.05,0.6751,33050.13,39925.59,0,658022,3738699.61,,,,,,,,,,,,,,,,,
geo_08,2023-04-03,1850919,1317665,690334,11086.3,10007.02,8681.26,1065.54,766992,2634074.9,0.6612,35807.44,40613.97,1,541929,3503184.22,,,,,,,,,,,,,,,,,
geo_08,2023-04-10,1653508,1146655,731554,11289.68,9937.5,10022.9,1091.28,788181,3081373.26,0.6786,31643.32,38725.84,1,568215,3282335.25,,,,,,,,,,,,,,,,,
geo_08,2023-04-17,1735670,1084713,863898,13753.33,9272.86,11864.01,1440.76,781497,2619701.46,0.6925,34329.86,38780.2,1,441638,4558177.88,,,,,,,,,,,,,,,,,
geo_08,2023-04-24,1953496,875472,702917,12029.92,8956.51,9833.03,1120.07,788091,2406036.24,0.647,32077.29,46271.4,1,554034,3647432.58,,,,,,,,,,,,,,,,,
geo_08,2023-05-01,1694366,1004512,617009,13077.91,7204.13,8401.79,1039.69,780529,2653604.45,0.6339,30169.74,45822.09,0,599386,2889964.71,,,,,,,,,,,,,,,,,
geo_08,2023-05-08,1789291,956959,872129,13941.37,9007.09,9253.25,932.06,762406,2509495.02,0.5959,35645.59,51765.73,0,572568,2293269.06,,,,,,,,,,,,,,,,,
geo_08,2023-05-15,1532754,1085181,552143,11088.14,8403.48,5671.94,1023.24,783070,2693219.17,0.6523,23965.16,31443.44,0,553732,2829913.87,,,,,,,,,,,,,,,,,
geo_08,2023-05-22,1907593,1261107,661494,11764.54,8969.51,7019.45,1016.5,776983,2634092.45,0.6864,27059.79,37470.59,0,572297,2564541.65,,,,,,,,,,,,,,,,,
geo_08,2023-05-29,1837706,954884,810162,12617.99,9223.54,11252.06,881.88,787890,2890388.78,0.63,31153.59,46867.39,0,574122,2765584.94,,,,,,,,,,,,,,,,,
geo_08,2023-06-05,1285678,1022218,645312,8274.86,7503.78,6443.17,1031.85,789188,3167979.24,0.615,27013.38,43869.05,0,574471,3072468.75,,,,,,,,,,,,,,,,,
geo_08,2023-06-12,1665822,985421,829504,11375.72,9756.82,9807.3,1035.14,771476,2412014.18,0.6591,33913.44,37039.85,1,538093,3208571.32,,,,,,,,,,,,,,,,,
geo_08,2023-06-19,1377794,1081270,768909,9912.99,9089.38,7853.56,856.73,781355,2289883.82,0.5954,36375.86,39673.08,0,576183,2369185.63,,,,,,,,,,,,,,,,,
geo_08,2023-06-26,1467707,959198,759974,11242.61,6846.61,10069.16,989.55,775812,2793117.83,0.6514,23551.06,37548.95,0,561829,2921831.19,,,,,,,,,,,,,,,,,
geo_08,2023-07-03,1753016,1180673,692361,11307.58,11333.16,6555.81,854.07,773072,2637986.9,0.6124,28343.79,37288.38,0,571917,2548747.49,,,,,,,,,,,,,,,,,
geo_08,2023-07-10,1598277,1183216,740767,11221.63,12120.57,8215.89,1157.6,790347,2125864.47,0.6404,37086.41,42202.38,0,612188,3859354.62,,,,,,,,,,,,,,,,,
geo_08,2023-07-17,1719907,923757,637872,13152.44,7544.42,6768.56,825.67,776160,2473686.93,0.5886,29010.31,39479.72,0,554964,2361759.33,,,,,,,,,,,,,,,,,
geo_08,2023-07-24,1833835,966167,775759,11264.83,7396.24,8433.32,914.26,785281,2379447.29,0.5941,31029.31,33861.75,0,685403,2767163.59,,,,,,,,,,,,,,,,,
geo_08,2023-07-31,1719035,1192239,592163,9697.65,10707.94,6996.42,803.55,779186,2310171.06,0.5592,25732.6,33732.17,0,557535,2210315.43,,,,,,,,,,,,,,,,,
geo_08,2023-08-07,1462582,1015670,618515,10445.39,9909.33,6824.03,985.41,783616,2519206.02,0.5833,30103.5,42735.58,0,623596,2680544.08,,,,,,,,,,,,,,,,,
geo_08,2023-08-14,1733973,810819,477703,10606.7,6787.81,6297.94,710.15,763296,1993043.87,0.5387,25759.1,27168.95,1,497239,1883369.45,,,,,,,,,,,,,,,,,
geo_08,2023-08-21,1550573,986350,694856,10457.09,10113.5,9150.7,984.65,778066,2196873.92,0.5618,27785.65,40579.27,1,690921,2958435.3,,,,,,,,,,,,,,,,,
geo_08,2023-08-28,1597450,694312,504355,10310.75,6430.96,6856.19,991.38,764250,1911356.61,0.5534,24649.83,28114.03,1,604208,3114563.24,,,,,,,,,,,,,,,,,
geo_08,2023-09-04,1507065,1088705,735008,11770.72,8255.8,8692.34,978.43,772536,2135048.13,0.5089,27006.8,40372.64,0,597696,2854844.81,,,,,,,,,,,,,,,,,
geo_08,2023-09-11,1381441,954587,490132,8818,8788.54,6273.28,759.32,785387,2261298.41,0.4934,23741.94,33915.98,0,463618,2213039.77,,,,,,,,,,,,,,,,,
geo_08,2023-09-18,1458533,953759,785069,11622.37,9296.47,9629.61,703.66,789071,2053699.63,0.5516,24771.27,28747.19,0,501925,1833016.55,,,,,,,,,,,,,,,,,
geo_08,2023-09-25,1641664,973720,768300,12004.35,7875.62,6996.19,790.03,773305,1920094.09,0.4831,22388.33,40826.9,0,528461,2036278.17,,,,,,,,,,,,,,,,,
geo_08,2023-10-02,1519475,906119,615895,8835.95,8469.22,7448.19,778.15,785510,2515512.81,0.5385,30806.55,37642.17,0,570943,2230759.37,,,,,,,,,,,,,,,,,
geo_08,2023-10-09,1304267,969096,662990,9650.24,7733.33,7559.35,989.73,797907,2606931.13,0.5235,22657.45,41241.86,0,558064,3101763.97,,,,,,,,,,,,,,,,,
geo_08,2023-10-16,1324236,1027265,560098,7377.01,9056.43,6372.73,953.06,756072,2469336.6,0.5432,24563.4,37377.48,0,536120,2961787.25,,,,,,,,,,,,,,,,,
geo_08,2023-10-23,1438429,877598,755470,9633.97,6275.04,7544.51,1003.23,786192,2148841.09,0.4999,20643.17,32489.43,1,605852,2948953.62,,,,,,,,,,,,,,,,,
geo_08,2023-10-30,1595157,937092,820411,10448.01,9350.89,9559.93,891.04,777838,2396667.24,0.4996,29666.81,41541.41,0,580914,2709884.46,,,,,,,,,,,,,,,,,
geo_08,2023-11-06,1851133,1138600,780488,12208.4,8319.67,8926.31,1262.09,782460,2947400.81,0.5786,24725.82,36374.15,0,486906,3874543.94,,,,,,,,,,,,,,,,,
geo_08,2023-11-13,1807016,1004914,489312,12630.4,9160.23,4832.66,992.5,784985,2860230.21,0.5738,35409.17,36775.08,0,635033,2557251.57,,,,,,,,,,,,,,,,,
geo_08,2023-11-20,2163852,1408593,958867,14567.87,11227.67,12577.58,1147.62,791731,2659080.59,0.4932,39780.19,38726.96,0,425810,3512527.22,,,,,,,,,,,,,,,,,
geo_08,2023-11-27,2135851,1424232,610543,13065.82,11118.86,7284.57,1201.2,768465,3178074.23,0.5807,33484.45,47655.39,0,648097,3228081.92,,,,,,,,,,,,,,,,,
geo_08,2023-12-04,1869291,1232677,710591,11925.34,11955.21,8100.55,1189.05,775945,3098241.46,0.5887,38182.49,45770.35,0,615892,3613587.72,,,,,,,,,,,,,,,,,
geo_08,2023-12-11,1760706,1419777,934973,12077.37,14072.84,12553.61,1331.1,778664,3457866.14,0.6429,39682.68,47874.53,1,551250,4016023.75,,,,,,,,,,,,,,,,,
geo_08,2023-12-18,2136656,1087580,782527,15965.09,10009.14,9079.42,1053.83,780739,2748113.51,0.5584,34071.16,49227.99,0,581034,3310689.23,,,,,,,,,,,,,,,,,
geo_08,2023-12-25,1805307,1212112,850284,13413.09,10201.79,9165.12,1139.93,778910,2964006.73,0.6716,33988.42,40320.45,0,587017,3205096.24,,,,,,,,,,,,,,,,,
geo_08,2024-01-01,1979676,1022357,640159,13093.65,9041.53,8243.98,1018.69,786876,2777246.74,0.5849,28563.29,37135.34,0,596548,2726192.39,,,,,,,,,,,,,,,,,
geo_08,2024-01-08,1861376,1287831,515155,10912.67,10473,6061.38,1218.42,774397,2929714.44,0.6385,28059.87,30120.5,0,549209,3608674.38,,,,,,,,,,,,,,,,,
geo_08,2024-01-15,1747228,1244332,774626,13420.34,9591.14,10073.13,963.63,796850,2481553.71,0.5659,28990.1,35134.23,0,601203,3009052.12,,,,,,,,,,,,,,,,,
geo_09,2021-01-25,1313969,780694,417727,9413.31,6186.96,4675.82,718.04,532367,1768118.13,0.6312,21647.85,30371.01,0,344681,2037908.65,,,,,,,,,,,,,,,,,
geo_09,2021-02-01,1085632,764864,454188,6707.83,7777.74,5728.68,618.37,518664,1672769.38,0.6106,21519.32,31226.97,0,297176,1734559.39,,,,,,,,,,,,,,,,,
geo_09,2021-02-08,827296,761162,492175,6287.24,7339.07,5179.91,651.15,544699,1934577.13,0.6162,17304.65,19342.89,0,351698,1822283.09,,,,,,,,,,,,,,,,,
geo_09,2021-02-15,1243102,575477,367213,9405.84,4727.52,3686.74,763.59,541837,1708981.98,0.5699,18127.17,25059.95,1,442430,2171034.76,,,,,,,,,,,,,,,,,
geo_09,2021-02-22,1351912,689146,529792,7865.33,5273.58,6765.54,782.24,536411,1671918.55,0.6371,24143.35,24501.1,0,332944,2437032.91,,,,,,,,,,,,,,,,,
geo_09,2021-03-01,1018695,574482,490394,8051.84,4531.54,5075.98,569.67,532462,1606973.71,0.5931,20228.97,24940.14,0,371818,1621346.67,,,,,,,,,,,,,,,,,
geo_09,2021-03-08,1166209,892400,505673,6522.09,6717.17,4582.3,690.31,531403,1634674.44,0.5705,19986.86,26866.37,0,373038,1692640.21,,,,,,,,,,,,,,,,,
geo_09,2021-03-15,1174606,665966,549278,7007.39,4923.09,6444,691.83,520973,1872481.26,0.5572,19801.13,19314.1,0,400790,1844714.63,,,,,,,,,,,,,,,,,
geo_09,2021-03-22,1139544,675212,405619,7489.11,5049.11,4336.01,688.72,529192,1617860.19,0.6149,17435.71,23795.72,1,349099,2130300.55,,,,,,,,,,,,,,,,,
geo_09,2021-03-29,1083142,664463,524635,6331.58,5882.46,4923.01,639.98,522236,1952103.86,0.6532,18274.24,26994.76,0,351228,1994936.38,,,,,,,,,,,,,,,,,
geo_09,2021-04-05,1004679,544386,574664,7213.1,4986.82,7093.71,631.97,528640,1581437.99,0.6905,20116.62,24350.03,0,351915,1781085.92,,,,,,,,,,,,,,,,,
geo_09,2021-04-12,1335435,776427,732621,7547.68,7933.76,10098.15,592.28,546008,1678867.74,0.6438,26475.64,29680.22,0,355566,1518346.76,,,,,,,,,,,,,,,,,
geo_09,2021-04-19,1102165,932518,597755,7323.21,9563.41,6556.38,777.24,540195,1553518.51,0.6081,19282.7,20910.05,1,369710,1958590.26,,,,,,,,,,,,,,,,,
geo_09,2021-04-26,1042357,901509,316021,6042.4,9314.25,4129.85,715.16,522154,2046775.32,0.6341,21985.98,27710.77,0,335298,1765904.55,,,,,,,,,,,,,,,,,
geo_09,2021-05-03,1059416,839445,483484,7652.78,8043.21,6095.17,554.19,532955,1576794.56,0.5905,22501.75,22576.9,0,440417,1487288.25,,,,,,,,,,,,,,,,,
geo_09,2021-05-10,1243321,567092,394145,8865.72,5841.02,5165.41,672.69,524176,1762397.83,0.5857,21455.51,24141.64,0,337041,1894196.42,,,,,,,,,,,,,,,,,
geo_09,2021-05-17,1391001,669706,533084,7857.59,6559.43,6899.01,678.91,527584,1917987.31,0.6356,18162.63,22248.85,0,372079,1896134.75,,,,,,,,,,,,,,,,,
geo_09,2021-05-24,1274903,732819,622594,8495.88,5619.25,5862.4,599.51,539330,1751212.24,0.6585,20492.01,24096.09,0,316281,1750319.15,,,,,,,,,,,,,,,,,
geo_09,2021-05-31,1084983,714706,396486,8334.6,7344.74,4044.61,658.21,521328,1538810.56,0.5885,16942.27,25561.03,0,376098,1848940.32,,,,,,,,,,,,,,,,,
geo_09,2021-06-07,1137842,865203,442947,6595.04,8100.27,4307.19,589.23,522483,1462757.92,0.5789,19883.52,26128.53,0,308083,1745780.51,,,,,,,,,,,,,,,,,
geo_09,2021-06-14,919124,721215,406554,5226.54,7078.99,3939.42,617.94,529106,1569211.18,0.6565,20085.94,21197.19,0,343160,1802434.92,,,,,,,,,,,,,,,,,
geo_09,2021-06-21,925177,624020,466833,5108.35,4530.45,4202.5,570.34,517441,1643082.2,0.6108,18691.49,21676.4,0,321037,1492546.57,,,,,,,,,,,,,,,,,
geo_09,2021-06-28,1074224,758713,397202,7997.41,5920.39,5248.63,558,526890,1621618.94,0.5462,17190.47,25138.55,0,336456,1454970.27,,,,,,,,,,,,,,,,,
geo_09,2021-07-05,956166,600339,469038,5682.18,5708.53,4277.07,509.14,534391,1691009.95,0.5452,17809.48,17463.62,0,346585,1383653.97,,,,,,,,,,,,,,,,,
geo_09,2021-07-12,929792,729493,560915,5630.17,7182.89,5765.41,637.63,535586,1463440.94,0.4703,13854.06,25762.38,0,340946,1626439.71,,,,,,,,,,,,,,,,,
geo_09,2021-07-19,830504,678417,452501,5631.74,7056.34,5790.8,576.89,521370,1478684.65,0.5044,17253.79,19191.81,0,428269,1582521.44,,,,,,,,,,,,,,,,,
geo_09,2021-07-26,951433,781791,329627,7568.19,7565.22,4461.03,673,529749,1464565.99,0.5169,18753.48,25132.14,0,337175,2088070.24,,,,,,,,,,,,,,,,,
geo_09,2021-08-02,702143,808090,406536,4454.48,8023.69,3841.02,605.44,535062,1409122.35,0.4852,15512.48,20479.47,1,336489,1822377.64,,,,,,,,,,,,,,,,,
geo_09,2021-08-09,1200834,722279,520679,7473.88,6631.58,6811.74,468.13,525138,1556427.07,0.4934,15182.22,15705.62,0,387227,1322374.57,,,,,,,,,,,,,,,,,
geo_09,2021-08-16,980027,710413,373832,6199.54,5531.67,4184.21,413.89,525831,1255543.51,0.5019,14126.26,17960.35,0,403432,1182478.68,,,,,,,,,,,,,,,,,
geo_09,2021-08-23,983094,668838,366692,7550.73,5417,4531.76,448.36,525956,1655673.59,0.5245,17230.68,21739.18,0,353477,1157692.73,,,,,,,,,,,,,,,,,
geo_09,2021-08-30,1032232,731479,397653,6017.91,6335.33,4138.04,444.66,540859,1390588.15,0.4757,16826.32,19203.57,0,314654,1191982.79,,,,,,,,,,,,,,,,,
geo_09,2021-09-06,782339,684984,367369,4470.52,6782.78,3813.2,436.64,522306,1460236.31,0.4343,16061.11,18320.85,0,343609,1245511.29,,,,,,,,,,,,,,,,,
geo_09,2021-09-13,949045,623451,393806,6871.87,4958.02,4468.51,423.25,529766,1499482,0.4337,17351.31,15110.67,0,352678,1309433.97,,,,,,,,,,,,,,,,,
geo_09,2021-09-20,890985,587811,356765,6574.85,5936.47,4288.65,523.84,526928,1265555.11,0.4482,17481.92,21598.01,0,285453,1558486.51,,,,,,,,,,,,,,,,,
geo_09,2021-09-27,1008765,566182,381903,7675.87,4843.94,3864.77,378.42,525210,1351755.1,0.5041,13769.97,18501.51,0,359471,867434.58,,,,,,,,,,,,,,,,,
geo_09,2021-10-04,725357,586817,403860,5563.59,4403.86,5235.74,527.09,532255,1578987.88,0.4895,15261.24,20777.11,0,354728,1470396.82,,,,,,,,,,,,,,,,,
geo_09,2021-10-11,1130019,596274,524032,7333.93,5514.29,6901.4,501.23,534475,1192970.72,0.5031,20235.98,22480.6,0,352684,1348721.52,,,,,,,,,,,,,,,,,
geo_09,2021-10-18,884071,650599,453113,6223.72,5322.47,5286.76,534.27,520779,1338835.69,0.5065,12864.85,20956.95,0,381516,1293191.41,,,,,,,,,,,,,,,,,
geo_09,2021-10-25,1069290,591147,446257,6509.53,5439.26,5063.03,556.62,537511,1431497.93,0.4823,16568.95,17399.07,0,365443,1474932.87,,,,,,,,,,,,,,,,,
geo_09,2021-11-01,1299486,848208,449731,9596.3,5982.62,5858.08,611.66,524741,1639132.29,0.4717,17633.78,24066.11,0,347760,1486883.61,,,,,,,,,,,,,,,,,
geo_09,2021-11-08,1315545,686695,522567,9172.47,6629.81,6279.23,512.41,530253,1751617.97,0.5032,17827.32,27792.46,0,401704,1294742.37,,,,,,,,,,,,,,,,,
geo_09,2021-11-15,1205362,751321,387769,7922.47,5884.33,5344,642.47,525966,1567285.9,0.5652,19359.65,26290.39,0,334001,1760675.09,,,,,,,,,,,,,,,,,
geo_09,2021-11-22,1079856,728095,424860,8150.67,5146.6,4941.57,725.13,533532,1729040.52,0.517,17561.35,23802.15,1,359756,2093308.43,,,,,,,,,,,,,,,,,
geo_09,2021-11-29,1127349,732312,496958,7966.38,6185.01,6032.05,546.12,534624,1867291.11,0.4855,23162.96,25961.85,0,364076,1385438.7,,,,,,,,,,,,,,,,,
geo_09,2021-12-06,1282213,969178,593584,7088.43,8819.65,7054.77,796.68,552676,1898520.65,0.5308,20543.6,28382.77,1,391175,2173496.78,,,,,,,,,,,,,,,,,
geo_09,2021-12-13,1463680,786877,558536,8905.59,6438.43,6290.34,608.77,530354,1924861.23,0.494,17681.88,27498.66,0,350297,1512679.27,,,,,,,,,,,,,,,,,
geo_09,2021-12-20,942792,774071,569278,6778.18,6881.86,7474.62,644.62,532282,1927731.02,0.5692,19496.11,28240.76,0,321256,1641862.76,,,,,,,,,,,,,,,,,
geo_09,2021-12-27,961162,780775,571526,6700.63,6370.2,6314.14,670.27,536874,1893874.66,0.5691,22900.15,27647.02,0,366920,1948159.88,,,,,,,,,,,,,,,,,
geo_09,2022-01-03,1482490,731789,472165,9860.23,7525.03,4617.26,523.98,536111,1803175.17,0.6252,20501.1,23082.65,1,371719,1561164.56,,,,,,,,,,,,,,,,,
geo_09,2022-01-10,1074197,667556,438395,7605.83,6403.5,5964.94,589.06,544039,1713153.21,0.579,24282.7,25902.76,0,422317,1659114.64,,,,,,,,,,,,,,,,,
geo_09,2022-01-17,1165807,631493,484649,7523.93,5988.16,4777.73,759.15,527731,1520833.17,0.5369,19968.45,31151.01,0,322512,1904636.25,,,,,,,,,,,,,,,,,
geo_09,2022-01-24,1148047,912498,388192,6316.06,6409.17,4026.69,560.9,543775,1662931.19,0.6183,20408.8,26972.33,0,381239,1662115.46,,,,,,,,,,,,,,,,,
geo_09,2022-01-31,1061010,685496,376168,6786.11,6899.18,4379.28,691.04,534507,1659865.28,0.652,18966.48,20192.39,0,357098,2070774.29,,,,,,,,,,,,,,,,,
geo_09,2022-02-07,1420961,759958,462390,9140.89,7123.82,5584.08,612.84,542975,1796433.34,0.6052,18608.9,26751.38,0,375225,1739247.85,,,,,,,,,,,,,,,,,
geo_09,2022-02-14,922700,670807,504173,5324.24,5798.58,5140.21,568.71,538009,1732276.71,0.6734,18586.06,30798.33,0,383843,1724144.67,,,,,,,,,,,,,,,,,
geo_09,2022-02-21,959630,649443,475665,6436.88,6554.8,5875.97,583.18,550168,1722725.37,0.6506,19064.11,26846.98,0,367371,1797038.91,,,,,,,,,,,,,,,,,
geo_09,2022-02-28,1090470,742175,580216,7510.81,5396.71,6584.75,691.36,540241,1859685.94,0.659,17512.6,27747.48,0,304131,2230960.41,,,,,,,,,,,,,,,,,
geo_09,2022-03-07,1075611,896988,549204,7924.87,8382,7233.77,590.79,537319,1742555.47,0.5937,16989.03,29469,0,409701,1616979.75,,,,,,,,,,,,,,,,,
geo_09,2022-03-14,1079245,892715,555223,6015.1,7408.88,6266.63,625,538054,2136234.83,0.657,20470.93,27964.52,0,332842,1818129.14,,,,,,,,,,,,,,,,,
geo_09,2022-03-21,981935,754568,383471,6531.39,7793.64,4145.01,705,545556,1588345.93,0.6176,21586,30165.61,1,345194,2337194.82,,,,,,,,,,,,,,,,,
geo_09,2022-03-28,1203728,912633,425675,6949.68,6757.97,4886.11,634.48,537819,1794428.44,0.7119,23433.66,29656.31,0,431429,1830511.54,,,,,,,,,,,,,,,,,
geo_09,2022-04-04,1151709,870048,516583,8443.19,6292.14,6988.59,726.17,538162,1714636.66,0.6957,22042.19,28944.48,0,377435,2019154.82,,,,,,,,,,,,,,,,,
geo_09,2022-04-11,1300723,771105,532106,9677.18,7266.08,6197.17,508.74,531650,1706418.48,0.6967,23284.79,26395.99,0,434169,1214958.76,,,,,,,,,,,,,,,,,
geo_09,2022-04-18,1477011,700842,393743,11164.46,6976.61,5275.82,696.73,534541,1585240.71,0.6166,16959.17,28769.82,0,417793,1901823.21,,,,,,,,,,,,,,,,,
geo_09,2022-04-25,1354916,708872,488900,7514.16,6066.43,4470.91,629.8,542594,1728481.49,0.6561,20889.67,29361.35,0,359504,2032118.37,,,,,,,,,,,,,,,,,
geo_09,2022-05-02,1423336,812731,494338,8502.55,6814.97,5292.1,495.78,539341,1754125.83,0.6475,18760.66,26875.93,0,356925,1562705.15,,,,,,,,,,,,,,,,,
geo_09,2022-05-09,1095632,879651,388945,8544.41,6837.4,3528.02,579.11,529047,1623191.12,0.579,21320.56,32183.64,0,350492,1656047.74,,,,,,,,,,,,,,,,,
geo_09,2022-05-16,1293815,779433,352339,7776.81,7490.98,4301.95,691.42,548913,1793804.9,0.5695,21756.07,26510.14,0,355493,2072868.61,,,,,,,,,,,,,,,,,
geo_09,2022-05-23,1031179,921028,413238,7815.81,8771.73,5592.3,642.81,549763,1860856.98,0.619,17539.82,18430.54,0,490361,1831489.39,,,,,,,,,,,,,,,,,
geo_09,2022-05-30,1044435,743866,573397,7263.59,7438.48,7378.12,691.34,531800,1500564.82,0.6042,20967.49,26381.98,0,382809,1907166.35,,,,,,,,,,,,,,,,,
geo_09,2022-06-06,941242,790457,627683,6525.59,6562.63,6740.89,617.85,555592,1824038.5,0.5939,19258.84,24782.73,0,336013,1687888.88,,,,,,,,,,,,,,,,,
geo_09,2022-06-13,1052015,742482,494106,6542.14,6787.57,5345.63,865.22,528862,1737726.92,0.59,18965.77,26438.43,1,424925,3008234.43,,,,,,,,,,,,,,,,,
geo_09,2022-06-20,983085,725689,495366,5712.28,6001.25,4874.61,551.07,546917,1885358.04,0.6122,14816.7,33471.83,0,375635,1582765.94,,,,,,,,,,,,,,,,,
geo_09,2022-06-27,1276442,709833,352316,8685.81,5840.66,4440.14,651.22,532975,2051006.12,0.5642,18556.22,27265.51,0,423370,1814114.65,,,,,,,,,,,,,,,,,
geo_09,2022-07-04,967873,800787,412630,7447.38,7785.58,5491.13,579.57,536444,1663371.74,0.5948,18865.69,23130.69,0,380601,1632260.32,,,,,,,,,,,,,,,,,
geo_09,2022-07-11,884884,679344,442175,5616.73,6125.53,5663.2,558.71,535777,1647500.62,0.5478,17608.18,23077.93,0,445552,1358968.98,,,,,,,,,,,,,,,,,
geo_09,2022-07-18,925904,641466,469742,6899.77,5783.96,6490.52,637.53,547116,1555998.52,0.6118,16833.37,34371.57,0,371391,1877656.94,,,,,,,,,,,,,,,,,
geo_09,2022-07-25,877704,716469,423039,6686.32,6479.95,4827.69,551.06,520475,1489713.29,0.5557,14334.66,22180.67,0,350951,1604901.97,,,,,,,,,,,,,,,,,
geo_09,2022-08-01,1005333,815867,418815,7935.03,6199.55,5384.84,523.34,541867,1610398.91,0.4797,17023.89,24680.53,0,273738,1381569.33,,,,,,,,,,,,,,,,,
geo_09,2022-08-08,1054635,638080,515428,8164.5,5890.17,7064.81,526.25,536470,1581096.23,0.4586,18865.09,23047.85,0,378580,1293766.6,,,,,,,,,,,,,,,,,
geo_09,2022-08-15,1178953,690432,354678,8602.63,5711.88,4736.08,611.6,541738,1815632.58,0.5898,18171.77,22148.37,0,339067,1611477.91,,,,,,,,,,,,,,,,,
geo_09,2022-08-22,1161873,602440,422891,8716.43,5816.94,4915.93,511.18,531339,1388616.7,0.545,19670.16,17839.94,0,403815,1434882.43,,,,,,,,,,,,,,,,,
geo_09,2022-08-29,882954,702132,395260,5016.32,5789.02,4891.67,537.91,535901,1579320.06,0.4793,18349.76,21933.74,0,320575,1391113.96,,,,,,,,,,,,,,,,,
geo_09,2022-09-05,986988,766080,390955,6754.98,6922.85,5410.24,489.07,545309,1497188.37,0.524,18777.17,20117.28,0,375563,1310936.74,,,,,,,,,,,,,,,,,
geo_09,2022-09-12,924650,651832,411632,6438.2,5478.24,4508.62,558.94,537468,1325363.15,0.4491,15282.16,21957.26,1,388102,1645527.14,,,,,,,,,,,,,,,,,
geo_09,2022-09-19,753766,704266,402090,5476.05,5064.21,5111.88,556.21,547603,1335920.98,0.5,15826.47,22271.7,0,384255,1471445.85,,,,,,,,,,,,,,,,,
geo_09,2022-09-26,949029,780480,381927,6601.23,6859.9,4153.75,563.73,544468,1582862.08,0.4727,14828.01,23356.02,0,360397,1620491.22,,,,,,,,,,,,,,,,,
geo_09,2022-10-03,1177051,768048,344308,8054.53,6823.57,4597.48,397.85,543044,1302814.99,0.4828,13574.27,21103.41,0,395222,943189.9,,,,,,,,,,,,,,,,,
geo_09,2022-10-10,847990,695495,421618,4706.79,5537.23,4928.87,664.3,531504,1435167.88,0.4751,16057.72,21552.03,0,363369,2130147.66,,,,,,,,,,,,,,,,,
geo_09,2022-10-17,1035604,547621,399659,6711.84,5320.77,3937.01,611.79,557736,1461017.68,0.4928,14613.95,27886.38,1,417989,1842094.21,,,,,,,,,,,,,,,,,
geo_09,2022-10-24,1061789,586534,297798,6030.92,5995.93,3485.51,481.23,529513,1482130.18,0.506,14443.23,20181.98,0,380842,1320755.33,,,,,,,,,,,,,,,,,
geo_09,2022-10-31,1193953,726933,523105,8428.46,6623.09,6534.33,567.37,533059,1735707.17,0.4998,20927.2,23505.55,0,388907,1534920.66,,,,,,,,,,,,,,,,,
geo_09,2022-11-07,1336672,832648,391981,10147.31,7176.11,5233.98,827.96,527999,1796847.95,0.4853,18050.9,25118.17,1,369131,2631043.74,,,,,,,,,,,,,,,,,
geo_09,2022-11-14,1092096,792480,411173,7252.16,7015.55,4123.43,685.12,528264,1539181.38,0.5686,16925.26,26824,0,380656,1804155.23,,,,,,,,,,,,,,,,,
geo_09,2022-11-21,1125405,890810,419578,7763.42,6253.79,4583.68,762.4,541686,2168807.13,0.538,20135.92,30559.81,0,394323,2034968.54,,,,,,,,,,,,,,,,,
geo_09,2022-11-28,1166268,851196,679128,7682.86,7738.56,8135.55,631.6,543050,2062505.74,0.5825,21548.11,32653.8,0,377378,1636047.1,,,,,,,,,,,,,,,,,
geo_09,2022-12-05,1393216,848355,537914,7748.22,5939.05,7216.01,666.74,539872,1767391.16,0.6171,24303.78,31064.29,0,378313,1851851.57,,,,,,,,,,,,,,,,,
geo_09,2022-12-12,1592411,984349,543126,10439.04,9036.12,7527.18,766.17,526663,2099775.36,0.5312,19462.79,34068.61,0,392470,2025639.15,,,,,,,,,,,,,,,,,
geo_09,2022-12-19,1332626,1222551,638735,10611.98,12170.84,8188.71,906.04,535974,1910444.14,0.5495,17679.27,33682.16,1,412519,2754788.44,,,,,,,,,,,,,,,,,
geo_09,2022-12-26,1560588,881871,486275,10913.39,6911.24,5355.63,837.2,548743,2289431.93,0.5608,24084.35,29161.01,0,414033,2212643.47,,,,,,,,,,,,,,,,,
geo_09,2023-01-02,1001013,792858,540487,6998.39,5914.22,5989.26,630.41,549356,1621534.62,0.5778,19097,31006.16,0,372240,1933602.45,,,,,,,,,,,,,,,,,
geo_09,2023-01-09,1155017,912950,603818,6807.12,7275.28,6978.24,668.69,543845,1865744.23,0.6074,20600.06,30293.62,0,357551,1821962.28,,,,,,,,,,,,,,,,,
geo_09,2023-01-16,1193923,779744,517644,8308.18,7791.3,4745.08,774.16,545862,2090673.52,0.6654,20699.56,22059.61,0,426006,1909315.66,,,,,,,,,,,,,,,,,
geo_09,2023-01-23,1271495,701962,368263,10093.65,6751.92,4573.69,601.87,534767,1918869.03,0.6501,20484.82,29509.01,0,475750,1873940.2,,,,,,,,,,,,,,,,,
geo_09,2023-01-30,1287745,742472,539315,7602.34,5695.73,5415.2,574.8,531946,1949235.5,0.6464,21073.96,29255.93,0,438434,1731250.72,,,,,,,,,,,,,,,,,
geo_09,2023-02-06,1494788,678238,497784,10386.89,6090.41,6317.24,654.18,545983,1897823.45,0.7336,20490.9,28613.82,0,391170,1853739.71,,,,,,,,,,,,,,,,,
geo_09,2023-02-13,1320303,716168,533008,9299.67,7349.81,5550.47,724.28,537566,1976694.68,0.641,21850.19,27301.99,0,422597,2155771.02,,,,,,,,,,,,,,,,,
geo_09,2023-02-20,1301184,1124200,484735,7381.67,9168.45,4862.95,639.93,545550,1984344.94,0.6916,22856.31,27757.12,0,394862,1730680.59,,,,,,,,,,,,,,,,,
geo_09,2023-02-27,980677,845095,537596,6208.26,6159.74,5703.73,773.32,556764,2063848.04,0.645,18447.79,30403.66,0,409808,2185209.69,,,,,,,,,,,,,,,,,
geo_09,2023-03-06,1282718,862024,572889,7916.2,6761.32,7528.89,651.94,539132,1837269.8,0.67,21242.14,30431.47,0,433577,1850904.35,,,,,,,,,,,,,,,,,
geo_09,2023-03-13,1233315,850945,442116,8958.75,6051.4,4441.19,733.77,540597,2124905.13,0.7009,20622.01,28041.68,0,403615,1811899.24,,,,,,,,,,,,,,,,,
geo_09,2023-03-20,1442765,900718,566612,10496.22,6378.47,6785.98,785.85,539497,1856643.03,0.7136,24161.91,32819.92,0,421143,2288103.63,,,,,,,,,,,,,,,,,
geo_09,2023-03-27,1427602,803268,477046,8781.83,7144.34,6183.3,747.57,544241,1677500.38,0.7211,20214.12,29086.07,0,342237,2255808.97,,,,,,,,,,,,,,,,,
geo_09,2023-04-03,1167625,875578,710580,8015.79,7551.33,7892.31,721.49,545066,1856628.6,0.6556,22064.12,29541.83,0,430587,2175147.91,,,,,,,,,,,,,,,,,
geo_09,2023-04-10,1306847,939908,567922,8798.17,7602.85,6344.04,538.07,536691,1884110.17,0.6907,26287.66,37226.48,0,402859,1328183.94,,,,,,,,,,,,,,,,,
geo_09,2023-04-17,1105383,746593,500829,7523.21,7218.86,6995.73,845.58,531835,1737043.17,0.6519,23852.19,32940.77,0,431756,2172787.77,,,,,,,,,,,,,,,,,
geo_09,2023-04-24,1158118,987532,602049,7406.23,9383.44,5879.44,703.04,542621,1871920.75,0.7196,17759.12,31011.88,0,343217,2055288.28,,,,,,,,,,,,,,,,,
geo_09,2023-05-01,1343537,740285,402070,10495.85,5779.15,5143.95,871.14,535258,2009004.11,0.6665,19275.29,30641.8,0,406693,2391757.94,,,,,,,,,,,,,,,,,
geo_09,2023-05-08,1067193,836458,692950,8028.11,7333.96,7690.02,711.55,543918,1594089.94,0.6005,21576.71,28809.16,0,451934,2035416.07,,,,,,,,,,,,,,,,,
geo_09,2023-05-15,1281853,631550,437680,9443.77,5203.57,5220.41,882.53,546477,1672731.53,0.6455,24523.22,25970.44,1,384588,2791218.36,,,,,,,,,,,,,,,,,
geo_09,2023-05-22,1624644,818000,602541,10203.67,6903.63,7136.41,774.28,537588,1681074.89,0.6383,24167.29,22036.07,0,384933,2404776.98,,,,,,,,,,,,,,,,,
geo_09,2023-05-29,1173281,1018326,448431,8226.72,9127.61,5949.21,681.76,534384,2020000.84,0.6396,20895.25,28794.69,0,334701,2128600.71,,,,,,,,,,,,,,,,,
geo_09,2023-06-05,1043976,719617,463163,7703.46,6808.33,5689.22,607.07,545400,1569091.08,0.6227,25746.24,28539.88,0,534707,1778701.97,,,,,,,,,,,,,,,,,
geo_09,2023-06-12,1258822,827562,474773,7812.96,8116.61,6583.79,604.18,545084,1608670.3,0.5595,17898.82,28031.42,0,441228,1749307.52,,,,,,,,,,,,,,,,,
geo_09,2023-06-19,1461018,742551,388595,9526.63,6094.6,4663,650.49,534925,1857038,0.6438,20473.07,29527.41,0,504217,2168930.4,,,,,,,,,,,,,,,,,
geo_09,2023-06-26,1296436,728108,511056,7330.9,7578.28,4775.27,558.47,558088,1883324.37,0.6002,19625.65,22186.17,0,452693,1723303.96,,,,,,,,,,,,,,,,,
geo_09,2023-07-03,1273621,828126,462910,7834.11,6431.81,5795.15,766.27,536410,1539116.04,0.6313,21118.12,25667.9,0,447742,2049904.52,,,,,,,,,,,,,,,,,
geo_09,2023-07-10,1128005,642128,383369,7671,5823.77,5177.76,624.68,535066,1805639.78,0.5556,16616.53,25195.86,0,311409,1795368.35,,,,,,,,,,,,,,,,,
geo_09,2023-07-17,1342266,744174,497471,10364.9,6249.5,6349.53,617.51,541739,1777586.16,0.5541,17825.41,23579.51,0,365663,1938182.71,,,,,,,,,,,,,,,,,
geo_09,2023-07-24,1130040,827537,434909,6546.29,6016.38,5624.67,681.63,537217,1889344.11,0.5898,18662.25,22049.29,0,351329,1952497.39,,,,,,,,,,,,,,,,,
geo_09,2023-07-31,1215179,730227,611764,9381.75,5162.67,8198.01,582.54,540555,1536971.17,0.5067,18603.41,22692.61,0,417227,1681764.38,,,,,,,,,,,,,,,,,
geo_09,2023-08-07,1376455,659364,504039,9451.09,5163.98,6207.12,583.63,547216,1329001.06,0.5222,14043.48,21355.97,0,371442,1799683.4,,,,,,,,,,,,,,,,,
geo_09,2023-08-14,1018979,780090,466208,7126.36,5886,6417.54,609.34,540795,1766566.8,0.569,18781.36,24945.09,0,433598,1738845.66,,,,,,,,,,,,,,,,,
geo_09,2023-08-21,1101481,512370,427950,7647.05,4094.65,5718.06,569.23,538248,1646225.03,0.4558,14415.8,22667.72,0,419692,1748408.07,,,,,,,,,,,,,,,,,
geo_09,2023-08-28,1071955,718620,444783,5919.62,5428.28,6045.99,589.29,540146,1694166.25,0.5376,18250.56,28248.98,0,301484,1644567.27,,,,,,,,,,,,,,,,,
geo_09,2023-09-04,993438,482648,389389,6404.6,4318.24,3513.9,541.99,541745,1596894.53,0.5502,16279.17,26482.66,0,396624,1480637.87,,,,,,,,,,,,,,,,,
geo_09,2023-09-11,937390,692389,482195,6679.11,5678.42,5407.3,620.47,531648,1369140.55,0.5481,19279.34,23418.03,0,382210,1935931.4,,,,,,,,,,,,,,,,,
geo_09,2023-09-18,976663,741956,341633,6681.4,7103.64,3933.83,424.76,538999,1494358.52,0.5436,19726.14,21387.24,0,442425,1043226.82,,,,,,,,,,,,,,,,,
geo_09,2023-09-25,1353998,718814,495905,9326.67,7463.43,5052.03,477.95,557442,1545412.2,0.5599,17715.27,27169.08,0,417624,1472995.57,,,,,,,,,,,,,,,,,
geo_09,2023-10-02,1083511,768414,494591,6819.47,7117.57,6652.67,582.62,543918,1599759.88,0.4905,15593.2,31030.73,0,371549,1675365.8,,,,,,,,,,,,,,,,,
geo_09,2023-10-09,933735,733027,395203,5200.2,5362.57,4117.6,706.72,544507,1449677.39,0.5313,16933.79,21090.69,0,456301,2034265.94,,,,,,,,,,,,,,,,,
geo_09,2023-10-16,964189,585851,430803,6622.14,5528.71,4220.2,689.16,545662,1516786.87,0.5039,17850.26,31310.2,0,382417,2180456.25,,,,,,,,,,,,,,,,,
geo_09,2023-10-23,1106100,654597,488686,8435.27,5743.1,6655.38,717.29,549850,1631654.23,0.5456,16157.19,24601.81,0,403768,2019401.58,,,,,,,,,,,,,,,,,
geo_09,2023-10-30,1275220,1082516,555721,7464.92,11171.07,6569.04,662.28,544641,1923619.03,0.4409,20644.42,28647.85,0,434690,2057875.11,,,,,,,,,,,,,,,,,
geo_09,2023-11-06,1331533,831007,489960,7740.73,8283.39,4886.14,734.89,533932,1890016.21,0.57,21353.75,30027.53,0,368994,1996266.07,,,,,,,,,,,,,,,,,
geo_09,2023-11-13,1103069,845885,486866,6848.82,6236.08,4477.98,788.99,554064,2195014.59,0.6042,23206.59,29088.46,1,423457,2837320.21,,,,,,,,,,,,,,,,,
geo_09,2023-11-20,1250449,1022482,435680,8868.46,8537.3,5595.85,934.96,550472,2036810.47,0.541,22448.32,36576.6,0,389836,2743725.88,,,,,,,,,,,,,,,,,
geo_09,2023-11-27,1607330,964086,548173,10533.84,9853.76,7156.15,871.04,539462,2224501.55,0.5741,22922.82,30140.02,1,447609,2585350.77,,,,,,,,,,,,,,,,,
geo_09,2023-12-04,1420475,1089584,623710,10368.37,9485.01,8173.11,753.48,535991,1988100.84,0.5847,22991.85,33954.26,0,363103,2263426.06,,,,,,,,,,,,,,,,,
geo_09,2023-12-11,1424508,757934,709350,8000.66,6527.07,6504.19,856.91,533529,1833665.92,0.5982,21772.05,33623.82,0,399411,2638999.94,,,,,,,,,,,,,,,,,
geo_09,2023-12-18,1457199,850996,498178,10952.57,6868.88,6780.33,699.65,543932,2467377.75,0.5824,21850.91,29825.57,0,448699,2327933.39,,,,,,,,,,,,,,,,,
geo_09,2023-12-25,1244431,735415,598649,9163.51,5760.75,5967.68,659.05,535875,2130599.05,0.6976,28336.74,34931.86,0,426189,1903940.68,,,,,,,,,,,,,,,,,
geo_09,2024-01-01,1099224,687938,624789,8480.42,6648.28,8199.18,616.99,542983,1692916.71,0.6689,19939.27,27487.1,0,375412,1954039.48,,,,,,,,,,,,,,,,,
geo_09,2024-01-08,1570607,796797,523070,12115.78,7159.56,5733.02,757.26,545137,1530080.03,0.6621,18955.25,31240.95,0,398167,2203024.87,,,,,,,,,,,,,,,,,
geo_09,2024-01-15,1406700,643214,610410,8239.74,5151.59,7852.43,600.67,533957,1804976.89,0.6638,23840.97,25389.52,1,431252,2005049.88,,,,,,,,,,,,,,,,,
geo_10,2021-01-25,1296820,809977,463491,9855.92,7532.12,4279.45,732.69,640210,2164626.39,0.572,23259.27,29352.33,0,369236,1850990.53,,,,,,,,,,,,,,,,,
geo_10,2021-02-01,1608916,800437,487764,11447.12,5975.81,6116.75,793.13,664014,1754157.78,0.5972,14897.38,29911.8,0,412945,2275950.43,,,,,,,,,,,,,,,,,
geo_10,2021-02-08,1206843,908855,425432,7849.91,7337.45,4040.8,740.46,637470,1861031.9,0.5364,25304.27,29562.11,0,503331,1962290.25,,,,,,,,,,,,,,,,,
geo_10,2021-02-15,1408831,935183,875329,9883.7,8643.67,8736.39,924.91,647620,2288752.34,0.5988,24504.61,22771.43,0,519523,2368675.08,,,,,,,,,,,,,,,,,
geo_10,2021-02-22,1306477,723524,495630,9931.97,6076.75,4656.25,741.07,638269,2049774.42,0.6446,21423.64,28538.06,0,422272,1990100.06,,,,,,,,,,,,,,,,,
geo_10,2021-03-01,1261504,697305,504864,10073.28,6818.21,4804.94,794.99,661212,1931407.61,0.5691,23574.1,30887.54,0,403334,1973978.92,,,,,,,,,,,,,,,,,
geo_10,2021-03-08,1281084,713825,646970,8526.53,6253.53,6272.67,777.11,657743,2348398.38,0.5792,27807.1,28794.48,0,417185,2014831.54,,,,,,,,,,,,,,,,,
geo_10,2021-03-15,1735682,841148,686827,11471.35,7474.17,8838.02,592.23,638643,2194975.41,0.6312,19894,25074.14,0,490473,1583482.85,,,,,,,,,,,,,,,,,
geo_10,2021-03-22,1433871,928249,889575,9108.31,7278.48,11700.33,723.1,637423,2132662.81,0.6389,24976.5,39806.35,0,448826,2049117.27,,,,,,,,,,,,,,,,,
geo_10,2021-03-29,1463843,775836,614074,10055.57,6176.69,7713.33,737.67,633624,2168823.94,0.6741,34698.88,32358.48,0,408971,1914035.28,,,,,,,,,,,,,,,,,
geo_10,2021-04-05,1495263,755211,498177,10245.67,7184.32,4504.79,748.12,653735,2068858.73,0.6356,25707.45,33876.93,0,471293,1722633.54,,,,,,,,,,,,,,,,,
geo_10,2021-04-12,1083614,775639,455124,6255.72,7819.2,4553.17,692.53,651871,2123307.72,0.6123,24868.18,36245.92,1,479568,2069569.05,,,,,,,,,,,,,,,,,
geo_10,2021-04-19,1321322,794747,468957,7447.92,5689.58,6158.18,813.15,629248,2130041.1,0.6075,22029.8,29737.6,0,436900,2384453.03,,,,,,,,,,,,,,,,,
geo_10,2021-04-26,1377785,1034941,603722,10189.26,10095.62,7804.77,960.09,621879,1825013.11,0.5997,28682.1,31498.47,0,424545,2622590.31,,,,,,,,,,,,,,,,,
geo_10,2021-05-03,1573804,1223004,560946,10974.94,9463.18,5756.11,573.19,659203,1858371.56,0.6384,19000.52,28574.45,0,463858,1319964.48,,,,,,,,,,,,,,,,,
geo_10,2021-05-10,1354890,877723,505606,8097.71,6982.18,4942.67,824.5,647307,1884461.81,0.5833,22673.48,34773.34,0,417536,2247108.41,,,,,,,,,,,,,,,,,
geo_10,2021-05-17,1129869,753736,536253,7828.99,7311.91,6075.98,564.01,656716,1907423.4,0.5842,22129.71,27562.75,0,455946,1624615.67,,,,,,,,,,,,,,,,,
geo_10,2021-05-24,1725918,879586,664977,12287.86,6960.42,8741.14,940.18,658949,2241907.37,0.5941,21564.72,38073.04,1,559050,3037086.18,,,,,,,,,,,,,,,,,
geo_10,2021-05-31,1455132,735442,556632,9678.27,7486.55,5622.72,706.63,640234,1991597.12,0.5547,21575.37,26820.18,0,511047,1958510.03,,,,,,,,,,,,,,,,,
geo_10,2021-06-07,1527401,1063716,492330,9610.99,9760.77,4496.93,869.44,651701,1797405.61,0.5953,18601.08,30539.86,1,448626,2472677.05,,,,,,,,,,,,,,,,,
geo_10,2021-06-14,1303145,820434,580185,8363.33,6992.46,6966.74,533.62,645384,1799875,0.5432,21364.34,33469.11,0,482953,1224827.91,,,,,,,,,,,,,,,,,
geo_10,2021-06-21,1294519,1035175,544023,10318.12,8902.07,4970.23,574.43,646794,2130157.65,0.5866,23694.08,33470.64,0,488488,1483547.28,,,,,,,,,,,,,,,,,
geo_10,2021-06-28,1263901,706158,383377,8434.09,7275.45,3652.65,619.35,650273,1983490.63,0.514,19617.73,28668.27,0,391086,1707868.77,,,,,,,,,,,,,,,,,
geo_10,2021-07-05,1139687,829027,580054,8316.11,7912.25,5310.56,674.52,650602,1957629.48,0.5789,22279.52,22894.42,0,423377,1859919.63,,,,,,,,,,,,,,,,,
geo_10,2021-07-12,1212520,804387,458684,8266.37,7395.49,5298.75,797.68,668053,2165540.33,0.5264,20350.42,30887.65,1,388509,2168018.77,,,,,,,,,,,,,,,,,
geo_10,2021-07-19,1101175,809714,521966,6498.54,7481.35,7188.1,602.97,646259,1746839.28,0.5403,20388.45,25890.07,0,398825,1819976.43,,,,,,,,,,,,,,,,,
geo_10,2021-07-26,1306290,707857,498814,7575.25,5467.49,6456.56,617.88,635547,1714902.82,0.5387,20930.51,32056.23,0,402473,1720008.78,,,,,,,,,,,,,,,,,
geo_10,2021-08-02,1280787,846345,534764,7285.44,7964.08,6103.99,640.11,650512,2154772.76,0.5326,20034.95,27106.44,0,468886,1879627.87,,,,,,,,,,,,,,,,,
geo_10,2021-08-09,1308381,770526,473821,10370.06,6745.06,4283.6,695.55,632202,1800281.43,0.4491,20090.12,30021.24,1,446053,1921713.78,,,,,,,,,,,,,,,,,
geo_10,2021-08-16,1483834,807108,533800,11668.26,6136.39,5512.15,559.59,650879,1930977.33,0.4983,18813.68,31332.94,0,445614,1612455.02,,,,,,,,,,,,,,,,,
geo_10,2021-08-23,1141456,875523,471453,8525.87,6603.59,6533.64,595.02,657912,1518810.71,0.4818,19456.97,26079.47,0,440509,1597170.82,,,,,,,,,,,,,,,,,
geo_10,2021-08-30,1109792,814412,486407,6418.57,6323.38,5254.38,643.37,653651,1882976.95,0.4892,20530.23,27614.57,0,482781,1750569.64,,,,,,,,,,,,,,,,,
geo_10,2021-09-06,1222179,964272,347754,7358.03,7254.49,4536.99,805.43,645265,1701571.07,0.4973,21680.86,25162.3,1,437162,2419109.57,,,,,,,,,,,,,,,,,
geo_10,2021-09-13,1455415,734638,481066,10879.3,7227.86,5273.59,629.29,658098,1679070.23,0.4854,16840.42,24995.03,0,378758,1710159.04,,,,,,,,,,,,,,,,,
geo_10,2021-09-20,932264,817257,450798,5703.85,5897.72,4150.65,709.3,650273,1955483.69,0.489,19028.35,22624.84,1,430438,2088633.98,,,,,,,,,,,,,,,,,
geo_10,2021-09-27,1160897,588034,488882,9238.17,4192.99,5842.5,463.86,641874,1623045.69,0.4863,22606.98,26261.55,0,487919,1062624.96,,,,,,,,,,,,,,,,,
geo_10,2021-10-04,1180704,752114,460465,8896.47,7407.55,5388.48,577.13,659329,1933019.77,0.4936,19673.19,25863.61,1,434003,1838912.91,,,,,,,,,,,,,,,,,
geo_10,2021-10-11,1061918,801693,459922,8438.31,6720.27,4872.86,646.84,649325,2045015.74,0.4657,17422.65,19407.62,0,480934,1680783.06,,,,,,,,,,,,,,,,,
geo_10,2021-10-18,1583227,882738,611595,12133.64,6262.39,8281.19,504.25,666605,2053660.69,0.4414,16340.9,22322.28,0,504414,1311245.87,,,,,,,,,,,,,,,,,
geo_10,2021-10-25,1153147,819456,516558,8711.83,7969.5,7000.28,546.65,658847,1505094.38,0.4974,16382.18,27223.17,0,414657,1694923.74,,,,,,,,,,,,,,,,,
geo_10,2021-11-01,1254915,769164,631573,8181.98,7477.66,8758.6,758.25,654267,2367061.21,0.4157,23326.23,39588.13,0,465933,2060931.1,,,,,,,,,,,,,,,,,
geo_10,2021-11-08,1222101,860169,754486,9589.5,6652.1,7082.02,821.78,640310,2286804.49,0.5397,23997.05,29362.3,1,401555,2327188.8,,,,,,,,,,,,,,,,,
geo_10,2021-11-15,1406268,872155,641492,8126.12,7615.81,7824.94,715.05,633913,1932311.6,0.468,23436.86,31560.07,0,457679,1776086.93,,,,,,,,,,,,,,,,,
geo_10,2021-11-22,1448377,1160029,590025,9527.8,8717.15,5945.26,921.33,638035,2308964.05,0.465,22907.13,34720.09,0,432418,2548409.64,,,,,,,,,,,,,,,,,
geo_10,2021-11-29,1478434,928614,662880,11650.45,7924.17,8808.24,799.5,647890,2232947.18,0.553,27311.69,32572.34,0,448400,2214144.27,,,,,,,,,,,,,,,,,
geo_10,2021-12-06,1630638,930649,690782,12323.96,7187.57,6522.78,710.75,640424,2203769.91,0.5752,23395.69,44458.4,0,383990,2056333.49,,,,,,,,,,,,,,,,,
geo_10,2021-12-13,1684474,893829,718742,13211.05,8650.23,7843.09,884.87,659826,2638842.75,0.5128,23792.05,31491.92,1,436830,2435784.25,,,,,,,,,,,,,,,,,
geo_10,2021-12-20,1790222,1179528,650748,10208.18,11044.54,7466.67,790.7,651066,1985309.68,0.4838,27269.09,46160.84,0,411777,2319875.9,,,,,,,,,,,,,,,,,
geo_10,2021-12-27,1513640,1473935,664038,9819.27,14969.56,7216.15,874.55,654260,2135980.22,0.4799,25146.8,38845.67,0,452019,2498319.62,,,,,,,,,,,,,,,,,
geo_10,2022-01-03,1355158,716753,445204,9324.91,6065.09,5485.57,828.78,653894,2158610.82,0.6344,23030.05,32036.16,1,447529,2133081.98,,,,,,,,,,,,,,,,,
geo_10,2022-01-10,1560366,1122270,377637,9798.03,8158.52,4556.77,748.78,657520,1999825.62,0.6229,20363.95,21341.65,0,580829,2080130.97,,,,,,,,,,,,,,,,,
geo_10,2022-01-17,1539138,807656,657869,8493.03,7574.03,8605.43,788.44,660542,2126673.22,0.5655,18501.67,30287.73,0,433289,2204434.39,,,,,,,,,,,,,,,,,
geo_10,2022-01-24,1509435,1015113,540208,10140.65,7660.12,5560.34,846.96,643953,2340003.56,0.6052,26418.79,30080.83,1,478604,2583317.56,,,,,,,,,,,,,,,,,
geo_10,2022-01-31,1335656,778013,419683,8362.8,6984.03,5337.74,936.1,648735,2166628.42,0.6947,24399.85,32582.8,1,454825,2687086.24,,,,,,,,,,,,,,,,,
geo_10,2022-02-07,1548713,870324,583320,8959.18,7761.95,7920.75,840.61,634991,2064268.76,0.6229,32597.03,27297.3,0,437523,2438780.37,,,,,,,,,,,,,,,,,
geo_10,2022-02-14,1452719,1030418,738828,9907.55,9218.48,6816.45,701.14,663702,1984843.57,0.6226,21948.41,34895.31,0,466745,1904210.91,,,,,,,,,,,,,,,,,
geo_10,2022-02-21,1396134,983489,636437,10697.91,7724.66,8245.86,823.33,656166,2205246.08,0.675,21076.39,31280.83,0,499245,1964800.25,,,,,,,,,,,,,,,,,
geo_10,2022-02-28,1439941,1050550,654274,8453.11,7630.25,7119.68,821.06,642739,1908794.83,0.6636,22219.83,34110.74,0,446045,2277756.41,,,,,,,,,,,,,,,,,
geo_10,2022-03-07,1442871,873295,704872,8599.63,8409.16,8659.97,919.83,649537,2479621.81,0.6482,21489.89,35687.9,0,469077,2193078.65,,,,,,,,,,,,,,,,,
geo_10,2022-03-14,1619133,809597,528489,11583.1,8161.9,6591.47,686.66,644722,2045654.62,0.6088,23751,32503.9,0,416291,1831142.82,,,,,,,,,,,,,,,,,
geo_10,2022-03-21,1114053,993565,633760,7936.87,10212.1,8863.89,1008.72,665209,2421831.75,0.7204,24180.25,27824.41,1,429856,2911151.44,,,,,,,,,,,,,,,,,
geo_10,2022-03-28,1489287,852882,620446,8780.76,8545.82,6796.01,861.05,657197,2049609.42,0.6792,25786.28,32919.45,0,416294,2341395.72,,,,,,,,,,,,,,,,,
geo_10,2022-04-04,1503153,726908,484491,9625.53,6370.75,5317.53,619.63,653055,2177884.17,0.6737,24052.69,33651.8,0,443360,1478636.88,,,,,,,,,,,,,,,,,
geo_10,2022-04-11,1326386,1055818,654175,9614.35,10014.29,8650.06,838.53,656820,2239899.86,0.6941,30802.46,29462.85,0,434081,2313066.42,,,,,,,,,,,,,,,,,
geo_10,2022-04-18,1298925,1023559,589693,8540.76,7968.46,6440.08,950.09,665573,2378071.05,0.6796,24396.34,28555.64,0,403587,2425182.22,,,,,,,,,,,,,,,,,
geo_10,2022-04-25,1300443,952778,894077,7449.09,9182.75,9159.47,880.21,636180,2156949.82,0.6956,25046.49,32769.02,0,505453,2222857.76,,,,,,,,,,,,,,,,,
geo_10,2022-05-02,1454299,787815,481005,8127.37,7605.41,4991.4,895.89,641802,2369073.62,0.6262,23789.86,31394.02,1,520459,2770873.68,,,,,,,,,,,,,,,,,
geo_10,2022-05-09,1373699,1221728,730182,10656.98,10878.42,8329.01,847.71,654429,2352300.4,0.6376,20061.84,38463.54,1,522691,2537054.28,,,,,,,,,,,,,,,,,
geo_10,2022-05-16,1495421,917487,547829,10524.32,7778.79,6822.38,990.42,658527,1953468.17,0.59,27752.8,34959.15,0,602433,3188448.57,,,,,,,,,,,,,,,,,
geo_10,2022-05-23,1141280,875568,483731,6894.64,6361.13,5686.86,982.42,661442,2221578.53,0.604,24617.35,38697.51,0,424176,3164214.29,,,,,,,,,,,,,,,,,
geo_10,2022-05-30,1444069,895448,522133,10750.75,7787.94,4884.47,809.61,657237,2012796.39,0.6051,27666.9,48278.58,0,496407,2245200.32,,,,,,,,,,,,,,,,,
geo_10,2022-06-06,1310560,901519,622387,7239.5,6455.37,7519.64,637.7,655169,2148765.22,0.6301,22530.85,32475.24,0,481233,1716771.51,,,,,,,,,,,,,,,,,
geo_10,2022-06-13,1361005,1080038,575088,9956.47,10964.39,7160.98,718.77,643210,2115036.21,0.6415,22210.1,31732.27,0,407068,1943463.92,,,,,,,,,,,,,,,,,
geo_10,2022-06-20,1349013,1019599,623580,10312.31,8217.56,6562.8,751.04,637823,2168782.72,0.6422,24988.21,38562.57,0,530114,2422137.29,,,,,,,,,,,,,,,,,
geo_10,2022-06-27,1298041,738691,406299,8346.91,7535.63,4780.46,809.42,657085,1984827.9,0.5517,29140.53,25558.34,1,428831,2524191.35,,,,,,,,,,,,,,,,,
geo_10,2022-07-04,1620850,630877,523051,10705.08,4513.2,6906.96,841.67,645788,2128047.31,0.4825,18048.9,30222.73,1,462352,2373854.12,,,,,,,,,,,,,,,,,
geo_10,2022-07-11,1013747,981328,638434,5825,8511.11,7508.02,718.16,662054,1713876.16,0.6227,20271.81,24666.34,0,437434,1970962.76,,,,,,,,,,,,,,,,,
geo_10,2022-07-18,1308390,865426,555047,7479.44,7738.88,5725.43,537.39,656988,2087479.62,0.5952,20309.72,40120.58,0,458229,1278944.78,,,,,,,,,,,,,,,,,
geo_10,2022-07-25,1255226,735268,481119,7770.27,6178.65,6032.08,885.65,673956,2121644.32,0.6056,21957.24,36810.97,0,471078,2499301.87,,,,,,,,,,,,,,,,,
geo_10,2022-08-01,1312573,987915,592850,9753.26,8013.56,6231.06,837.27,649449,2032672.28,0.5414,19087.52,26032.51,1,446740,2435019.54,,,,,,,,,,,,,,,,,
geo_10,2022-08-08,1047455,821312,639909,8265.17,6544.25,6567.69,679.65,642186,1720912.69,0.5098,17846.06,22831.27,0,451455,1845915.38,,,,,,,,,,,,,,,,,
geo_10,2022-08-15,1238872,906298,592702,8369.17,9223.5,6499.41,842.92,638514,2164087.88,0.5247,20273.47,29866.61,0,469592,2707528.67,,,,,,,,,,,,,,,,,
geo_10,2022-08-22,1083038,794599,514732,8489.23,6122.35,5959.52,762.53,635019,1975858.34,0.5168,21569.81,21386.14,0,479263,2406184.78,,,,,,,,,,,,,,,,,
geo_10,2022-08-29,1124049,895269,479933,7417.25,6506.34,5669.06,705.44,669034,1794997.38,0.5104,14647.96,26106.67,0,449539,1975181.56,,,,,,,,,,,,,,,,,
geo_10,2022-09-05,1111696,889784,580215,6571.68,7069.52,7636.79,524.07,656529,1909398.46,0.4485,18065.08,24515.7,0,472678,1391257.54,,,,,,,,,,,,,,,,,
geo_10,2022-09-12,1330331,776577,471536,8018.63,7891.47,5366.3,550.4,634661,1622435.31,0.4503,20078.31,30107.33,0,430468,1482408.91,,,,,,,,,,,,,,,,,
geo_10,2022-09-19,1467556,878199,529090,11128.29,7271.7,5510,733.3,667267,2092831.13,0.4831,18034.78,22115.25,0,425843,2206364.76,,,,,,,,,,,,,,,,,
geo_10,2022-09-26,1394813,671586,463608,10652.68,6763.66,4910.42,495.25,654585,1831331.19,0.5352,24147.06,28862.98,0,526114,1176233.84,,,,,,,,,,,,,,,,,
geo_10,2022-10-03,1216961,832558,610672,7486.41,7788.4,8424.89,585.36,653575,1816364.06,0.4361,21781.93,28729.59,0,533203,1643739.31,,,,,,,,,,,,,,,,,
geo_10,2022-10-10,1302215,869524,463763,8171.84,6125.4,5187.82,663.99,640931,1989737.19,0.5266,21528.95,24380.98,0,465099,1963954.64,,,,,,,,,,,,,,,,,
geo_10,2022-10-17,1094792,789081,500984,6072.25,6637.3,4787.29,633,649284,2107262.58,0.4693,23497,23286.99,0,496784,1825861.86,,,,,,,,,,,,,,,,,
geo_10,2022-10-24,1155611,838322,510898,6685.03,8488.92,6329.66,504.05,659728,1774155.27,0.4902,19417.19,34220.98,0,387784,1482036.5,,,,,,,,,,,,,,,,,
geo_10,2022-10-31,1749312,776522,609604,12585.1,6835.99,5991.14,920.27,662801,2396724.26,0.5509,24755.84,32774.88,0,543054,2552670.19,,,,,,,,,,,,,,,,,
geo_10,2022-11-07,1629703,1031300,620936,12900.77,8165.26,8140.93,936.5,655638,2025404.56,0.4901,21435.57,33088.5,1,461829,2924136.77,,,,,,,,,,,,,,,,,
geo_10,2022-11-14,1430698,847084,599054,9383.53,7701.81,6040.18,758.01,658695,2364816.03,0.5608,26543.21,30529.37,0,429640,2025805.46,,,,,,,,,,,,,,,,,
geo_10,2022-11-21,1813270,1189879,709184,10889.92,8429.15,8326.09,820.4,659946,2685629.22,0.5243,24546.09,40920.18,0,388953,2190382.31,,,,,,,,,,,,,,,,,
geo_10,2022-11-28,1395724,797726,688768,9435.07,6119.91,6654.97,799.28,659790,2746365.37,0.5354,29928.67,33311.28,0,424287,2205877.65,,,,,,,,,,,,,,,,,
geo_10,2022-12-05,1535659,1079543,536929,9870.38,11251.44,7145.17,961.99,655263,2429826.71,0.5343,28377.43,35002.9,0,486701,2479447.85,,,,,,,,,,,,,,,,,
geo_10,2022-12-12,1610659,1058621,832932,8974.51,10441.97,10428.06,766.23,651625,2324262.38,0.5438,30785.69,43408.28,0,400390,2173626.57,,,,,,,,,,,,,,,,,
geo_10,2022-12-19,1895805,1232641,780194,11566.37,8742.03,8953.34,789.84,654353,2411355.81,0.5674,32381.81,34719.48,0,466797,2217671.9,,,,,,,,,,,,,,,,,
geo_10,2022-12-26,1866220,930860,670959,13718.17,9072.74,6817.27,863.83,674603,2812657.8,0.5528,32590.54,34013.33,0,603524,2499174.74,,,,,,,,,,,,,,,,,
geo_10,2023-01-02,1233345,786440,641432,8370.74,8093.87,8375.14,854.16,682336,1932868.94,0.6204,24109.94,34065.34,0,541564,2376113.88,,,,,,,,,,,,,,,,,
geo_10,2023-01-09,1455480,838406,650943,8191.72,6164.42,6838.87,841.98,658345,2358943.19,0.5698,19918.57,26567.61,0,424660,2603016.85,,,,,,,,,,,,,,,,,
geo_10,2023-01-16,1291280,1046228,745898,8600.36,9140.66,6804.47,809.9,650668,2150848.1,0.6212,24993.11,29535.91,0,432576,2560900.24,,,,,,,,,,,,,,,,,
geo_10,2023-01-23,1259660,1201475,772270,8920.63,12044.65,9746.38,909.73,650797,2076084.6,0.6382,22197.75,32929.87,0,525941,2274066.76,,,,,,,,,,,,,,,,,
geo_10,2023-01-30,1421373,961295,630827,10932.09,8869.77,7111.48,902.9,659901,2618006.93,0.6288,19462.57,42567.29,0,457809,2699735.18,,,,,,,,,,,,,,,,,
geo_10,2023-02-06,1434991,881143,638175,10521.65,6309.51,6107.06,851.41,668775,1899499.01,0.6615,25342.99,43567.45,0,466234,2445838.24,,,,,,,,,,,,,,,,,
geo_10,2023-02-13,1430402,932187,716727,10028.45,9473.6,6641.87,1013.61,658669,2537524.75,0.6498,28891.22,29161.9,0,505757,2980575.66,,,,,,,,,,,,,,,,,
geo_10,2023-02-20,1372677,1073289,572696,9021.02,8280.39,7547.36,914.46,646324,2175923.5,0.6898,26027.77,33557.45,0,470917,2729937.77,,,,,,,,,,,,,,,,,
geo_10,2023-02-27,1510852,975319,675590,11941.27,7678.13,7321.15,880.34,660699,2157805.12,0.6719,25042.9,36536.09,0,415450,2488125.11,,,,,,,,,,,,,,,,,
geo_10,2023-03-06,1100788,970992,924978,6815.86,7238.46,8521.5,1010.1,653613,1961861.3,0.6448,27913.43,43194.96,0,532219,2489466.39,,,,,,,,,,,,,,,,,
geo_10,2023-03-13,1657290,1097288,650803,12833.71,10343.07,7172.32,830,664230,1959244.38,0.6352,26084.22,26275.6,0,477063,2364677.21,,,,,,,,,,,,,,,,,
geo_10,2023-03-20,1279912,889587,516948,9511.45,8684.94,4753.53,905.31,674232,2349054.92,0.6358,27915.42,32820.7,0,558014,2343970.64,,,,,,,,,,,,,,,,,
geo_10,2023-03-27,1536572,963294,576355,9362.84,9391.44,7702.38,978.5,644563,2320939.14,0.6923,27443.04,37333.24,0,430717,2978683.06,,,,,,,,,,,,,,,,,
geo_10,2023-04-03,1868762,1275787,731569,12598.61,12424.94,9730.59,961.99,659243,1926878.59,0.7174,26749.31,28369.18,0,464405,2638244.01,,,,,,,,,,,,,,,,,
geo_10,2023-04-10,1745848,806285,675430,10935.04,6597.44,8817.79,1014.99,652280,2419796.65,0.6298,22525.82,32618.56,0,509558,2884605.11,,,,,,,,,,,,,,,,,
geo_10,2023-04-17,1660277,970271,637785,11290.01,7375.65,8599.72,895.96,668209,2219597.16,0.6351,29450.22,37537.47,0,484463,2207424.41,,,,,,,,,,,,,,,,,
geo_10,2023-04-24,1511457,1097414,494657,8959.09,8291.54,5544.94,853.15,651585,2145456.6,0.6758,30776.76,41200.64,0,502420,2491228.05,,,,,,,,,,,,,,,,,
geo_10,2023-05-01,1210575,844972,638561,9346.92,6462.51,6470.57,752.16,674415,2307382.19,0.6234,30869.82,35619.93,0,415539,2348294.9,,,,,,,,,,,,,,,,,
geo_10,2023-05-08,1361550,1215378,456772,8011.95,11720.19,5635.29,908.5,654544,2314410.76,0.6343,29655.35,39832.44,0,554522,2640721.23,,,,,,,,,,,,,,,,,
geo_10,2023-05-15,1652692,1034194,596369,11788.4,8476.79,6664.1,822.35,652227,2045939.77,0.6434,30571.93,37026.4,0,504765,2483869.63,,,,,,,,,,,,,,,,,
geo_10,2023-05-22,1456183,1041487,633234,11442.02,8321.74,8108.58,939.67,646659,2099528.85,0.6842,28084.62,35770.13,0,444256,2884854.52,,,,,,,,,,,,,,,,,
geo_10,2023-05-29,1420795,1310662,553887,9734.8,10508.83,7247.5,967.77,658149,1953726.39,0.6175,25861.59,39537.28,0,429880,2772211.68,,,,,,,,,,,,,,,,,
geo_10,2023-06-05,1170718,1080999,618427,8190.79,8427.1,8084.2,941.31,645377,2178666.38,0.6356,26277.67,29803.84,1,531435,2717960,,,,,,,,,,,,,,,,,
geo_10,2023-06-12,1571838,1083202,644050,11398.4,8630.85,8127.3,829.52,638913,2398903.92,0.5879,21342.55,28256.8,0,522120,2040426.93,,,,,,,,,,,,,,,,,
geo_10,2023-06-19,1460275,846544,691428,11018.03,8323.4,8263.96,782.12,649711,2047336.99,0.6352,26580.29,38088.82,0,482252,2290386.25,,,,,,,,,,,,,,,,,
geo_10,2023-06-26,968115,1002345,499525,6749.54,7948.69,6744.33,915.75,659395,2118186.79,0.6184,24495.73,29999.42,0,511892,2776790.53,,,,,,,,,,,,,,,,,
geo_10,2023-07-03,1233149,911319,619337,8272.46,8589.66,5676.66,814.12,668533,1874214.73,0.5587,21250.49,21464.91,0,542127,2320330.89,,,,,,,,,,,,,,,,,
geo_10,2023-07-10,1442998,888608,396862,9091.82,6232.23,5094.13,795.36,669270,2193955.6,0.5863,25205.93,27886.69,0,452093,1956301.46,,,,,,,,,,,,,,,,,
geo_10,2023-07-17,1834174,773547,935033,13110.14,6409.28,12101.51,894.13,663230,2227409,0.5728,25755.47,29026.71,1,417426,2374067.96,,,,,,,,,,,,,,,,,
geo_10,2023-07-24,1529905,1161119,690889,9437.68,9841.2,8972.96,712.29,662597,2180953.81,0.5521,23473.53,26641.24,0,479590,1980542.2,,,,,,,,,,,,,,,,,
geo_10,2023-07-31,1217580,691346,462331,7412.23,7149.32,5798.91,911.41,672014,2119685.24,0.6006,22500.44,32448.82,0,512650,2543336.02,,,,,,,,,,,,,,,,,
geo_10,2023-08-07,1261044,890733,551339,9323.82,7262.63,5928.97,711.47,667067,1949395.46,0.5044,22159.47,28538.31,0,469423,2025315.18,,,,,,,,,,,,,,,,,
geo_10,2023-08-14,1194818,849373,484033,8448.24,8231.56,4390.48,825.17,643371,1940086.32,0.4949,21741.33,23021.84,1,491811,2925323.51,,,,,,,,,,,,,,,,,
geo_10,2023-08-21,1360975,1089510,679564,10487.9,8475.57,9357.72,805.09,650338,2049314.02,0.5185,22884.62,32588.22,0,421384,2231315.06,,,,,,,,,,,,,,,,,
geo_10,2023-08-28,1406562,1038785,527433,11162.27,8971.11,6660.53,774.76,666925,2180955.78,0.4964,23567.53,32594.96,0,482314,2035730.4,,,,,,,,,,,,,,,,,
geo_10,2023-09-04,1033301,872488,520143,6719.81,7945.9,5448.96,791.8,651306,2105319.38,0.4942,21373.44,27876.8,1,536254,2421285.08,,,,,,,,,,,,,,,,,
geo_10,2023-09-11,1370721,982574,574507,9646.78,9135.91,6304.03,707.93,642143,1984095.66,0.5462,21274.39,25981.15,0,567098,1993322.55,,,,,,,,,,,,,,,,,
geo_10,2023-09-18,1442817,833243,700526,8028.57,6605.86,6857.23,771.21,667122,2008617.52,0.5156,22368.8,30753.88,0,532621,2228846.47,,,,,,,,,,,,,,,,,
geo_10,2023-09-25,1626774,726125,560223,11949.84,5303.76,7614.39,747.12,656214,1964110.22,0.5546,21894.51,29840.86,0,444838,1934795.07,,,,,,,,,,,,,,,,,
geo_10,2023-10-02,1501512,1117460,591812,11048.03,9091.41,8073.62,715.32,670086,1830368.75,0.5653,19774.36,30483.53,0,490337,2107786.47,,,,,,,,,,,,,,,,,
geo_10,2023-10-09,1444683,783322,695525,9734.08,6889.36,9721.93,684.12,675719,1779601.02,0.5199,17883.95,24367.56,0,482535,1846199.53,,,,,,,,,,,,,,,,,
geo_10,2023-10-16,1559464,826218,597119,9810.99,7476.15,7745.84,770.23,680951,1817338.04,0.5497,26190.29,23832.35,1,520745,2325030.11,,,,,,,,,,,,,,,,,
geo_10,2023-10-23,1298616,954465,527516,9651.77,9419.43,6036.01,762.16,658738,2210767.7,0.5454,23838.09,34983.83,0,523095,2109966.98,,,,,,,,,,,,,,,,,
geo_10,2023-10-30,1668853,1061065,722737,9439.46,8577.13,8844.06,699,686275,2214159.75,0.5375,24415.32,27653.46,0,410187,1878375.75,,,,,,,,,,,,,,,,,
geo_10,2023-11-06,1759045,799663,577149,10365.95,5959.33,7566.06,1005.17,660884,1905240.59,0.5594,22927.46,29520.65,1,394602,2955322.21,,,,,,,,,,,,,,,,,
geo_10,2023-11-13,1644116,1166111,747877,12427.16,10929.69,9496.44,758.09,651721,2119195.89,0.4759,29518.76,31203.98,0,470472,2415699.01,,,,,,,,,,,,,,,,,
geo_10,2023-11-20,1845756,1068423,816840,14646.71,7675.5,7960.62,996.87,659762,2391517.15,0.5613,26626.61,39868.72,0,453896,2894460.72,,,,,,,,,,,,,,,,,
geo_10,2023-11-27,2140149,1076941,528023,14376.24,8702.58,6015.06,961.07,670032,2759958.98,0.4977,30623.01,49472.53,0,442206,2901607.06,,,,,,,,,,,,,,,,,
geo_10,2023-12-04,1912482,1089179,535909,10881.52,10989.49,5299.44,721.25,657586,2568590.52,0.6604,32341.14,37943.69,0,539267,1778526.07,,,,,,,,,,,,,,,,,
geo_10,2023-12-11,1577630,1129728,621910,11507.6,10690.13,6192.76,845.69,670158,2572355,0.5621,23434.96,42708.51,0,444444,2400603.05,,,,,,,,,,,,,,,,,
geo_10,2023-12-18,1775842,1020710,769866,13311.67,8770.42,7970.29,809.13,645243,2745723.05,0.5684,33296.96,31370.97,0,487064,2320132.05,,,,,,,,,,,,,,,,,
geo_10,2023-12-25,1604166,909885,590203,9215.48,6972.21,5949.85,815.41,657354,2404319.45,0.5863,28535.52,48201.55,0,497053,2713460.02,,,,,,,,,,,,,,,,,
geo_10,2024-01-01,1619070,764287,686385,11686.3,5958.98,7609.05,952.31,683643,2501925.48,0.5975,26479.25,29921.89,0,519410,2640422.59,,,,,,,,,,,,,,,,,
geo_10,2024-01-08,1703229,867066,620701,11538.91,6728.42,7511.23,1025.2,663936,2292845.7,0.5972,26524.62,35968.91,1,536428,3010857.63,,,,,,,,,,,,,,,,,
geo_10,2024-01-15,1732044,886293,689352,12305.44,6854.32,8606.04,870.45,647716,2151707.67,0.6803,24890.77,33993.91,0,470706,2712575.79,,,,,,,,,,,,,,,,,
