geo_india,time,AwarenessVideo_impression,PerformanceDisplay_impression,PerformanceNative_impression,BrandedGQV_control,GenericGQV_control,AwarenessVideo_spend,PerformanceDisplay_spend,PerformanceNative_spend,conversions,revenue_per_conversion,population
Geo0-IndiaTrial,25-01-2021,1426697,351834,1216983,11974289,3,16785,4100,14178,11933794,0,487878
Geo0-IndiaTrial,01-02-2021,377575,406696,1258452,11877683,-1,4442,4739,14661,9180064,0,487878
Geo0-IndiaTrial,08-02-2021,1181757,790058,1002623,14806203,-4,13903,9207,11681,8330261,0,487878
Geo0-IndiaTrial,15-02-2021,435868,1107034,1140547,14006622,-2,5128,12901,13288,7926502,0,487878
Geo0-IndiaTrial,22-02-2021,940266,1462011,578375,14225819,0,11062,17038,6738,10096925,0,487878
Geo0-IndiaTrial,01-03-2021,1086599,669343,1167843,12851792,-2,12784,7800,13606,8722757,0,487878
Geo0-IndiaTrial,08-03-2021,1280881,648393,847943,16917968,-2,15070,7556,9879,10079231,0,487878
Geo0-IndiaTrial,15-03-2021,791813,444008,684468,17131872,-5,9316,5174,7974,6716006,0,487878
Geo0-IndiaTrial,22-03-2021,1298289,1078712,1000708,19232676,1,15274,12571,11659,10085301,0,487878
Geo0-IndiaTrial,29-03-2021,674474,370181,511005,18265062,-5,7935,4314,5953,7961302,0,487878
Geo0-IndiaTrial,05-04-2021,1268797,1087567,1415470,20041594,-5,14927,12674,16491,7402629,0,487878
Geo0-IndiaTrial,12-04-2021,1376191,936236,961482,18123882,2,16191,10910,11202,13337310,0,487878
Geo0-IndiaTrial,19-04-2021,1152698,704466,371845,18444242,0,13561,8209,4332,10756357,0,487878
Geo0-IndiaTrial,26-04-2021,928248,1546571,609347,21655460,1,10921,18023,7099,12160143,0,487878
Geo0-IndiaTrial,03-05-2021,718239,837514,1127862,18739380,-2,8450,9760,13140,8339255,0,487878
Geo0-IndiaTrial,10-05-2021,1035670,911532,1098533,20273082,1,12185,10623,12798,11890894,0,487878
Geo0-IndiaTrial,17-05-2021,1092459,521051,1134960,18009126,1,12853,6072,13223,11298153,0,487878
Geo0-IndiaTrial,24-05-2021,1466315,813206,1365897,17918750,3,17251,9477,15913,11616760,0,487878
Geo0-IndiaTrial,31-05-2021,1121355,619274,798881,21192432,-1,13193,7217,9307,10940430,0,487878
Geo0-IndiaTrial,07-06-2021,1018645,1425128,1479008,20321758,4,11984,16608,17231,14098543,0,487878
Geo0-IndiaTrial,14-06-2021,731324,647190,841434,19791144,-3,8604,7542,9803,9122300,0,487878
Geo0-IndiaTrial,21-06-2021,1104847,1174842,1530489,18653446,4,12998,13691,17831,12942636,0,487878
Geo0-IndiaTrial,28-06-2021,1414531,1450028,580080,20694068,2,16642,16898,6758,10286338,0,487878
Geo0-IndiaTrial,05-07-2021,935421,872426,1043542,19440146,0,11005,10167,12158,10546323,0,487878
Geo0-IndiaTrial,12-07-2021,1212363,972189,1072044,19913102,-2,14263,11329,12490,10506506,0,487878
Geo0-IndiaTrial,19-07-2021,1189676,1328136,909510,20267156,7,13996,15477,10596,16411570,0,487878
Geo0-IndiaTrial,26-07-2021,1533395,860844,1448236,19618624,0,18040,10032,16872,11537089,0,487878
Geo0-IndiaTrial,02-08-2021,770176,1070405,748734,19899940,-1,9061,12474,8723,10449300,0,487878
Geo0-IndiaTrial,09-08-2021,728782,787435,1204196,18949504,-3,8574,9176,14029,9314744,0,487878
Geo0-IndiaTrial,16-08-2021,1090961,839211,684248,21540426,-3,12835,9780,7972,7231656,0,487878
Geo0-IndiaTrial,23-08-2021,1221357,640070,1646230,20161274,4,14369,7459,19179,13940469,0,487878
Geo0-IndiaTrial,30-08-2021,589039,1046482,837877,20653072,-1,6930,12195,9762,9805110,0,487878
Geo0-IndiaTrial,06-09-2021,1400871,864887,986956,19788840,-1,16481,10079,11498,7319958,0,487878
Geo0-IndiaTrial,13-09-2021,960546,863518,1070457,18939244,0,11301,10063,12471,11645041,0,487878
Geo0-IndiaTrial,20-09-2021,1661044,1215356,921120,20635134,-6,19542,14163,10731,5832395,0,487878
Geo0-IndiaTrial,27-09-2021,1101564,1294035,1245555,19382532,-3,12960,15080,14511,7696728,0,487878
Geo0-IndiaTrial,04-10-2021,1086592,923483,678850,19300520,2,12784,10762,7909,11200444,0,487878
Geo0-IndiaTrial,11-10-2021,1029246,1173585,1043496,20471628,-5,12109,13676,12157,8243364,0,487878
Geo0-IndiaTrial,18-10-2021,1086088,1577894,803304,20065048,2,12778,18388,9359,11804831,0,487878
Geo0-IndiaTrial,25-10-2021,1386670,442191,967977,20694024,-1,16314,5153,11277,9334966,0,487878
Geo0-IndiaTrial,01-11-2021,880396,1369263,1327334,19662864,3,10358,15957,15464,13351890,0,487878
Geo0-IndiaTrial,08-11-2021,477299,775927,958808,19173788,3,5615,9042,11170,10992153,0,487878
Geo0-IndiaTrial,15-11-2021,470510,1320098,590341,18661080,-2,5536,15384,6878,8079050,0,487878
Geo0-IndiaTrial,22-11-2021,1163566,1549209,1071456,18161234,1,13689,18054,12483,11985197,0,487878
Geo0-IndiaTrial,29-11-2021,1663656,539721,1306228,19952630,1,19573,6290,15218,11809322,0,487878
Geo0-IndiaTrial,06-12-2021,1113404,727042,895410,20732672,1,13099,8473,10432,9636867,0,487878
Geo0-IndiaTrial,13-12-2021,1631272,968540,526434,19128940,1,19192,11287,6133,10917456,0,487878
Geo0-IndiaTrial,20-12-2021,1164139,345679,873053,21821018,-3,13696,4028,10171,8077164,0,487878
Geo0-IndiaTrial,27-12-2021,1315326,1145814,735448,20438326,0,15475,13353,8568,9139650,0,487878
Geo0-IndiaTrial,03-01-2022,1396871,582139,1026476,18725940,0,16434,6784,11959,10738366,0,487878
Geo0-IndiaTrial,10-01-2022,1326438,796226,325991,24122766,-3,15605,9279,3798,6608068,0,487878
Geo0-IndiaTrial,17-01-2022,275847,1216142,1157438,20740390,2,3245,14172,13485,11136832,0,487878
Geo0-IndiaTrial,24-01-2022,1223885,1513551,751565,18730200,-3,14399,17638,8756,7190659,0,487878
Geo0-IndiaTrial,31-01-2022,1034024,968645,706822,19804922,-6,12165,11288,8235,6888288,0,487878
Geo0-IndiaTrial,07-02-2022,1012994,541528,1430522,18510026,-5,11918,6311,16666,8042411,0,487878
Geo0-IndiaTrial,14-02-2022,789354,834133,927199,19183148,1,9287,9721,10802,9471516,0,487878
Geo0-IndiaTrial,21-02-2022,865696,657444,0,18641804,0,10185,7662,0,10482902,0,487878
Geo0-IndiaTrial,28-02-2022,1335806,890949,518833,18779154,0,15716,10383,6045,9044074,0,487878
Geo0-IndiaTrial,07-03-2022,1390526,1275168,432239,20044244,4,16359,14860,5036,12782131,0,487878
Geo0-IndiaTrial,14-03-2022,1193876,824002,910057,18081918,1,14046,9602,10603,9816922,0,487878
Geo0-IndiaTrial,21-03-2022,631761,608944,914980,18347468,1,7433,7096,10660,11246265,0,487878
Geo0-IndiaTrial,28-03-2022,866383,1044174,966286,17431854,1,10193,12168,11258,11150507,0,487878
Geo0-IndiaTrial,04-04-2022,325954,869947,1065732,18202482,2,3835,10138,12416,11083140,0,487878
Geo0-IndiaTrial,11-04-2022,1464339,1132812,1241852,19185924,-1,17228,13201,14468,9814447,0,487878
Geo0-IndiaTrial,18-04-2022,925303,890608,282095,17316812,-1,10886,10379,3287,7846391,0,487878
Geo0-IndiaTrial,25-04-2022,1228866,1471215,504840,19763600,-1,14458,17145,5882,9781826,0,487878
Geo0-IndiaTrial,02-05-2022,1167151,902626,1100681,15779503,-1,13731,10519,12823,9859630,0,487878
Geo0-IndiaTrial,09-05-2022,920271,322783,593022,17852502,-1,10827,3762,6909,7939067,0,487878
Geo0-IndiaTrial,16-05-2022,1575676,527562,1274300,20036356,2,18538,6148,14846,10640252,0,487878
Geo0-IndiaTrial,23-05-2022,1429700,11085,616467,18377898,2,16820,129,7182,11313644,0,487878
Geo0-IndiaTrial,30-05-2022,1487059,1368259,1413477,21072622,1,17495,15945,16468,11749987,0,487878
Geo0-IndiaTrial,06-06-2022,1370605,1400330,891658,19092992,0,16125,16319,10388,10823638,0,487878
Geo0-IndiaTrial,13-06-2022,884532,1018926,1349172,19239426,-1,10406,11874,15718,11545950,0,487878
Geo0-IndiaTrial,20-06-2022,835914,1198873,644953,19667504,1,9834,13971,7514,10633778,0,487878
Geo0-IndiaTrial,27-06-2022,965356,1173200,892516,17336278,-2,11357,13672,10398,9029916,0,487878
Geo0-IndiaTrial,04-07-2022,1425224,1093060,825276,21060330,4,16768,12738,9615,14086724,0,487878
Geo0-IndiaTrial,11-07-2022,1158609,1777745,1354500,20052730,-3,13631,20717,15780,8154833,0,487878
Geo0-IndiaTrial,18-07-2022,1094206,967426,1010378,20905650,-3,12873,11274,11771,6501740,0,487878
Geo0-IndiaTrial,25-07-2022,1563911,1208428,1029452,19335618,3,18399,14082,11994,13428540,0,487878
Geo0-IndiaTrial,01-08-2022,1443496,26405,357137,20627968,1,16983,308,4161,9812846,0,487878
Geo0-IndiaTrial,08-08-2022,1172328,906701,779914,19388090,0,13792,10566,9086,8620338,0,487878
Geo0-IndiaTrial,15-08-2022,561050,1204739,708860,20688876,1,6601,14039,8258,10190212,0,487878
Geo0-IndiaTrial,22-08-2022,1073036,794949,770116,20340052,-3,12624,9264,8972,8517234,0,487878
Geo0-IndiaTrial,29-08-2022,1017367,1485772,1007871,19950224,3,11969,17314,11742,11565210,0,487878
Geo0-IndiaTrial,05-09-2022,880139,1036457,1231910,19536718,1,10355,12078,14352,8550725,0,487878
Geo0-IndiaTrial,12-09-2022,692734,1101529,1832999,21563786,7,8150,12837,21355,15129782,0,487878
Geo0-IndiaTrial,19-09-2022,951315,1366032,822790,20091586,1,11192,15919,9586,11560236,0,487878
Geo0-IndiaTrial,26-09-2022,899185,1264844,983109,17738258,-1,10579,14740,11454,8459911,0,487878
Geo0-IndiaTrial,03-10-2022,768974,904249,905435,17124990,4,9047,10538,10549,13414728,0,487878
Geo0-IndiaTrial,10-10-2022,1027544,723287,1168588,18224850,0,12089,8429,13614,10887018,0,487878
Geo0-IndiaTrial,17-10-2022,621412,913096,1078515,15719098,4,7311,10641,12565,13368895,0,487878
Geo0-IndiaTrial,24-10-2022,1586578,679451,367384,19153676,0,18666,7918,4280,10147564,0,487878
Geo0-IndiaTrial,31-10-2022,1554646,1146720,1402046,19007688,1,18290,13363,16334,8808728,0,487878
Geo0-IndiaTrial,07-11-2022,1178571,722657,472999,19618002,-9,13866,8421,5511,6750478,0,487878
Geo0-IndiaTrial,14-11-2022,1191249,1226566,166242,19448406,2,14015,14294,1937,10823457,0,487878
Geo0-IndiaTrial,21-11-2022,1850493,1106032,776217,18315428,-1,21771,12889,9043,9879449,0,487878
Geo0-IndiaTrial,28-11-2022,1148530,670242,1124826,20292604,1,13512,7811,13105,9108034,0,487878
Geo0-IndiaTrial,05-12-2022,946574,1138796,387359,21452334,1,11136,13271,4513,10849965,0,487878
Geo0-IndiaTrial,12-12-2022,1348016,362138,978108,23102708,0,15859,4220,11395,11188276,0,487878
Geo0-IndiaTrial,19-12-2022,1147509,1022291,1723791,20790356,0,13500,11913,20083,10319051,0,487878
Geo0-IndiaTrial,26-12-2022,1377061,968272,644266,20421532,0,16201,11284,7506,11808522,0,487878
Geo0-IndiaTrial,02-01-2023,1222182,922294,388873,21289046,-3,14379,10748,4531,8424855,0,487878
Geo0-IndiaTrial,09-01-2023,878882,858458,510697,19358228,3,10340,10004,5950,11741562,0,487878
Geo0-IndiaTrial,16-01-2023,1119397,500717,533789,18966990,-1,13170,5835,6219,8640608,0,487878
Geo0-IndiaTrial,23-01-2023,879782,1571388,1253652,21439210,7,10351,18312,14606,15023167,0,487878
Geo0-IndiaTrial,30-01-2023,216404,1539156,654523,17700444,-2,2546,17937,7625,7271287,0,487878
Geo0-IndiaTrial,06-02-2023,622088,723777,1890668,18295010,4,7319,8435,22027,13604576,0,487878
Geo0-IndiaTrial,13-02-2023,759868,1051958,841026,18948946,3,8940,12259,9798,12916461,0,487878
Geo0-IndiaTrial,20-02-2023,971149,1128102,890169,16690144,-1,11426,13146,10371,8444375,0,487878
Geo0-IndiaTrial,27-02-2023,980692,1014994,513177,17900000,0,11538,11828,5979,10825067,0,487878
Geo0-IndiaTrial,06-03-2023,1678167,218752,777464,17634826,1,19744,2549,9058,8933171,0,487878
Geo0-IndiaTrial,13-03-2023,1490484,1889807,348439,18463268,-1,17535,22023,4059,9070010,0,487878
Geo0-IndiaTrial,20-03-2023,820285,1755447,886111,17591334,3,9651,20457,10324,12087291,0,487878
Geo0-IndiaTrial,27-03-2023,1829076,1187115,956604,19990250,3,21519,13834,11145,12742492,0,487878
Geo0-IndiaTrial,03-04-2023,1284068,987344,1148564,18933426,1,15107,11506,13381,11401841,0,487878
Geo0-IndiaTrial,10-04-2023,937387,1740426,1413009,20252682,1,11028,20282,16462,10639713,0,487878
Geo0-IndiaTrial,17-04-2023,1016498,1053856,825967,20445832,1,11959,12281,9623,12228138,0,487878
Geo0-IndiaTrial,24-04-2023,1275501,1184514,635325,19246332,0,15006,13804,7402,10811116,0,487878
Geo0-IndiaTrial,01-05-2023,1415563,412171,1627180,22112150,4,16654,4803,18957,13309504,0,487878
Geo0-IndiaTrial,08-05-2023,1038966,1568634,719733,18694036,-1,12223,18280,8385,9530256,0,487878
Geo0-IndiaTrial,15-05-2023,984081,1059843,1185779,20884324,1,11578,12351,13815,11431737,0,487878
Geo0-IndiaTrial,22-05-2023,983019,510123,1855803,19143036,-1,11565,5945,21621,10786573,0,487878
Geo0-IndiaTrial,29-05-2023,747186,1082406,480461,20888974,0,8791,12614,5598,11718583,0,487878
Geo0-IndiaTrial,05-06-2023,813971,1128674,669163,18431992,-3,9576,13153,7796,9041829,0,487878
Geo0-IndiaTrial,12-06-2023,757478,497944,1211476,18940340,-5,8912,5803,14114,6326195,0,487878
Geo0-IndiaTrial,19-06-2023,904159,650705,358313,17572618,2,10637,7583,4174,11408292,0,487878
Geo0-IndiaTrial,26-06-2023,962731,486869,882744,17735310,1,11326,5674,10284,13251466,0,487878
Geo0-IndiaTrial,03-07-2023,982712,401074,0,17002814,1,11562,4674,0,11369634,0,487878
Geo0-IndiaTrial,10-07-2023,1001287,1320588,798343,18463794,1,11780,15389,9301,11920673,0,487878
Geo0-IndiaTrial,17-07-2023,951837,1391066,856172,17862766,-3,11198,16211,9975,7651417,0,487878
Geo0-IndiaTrial,24-07-2023,786936,429157,840064,17786792,-3,9258,5001,9787,8495941,0,487878
Geo0-IndiaTrial,31-07-2023,675500,1838356,1001580,17521670,-2,7947,21423,11669,9427120,0,487878
Geo0-IndiaTrial,07-08-2023,1032236,1010479,575745,17048046,-1,12144,11776,6708,9853803,0,487878
Geo0-IndiaTrial,14-08-2023,1352825,1646221,342461,19910570,1,15916,19184,3990,10460325,0,487878
Geo0-IndiaTrial,21-08-2023,1402919,1102975,748343,18814944,-2,16505,12853,8718,9288801,0,487878
Geo0-IndiaTrial,28-08-2023,1224614,593217,895013,18825960,2,14408,6913,10427,12979653,0,487878
Geo0-IndiaTrial,04-09-2023,728687,1167461,944832,18950846,4,8573,13605,11008,12790329,0,487878
Geo0-IndiaTrial,11-09-2023,1557922,1243621,738099,20426670,-7,18329,14493,8599,5947642,0,487878
Geo0-IndiaTrial,18-09-2023,1015242,514511,935873,20235826,0,11944,5996,10903,9506954,0,487878
Geo0-IndiaTrial,25-09-2023,1139347,1206184,459865,20018570,0,13404,14056,5358,8379074,0,487878
Geo0-IndiaTrial,02-10-2023,1022960,1033350,1104201,21203658,-1,12035,12042,12864,10460695,0,487878
Geo0-IndiaTrial,09-10-2023,1271466,1301645,447006,20254174,0,14959,15169,5208,11028582,0,487878
Geo0-IndiaTrial,16-10-2023,1253999,732350,1121758,22082520,-1,14753,8534,13069,11141555,0,487878
Geo0-IndiaTrial,23-10-2023,1178158,706963,578203,19414102,4,13861,8239,6736,12873360,0,487878
Geo0-IndiaTrial,30-10-2023,1028045,1245403,627996,19996544,3,12095,14513,7316,13971834,0,487878
Geo0-IndiaTrial,06-11-2023,1335902,745994,1123052,21220586,3,15717,8693,13084,14047823,0,487878
Geo0-IndiaTrial,13-11-2023,935963,1092481,1012533,21151482,-1,11012,12731,11796,10337488,0,487878
Geo0-IndiaTrial,20-11-2023,1354571,1109064,399197,18562366,2,15936,12924,4651,11807753,0,487878
Geo0-IndiaTrial,27-11-2023,1409242,761987,469000,22029212,-1,16580,8880,5464,9643752,0,487878
Geo0-IndiaTrial,04-12-2023,808358,1314470,672942,20722242,0,9510,15318,7840,8589506,0,487878
Geo0-IndiaTrial,11-12-2023,1631338,871883,693697,21125442,5,19193,10160,8082,14595668,0,487878
Geo0-IndiaTrial,18-12-2023,788814,891587,601536,19653820,-1,9280,10390,7008,9331052,0,487878
Geo0-IndiaTrial,25-12-2023,1486308,1373201,747388,18667764,6,17486,16003,8707,14130759,0,487878
Geo0-IndiaTrial,01-01-2024,881636,939744,468807,21442404,0,10372,10951,5462,12341323,0,487878
Geo0-IndiaTrial,08-01-2024,1414405,202098,898113,19125984,4,16640,2355,10463,11486549,0,487878
Geo0-IndiaTrial,15-01-2024,545960,657284,816793,18798374,-2,6423,7660,9516,9702078,0,487878
Geo1-IndiaTrial,25-01-2021,3249059,171831,1121346,18655918,-1,38225,2002,13064,15945296,0,941247
Geo1-IndiaTrial,01-02-2021,872472,1546470,1476031,18926730,1,10265,18022,17196,16479433,0,941247
Geo1-IndiaTrial,08-02-2021,1713640,1961801,1990412,20537558,0,20161,22862,23189,17929720,0,941247
Geo1-IndiaTrial,15-02-2021,1477233,1935143,2274738,19504990,-4,17380,22551,26502,9901756,0,941247
Geo1-IndiaTrial,22-02-2021,1896320,3263310,1589170,17923064,5,22310,38029,18514,21809000,0,941247
Geo1-IndiaTrial,01-03-2021,1055936,364704,2480733,13843347,0,12423,4250,28901,16133746,0,941247
Geo1-IndiaTrial,08-03-2021,2517025,1080346,1708515,18862870,-1,29613,12590,19905,17408398,0,941247
Geo1-IndiaTrial,15-03-2021,2358190,2440934,1402306,18996902,4,27744,28445,16337,20379358,0,941247
Geo1-IndiaTrial,22-03-2021,2226349,1066748,961092,22548404,3,26193,12431,11197,17104192,0,941247
Geo1-IndiaTrial,29-03-2021,3286955,321236,1032679,21003620,1,38671,3744,12031,18802776,0,941247
Geo1-IndiaTrial,05-04-2021,2162960,1700530,3022178,22984166,2,25447,19817,35210,20482694,0,941247
Geo1-IndiaTrial,12-04-2021,1973520,2080400,2093255,20227136,-4,23218,24244,24387,15270754,0,941247
Geo1-IndiaTrial,19-04-2021,2703812,1774516,1351152,19445714,0,31810,20679,15741,17383908,0,941247
Geo1-IndiaTrial,26-04-2021,1683002,1412168,404169,24835296,-2,19800,16457,4709,16752572,0,941247
Geo1-IndiaTrial,03-05-2021,1842886,1303069,1858874,21056706,3,21681,15185,21657,18024704,0,941247
Geo1-IndiaTrial,10-05-2021,1294739,833724,970160,24077608,4,15233,9716,11303,22036498,0,941247
Geo1-IndiaTrial,17-05-2021,1948196,1769392,2422375,19976664,1,22920,20620,28222,17983012,0,941247
Geo1-IndiaTrial,24-05-2021,2639568,963594,2391798,18538054,-2,31054,11229,27865,13722746,0,941247
Geo1-IndiaTrial,31-05-2021,1967258,1958445,1568527,23225084,-5,23145,22823,18274,13206983,0,941247
Geo1-IndiaTrial,07-06-2021,3213296,3146476,2825195,23435678,-1,37804,36667,32915,18403316,0,941247
Geo1-IndiaTrial,14-06-2021,449417,1781891,1502747,22212106,-1,5287,20765,17508,16450813,0,941247
Geo1-IndiaTrial,21-06-2021,1149256,1909751,2714202,19983376,-7,13521,22255,31621,8394198,0,941247
Geo1-IndiaTrial,28-06-2021,2246048,2603383,1368502,22805504,5,26425,30338,15944,21316148,0,941247
Geo1-IndiaTrial,05-07-2021,1866865,1077348,1944191,20475952,-6,21964,12555,22651,10221309,0,941247
Geo1-IndiaTrial,12-07-2021,1914560,1970196,794393,22674076,1,22525,22960,9255,20181066,0,941247
Geo1-IndiaTrial,19-07-2021,1971187,2005110,2543432,21630858,2,23191,23367,29632,22219026,0,941247
Geo1-IndiaTrial,26-07-2021,2298667,2074371,1908076,20964116,-1,27044,24174,22230,15879501,0,941247
Geo1-IndiaTrial,02-08-2021,1651691,1989898,1677991,22246212,-1,19432,23189,19549,15579609,0,941247
Geo1-IndiaTrial,09-08-2021,355249,1111752,668620,19482172,-2,4179,12956,7790,14253325,0,941247
Geo1-IndiaTrial,16-08-2021,1944218,2342249,1432624,23616376,0,22874,27295,16691,14996172,0,941247
Geo1-IndiaTrial,23-08-2021,2530378,2178522,2368345,21053700,6,29770,25387,27592,27267816,0,941247
Geo1-IndiaTrial,30-08-2021,1999380,1464353,1535047,25731956,-2,23523,17065,17884,14134221,0,941247
Geo1-IndiaTrial,06-09-2021,1944852,1903785,2033825,20850340,3,22881,22186,23695,17981470,0,941247
Geo1-IndiaTrial,13-09-2021,1110063,2231996,2555113,19839540,5,13060,26011,29768,24818246,0,941247
Geo1-IndiaTrial,20-09-2021,2791750,2709911,1489143,22683138,-2,32845,31580,17349,12440226,0,941247
Geo1-IndiaTrial,27-09-2021,1800641,2473369,1838113,20350836,0,21184,28823,21415,15189921,0,941247
Geo1-IndiaTrial,04-10-2021,1978757,2217915,1558441,20512114,-3,23280,25846,18156,12174457,0,941247
Geo1-IndiaTrial,11-10-2021,1567225,1037272,1782963,22376262,0,18438,12088,20772,18975714,0,941247
Geo1-IndiaTrial,18-10-2021,2013967,758845,544644,20343930,-2,23694,8843,6345,13510264,0,941247
Geo1-IndiaTrial,25-10-2021,2993981,968306,2262526,22844100,-1,35224,11284,26359,14921516,0,941247
Geo1-IndiaTrial,01-11-2021,2465251,1351104,2135592,20791272,0,29004,15745,24880,16790044,0,941247
Geo1-IndiaTrial,08-11-2021,2262097,706358,1589934,22635290,0,26613,8232,18523,14983093,0,941247
Geo1-IndiaTrial,15-11-2021,1644000,1653841,1523907,22260006,-2,19342,19273,17754,12155150,0,941247
Geo1-IndiaTrial,22-11-2021,2934812,1892892,861640,21571572,3,34528,22059,10038,21088974,0,941247
Geo1-IndiaTrial,29-11-2021,2506130,1726072,2639705,23091878,-4,29485,20115,30754,14004797,0,941247
Geo1-IndiaTrial,06-12-2021,2147874,2002502,1287538,24241570,0,25270,23336,15000,14265046,0,941247
Geo1-IndiaTrial,13-12-2021,1682187,1343360,1200948,21030172,3,19791,15655,13991,19616832,0,941247
Geo1-IndiaTrial,20-12-2021,2344662,1376329,2041942,26481240,0,27585,16039,23789,15257295,0,941247
Geo1-IndiaTrial,27-12-2021,2405136,2707312,1831690,24232698,4,28296,31550,21340,18956950,0,941247
Geo1-IndiaTrial,03-01-2022,3623377,1485590,1611822,19646190,2,42629,17312,18778,20313506,0,941247
Geo1-IndiaTrial,10-01-2022,1998569,1428815,1477716,28146170,1,23513,16651,17216,14636435,0,941247
Geo1-IndiaTrial,17-01-2022,2015599,1660691,1918247,22818668,-1,23713,19353,22348,13726566,0,941247
Geo1-IndiaTrial,24-01-2022,1967965,1429301,1034524,20067942,2,23153,16656,12053,16243176,0,941247
Geo1-IndiaTrial,31-01-2022,2456638,2391834,2099255,21135934,1,28902,27873,24457,18859798,0,941247
Geo1-IndiaTrial,07-02-2022,1632519,1866966,2094473,19865380,1,19207,21757,24401,19300296,0,941247
Geo1-IndiaTrial,14-02-2022,1598289,1185448,1317174,22192652,-4,18804,13815,15346,8780437,0,941247
Geo1-IndiaTrial,21-02-2022,2395291,1143012,777731,21706806,3,28181,13320,9061,19693670,0,941247
Geo1-IndiaTrial,28-02-2022,2445241,1477359,1278902,21547710,-3,28768,17216,14900,11911730,0,941247
Geo1-IndiaTrial,07-03-2022,1936802,1581099,704182,22823404,5,22786,18425,8204,21515650,0,941247
Geo1-IndiaTrial,14-03-2022,1484850,1540417,2056521,19673138,3,17469,17951,23959,17932068,0,941247
Geo1-IndiaTrial,21-03-2022,1095602,1224024,1835884,19961464,3,12890,14264,21389,19959302,0,941247
Geo1-IndiaTrial,28-03-2022,899201,2868845,2015500,18136148,-4,10579,33432,23481,12123306,0,941247
Geo1-IndiaTrial,04-04-2022,1279510,1817814,1944050,22017608,0,15053,21184,22649,16306761,0,941247
Geo1-IndiaTrial,11-04-2022,2815610,1579620,2189197,20814002,-1,33126,18408,25505,14774819,0,941247
Geo1-IndiaTrial,18-04-2022,2269670,1749989,917679,19179768,-1,26703,20393,10691,13317927,0,941247
Geo1-IndiaTrial,25-04-2022,2209572,3139788,213082,22403074,-2,25996,36589,2482,14813734,0,941247
Geo1-IndiaTrial,02-05-2022,1526402,1185500,1734228,16086666,0,17958,13815,20204,15278912,0,941247
Geo1-IndiaTrial,09-05-2022,1611150,314946,1587808,19082654,-5,18955,3670,18499,8083792,0,941247
Geo1-IndiaTrial,16-05-2022,2645075,1364396,1525580,22683016,-2,31119,15900,17774,14029729,0,941247
Geo1-IndiaTrial,23-05-2022,2606890,592682,1780087,18697098,-1,30670,6907,20739,15529323,0,941247
Geo1-IndiaTrial,30-05-2022,2833796,1538471,2945676,23011836,2,33339,17929,34318,20278000,0,941247
Geo1-IndiaTrial,06-06-2022,2892372,2474818,2499286,18936438,4,34029,28840,29118,21978110,0,941247
Geo1-IndiaTrial,13-06-2022,2907648,1881390,1628917,20763682,4,34208,21925,18977,25019278,0,941247
Geo1-IndiaTrial,20-06-2022,2163657,1683212,1883210,21477508,-1,25455,19615,21940,14043251,0,941247
Geo1-IndiaTrial,27-06-2022,1688641,2444302,2215760,16893066,0,19867,28485,25814,17592836,0,941247
Geo1-IndiaTrial,04-07-2022,1337296,893792,2080142,23351634,2,15733,10416,24234,21714390,0,941247
Geo1-IndiaTrial,11-07-2022,2393000,2281414,2335682,20543862,2,28154,26586,27212,18146592,0,941247
Geo1-IndiaTrial,18-07-2022,2222530,2044369,938823,23906126,-4,26148,23824,10938,8279939,0,941247
Geo1-IndiaTrial,25-07-2022,1239326,1188497,2308950,20431516,2,14581,13850,26900,20054358,0,941247
Geo1-IndiaTrial,01-08-2022,2911672,965842,372304,21125030,0,34256,11255,4337,16418532,0,941247
Geo1-IndiaTrial,08-08-2022,2203544,1562985,2488492,20244640,1,25925,18214,28992,14935675,0,941247
Geo1-IndiaTrial,15-08-2022,2022986,1447539,1906253,22860670,2,23800,16869,22209,17255564,0,941247
Geo1-IndiaTrial,22-08-2022,2559200,2078293,1239454,24173050,-2,30109,24219,14440,13978269,0,941247
Geo1-IndiaTrial,29-08-2022,2520280,1942000,594877,21294978,-1,29651,22631,6931,12797481,0,941247
Geo1-IndiaTrial,05-09-2022,1687117,2622190,1734510,20460874,0,19849,30558,20208,10718703,0,941247
Geo1-IndiaTrial,12-09-2022,1542555,1839764,2950422,26098106,0,18148,21440,34374,17673990,0,941247
Geo1-IndiaTrial,19-09-2022,1591112,2600000,1771104,23583392,-6,18719,30299,20634,9930298,0,941247
Geo1-IndiaTrial,26-09-2022,1077896,3680172,1929155,19139284,3,12681,42887,22475,17937294,0,941247
Geo1-IndiaTrial,03-10-2022,2080753,629315,1917778,18497068,1,24480,7334,22343,18360754,0,941247
Geo1-IndiaTrial,10-10-2022,1315953,1372067,1909502,22798008,-4,15482,15989,22246,13368712,0,941247
Geo1-IndiaTrial,17-10-2022,2142996,487249,1020958,16395452,0,25212,5678,11895,18104982,0,941247
Geo1-IndiaTrial,24-10-2022,2418184,1393362,588263,22077108,5,28450,16238,6853,21849484,0,941247
Geo1-IndiaTrial,31-10-2022,2303518,1619995,1770885,20680640,0,27101,18879,20631,11178092,0,941247
Geo1-IndiaTrial,07-11-2022,1924576,69498,1047929,21555754,6,22643,810,12209,26975610,0,941247
Geo1-IndiaTrial,14-11-2022,2112437,1628615,679510,20628516,0,24853,18979,7917,13870452,0,941247
Geo1-IndiaTrial,21-11-2022,4513479,1759292,1931166,18857516,3,53101,20502,22499,19297212,0,941247
Geo1-IndiaTrial,28-11-2022,2557569,1551242,2910586,22265658,5,30090,18077,33909,18688630,0,941247
Geo1-IndiaTrial,05-12-2022,1648794,1646545,1180098,23776472,2,19398,19188,13749,17696826,0,941247
Geo1-IndiaTrial,12-12-2022,2287438,2630611,1368511,26395920,-6,26912,30656,15944,11208468,0,941247
Geo1-IndiaTrial,19-12-2022,2036535,2372824,2096799,22305976,-1,23960,27652,24429,14587405,0,941247
Geo1-IndiaTrial,26-12-2022,1749714,1195875,2593121,19932348,-7,20585,13936,30211,11666231,0,941247
Geo1-IndiaTrial,02-01-2023,2578227,2917711,1240762,23964828,-3,30333,34001,14455,13776148,0,941247
Geo1-IndiaTrial,09-01-2023,1538592,527211,1008268,19819112,1,18101,6144,11747,16829674,0,941247
Geo1-IndiaTrial,16-01-2023,884174,1282792,835770,19372776,-1,10402,14949,9737,14204317,0,941247
Geo1-IndiaTrial,23-01-2023,983022,2538034,1965168,23895710,-1,11565,29577,22895,15209411,0,941247
Geo1-IndiaTrial,30-01-2023,1005099,2070335,1306569,19067972,0,11825,24127,15222,14223698,0,941247
Geo1-IndiaTrial,06-02-2023,2039324,1681048,3607416,20006798,-5,23993,19590,42028,12147623,0,941247
Geo1-IndiaTrial,13-02-2023,2886258,1938069,2732391,23030812,0,33957,22585,31833,16783962,0,941247
Geo1-IndiaTrial,20-02-2023,806738,1715110,1591294,18454420,-1,9491,19987,18539,14245309,0,941247
Geo1-IndiaTrial,27-02-2023,1244177,1452658,495910,21320102,0,14638,16929,5778,17902250,0,941247
Geo1-IndiaTrial,06-03-2023,2228485,1293328,850186,18906016,1,26218,15072,9905,14196193,0,941247
Geo1-IndiaTrial,13-03-2023,2450398,3494132,818154,20657368,0,28829,40719,9532,16423487,0,941247
Geo1-IndiaTrial,20-03-2023,2425000,2605591,2418886,18442120,5,28530,30364,28181,22253354,0,941247
Geo1-IndiaTrial,27-03-2023,2944401,1026146,3137801,22780486,2,34641,11958,36557,20926134,0,941247
Geo1-IndiaTrial,03-04-2023,3816118,1105163,1311830,19612582,2,44896,12879,15283,20156904,0,941247
Geo1-IndiaTrial,10-04-2023,2194330,2266304,1854481,21672458,2,25816,26410,21605,18063666,0,941247
Geo1-IndiaTrial,17-04-2023,1846056,2379775,749460,22181904,0,21719,27733,8731,17005142,0,941247
Geo1-IndiaTrial,24-04-2023,2605377,2915656,1421703,19445702,-3,30652,33978,16563,13100399,0,941247
Geo1-IndiaTrial,01-05-2023,2656815,1679091,2224821,25529584,3,31257,19567,25920,19812558,0,941247
Geo1-IndiaTrial,08-05-2023,3070952,958403,1280718,19708902,0,36130,11169,14921,16754764,0,941247
Geo1-IndiaTrial,15-05-2023,2611896,2675865,2387763,23729702,1,30729,31183,27818,19646824,0,941247
Geo1-IndiaTrial,22-05-2023,1722353,1371186,2997356,21656524,-1,20263,15979,34920,17133630,0,941247
Geo1-IndiaTrial,29-05-2023,1039397,2538922,1653632,25409336,-2,12228,29587,19265,17338920,0,941247
Geo1-IndiaTrial,05-06-2023,1374010,1956288,1188282,20274268,2,16165,22798,13844,19686148,0,941247
Geo1-IndiaTrial,12-06-2023,2076441,1128163,1591478,22520014,-2,24429,13147,18541,13164073,0,941247
Geo1-IndiaTrial,19-06-2023,2897111,1867773,2301069,20531986,3,34084,21766,26808,20592246,0,941247
Geo1-IndiaTrial,26-06-2023,2046320,1862794,1107732,19701740,1,24075,21708,12905,22043628,0,941247
Geo1-IndiaTrial,03-07-2023,2272707,2239727,856885,20368554,4,26738,26101,9983,24009232,0,941247
Geo1-IndiaTrial,10-07-2023,652150,1585177,1002539,21711546,0,7673,18473,11680,19945760,0,941247
Geo1-IndiaTrial,17-07-2023,2141514,1704799,774875,20993950,-1,25195,19867,9028,13927654,0,941247
Geo1-IndiaTrial,24-07-2023,614323,1926932,2242988,20722934,-1,7227,22455,26132,15593552,0,941247
Geo1-IndiaTrial,31-07-2023,866497,1470978,1882059,20988762,0,10194,17142,21927,17080662,0,941247
Geo1-IndiaTrial,07-08-2023,2247358,940131,1897376,19378602,0,26440,10956,22105,18471684,0,941247
Geo1-IndiaTrial,14-08-2023,2687466,2007596,615007,23452038,-2,31618,23395,7165,13827195,0,941247
Geo1-IndiaTrial,21-08-2023,3147513,1488824,383476,21009682,2,37030,17350,4468,20401704,0,941247
Geo1-IndiaTrial,28-08-2023,2020696,899067,1098627,20965728,-6,23773,10477,12799,11139696,0,941247
Geo1-IndiaTrial,04-09-2023,1642380,1929831,2019183,20898564,2,19323,22489,23524,19316976,0,941247
Geo1-IndiaTrial,11-09-2023,2223679,369404,1673263,21826794,-3,26161,4305,19494,13019684,0,941247
Geo1-IndiaTrial,18-09-2023,2368706,2197296,1301653,23541798,0,27868,25606,15165,16420128,0,941247
Geo1-IndiaTrial,25-09-2023,1863287,2214215,200512,21312812,1,21921,25803,2336,13788074,0,941247
Geo1-IndiaTrial,02-10-2023,1573602,1807489,1489609,24049230,-2,18513,21064,17355,15893152,0,941247
Geo1-IndiaTrial,09-10-2023,1928490,1373075,1485807,22695758,-3,22689,16001,17310,14154638,0,941247
Geo1-IndiaTrial,16-10-2023,2221526,1543045,1557335,25325772,-4,26136,17982,18144,13914095,0,941247
Geo1-IndiaTrial,23-10-2023,999456,2025308,1021656,21527820,0,11759,23602,11903,14289654,0,941247
Geo1-IndiaTrial,30-10-2023,966911,714811,2306967,21680468,-1,11376,8330,26877,16768641,0,941247
Geo1-IndiaTrial,06-11-2023,2394970,2450728,1314591,23149952,2,28177,28560,15315,22632636,0,941247
Geo1-IndiaTrial,13-11-2023,1455222,1651356,1728907,23588102,3,17121,19244,20142,20880238,0,941247
Geo1-IndiaTrial,20-11-2023,1999091,1048367,1174363,17914464,-4,23519,12217,13682,11473728,0,941247
Geo1-IndiaTrial,27-11-2023,2088006,2216159,310701,23853522,5,24565,25826,3620,21933392,0,941247
Geo1-IndiaTrial,04-12-2023,1074368,1453101,1817958,21952366,-2,12640,16934,21180,11176780,0,941247
Geo1-IndiaTrial,11-12-2023,2040208,975203,1509506,21933684,-1,24003,11365,17586,15239466,0,941247
Geo1-IndiaTrial,18-12-2023,2235094,1903182,1614915,19897824,6,26296,22179,18814,22965158,0,941247
Geo1-IndiaTrial,25-12-2023,2173519,2555166,1034913,16946264,-1,25571,29777,12057,14533628,0,941247
Geo1-IndiaTrial,01-01-2024,2006739,1663804,275187,23286668,3,23609,19389,3206,22839104,0,941247
Geo1-IndiaTrial,08-01-2024,2455150,0,933430,19256220,2,28885,0,10875,14697794,0,941247
Geo1-IndiaTrial,15-01-2024,2177960,1847869,2211162,21245322,2,25624,21534,25761,20418650,0,941247
Geo10-IndiaTrial,25-01-2021,2291602,1119632,1967924,19242216,-3,26961,13048,22927,17023358,0,977476
Geo10-IndiaTrial,01-02-2021,1794569,1595094,2299890,19661906,5,21113,18588,26795,25360164,0,977476
Geo10-IndiaTrial,08-02-2021,1411095,2054795,1457054,21221116,5,16601,23946,16975,27576314,0,977476
Geo10-IndiaTrial,15-02-2021,1143924,2851374,1478723,19853904,1,13458,33228,17228,19438838,0,977476
Geo10-IndiaTrial,22-02-2021,2813198,2417210,703111,19518180,0,33097,28169,8192,18562592,0,977476
Geo10-IndiaTrial,01-03-2021,2289044,1014245,1572254,16145840,-7,26931,11819,18317,10394360,0,977476
Geo10-IndiaTrial,08-03-2021,2294989,1692190,1435984,20519928,-4,27000,19720,16730,17247756,0,977476
Geo10-IndiaTrial,15-03-2021,2358313,135699,2746261,20790278,-1,27745,1581,31995,18631650,0,977476
Geo10-IndiaTrial,22-03-2021,2856920,1289173,1755488,25294614,-2,33612,15023,20452,16632555,0,977476
Geo10-IndiaTrial,29-03-2021,3061824,1027396,1364953,23171724,2,36022,11973,15902,23338874,0,977476
Geo10-IndiaTrial,05-04-2021,3108048,1747762,1829229,25457458,3,36566,20368,21311,24795756,0,977476
Geo10-IndiaTrial,12-04-2021,1897103,2685890,1394615,21593452,-1,22319,31300,16248,22440728,0,977476
Geo10-IndiaTrial,19-04-2021,2480466,2398565,1389351,21077484,-2,29183,27952,16186,19310572,0,977476
Geo10-IndiaTrial,26-04-2021,2276564,2192098,923906,27843442,3,26784,25546,10764,26072916,0,977476
Geo10-IndiaTrial,03-05-2021,1461410,952040,967512,23296220,-4,17193,11095,11272,13757949,0,977476
Geo10-IndiaTrial,10-05-2021,1931839,306473,1023713,25590692,6,22728,3571,11927,27948754,0,977476
Geo10-IndiaTrial,17-05-2021,2957057,1740512,1853415,20901118,0,34790,20283,21593,20096734,0,977476
Geo10-IndiaTrial,24-05-2021,2462686,56647,1718683,20879162,-2,28973,660,20023,17716926,0,977476
Geo10-IndiaTrial,31-05-2021,2995122,1995809,1505602,26152580,0,35237,23258,17541,23284754,0,977476
Geo10-IndiaTrial,07-06-2021,1981326,1983378,2838206,24505272,-2,23310,23113,33066,20945584,0,977476
Geo10-IndiaTrial,14-06-2021,1645221,1053038,2150088,24523956,2,19356,12272,25049,23934892,0,977476
Geo10-IndiaTrial,21-06-2021,2038705,1807888,2140828,22129300,5,23985,21068,24941,25593460,0,977476
Geo10-IndiaTrial,28-06-2021,2291875,2148624,904916,24717998,3,26964,25039,10543,22232212,0,977476
Geo10-IndiaTrial,05-07-2021,2483775,1880951,3058521,22478324,4,29222,21920,35633,27291804,0,977476
Geo10-IndiaTrial,12-07-2021,2606439,2000453,2173290,25618486,-2,30665,23312,25320,19739782,0,977476
Geo10-IndiaTrial,19-07-2021,2783874,1284196,1519212,23437144,-1,32752,14965,17699,21893042,0,977476
Geo10-IndiaTrial,26-07-2021,2350848,1038635,2686596,24274648,0,27658,12104,31300,21910600,0,977476
Geo10-IndiaTrial,02-08-2021,1782659,2925115,1360328,23568032,1,20973,34088,15848,21935400,0,977476
Geo10-IndiaTrial,09-08-2021,481247,821702,1793575,22987490,-1,5662,9576,20896,20161918,0,977476
Geo10-IndiaTrial,16-08-2021,545079,1891826,1354558,25837008,-1,6413,22046,15781,17456988,0,977476
Geo10-IndiaTrial,23-08-2021,2992792,1597270,2404195,23281108,3,35210,18614,28010,26644758,0,977476
Geo10-IndiaTrial,30-08-2021,2308647,1587756,2290056,26838484,2,27161,18503,26680,23330430,0,977476
Geo10-IndiaTrial,06-09-2021,1499670,1704570,1079802,22968678,0,17644,19864,12580,16971548,0,977476
Geo10-IndiaTrial,13-09-2021,1598108,1830813,1300096,21120922,2,18802,21335,15147,23845416,0,977476
Geo10-IndiaTrial,20-09-2021,2517093,2041797,2099126,24655916,-3,29613,23794,24456,15940530,0,977476
Geo10-IndiaTrial,27-09-2021,1173523,2780298,2673770,20822070,-5,13806,32400,31150,13372847,0,977476
Geo10-IndiaTrial,04-10-2021,2669610,2108940,992814,20932744,-6,31408,24576,11567,13183604,0,977476
Geo10-IndiaTrial,11-10-2021,1336114,1198486,1792848,23697094,4,15719,13967,20887,27735154,0,977476
Geo10-IndiaTrial,18-10-2021,1597619,2491575,1646198,22328366,-1,18796,29036,19179,19707748,0,977476
Geo10-IndiaTrial,25-10-2021,2143005,1898336,2504538,24215382,-3,25212,22122,29179,15983644,0,977476
Geo10-IndiaTrial,01-11-2021,2289287,1971492,1290496,20967242,1,26933,22975,15035,23174274,0,977476
Geo10-IndiaTrial,08-11-2021,2132268,1175856,1093849,22458336,4,25086,13703,12744,24485618,0,977476
Geo10-IndiaTrial,15-11-2021,1685674,1298936,1030411,22976040,-2,19832,15137,12005,15592117,0,977476
Geo10-IndiaTrial,22-11-2021,2714841,2811420,2043155,22837572,2,31940,32763,23804,24648202,0,977476
Geo10-IndiaTrial,29-11-2021,2386900,1173432,2783787,23718196,3,28082,13675,32432,25251894,0,977476
Geo10-IndiaTrial,06-12-2021,2393703,2334980,2043612,24572366,-2,28162,27211,23809,16345689,0,977476
Geo10-IndiaTrial,13-12-2021,2996368,863540,490567,21998666,4,35252,10063,5715,24028720,0,977476
Geo10-IndiaTrial,20-12-2021,2706406,1952266,1276414,27752304,4,31841,22751,14871,25648684,0,977476
Geo10-IndiaTrial,27-12-2021,3597706,2283856,1714199,24751796,-2,42327,26615,19971,16184384,0,977476
Geo10-IndiaTrial,03-01-2022,2154265,1987882,1529791,21107606,2,25345,23166,17823,24785682,0,977476
Geo10-IndiaTrial,10-01-2022,2516914,1216128,281306,29949096,0,29611,14172,3277,16463733,0,977476
Geo10-IndiaTrial,17-01-2022,1264368,2613554,1872093,24876050,-1,14875,30457,21811,17203420,0,977476
Geo10-IndiaTrial,24-01-2022,1864214,2424717,1124412,20551614,-7,21932,28256,13100,8822482,0,977476
Geo10-IndiaTrial,31-01-2022,1852289,1871069,2129401,22631164,-1,21792,21804,24808,20315826,0,977476
Geo10-IndiaTrial,07-02-2022,2455004,2772474,1718650,21835712,0,28883,32309,20023,22410392,0,977476
Geo10-IndiaTrial,14-02-2022,2320542,623337,1068076,23418754,1,27301,7264,12443,18749272,0,977476
Geo10-IndiaTrial,21-02-2022,2439734,1393626,1317735,22641764,1,28703,16241,15352,21769120,0,977476
Geo10-IndiaTrial,28-02-2022,2873031,1636101,1751383,22046816,-2,33801,19066,20404,16449146,0,977476
Geo10-IndiaTrial,07-03-2022,1968615,2016489,1510412,24641744,-3,23161,23499,17597,17008224,0,977476
Geo10-IndiaTrial,14-03-2022,2387495,2029136,1006172,21658322,-1,28089,23646,11722,15104913,0,977476
Geo10-IndiaTrial,21-03-2022,816215,773484,533681,21420008,0,9603,9014,6218,20242538,0,977476
Geo10-IndiaTrial,28-03-2022,1983484,2344176,1899399,19085250,1,23336,27318,22129,22299408,0,977476
Geo10-IndiaTrial,04-04-2022,963295,1842156,1676974,23978958,0,11333,21468,19537,21033740,0,977476
Geo10-IndiaTrial,11-04-2022,2421204,2210966,1934150,22801508,1,28485,25765,22534,21215146,0,977476
Geo10-IndiaTrial,18-04-2022,2042304,1436413,1040139,20241376,-2,24028,16739,12118,14867756,0,977476
Geo10-IndiaTrial,25-04-2022,2304522,2725085,1230567,24616042,4,27113,31757,14337,26509506,0,977476
Geo10-IndiaTrial,02-05-2022,2090571,1762062,1670972,16822684,4,24595,20534,19467,24097830,0,977476
Geo10-IndiaTrial,09-05-2022,2036825,695988,1744312,20895464,1,23963,8111,20322,17687148,0,977476
Geo10-IndiaTrial,16-05-2022,3100636,1972259,1573700,22484428,2,36479,22984,18334,19938140,0,977476
Geo10-IndiaTrial,23-05-2022,2227549,232249,2121429,20372928,3,26207,2707,24715,24588842,0,977476
Geo10-IndiaTrial,30-05-2022,3758587,2056453,2510264,25654384,1,44220,23965,29246,23712774,0,977476
Geo10-IndiaTrial,06-06-2022,2465731,2046054,2769504,20308656,5,29009,23844,32266,27245834,0,977476
Geo10-IndiaTrial,13-06-2022,639346,2299241,2079919,21630074,-1,7522,26794,24232,22684228,0,977476
Geo10-IndiaTrial,20-06-2022,3070082,2570452,689981,22930714,6,36119,29955,8039,28251184,0,977476
Geo10-IndiaTrial,27-06-2022,1603619,1389140,2188422,17030752,-3,18867,16188,25496,16766312,0,977476
Geo10-IndiaTrial,04-07-2022,3412712,579774,2483198,24208652,-6,40150,6756,28930,15811824,0,977476
Geo10-IndiaTrial,11-07-2022,2345579,2175426,1975623,22733790,1,27596,25351,23017,20889696,0,977476
Geo10-IndiaTrial,18-07-2022,1436704,2118322,1739676,25521008,0,16903,24686,20268,17223188,0,977476
Geo10-IndiaTrial,25-07-2022,1713238,1443452,2651572,22085376,0,20156,16821,30892,20675746,0,977476
Geo10-IndiaTrial,01-08-2022,3472834,415501,995321,23679206,2,40858,4842,11596,22201484,0,977476
Geo10-IndiaTrial,08-08-2022,3023742,1299842,1978975,22195620,3,35574,15148,23056,21328908,0,977476
Geo10-IndiaTrial,15-08-2022,1949836,1282482,1594557,25209492,-4,22940,14945,18577,13476910,0,977476
Geo10-IndiaTrial,22-08-2022,3043429,2429675,1245767,24864162,2,35806,28314,14514,23419136,0,977476
Geo10-IndiaTrial,29-08-2022,2044556,1834196,2187673,23266344,-2,24054,21375,25487,15953241,0,977476
Geo10-IndiaTrial,05-09-2022,2114212,2509594,1849841,23546530,-4,24874,29246,21551,9897465,0,977476
Geo10-IndiaTrial,12-09-2022,1782507,1530510,1866081,28172766,-1,20971,17836,21741,20528254,0,977476
Geo10-IndiaTrial,19-09-2022,2352864,1666560,2124373,26310342,1,27681,19421,24750,22490640,0,977476
Geo10-IndiaTrial,26-09-2022,1690208,2881869,1967923,22364628,-5,19885,33584,22927,12465390,0,977476
Geo10-IndiaTrial,03-10-2022,1884096,1342856,2006138,20193370,-1,22166,15649,23372,19998998,0,977476
Geo10-IndiaTrial,10-10-2022,2060649,1728678,1453064,24413234,-1,24243,20145,16929,20705560,0,977476
Geo10-IndiaTrial,17-10-2022,1592810,1781862,1220175,18922730,4,18739,20765,14216,25534748,0,977476
Geo10-IndiaTrial,24-10-2022,2311008,1538002,666985,22326028,1,27189,17923,7771,21783990,0,977476
Geo10-IndiaTrial,31-10-2022,1692696,2014375,1678031,23897668,0,19914,23474,19550,16552261,0,977476
Geo10-IndiaTrial,07-11-2022,3115904,925731,1223257,24046804,2,36658,10788,14251,26399020,0,977476
Geo10-IndiaTrial,14-11-2022,1755440,1556243,473700,22698740,-1,20653,18136,5519,17179854,0,977476
Geo10-IndiaTrial,21-11-2022,2310363,1978412,1194665,19193846,0,27181,23055,13918,19854456,0,977476
Geo10-IndiaTrial,28-11-2022,1741762,1801006,1274592,21911292,-5,20492,20988,14849,9820932,0,977476
Geo10-IndiaTrial,05-12-2022,2589742,3272653,1116396,26028614,2,30468,38138,13006,21873316,0,977476
Geo10-IndiaTrial,12-12-2022,2014395,2396208,1809154,28363364,0,23699,27924,21077,22749784,0,977476
Geo10-IndiaTrial,19-12-2022,2363916,2424585,1762926,23355020,-1,27811,28255,20539,19149384,0,977476
Geo10-IndiaTrial,26-12-2022,1842934,2200394,904842,21560148,3,21682,25642,10542,26624902,0,977476
Geo10-IndiaTrial,02-01-2023,1200775,2613436,200259,24963924,1,14127,30456,2333,20570508,0,977476
Geo10-IndiaTrial,09-01-2023,2511364,1333991,560884,21087662,1,29546,15546,6535,20327442,0,977476
Geo10-IndiaTrial,16-01-2023,2029135,993440,1559521,22041440,-2,23873,11577,18169,16674808,0,977476
Geo10-IndiaTrial,23-01-2023,1180646,1853704,2152170,25576732,1,13890,21602,25074,20403678,0,977476
Geo10-IndiaTrial,30-01-2023,645477,2399996,1819250,20139942,0,7594,27968,21195,16523419,0,977476
Geo10-IndiaTrial,06-02-2023,2782856,1028111,3189827,21040976,0,32740,11981,37163,20462460,0,977476
Geo10-IndiaTrial,13-02-2023,2443408,1949516,2074590,25099438,6,28747,22719,24170,28823604,0,977476
Geo10-IndiaTrial,20-02-2023,1096322,1807999,1558513,19851038,4,12898,21069,18157,23888520,0,977476
Geo10-IndiaTrial,27-02-2023,2859712,2289958,1778560,23101296,2,33644,26686,20721,24338902,0,977476
Geo10-IndiaTrial,06-03-2023,2959016,880769,1615560,21080280,3,34813,10264,18822,20887422,0,977476
Geo10-IndiaTrial,13-03-2023,1626150,2848310,851721,22938206,2,19132,33193,9923,22353438,0,977476
Geo10-IndiaTrial,20-03-2023,3491881,3592062,2386304,20268690,-1,41082,41860,27801,19451336,0,977476
Geo10-IndiaTrial,27-03-2023,2943135,1503380,1742712,25321234,2,34626,17520,20303,25103632,0,977476
Geo10-IndiaTrial,03-04-2023,3000017,1317814,2478501,21183232,1,35295,15357,28875,24452868,0,977476
Geo10-IndiaTrial,10-04-2023,950288,2677238,1333192,22559912,-3,11180,31199,15532,14804776,0,977476
Geo10-IndiaTrial,17-04-2023,2065374,2190056,1095488,25400782,-3,24299,25522,12763,18435204,0,977476
Geo10-IndiaTrial,24-04-2023,2933410,2040294,1116661,20695116,-4,34511,23777,13010,16110508,0,977476
Geo10-IndiaTrial,01-05-2023,2079322,1602308,2654500,26118094,1,24463,18672,30926,22950358,0,977476
Geo10-IndiaTrial,08-05-2023,2690400,986439,2045604,19968024,5,31652,11495,23832,27748038,0,977476
Geo10-IndiaTrial,15-05-2023,2334096,2412270,1865569,25421144,-1,27461,28111,21735,20766286,0,977476
Geo10-IndiaTrial,22-05-2023,2176442,497024,3410039,21370074,-5,25606,5792,39728,16651883,0,977476
Geo10-IndiaTrial,29-05-2023,1858077,1388296,1377334,25805962,3,21860,16178,16046,26454568,0,977476
Geo10-IndiaTrial,05-06-2023,1697887,2770474,1340,21979740,-1,19976,32286,16,20612502,0,977476
Geo10-IndiaTrial,12-06-2023,1712856,1615178,1366583,22622478,1,20152,18822,15921,20360646,0,977476
Geo10-IndiaTrial,19-06-2023,1521157,1511208,995351,20663030,3,17896,17611,11596,25386872,0,977476
Geo10-IndiaTrial,26-06-2023,2268186,1386248,2403734,20820008,5,26685,16155,28004,29740526,0,977476
Geo10-IndiaTrial,03-07-2023,2019973,1337354,10448,20197374,-8,23765,15585,122,12046988,0,977476
Geo10-IndiaTrial,10-07-2023,1628400,1590185,322308,23962552,0,19158,18531,3755,23181686,0,977476
Geo10-IndiaTrial,17-07-2023,2035457,1651964,1556618,22852432,-3,23947,19251,18135,15345760,0,977476
Geo10-IndiaTrial,24-07-2023,0,1302875,2150864,21841630,1,0,15183,25058,22311912,0,977476
Geo10-IndiaTrial,31-07-2023,1041114,1237816,1590392,21560748,-4,12249,14425,18529,15642137,0,977476
Geo10-IndiaTrial,07-08-2023,1123059,1088922,1797240,19882784,2,13213,12690,20939,21583768,0,977476
Geo10-IndiaTrial,14-08-2023,2201505,1717172,1193630,23244952,0,25901,20011,13906,19229438,0,977476
Geo10-IndiaTrial,21-08-2023,3428327,1811368,641347,21874406,1,40334,21109,7472,22608886,0,977476
Geo10-IndiaTrial,28-08-2023,1347858,925963,1121173,20337132,2,15857,10791,13062,24728336,0,977476
Geo10-IndiaTrial,04-09-2023,1526156,2026877,2252573,21368048,-4,17955,23620,26243,15434531,0,977476
Geo10-IndiaTrial,11-09-2023,3501658,900933,1512698,23502708,5,41197,10499,17624,26159312,0,977476
Geo10-IndiaTrial,18-09-2023,2377512,1447927,1106988,24038448,-5,27971,16873,12897,12669025,0,977476
Geo10-IndiaTrial,25-09-2023,2249481,2372074,1445575,23126430,-1,26465,27643,16841,13271484,0,977476
Geo10-IndiaTrial,02-10-2023,2501855,963340,2735051,25161770,-3,29434,11226,31864,17808494,0,977476
Geo10-IndiaTrial,09-10-2023,2170475,1784264,1434817,23744172,5,25536,20793,16716,27931330,0,977476
Geo10-IndiaTrial,16-10-2023,1927069,1696552,2030598,26687506,-5,22672,19771,23657,15394395,0,977476
Geo10-IndiaTrial,23-10-2023,1557685,984280,1504572,21959692,-5,18326,11470,17529,13294017,0,977476
Geo10-IndiaTrial,30-10-2023,2037732,1714844,1892479,24123874,1,23974,19984,22048,24915068,0,977476
Geo10-IndiaTrial,06-11-2023,1763304,1990800,2348975,25000518,4,20745,23200,27366,29436838,0,977476
Geo10-IndiaTrial,13-11-2023,1985294,1734962,2347499,25123510,1,23357,20218,27349,22525222,0,977476
Geo10-IndiaTrial,20-11-2023,2534898,474265,1330587,20736468,2,29823,5527,15502,22062004,0,977476
Geo10-IndiaTrial,27-11-2023,2225959,2119298,1105034,25726020,-5,26188,24697,12874,15426268,0,977476
Geo10-IndiaTrial,04-12-2023,2415266,2354912,2499603,24509072,1,28416,27443,29121,20449812,0,977476
Geo10-IndiaTrial,11-12-2023,2685230,1109684,1909378,25437630,7,31592,12932,22245,29403494,0,977476
Geo10-IndiaTrial,18-12-2023,1603854,2285302,1170059,21420750,-4,18869,26632,13632,13625583,0,977476
Geo10-IndiaTrial,25-12-2023,2687355,2414666,1007647,19751322,-2,31617,28139,11739,16879028,0,977476
Geo10-IndiaTrial,01-01-2024,2264366,1847610,976857,25196848,5,26640,21531,11381,30464006,0,977476
Geo10-IndiaTrial,08-01-2024,2235118,375691,875345,19883574,-5,26296,4378,10198,11067756,0,977476
Geo10-IndiaTrial,15-01-2024,1792495,1227054,2073992,22114806,-2,21089,14299,24163,19356646,0,977476
Geo11-IndiaTrial,25-01-2021,421658,169085,330963,4547352,-5,4961,1970,3856,3655880,0,240069
Geo11-IndiaTrial,01-02-2021,376154,381717,669002,4879133,4,4425,4448,7794,6574961,0,240069
Geo11-IndiaTrial,08-02-2021,523646,498403,587185,5416566,3,6161,5808,6841,6654271,0,240069
Geo11-IndiaTrial,15-02-2021,0,402460,631988,4599868,-1,0,4690,7363,4424367,0,240069
Geo11-IndiaTrial,22-02-2021,589462,596234,482079,4590017,-7,6935,6948,5616,3293388,0,240069
Geo11-IndiaTrial,01-03-2021,445254,298490,407185,3678006,0,5238,3478,4744,5247275,0,240069
Geo11-IndiaTrial,08-03-2021,495433,183293,450931,5007280,1,5829,2136,5254,6183271,0,240069
Geo11-IndiaTrial,15-03-2021,553114,435973,290979,5128490,-3,6507,5081,3390,4546362,0,240069
Geo11-IndiaTrial,22-03-2021,604838,244734,306751,5649598,4,7116,2852,3574,6154949,0,240069
Geo11-IndiaTrial,29-03-2021,795597,180654,249013,5590328,-1,9360,2105,2901,5475498,0,240069
Geo11-IndiaTrial,05-04-2021,429369,646401,691545,5910300,3,5052,7533,8057,6609820,0,240069
Geo11-IndiaTrial,12-04-2021,476417,402927,473279,5257051,4,5605,4696,5514,7492572,0,240069
Geo11-IndiaTrial,19-04-2021,742961,577853,383528,5041748,1,8741,6734,4468,6157719,0,240069
Geo11-IndiaTrial,26-04-2021,387643,452153,102250,6586806,-2,4561,5269,1191,5537124,0,240069
Geo11-IndiaTrial,03-05-2021,519208,205835,301872,5594698,-1,6108,2399,3517,4645416,0,240069
Geo11-IndiaTrial,10-05-2021,416513,170147,444077,6378382,-1,4900,1983,5174,5347639,0,240069
Geo11-IndiaTrial,17-05-2021,390564,55300,703595,4944091,-2,4595,644,8197,4919336,0,240069
Geo11-IndiaTrial,24-05-2021,763802,184607,484373,5084453,0,8986,2151,5643,5578243,0,240069
Geo11-IndiaTrial,31-05-2021,691510,331547,409181,6397504,3,8136,3864,4767,7027941,0,240069
Geo11-IndiaTrial,07-06-2021,584612,621678,423531,6136102,-2,6878,7245,4934,5700052,0,240069
Geo11-IndiaTrial,14-06-2021,534506,301011,607788,5970982,3,6288,3508,7081,6988040,0,240069
Geo11-IndiaTrial,21-06-2021,466948,672571,490038,5386352,7,5494,7838,5709,8047471,0,240069
Geo11-IndiaTrial,28-06-2021,814015,631873,313084,6530475,1,9577,7364,3648,5316977,0,240069
Geo11-IndiaTrial,05-07-2021,471851,115769,436780,5790860,-1,5551,1349,5089,5238823,0,240069
Geo11-IndiaTrial,12-07-2021,589964,368173,400481,5955656,2,6941,4290,4666,6602636,0,240069
Geo11-IndiaTrial,19-07-2021,505922,465642,415848,5798016,0,5952,5426,4845,6663621,0,240069
Geo11-IndiaTrial,26-07-2021,614584,369922,303178,5719642,3,7231,4311,3532,6772905,0,240069
Geo11-IndiaTrial,02-08-2021,420702,534808,433061,6050228,1,4950,6232,5045,5896424,0,240069
Geo11-IndiaTrial,09-08-2021,156348,374832,389243,5537698,0,1839,4368,4535,5815089,0,240069
Geo11-IndiaTrial,16-08-2021,160092,427741,250737,6123432,3,1883,4985,2921,5812049,0,240069
Geo11-IndiaTrial,23-08-2021,796218,403274,699534,5801388,2,9367,4700,8150,6576499,0,240069
Geo11-IndiaTrial,30-08-2021,567534,584810,691765,6730925,-3,6677,6815,8059,4856211,0,240069
Geo11-IndiaTrial,06-09-2021,716356,489661,503687,5810998,2,8428,5706,5868,5231808,0,240069
Geo11-IndiaTrial,13-09-2021,313794,578047,429876,5233012,2,3692,6736,5008,6838219,0,240069
Geo11-IndiaTrial,20-09-2021,700830,510360,689822,5963384,3,8245,5947,8037,6033283,0,240069
Geo11-IndiaTrial,27-09-2021,788997,783260,440369,5475939,6,9283,9128,5130,7352408,0,240069
Geo11-IndiaTrial,04-10-2021,465441,473315,572152,5362624,1,5476,5516,6666,5825977,0,240069
Geo11-IndiaTrial,11-10-2021,570725,347569,403802,6160004,5,6715,4050,4704,7476223,0,240069
Geo11-IndiaTrial,18-10-2021,322812,695128,262060,5814559,2,3798,8101,3053,6463985,0,240069
Geo11-IndiaTrial,25-10-2021,671456,357888,531808,6226961,-2,7900,4171,6196,5083909,0,240069
Geo11-IndiaTrial,01-11-2021,636564,426157,373093,5852993,1,7489,4966,4347,6222041,0,240069
Geo11-IndiaTrial,08-11-2021,476985,401572,483642,6123067,3,5612,4680,5635,6089802,0,240069
Geo11-IndiaTrial,15-11-2021,315399,480104,415440,5535807,0,3711,5595,4840,5155428,0,240069
Geo11-IndiaTrial,22-11-2021,329832,433099,475038,5715876,-1,3880,5047,5534,5417824,0,240069
Geo11-IndiaTrial,29-11-2021,763884,278589,364677,5916788,6,8987,3247,4249,7956985,0,240069
Geo11-IndiaTrial,06-12-2021,658685,404497,514752,6261746,-4,7749,4714,5997,4033039,0,240069
Geo11-IndiaTrial,13-12-2021,568182,238443,212284,5560942,-2,6685,2779,2473,4765414,0,240069
Geo11-IndiaTrial,20-12-2021,747101,230033,553547,6968058,0,8790,2681,6449,5408288,0,240069
Geo11-IndiaTrial,27-12-2021,686684,606016,475992,6291650,0,8079,7062,5545,5062318,0,240069
Geo11-IndiaTrial,03-01-2022,617823,516095,466880,5238160,-5,7269,6014,5439,4694682,0,240069
Geo11-IndiaTrial,10-01-2022,524310,362961,318024,7278078,-1,6168,4230,3705,4737960,0,240069
Geo11-IndiaTrial,17-01-2022,648370,360237,362674,6250512,2,7628,4198,4225,5581354,0,240069
Geo11-IndiaTrial,24-01-2022,622351,541187,449344,4908433,2,7322,6307,5235,5686346,0,240069
Geo11-IndiaTrial,31-01-2022,460440,403191,374064,5962335,-1,5417,4699,4358,5501993,0,240069
Geo11-IndiaTrial,07-02-2022,630374,459631,463036,5253762,-4,7416,5356,5395,5108221,0,240069
Geo11-IndiaTrial,14-02-2022,732088,373173,176682,6117670,5,8613,4349,2058,6437038,0,240069
Geo11-IndiaTrial,21-02-2022,411986,250600,216330,5831683,-5,4847,2920,2520,4092922,0,240069
Geo11-IndiaTrial,28-02-2022,441586,262626,80501,5653742,2,5195,3061,938,5688983,0,240069
Geo11-IndiaTrial,07-03-2022,396734,362336,185590,6128750,0,4668,4222,2162,5364481,0,240069
Geo11-IndiaTrial,14-03-2022,607017,508667,358224,5345570,3,7142,5928,4173,5626788,0,240069
Geo11-IndiaTrial,21-03-2022,204803,284630,309432,5517050,0,2409,3317,3605,5357013,0,240069
Geo11-IndiaTrial,28-03-2022,384998,507376,524749,4975174,2,4529,5913,6114,6106895,0,240069
Geo11-IndiaTrial,04-04-2022,150628,349847,598554,5699966,-2,1772,4077,6973,4978758,0,240069
Geo11-IndiaTrial,11-04-2022,431326,476137,463724,5502985,-8,5075,5549,5403,2820773,0,240069
Geo11-IndiaTrial,18-04-2022,423542,503055,208345,4723870,2,4983,5862,2427,5343809,0,240069
Geo11-IndiaTrial,25-04-2022,527849,875535,113365,5708947,1,6210,10203,1321,6167414,0,240069
Geo11-IndiaTrial,02-05-2022,422355,132109,292964,3957081,0,4969,1540,3413,5340085,0,240069
Geo11-IndiaTrial,09-05-2022,438565,113618,532645,4895852,-4,5160,1324,6206,3337177,0,240069
Geo11-IndiaTrial,16-05-2022,868536,135995,510598,5813948,-5,10218,1585,5949,3559689,0,240069
Geo11-IndiaTrial,23-05-2022,753412,131488,719648,5037609,3,8864,1532,8384,6872870,0,240069
Geo11-IndiaTrial,30-05-2022,558932,443529,622467,6174739,4,6576,5169,7252,7287224,0,240069
Geo11-IndiaTrial,06-06-2022,716740,570481,509558,4814008,1,8432,6648,5937,6026505,0,240069
Geo11-IndiaTrial,13-06-2022,532557,563471,479846,5714975,3,6266,6566,5590,7250169,0,240069
Geo11-IndiaTrial,20-06-2022,488752,531186,245869,5583760,0,5750,6190,2864,5431340,0,240069
Geo11-IndiaTrial,27-06-2022,677243,497995,316489,4654893,1,7968,5803,3687,5739465,0,240069
Geo11-IndiaTrial,04-07-2022,701612,266972,495878,6111867,2,8254,3111,5777,6894513,0,240069
Geo11-IndiaTrial,11-07-2022,518869,573627,767048,5737744,0,6104,6685,8936,5235080,0,240069
Geo11-IndiaTrial,18-07-2022,555897,527496,415428,6350374,3,6540,6147,4840,5519868,0,240069
Geo11-IndiaTrial,25-07-2022,591178,352710,552123,5548535,-1,6955,4110,6432,5467427,0,240069
Geo11-IndiaTrial,01-08-2022,570602,141386,408932,5739126,3,6713,1648,4764,6465806,0,240069
Geo11-IndiaTrial,08-08-2022,392782,192584,78779,5431704,-2,4621,2244,918,4016285,0,240069
Geo11-IndiaTrial,15-08-2022,611450,386972,425080,6085782,-4,7194,4510,4952,4176144,0,240069
Geo11-IndiaTrial,22-08-2022,902170,492320,335233,6326023,-3,10614,5737,3906,4619599,0,240069
Geo11-IndiaTrial,29-08-2022,607393,343118,342384,5788512,-2,7146,3999,3989,4711099,0,240069
Geo11-IndiaTrial,05-09-2022,755159,600281,283332,5884219,-3,8884,6995,3301,3176773,0,240069
Geo11-IndiaTrial,12-09-2022,550220,705693,612706,7051748,6,6473,8224,7138,7935324,0,240069
Geo11-IndiaTrial,19-09-2022,422335,761309,244408,6553198,-2,4969,8872,2847,5213911,0,240069
Geo11-IndiaTrial,26-09-2022,188557,615808,582870,5131092,-5,2218,7176,6791,3604013,0,240069
Geo11-IndiaTrial,03-10-2022,577034,215981,446732,5182564,-6,6789,2517,5205,3573027,0,240069
Geo11-IndiaTrial,10-10-2022,658225,285425,352188,5923354,2,7744,3326,4103,6169631,0,240069
Geo11-IndiaTrial,17-10-2022,649436,315594,257561,4715854,0,7641,3678,3001,6089102,0,240069
Geo11-IndiaTrial,24-10-2022,565818,382362,0,5905462,-3,6657,4456,0,4526142,0,240069
Geo11-IndiaTrial,31-10-2022,664325,551064,664071,5729012,-1,7816,6422,7737,4090121,0,240069
Geo11-IndiaTrial,07-11-2022,684294,341888,294231,6050768,-5,8051,3984,3428,4968098,0,240069
Geo11-IndiaTrial,14-11-2022,368712,511693,282016,5579878,-1,4338,5963,3286,4647068,0,240069
Geo11-IndiaTrial,21-11-2022,619451,416867,508642,4775202,-8,7288,4858,5926,2757168,0,240069
Geo11-IndiaTrial,28-11-2022,602590,544681,614874,5767182,3,7089,6347,7164,5486493,0,240069
Geo11-IndiaTrial,05-12-2022,387906,733936,113469,6295958,1,4564,8553,1322,5692584,0,240069
Geo11-IndiaTrial,12-12-2022,772647,336208,418203,7108275,-4,9090,3918,4872,4773880,0,240069
Geo11-IndiaTrial,19-12-2022,428671,343698,257847,5883425,-3,5043,4005,3004,4632910,0,240069
Geo11-IndiaTrial,26-12-2022,780085,483204,216519,5472478,-4,9178,5631,2523,4741607,0,240069
Geo11-IndiaTrial,02-01-2023,694178,552421,190553,6151558,3,8167,6438,2220,6323915,0,240069
Geo11-IndiaTrial,09-01-2023,525276,244618,304697,5468398,-1,6180,2851,3550,5097565,0,240069
Geo11-IndiaTrial,16-01-2023,353250,462274,78517,5217852,0,4156,5387,915,5105731,0,240069
Geo11-IndiaTrial,23-01-2023,213205,194950,561018,6513746,1,2508,2272,6536,5579078,0,240069
Geo11-IndiaTrial,30-01-2023,344155,403358,207361,4893589,-2,4049,4701,2416,3951527,0,240069
Geo11-IndiaTrial,06-02-2023,404069,359843,813151,5524812,-6,4754,4193,9474,4070333,0,240069
Geo11-IndiaTrial,13-02-2023,462129,328942,353439,6039631,-1,5437,3833,4118,5621494,0,240069
Geo11-IndiaTrial,20-02-2023,545436,513184,160590,5074550,-3,6417,5980,1871,4106882,0,240069
Geo11-IndiaTrial,27-02-2023,460572,567146,377688,5827636,-2,5419,6609,4400,5322457,0,240069
Geo11-IndiaTrial,06-03-2023,752848,448277,408044,5174820,3,8857,5224,4754,5469054,0,240069
Geo11-IndiaTrial,13-03-2023,573203,716115,384938,5271577,3,6744,8345,4485,6593183,0,240069
Geo11-IndiaTrial,20-03-2023,684136,577793,553624,4882529,6,8049,6733,6450,7456808,0,240069
Geo11-IndiaTrial,27-03-2023,743683,144486,519126,6157410,2,8749,1684,6048,6471545,0,240069
Geo11-IndiaTrial,03-04-2023,939696,323802,376232,5265577,2,11055,3773,4383,6443256,0,240069
Geo11-IndiaTrial,10-04-2023,386865,521825,389750,5866911,-5,4551,6081,4541,3666557,0,240069
Geo11-IndiaTrial,17-04-2023,581955,521097,349835,5998058,6,6847,6073,4076,7656624,0,240069
Geo11-IndiaTrial,24-04-2023,720204,682185,355988,5463454,1,8473,7950,4147,6029833,0,240069
Geo11-IndiaTrial,01-05-2023,904915,439244,364177,6680580,-3,10646,5119,4243,5026605,0,240069
Geo11-IndiaTrial,08-05-2023,505335,387217,210767,5354182,-5,5945,4512,2456,4011813,0,240069
Geo11-IndiaTrial,15-05-2023,632737,483140,360917,6420878,1,7444,5630,4205,6065581,0,240069
Geo11-IndiaTrial,22-05-2023,385563,402908,802975,5692406,-2,4536,4695,9355,5209641,0,240069
Geo11-IndiaTrial,29-05-2023,2556,591812,227131,6268180,-4,30,6897,2646,4639901,0,240069
Geo11-IndiaTrial,05-06-2023,173423,685081,31525,5402072,0,2040,7984,367,5764646,0,240069
Geo11-IndiaTrial,12-06-2023,543239,419881,277459,5593992,-3,6391,4893,3233,4386325,0,240069
Geo11-IndiaTrial,19-06-2023,557007,330529,317983,5132578,-2,6553,3852,3705,5045774,0,240069
Geo11-IndiaTrial,26-06-2023,739644,507393,530418,5439527,1,8702,5913,6180,6951801,0,240069
Geo11-IndiaTrial,03-07-2023,562242,538179,177075,5125009,-1,6615,6272,2063,5655516,0,240069
Geo11-IndiaTrial,10-07-2023,330471,516609,59101,5886632,9,3888,6020,689,8816960,0,240069
Geo11-IndiaTrial,17-07-2023,517804,589231,230341,5839652,-4,6092,6867,2684,3863098,0,240069
Geo11-IndiaTrial,24-07-2023,118591,77194,659400,5176752,-6,1395,900,7682,3861882,0,240069
Geo11-IndiaTrial,31-07-2023,400169,514583,671509,5447087,0,4708,5997,7823,5701998,0,240069
Geo11-IndiaTrial,07-08-2023,285833,488384,307580,5164850,-1,3363,5691,3583,5162078,0,240069
Geo11-IndiaTrial,14-08-2023,515661,585758,393674,6058622,-2,6067,6826,4586,4578405,0,240069
Geo11-IndiaTrial,21-08-2023,983434,311916,205430,5710408,0,11570,3635,2393,5492600,0,240069
Geo11-IndiaTrial,28-08-2023,423568,316633,111391,5384827,-1,4983,3690,1298,5698339,0,240069
Geo11-IndiaTrial,04-09-2023,135262,580500,428144,5421653,-1,1591,6765,4988,5454445,0,240069
Geo11-IndiaTrial,11-09-2023,767289,336796,313963,5898338,-2,9027,3925,3658,5124256,0,240069
Geo11-IndiaTrial,18-09-2023,643426,470139,345601,6072085,0,7570,5479,4026,5636064,0,240069
Geo11-IndiaTrial,25-09-2023,703505,691294,0,5795830,1,8277,8056,0,4505052,0,240069
Geo11-IndiaTrial,02-10-2023,750049,438651,564048,6366486,-1,8824,5112,6571,5530895,0,240069
Geo11-IndiaTrial,09-10-2023,564982,406764,509879,6039648,-1,6647,4740,5940,5362422,0,240069
Geo11-IndiaTrial,16-10-2023,623788,577638,509025,6944974,2,7339,6731,5930,6692349,0,240069
Geo11-IndiaTrial,23-10-2023,472174,289746,187656,5577694,2,5555,3377,2186,5437268,0,240069
Geo11-IndiaTrial,30-10-2023,445839,123258,514063,6012606,-7,5245,1436,5989,3747559,0,240069
Geo11-IndiaTrial,06-11-2023,724828,541997,453649,6428075,-3,8528,6316,5285,5623385,0,240069
Geo11-IndiaTrial,13-11-2023,453238,376608,415402,6530769,-8,5332,4389,4840,3229819,0,240069
Geo11-IndiaTrial,20-11-2023,625472,663109,406219,5247582,-1,7359,7728,4733,5493603,0,240069
Geo11-IndiaTrial,27-11-2023,675418,612910,129219,6552346,5,7946,7143,1505,7238870,0,240069
Geo11-IndiaTrial,04-12-2023,648849,466543,468744,6169678,4,7634,5437,5461,6235782,0,240069
Geo11-IndiaTrial,11-12-2023,495750,264005,455999,6277012,-2,5832,3077,5313,4888716,0,240069
Geo11-IndiaTrial,18-12-2023,606645,587770,414982,5661136,3,7137,6850,4835,6331893,0,240069
Geo11-IndiaTrial,25-12-2023,494924,613529,502538,4991300,2,5823,7150,5855,6227924,0,240069
Geo11-IndiaTrial,01-01-2024,401365,459957,227657,6165431,-3,4722,5360,2652,5562686,0,240069
Geo11-IndiaTrial,08-01-2024,471790,118428,352446,5262144,-3,5551,1380,4106,4065902,0,240069
Geo11-IndiaTrial,15-01-2024,458357,391007,435138,5822368,3,5393,4557,5070,6874556,0,240069
Geo12-IndiaTrial,25-01-2021,855799,211381,564609,6240012,2,10068,2463,6578,6750324,0,310436
Geo12-IndiaTrial,01-02-2021,521940,253240,762264,6066836,-1,6141,2951,8881,4958144,0,310436
Geo12-IndiaTrial,08-02-2021,452299,937890,581087,6832923,-3,5321,10930,6770,5092305,0,310436
Geo12-IndiaTrial,15-02-2021,505534,725066,512965,6215786,4,5948,8450,5976,7129334,0,310436
Geo12-IndiaTrial,22-02-2021,655098,1027186,389660,5857380,-1,7707,11970,4540,5170844,0,310436
Geo12-IndiaTrial,01-03-2021,421954,496785,515917,4515244,1,4964,5789,6011,5976384,0,310436
Geo12-IndiaTrial,08-03-2021,515483,666813,440227,6589952,-4,6065,7771,5129,4806193,0,310436
Geo12-IndiaTrial,15-03-2021,530554,394004,718160,6317730,0,6242,4592,8367,5324191,0,310436
Geo12-IndiaTrial,22-03-2021,926355,461197,603075,7446823,0,10899,5375,7026,5523129,0,310436
Geo12-IndiaTrial,29-03-2021,848619,355810,218337,6561794,-6,9984,4146,2544,3906565,0,310436
Geo12-IndiaTrial,05-04-2021,879010,595408,781656,7248956,2,10342,6939,9107,6777728,0,310436
Geo12-IndiaTrial,12-04-2021,825553,955410,873086,6359715,2,9713,11134,10172,7381211,0,310436
Geo12-IndiaTrial,19-04-2021,1101936,903355,719813,6212054,1,12964,10527,8386,6754579,0,310436
Geo12-IndiaTrial,26-04-2021,740542,238453,284150,8283860,1,8712,2779,3310,6692014,0,310436
Geo12-IndiaTrial,03-05-2021,546431,27232,391773,7169800,-2,6429,317,4564,4470876,0,310436
Geo12-IndiaTrial,10-05-2021,258105,341332,399437,8189200,-1,3037,3978,4654,5527654,0,310436
Geo12-IndiaTrial,17-05-2021,482978,240709,715117,6498316,-3,5682,2805,8331,4699370,0,310436
Geo12-IndiaTrial,24-05-2021,726969,258537,856343,5974796,3,8553,3013,9977,6838120,0,310436
Geo12-IndiaTrial,31-05-2021,663343,358183,418700,7700963,0,7804,4174,4878,6612479,0,310436
Geo12-IndiaTrial,07-06-2021,673518,909056,797694,7588961,-4,7924,10594,9293,5171208,0,310436
Geo12-IndiaTrial,14-06-2021,290807,381812,660614,7066300,-3,3421,4449,7696,5171158,0,310436
Geo12-IndiaTrial,21-06-2021,630901,531590,572829,6698872,2,7423,6195,6674,7000319,0,310436
Geo12-IndiaTrial,28-06-2021,1094743,741429,591847,7830627,-3,12880,8640,6895,4644968,0,310436
Geo12-IndiaTrial,05-07-2021,307104,547678,1164817,6712545,-2,3613,6382,13571,5490473,0,310436
Geo12-IndiaTrial,12-07-2021,750884,367042,582986,7388100,-4,8834,4277,6792,5200436,0,310436
Geo12-IndiaTrial,19-07-2021,868810,590303,344658,7291460,3,10222,6879,4015,8253742,0,310436
Geo12-IndiaTrial,26-07-2021,978179,332868,456587,7288003,4,11508,3879,5319,7825544,0,310436
Geo12-IndiaTrial,02-08-2021,666972,564221,590740,7528194,-3,7847,6575,6882,4770307,0,310436
Geo12-IndiaTrial,09-08-2021,156606,502951,255935,7066752,4,1842,5861,2982,7689494,0,310436
Geo12-IndiaTrial,16-08-2021,472635,561194,607358,8120188,1,5561,6540,7076,5901183,0,310436
Geo12-IndiaTrial,23-08-2021,689606,764359,427418,7321192,-1,8113,8907,4980,6521422,0,310436
Geo12-IndiaTrial,30-08-2021,889408,639201,1086052,8154950,3,10464,7449,12653,7462091,0,310436
Geo12-IndiaTrial,06-09-2021,1134904,353878,410238,7138516,0,13352,4124,4779,5102513,0,310436
Geo12-IndiaTrial,13-09-2021,346300,435607,718416,6542246,-2,4074,5076,8370,5777495,0,310436
Geo12-IndiaTrial,20-09-2021,901735,327705,625133,7662614,0,10609,3819,7283,5506883,0,310436
Geo12-IndiaTrial,27-09-2021,487806,524426,764837,6714231,-6,5739,6111,8911,2942659,0,310436
Geo12-IndiaTrial,04-10-2021,485523,552291,299677,6724696,-7,5712,6436,3491,3579502,0,310436
Geo12-IndiaTrial,11-10-2021,610914,253486,661970,7504796,-2,7187,2954,7712,5439694,0,310436
Geo12-IndiaTrial,18-10-2021,813450,617599,286263,6992278,-3,9570,7197,3335,4528762,0,310436
Geo12-IndiaTrial,25-10-2021,465782,304605,626918,7559606,-2,5480,3550,7304,5127060,0,310436
Geo12-IndiaTrial,01-11-2021,1095816,623773,616934,6971984,1,12892,7269,7188,6554725,0,310436
Geo12-IndiaTrial,08-11-2021,757497,577397,566384,7136826,-2,8912,6729,6599,4482993,0,310436
Geo12-IndiaTrial,15-11-2021,519264,925392,758336,6805083,3,6109,10784,8835,6489397,0,310436
Geo12-IndiaTrial,22-11-2021,375553,472467,628502,6802222,-3,4418,5506,7322,5034007,0,310436
Geo12-IndiaTrial,29-11-2021,723226,388720,332719,7382830,0,8509,4530,3876,6640805,0,310436
Geo12-IndiaTrial,06-12-2021,1027850,498958,848172,7655238,6,12093,5815,9882,7915734,0,310436
Geo12-IndiaTrial,13-12-2021,566350,433954,388841,6662604,0,6663,5057,4530,5673913,0,310436
Geo12-IndiaTrial,20-12-2021,888908,394508,614626,8380370,-4,10458,4597,7161,3935091,0,310436
Geo12-IndiaTrial,27-12-2021,855675,482347,478662,7417807,5,10067,5621,5577,7273763,0,310436
Geo12-IndiaTrial,03-01-2022,725296,541276,629029,6421746,-2,8533,6308,7328,5780378,0,310436
Geo12-IndiaTrial,10-01-2022,978752,416752,310699,9196244,3,11515,4857,3620,5952447,0,310436
Geo12-IndiaTrial,17-01-2022,752931,667248,631597,7693870,6,8858,7776,7358,7563241,0,310436
Geo12-IndiaTrial,24-01-2022,538306,721434,454020,6516122,2,6333,8407,5290,5718495,0,310436
Geo12-IndiaTrial,31-01-2022,814567,820636,866322,7204281,-1,9583,9563,10093,6155403,0,310436
Geo12-IndiaTrial,07-02-2022,795294,465163,908907,6528788,-4,9357,5421,10589,5197167,0,310436
Geo12-IndiaTrial,14-02-2022,466646,425606,344103,7322976,-3,5490,4960,4009,4273647,0,310436
Geo12-IndiaTrial,21-02-2022,488950,367587,309009,6956292,1,5752,4284,3600,6173247,0,310436
Geo12-IndiaTrial,28-02-2022,693844,726963,318799,6908917,2,8163,8472,3714,6049367,0,310436
Geo12-IndiaTrial,07-03-2022,794039,726865,661922,7884280,4,9342,8471,7712,7441321,0,310436
Geo12-IndiaTrial,14-03-2022,629285,614869,688355,6385752,-1,7404,7165,8020,4372953,0,310436
Geo12-IndiaTrial,21-03-2022,126265,227906,448716,6498530,-3,1486,2656,5228,4494479,0,310436
Geo12-IndiaTrial,28-03-2022,696591,659685,559154,5821616,-2,8195,7688,6514,5426649,0,310436
Geo12-IndiaTrial,04-04-2022,333071,498036,369593,7192248,0,3919,5804,4306,5621196,0,310436
Geo12-IndiaTrial,11-04-2022,530349,726389,692838,6796180,-5,6240,8465,8072,4102426,0,310436
Geo12-IndiaTrial,18-04-2022,764834,343180,593273,6097376,1,8998,3999,6912,5503417,0,310436
Geo12-IndiaTrial,25-04-2022,996962,766774,348214,7282682,3,11729,8936,4057,7518236,0,310436
Geo12-IndiaTrial,02-05-2022,785605,519254,491308,5309147,6,9243,6051,5724,8276010,0,310436
Geo12-IndiaTrial,09-05-2022,710046,277925,522540,6338875,-3,8354,3239,6088,3615852,0,310436
Geo12-IndiaTrial,16-05-2022,958896,243257,554283,7367663,3,11281,2835,6458,6462911,0,310436
Geo12-IndiaTrial,23-05-2022,736076,29863,415227,6368496,-2,8660,348,4838,5296398,0,310436
Geo12-IndiaTrial,30-05-2022,819329,610922,649984,7691899,1,9639,7119,7573,6415300,0,310436
Geo12-IndiaTrial,06-06-2022,844407,565065,830456,6457354,-3,9934,6585,9675,5015542,0,310436
Geo12-IndiaTrial,13-06-2022,829324,650400,708736,6985964,1,9757,7579,8257,7491909,0,310436
Geo12-IndiaTrial,20-06-2022,661508,532459,429906,6721642,-5,7783,6205,5009,3689833,0,310436
Geo12-IndiaTrial,27-06-2022,817348,813040,741345,5636105,5,9616,9475,8637,7790167,0,310436
Geo12-IndiaTrial,04-07-2022,857700,254446,700613,7746840,-3,10091,2965,8162,5349619,0,310436
Geo12-IndiaTrial,11-07-2022,612019,719471,620606,7252964,0,7200,8384,7230,5446356,0,310436
Geo12-IndiaTrial,18-07-2022,708096,478222,388199,7973450,0,8331,5573,4523,4353614,0,310436
Geo12-IndiaTrial,25-07-2022,563694,473791,696189,6689710,-2,6632,5521,8111,5440885,0,310436
Geo12-IndiaTrial,01-08-2022,876496,234060,651633,7347220,-3,10312,2728,7592,4648650,0,310436
Geo12-IndiaTrial,08-08-2022,1020156,183634,411183,6956044,2,12002,2140,4790,5705247,0,310436
Geo12-IndiaTrial,15-08-2022,337664,358955,615945,7844889,0,3973,4183,7176,4868698,0,310436
Geo12-IndiaTrial,22-08-2022,965140,578531,495127,7784867,-5,11355,6742,5768,4275882,0,310436
Geo12-IndiaTrial,29-08-2022,836868,648474,458688,7038882,1,9846,7557,5344,5616079,0,310436
Geo12-IndiaTrial,05-09-2022,909037,807091,677457,6843299,2,10695,9405,7893,4692997,0,310436
Geo12-IndiaTrial,12-09-2022,656753,500935,463351,8433517,-2,7727,5838,5398,5622890,0,310436
Geo12-IndiaTrial,19-09-2022,780088,942483,451444,8104012,-1,9178,10983,5259,5431735,0,310436
Geo12-IndiaTrial,26-09-2022,141126,758079,751064,6533920,-3,1660,8834,8750,4161444,0,310436
Geo12-IndiaTrial,03-10-2022,691801,458191,600049,6190830,2,8139,5340,6991,6789310,0,310436
Geo12-IndiaTrial,10-10-2022,983365,491288,620258,7398346,4,11569,5725,7226,7531761,0,310436
Geo12-IndiaTrial,17-10-2022,1026472,538984,403335,6173046,1,12076,6281,4699,6447644,0,310436
Geo12-IndiaTrial,24-10-2022,736482,255008,275539,7213101,3,8665,2972,3210,6762936,0,310436
Geo12-IndiaTrial,31-10-2022,740121,589640,705685,7267983,7,8707,6871,8221,7113352,0,310436
Geo12-IndiaTrial,07-11-2022,896893,175442,498489,7628610,-6,10552,2045,5808,4738848,0,310436
Geo12-IndiaTrial,14-11-2022,704926,480764,391199,7054296,2,8293,5603,4558,6338726,0,310436
Geo12-IndiaTrial,21-11-2022,1005232,650421,530840,6000581,-6,11827,7580,6184,3344719,0,310436
Geo12-IndiaTrial,28-11-2022,778895,498664,872212,7124492,3,9164,5811,10162,6019833,0,310436
Geo12-IndiaTrial,05-12-2022,476382,761824,372348,8085272,-2,5605,8878,4338,4951023,0,310436
Geo12-IndiaTrial,12-12-2022,714936,1024938,764624,8666104,3,8411,11944,8908,7653600,0,310436
Geo12-IndiaTrial,19-12-2022,681824,595001,925260,7060648,6,8022,6934,10780,8264958,0,310436
Geo12-IndiaTrial,26-12-2022,974507,280757,288740,6744315,-1,11465,3272,3364,6401704,0,310436
Geo12-IndiaTrial,02-01-2023,666207,568628,219994,7624192,2,7838,6626,2563,6333615,0,310436
Geo12-IndiaTrial,09-01-2023,1077700,712364,228192,6613360,-4,12679,8302,2659,4152899,0,310436
Geo12-IndiaTrial,16-01-2023,561177,343520,302777,6574918,-1,6602,4003,3527,4809573,0,310436
Geo12-IndiaTrial,23-01-2023,408472,730429,383365,8018811,6,4806,8512,4466,7842221,0,310436
Geo12-IndiaTrial,30-01-2023,439867,694551,289044,6601214,-1,5175,8094,3367,4440109,0,310436
Geo12-IndiaTrial,06-02-2023,362969,415325,701117,6806921,-1,4270,4840,8168,5800809,0,310436
Geo12-IndiaTrial,13-02-2023,882052,395343,592945,7985448,-2,10377,4607,6908,5623520,0,310436
Geo12-IndiaTrial,20-02-2023,995587,443947,690005,6379510,0,11713,5174,8039,5243410,0,310436
Geo12-IndiaTrial,27-02-2023,659804,694810,501020,7163231,0,7763,8097,5837,6086293,0,310436
Geo12-IndiaTrial,06-03-2023,1017883,238046,452008,6594722,-3,11975,2774,5266,3858056,0,310436
Geo12-IndiaTrial,13-03-2023,608943,1008449,242631,6549697,2,7164,11752,2827,6508203,0,310436
Geo12-IndiaTrial,20-03-2023,746964,835941,858888,6161960,2,8788,9742,10006,6572191,0,310436
Geo12-IndiaTrial,27-03-2023,876575,166487,855788,7589480,0,10313,1940,9970,6431707,0,310436
Geo12-IndiaTrial,03-04-2023,751423,313081,500109,6372910,0,8840,3648,5826,6048480,0,310436
Geo12-IndiaTrial,10-04-2023,518332,431966,635731,7073595,-8,6098,5034,7407,2565392,0,310436
Geo12-IndiaTrial,17-04-2023,948081,703929,519418,7325977,0,11154,8203,6051,6581080,0,310436
Geo12-IndiaTrial,24-04-2023,878795,724775,434601,6542770,0,10339,8446,5063,5799953,0,310436
Geo12-IndiaTrial,01-05-2023,1056386,427277,668184,8105068,0,12428,4979,7785,5852716,0,310436
Geo12-IndiaTrial,08-05-2023,581770,542348,692201,6144812,-1,6845,6320,8064,5906643,0,310436
Geo12-IndiaTrial,15-05-2023,834016,760858,554357,7758596,0,9812,8867,6458,6430676,0,310436
Geo12-IndiaTrial,22-05-2023,419206,434905,981656,6651756,-2,4932,5068,11437,5591442,0,310436
Geo12-IndiaTrial,29-05-2023,172608,689908,476530,8168604,-1,2031,8040,5552,6164486,0,310436
Geo12-IndiaTrial,05-06-2023,640732,982605,625529,6742802,2,7538,11451,7288,6800058,0,310436
Geo12-IndiaTrial,12-06-2023,597326,733668,385688,7324223,-2,7028,8550,4493,4637237,0,310436
Geo12-IndiaTrial,19-06-2023,613851,679751,408712,6369672,-3,7222,7921,4762,4594905,0,310436
Geo12-IndiaTrial,26-06-2023,524181,513229,818106,6484832,3,6167,5981,9531,8152915,0,310436
Geo12-IndiaTrial,03-07-2023,266092,663438,189996,6085172,-2,3131,7731,2214,6047900,0,310436
Geo12-IndiaTrial,10-07-2023,610629,517327,243310,7140025,5,7184,6029,2835,8684332,0,310436
Geo12-IndiaTrial,17-07-2023,1008080,494746,354903,6926448,0,11860,5766,4135,5185544,0,310436
Geo12-IndiaTrial,24-07-2023,129411,254981,605339,6630337,-2,1523,2971,7052,4916513,0,310436
Geo12-IndiaTrial,31-07-2023,538798,421995,462832,6614572,-1,6339,4918,5392,5430898,0,310436
Geo12-IndiaTrial,07-08-2023,332167,606847,438052,6539736,-1,3908,7072,5103,5567630,0,310436
Geo12-IndiaTrial,14-08-2023,682012,994896,483794,7570940,1,8024,11594,5636,5962070,0,310436
Geo12-IndiaTrial,21-08-2023,1075220,429398,379937,6980865,-2,12650,5004,4426,5507107,0,310436
Geo12-IndiaTrial,28-08-2023,647581,469754,132219,6501868,4,7619,5474,1540,7891470,0,310436
Geo12-IndiaTrial,04-09-2023,566818,531462,479451,7193690,0,6669,6193,5586,6296968,0,310436
Geo12-IndiaTrial,11-09-2023,692742,378393,398283,7180240,-5,8150,4410,4640,3665714,0,310436
Geo12-IndiaTrial,18-09-2023,596707,131070,443683,7568135,-3,7020,1527,5169,4127098,0,310436
Geo12-IndiaTrial,25-09-2023,1102808,892739,83431,7234921,1,12974,10404,972,5141362,0,310436
Geo12-IndiaTrial,02-10-2023,758723,703050,822152,7861536,-3,8926,8193,9578,4820553,0,310436
Geo12-IndiaTrial,09-10-2023,747530,371116,573261,7436126,2,8795,4325,6679,7297410,0,310436
Geo12-IndiaTrial,16-10-2023,362577,769329,290725,8071858,4,4266,8965,3387,7836400,0,310436
Geo12-IndiaTrial,23-10-2023,541823,392800,521196,6510060,-5,6375,4577,6072,3661518,0,310436
Geo12-IndiaTrial,30-10-2023,558762,471063,507108,7007092,3,6574,5490,5908,7846120,0,310436
Geo12-IndiaTrial,06-11-2023,821494,585817,614185,7609096,1,9665,6827,7155,7489127,0,310436
Geo12-IndiaTrial,13-11-2023,609938,771060,357373,7810416,0,7176,8986,4164,5927087,0,310436
Geo12-IndiaTrial,20-11-2023,1186302,425648,388506,6378358,2,13957,4960,4526,6480605,0,310436
Geo12-IndiaTrial,27-11-2023,1036686,516805,354395,8405785,0,12197,6023,4129,6122771,0,310436
Geo12-IndiaTrial,04-12-2023,602722,332192,461373,7495370,-4,7091,3871,5375,3207012,0,310436
Geo12-IndiaTrial,11-12-2023,542851,443088,741693,7870122,-4,6387,5164,8641,4504784,0,310436
Geo12-IndiaTrial,18-12-2023,722353,319470,370130,6812048,-1,8498,3723,4312,5198949,0,310436
Geo12-IndiaTrial,25-12-2023,634460,877394,472430,6019246,-5,7464,10225,5504,3549248,0,310436
Geo12-IndiaTrial,01-01-2024,508522,915164,472918,7857684,1,5983,10665,5510,7693269,0,310436
Geo12-IndiaTrial,08-01-2024,431965,42709,536849,6235582,-1,5082,498,6254,4920698,0,310436
Geo12-IndiaTrial,15-01-2024,445678,607772,520046,6694528,-4,5243,7083,6059,4808115,0,310436
Geo13-IndiaTrial,25-01-2021,1860588,638156,654947,14460874,-2,21890,7437,7630,12437009,0,642480
Geo13-IndiaTrial,01-02-2021,1723626,631755,559279,14770606,-3,20278,7362,6516,10890621,0,642480
Geo13-IndiaTrial,08-02-2021,1084750,1932636,1250352,17637004,2,12762,22522,14567,17210452,0,642480
Geo13-IndiaTrial,15-02-2021,1179604,1334109,918275,16265017,-2,13878,15547,10698,11414658,0,642480
Geo13-IndiaTrial,22-02-2021,1917575,2207325,1298166,16230845,-1,22560,25723,15124,13434788,0,642480
Geo13-IndiaTrial,01-03-2021,1096310,1208655,987413,14005329,2,12898,14085,11504,16211875,0,642480
Geo13-IndiaTrial,08-03-2021,2143916,786167,1178082,17974802,-2,25223,9162,13725,14421909,0,642480
Geo13-IndiaTrial,15-03-2021,1398474,567469,755658,18522304,3,16453,6613,8804,17129648,0,642480
Geo13-IndiaTrial,22-03-2021,2004757,1002037,1531006,20079700,1,23586,11677,17837,14831254,0,642480
Geo13-IndiaTrial,29-03-2021,2130274,0,641761,20604952,-3,25063,0,7477,12562891,0,642480
Geo13-IndiaTrial,05-04-2021,1332319,1616884,1933340,21333398,-7,15675,18842,22524,9782664,0,642480
Geo13-IndiaTrial,12-04-2021,962945,1808832,752077,18910198,1,11329,21079,8762,17874246,0,642480
Geo13-IndiaTrial,19-04-2021,2296818,1555999,1448317,18333074,3,27022,18133,16873,18298364,0,642480
Geo13-IndiaTrial,26-04-2021,1308343,1109784,1014402,22253866,1,15393,12933,11818,17146002,0,642480
Geo13-IndiaTrial,03-05-2021,896599,1181484,849765,19135142,4,10548,13768,9900,16889936,0,642480
Geo13-IndiaTrial,10-05-2021,941020,1000679,1055474,21590244,-3,11071,11661,12297,13847787,0,642480
Geo13-IndiaTrial,17-05-2021,1063913,1562162,1314352,16785348,1,12517,18205,15313,15571971,0,642480
Geo13-IndiaTrial,24-05-2021,1469296,538909,823965,16826758,2,17286,6280,9600,16536745,0,642480
Geo13-IndiaTrial,31-05-2021,1352215,1721432,950202,20459942,-5,15909,20061,11070,11958503,0,642480
Geo13-IndiaTrial,07-06-2021,1776479,2470782,1301503,20291496,3,20900,28793,15163,18785230,0,642480
Geo13-IndiaTrial,14-06-2021,733096,1592174,1146458,20004126,0,8625,18554,13357,16603187,0,642480
Geo13-IndiaTrial,21-06-2021,1111821,1314375,2099331,17853858,2,13081,15317,24458,16901310,0,642480
Geo13-IndiaTrial,28-06-2021,1690456,971550,1021392,20743622,-2,19888,11322,11900,11762363,0,642480
Geo13-IndiaTrial,05-07-2021,1218953,1107629,1647128,18415502,5,14341,12908,19190,19072402,0,642480
Geo13-IndiaTrial,12-07-2021,1740958,780575,868926,19591416,-1,20482,9096,10123,15903706,0,642480
Geo13-IndiaTrial,19-07-2021,1726345,1530946,1759599,19331612,2,20310,17841,20500,19337042,0,642480
Geo13-IndiaTrial,26-07-2021,1867964,1003760,2073234,19030870,4,21977,11697,24154,18724162,0,642480
Geo13-IndiaTrial,02-08-2021,885085,1294794,1161395,19772020,0,10413,15089,13531,15073638,0,642480
Geo13-IndiaTrial,09-08-2021,437475,209573,499337,18655422,-1,5147,2442,5817,14896703,0,642480
Geo13-IndiaTrial,16-08-2021,893044,1381742,878927,20643496,-3,10507,16102,10240,11310046,0,642480
Geo13-IndiaTrial,23-08-2021,2564619,1666301,1649816,19661914,1,30173,19418,19221,17422704,0,642480
Geo13-IndiaTrial,30-08-2021,1673296,1059002,2225368,21789314,-1,19686,12341,25926,15219671,0,642480
Geo13-IndiaTrial,06-09-2021,1755042,839188,1121677,19686992,-1,20648,9779,13068,11796873,0,642480
Geo13-IndiaTrial,13-09-2021,1535734,1155994,1085074,19360200,0,18068,13471,12642,16215821,0,642480
Geo13-IndiaTrial,20-09-2021,2319736,1477270,1100418,20967318,-4,27292,17215,12820,11030658,0,642480
Geo13-IndiaTrial,27-09-2021,1631175,1946068,1550018,19759464,1,19191,22678,18058,15264784,0,642480
Geo13-IndiaTrial,04-10-2021,2042140,1421369,1024487,19767572,3,24026,16564,11936,18156870,0,642480
Geo13-IndiaTrial,11-10-2021,1215369,1924362,1410787,21883702,1,14299,22426,16436,17608696,0,642480
Geo13-IndiaTrial,18-10-2021,2135473,1443692,583234,19868476,0,25124,16824,6795,15153985,0,642480
Geo13-IndiaTrial,25-10-2021,1769046,1273468,1788755,21574284,2,20813,14840,20840,16250220,0,642480
Geo13-IndiaTrial,01-11-2021,1862545,1736339,1732531,19745914,-3,21913,20234,20185,13534087,0,642480
Geo13-IndiaTrial,08-11-2021,490999,1166674,676151,20980266,7,5777,13596,7877,19553052,0,642480
Geo13-IndiaTrial,15-11-2021,777928,2025814,934383,20077656,0,9152,23608,10886,13320223,0,642480
Geo13-IndiaTrial,22-11-2021,1238104,1578601,1451427,19530040,2,14566,18396,16910,17107230,0,642480
Geo13-IndiaTrial,29-11-2021,1690326,961874,1539753,19816112,-7,19887,11209,17939,10696056,0,642480
Geo13-IndiaTrial,06-12-2021,1530207,905521,1589574,20588228,5,18003,10552,18519,17930110,0,642480
Geo13-IndiaTrial,13-12-2021,1934224,411078,886408,18757428,-4,22756,4790,10327,10809274,0,642480
Geo13-IndiaTrial,20-12-2021,2126462,1375726,734310,22587798,-3,25018,16032,8555,12326407,0,642480
Geo13-IndiaTrial,27-12-2021,1659243,1014317,1825288,20174056,0,19521,11820,21265,14158211,0,642480
Geo13-IndiaTrial,03-01-2022,1428154,1210191,1427577,17499118,2,16802,14103,16632,17825582,0,642480
Geo13-IndiaTrial,10-01-2022,1450132,1014409,1281769,23862534,-1,17061,11821,14933,12597531,0,642480
Geo13-IndiaTrial,17-01-2022,1694703,1645060,1291206,20577140,1,19938,19171,15043,15156149,0,642480
Geo13-IndiaTrial,24-01-2022,1653912,1208510,1065776,18781046,0,19458,14083,12417,13922206,0,642480
Geo13-IndiaTrial,31-01-2022,2076810,1651793,1369616,20020220,2,24434,19249,15957,17646562,0,642480
Geo13-IndiaTrial,07-02-2022,1736161,1411441,1091035,19275116,5,20426,16448,12711,19540458,0,642480
Geo13-IndiaTrial,14-02-2022,1126384,314136,1079060,20196748,3,13252,3661,12571,15151705,0,642480
Geo13-IndiaTrial,21-02-2022,946255,1278725,545500,19624852,3,11133,14902,6355,16858298,0,642480
Geo13-IndiaTrial,28-02-2022,1612901,749148,786734,19053784,1,18976,8730,9166,13912285,0,642480
Geo13-IndiaTrial,07-03-2022,999835,1606164,636287,20334192,-1,11763,18717,7413,13977994,0,642480
Geo13-IndiaTrial,14-03-2022,1223476,1297373,535145,18068000,2,14394,15119,6235,14702697,0,642480
Geo13-IndiaTrial,21-03-2022,214521,905931,1302720,18221114,-1,2524,10557,15177,14550864,0,642480
Geo13-IndiaTrial,28-03-2022,1225385,1132267,1633131,16233982,1,14417,13195,19027,16343337,0,642480
Geo13-IndiaTrial,04-04-2022,795269,748773,1834845,18373230,-5,9356,8726,21377,10282539,0,642480
Geo13-IndiaTrial,11-04-2022,1018776,1308357,2039643,17224058,-4,11986,15247,23763,11699549,0,642480
Geo13-IndiaTrial,18-04-2022,1226819,909996,818819,15776878,-1,14433,10605,9540,11788287,0,642480
Geo13-IndiaTrial,25-04-2022,1825738,2371217,828515,18745028,0,21480,27633,9653,16057629,0,642480
Geo13-IndiaTrial,02-05-2022,1390296,903055,1494652,14122086,-2,16357,10524,17413,13218342,0,642480
Geo13-IndiaTrial,09-05-2022,1178430,579188,444685,17039636,2,13864,6750,5181,15027615,0,642480
Geo13-IndiaTrial,16-05-2022,1595297,982305,1518241,19302216,0,18769,11447,17688,13712429,0,642480
Geo13-IndiaTrial,23-05-2022,1667668,94311,1130698,17066498,1,19620,1099,13173,15917210,0,642480
Geo13-IndiaTrial,30-05-2022,1648971,1579804,1606895,19714368,-1,19400,18410,18721,14522485,0,642480
Geo13-IndiaTrial,06-06-2022,1290250,1585298,1599917,17076424,0,15180,18474,18640,15277622,0,642480
Geo13-IndiaTrial,13-06-2022,1024244,2094903,1604953,17865666,4,12050,24413,18698,20502928,0,642480
Geo13-IndiaTrial,20-06-2022,867138,1115629,984801,18150546,-5,10202,13001,11473,10518971,0,642480
Geo13-IndiaTrial,27-06-2022,1465924,1452348,1523868,15621368,2,17247,16925,17754,15688337,0,642480
Geo13-IndiaTrial,04-07-2022,2371041,751749,1648388,19852138,0,27895,8760,19204,16662269,0,642480
Geo13-IndiaTrial,11-07-2022,954950,1392886,1223994,19067798,1,11235,16232,14260,15003571,0,642480
Geo13-IndiaTrial,18-07-2022,1886197,1329459,1389890,20962480,2,22191,15493,16193,13396158,0,642480
Geo13-IndiaTrial,25-07-2022,1438959,1539565,1448200,18366342,0,16929,17941,16872,15572413,0,642480
Geo13-IndiaTrial,01-08-2022,2151585,359958,1104854,19676162,0,25313,4195,12872,14181069,0,642480
Geo13-IndiaTrial,08-08-2022,1803351,533607,713941,19331502,-1,21216,6218,8318,11834317,0,642480
Geo13-IndiaTrial,15-08-2022,1305514,1116772,863283,21053074,3,15359,13014,10058,15862791,0,642480
Geo13-IndiaTrial,22-08-2022,2097604,2162559,1960837,20781778,1,24678,25201,22844,15841288,0,642480
Geo13-IndiaTrial,29-08-2022,1836312,1612788,1256925,20310724,3,21604,18795,14644,16322517,0,642480
Geo13-IndiaTrial,05-09-2022,1330086,1910750,1194589,19455166,4,15648,22267,13917,13973681,0,642480
Geo13-IndiaTrial,12-09-2022,1100749,1583932,1460267,23037482,0,12950,18458,17013,16016448,0,642480
Geo13-IndiaTrial,19-09-2022,1837836,1805825,1222621,21621864,0,21622,21044,14244,15063671,0,642480
Geo13-IndiaTrial,26-09-2022,201703,1908124,847016,18312714,4,2373,22236,9868,16801936,0,642480
Geo13-IndiaTrial,03-10-2022,1152622,1156279,761603,16939684,3,13561,13475,8873,17851376,0,642480
Geo13-IndiaTrial,10-10-2022,1286456,1004202,1255005,19840360,6,15135,11702,14621,20587578,0,642480
Geo13-IndiaTrial,17-10-2022,1204672,1124480,345753,16210079,0,14173,13104,4028,15992503,0,642480
Geo13-IndiaTrial,24-10-2022,1652863,703794,0,18733132,-4,19446,8202,0,11475086,0,642480
Geo13-IndiaTrial,31-10-2022,970994,790715,427077,18707170,0,11424,9215,4976,11358896,0,642480
Geo13-IndiaTrial,07-11-2022,1778779,309512,648788,18707446,1,20927,3607,7559,17626350,0,642480
Geo13-IndiaTrial,14-11-2022,871264,954178,227668,18129816,-6,10250,11119,2652,9181361,0,642480
Geo13-IndiaTrial,21-11-2022,2276128,1280220,1139830,16615504,-9,26779,14919,13279,6792459,0,642480
Geo13-IndiaTrial,28-11-2022,834258,1296410,1701019,18254472,-5,9815,15108,19818,8368769,0,642480
Geo13-IndiaTrial,05-12-2022,1401612,926839,1101274,20839182,5,16490,10801,12830,18205470,0,642480
Geo13-IndiaTrial,12-12-2022,1583328,1467544,1087326,22110368,1,18628,17102,12668,16695429,0,642480
Geo13-IndiaTrial,19-12-2022,1530241,1414068,1368411,18558588,-5,18003,16479,15943,9981343,0,642480
Geo13-IndiaTrial,26-12-2022,2056577,1266486,1364422,18297198,4,24196,14759,15896,19513648,0,642480
Geo13-IndiaTrial,02-01-2023,884535,1488063,372070,20887208,-10,10407,17341,4335,6559141,0,642480
Geo13-IndiaTrial,09-01-2023,1249742,1229728,863662,18125248,-3,14703,14331,10062,12910211,0,642480
Geo13-IndiaTrial,16-01-2023,825407,607342,435078,17396028,1,9711,7078,5069,14433131,0,642480
Geo13-IndiaTrial,23-01-2023,749705,1962193,1577912,19913448,-1,8820,22866,18383,14793090,0,642480
Geo13-IndiaTrial,30-01-2023,734793,1042859,1102333,16785538,-2,8645,12153,12843,10674251,0,642480
Geo13-IndiaTrial,06-02-2023,1593425,1400073,2186805,18094022,-5,18747,16316,25477,11683620,0,642480
Geo13-IndiaTrial,13-02-2023,1491028,1405243,1239035,19490094,2,17542,16376,14435,18511182,0,642480
Geo13-IndiaTrial,20-02-2023,850472,1020129,345766,16615892,-5,10006,11888,4028,9677947,0,642480
Geo13-IndiaTrial,27-02-2023,1476773,1466289,993607,18188754,1,17374,17087,11576,16484507,0,642480
Geo13-IndiaTrial,06-03-2023,2011222,534823,1488759,17130440,3,23662,6233,17345,14301909,0,642480
Geo13-IndiaTrial,13-03-2023,1127150,2198128,648996,18190410,-2,13261,25616,7561,12534084,0,642480
Geo13-IndiaTrial,20-03-2023,1967235,1892581,1123373,17291882,-4,23144,22055,13088,11916066,0,642480
Geo13-IndiaTrial,27-03-2023,1850120,500302,1281591,20599266,0,21767,5830,14931,15774746,0,642480
Geo13-IndiaTrial,03-04-2023,2260449,1274338,1684993,18586158,4,26594,14850,19631,18730376,0,642480
Geo13-IndiaTrial,10-04-2023,818596,1421891,1291086,19191260,-3,9631,16570,15042,11758436,0,642480
Geo13-IndiaTrial,17-04-2023,1410912,1667116,1154560,19789744,0,16599,19428,13451,15595052,0,642480
Geo13-IndiaTrial,24-04-2023,2012973,1213272,897865,18517252,-6,23683,14139,10460,10938147,0,642480
Geo13-IndiaTrial,01-05-2023,1545343,1459979,1603305,22425148,4,18181,17014,18679,17966574,0,642480
Geo13-IndiaTrial,08-05-2023,1450536,1602104,1128373,17744680,2,17065,18670,13146,16670332,0,642480
Geo13-IndiaTrial,15-05-2023,1679780,1419980,1486861,20816874,4,19763,16548,17322,19499232,0,642480
Geo13-IndiaTrial,22-05-2023,1329247,1108364,2256018,18507176,6,15639,12916,26283,20799730,0,642480
Geo13-IndiaTrial,29-05-2023,634165,1189254,850817,21434544,-3,7461,13859,9912,14130769,0,642480
Geo13-IndiaTrial,05-06-2023,1281717,1466815,554822,18160302,1,15079,17093,6464,15853104,0,642480
Geo13-IndiaTrial,12-06-2023,1209505,1239134,1614878,18844926,3,14230,14440,18814,16269409,0,642480
Geo13-IndiaTrial,19-06-2023,1527236,1382686,650400,18326710,3,17968,16113,7577,17919022,0,642480
Geo13-IndiaTrial,26-06-2023,1484790,561241,1298710,17903756,2,17468,6540,15130,19585530,0,642480
Geo13-IndiaTrial,03-07-2023,1143215,424070,196004,17566848,0,13450,4942,2284,15839835,0,642480
Geo13-IndiaTrial,10-07-2023,833190,1724117,407757,19507798,2,9802,20092,4751,18564196,0,642480
Geo13-IndiaTrial,17-07-2023,1188041,1073501,767990,18671586,-3,13977,12510,8947,12101013,0,642480
Geo13-IndiaTrial,24-07-2023,105897,1243092,1406971,17441732,-4,1246,14486,16392,12037870,0,642480
Geo13-IndiaTrial,31-07-2023,1101137,1102754,821249,17713026,4,12955,12851,9568,18958992,0,642480
Geo13-IndiaTrial,07-08-2023,620600,921955,1017020,16694672,-2,7301,10744,11849,13100541,0,642480
Geo13-IndiaTrial,14-08-2023,1177657,1834041,744690,19252034,2,13855,21373,8676,16312216,0,642480
Geo13-IndiaTrial,21-08-2023,1771096,1307003,686084,18204182,-4,20837,15231,7993,11567850,0,642480
Geo13-IndiaTrial,28-08-2023,1585846,658738,988693,17572670,2,18657,7677,11519,16998902,0,642480
Geo13-IndiaTrial,04-09-2023,869785,1304506,852703,17673126,-1,10233,15202,9934,14154312,0,642480
Geo13-IndiaTrial,11-09-2023,1817035,1118576,831531,18829246,-3,21377,13035,9688,11533765,0,642480
Geo13-IndiaTrial,18-09-2023,954539,1100629,674776,19225288,2,11230,12826,7861,15600948,0,642480
Geo13-IndiaTrial,25-09-2023,1478613,1715457,317008,18908858,-4,17396,19991,3693,7714375,0,642480
Geo13-IndiaTrial,02-10-2023,2118238,1114316,1876804,21407346,-1,24921,12986,21865,15607616,0,642480
Geo13-IndiaTrial,09-10-2023,2038022,988107,1171266,19917238,3,23977,11515,13646,17756466,0,642480
Geo13-IndiaTrial,16-10-2023,981333,1617336,823615,21813886,1,11545,18848,9595,17127004,0,642480
Geo13-IndiaTrial,23-10-2023,1273926,539556,1479340,18097166,-2,14988,6288,17235,12040908,0,642480
Geo13-IndiaTrial,30-10-2023,1491581,1482578,1027978,19995934,2,17548,17277,11976,17630788,0,642480
Geo13-IndiaTrial,06-11-2023,743539,1332146,1481963,20118730,-2,8748,15524,17265,16705601,0,642480
Geo13-IndiaTrial,13-11-2023,796010,1511347,1165071,20800610,-1,9365,17612,13574,14639781,0,642480
Geo13-IndiaTrial,20-11-2023,1521637,782894,1457956,17073764,-1,17902,9123,16986,13555152,0,642480
Geo13-IndiaTrial,27-11-2023,1331517,1726503,278805,21469436,-4,15665,20120,3248,11451211,0,642480
Geo13-IndiaTrial,04-12-2023,1223475,1609915,1583536,20220612,4,14394,18761,18449,16932930,0,642480
Geo13-IndiaTrial,11-12-2023,1594760,977855,1297246,19847804,-5,18762,11395,15113,11433934,0,642480
Geo13-IndiaTrial,18-12-2023,1283873,1621815,780400,17619856,-3,15105,18900,9092,11669167,0,642480
Geo13-IndiaTrial,25-12-2023,1814674,821547,949366,16218925,1,21350,9574,11060,14873885,0,642480
Geo13-IndiaTrial,01-01-2024,613587,1240287,452742,19372614,-3,7219,14454,5275,15327031,0,642480
Geo13-IndiaTrial,08-01-2024,1399903,198641,891128,17509782,-2,16470,2315,10382,11803975,0,642480
Geo13-IndiaTrial,15-01-2024,979254,1033851,1146475,17900652,-5,11521,12048,13357,11431145,0,642480
Geo14-IndiaTrial,25-01-2021,2449560,1296074,1484050,20782460,-3,28819,15104,17290,17463522,0,949707
Geo14-IndiaTrial,01-02-2021,677916,1333446,2506468,20284034,2,7976,15539,29201,21166890,0,949707
Geo14-IndiaTrial,08-02-2021,1090607,1897304,1836415,21873382,0,12831,22110,21395,21280082,0,949707
Geo14-IndiaTrial,15-02-2021,534554,1768780,1717126,20179928,3,6289,20612,20005,21713038,0,949707
Geo14-IndiaTrial,22-02-2021,2100284,2755846,2031973,20083874,1,24710,32115,23673,21083884,0,949707
Geo14-IndiaTrial,01-03-2021,2474980,1645143,1797435,17706338,0,29118,19172,20941,20879848,0,949707
Geo14-IndiaTrial,08-03-2021,2511752,2441433,1257719,22612648,-3,29551,28451,14653,18527612,0,949707
Geo14-IndiaTrial,15-03-2021,1810774,1023974,1790803,23475878,-2,21304,11933,20864,17204538,0,949707
Geo14-IndiaTrial,22-03-2021,2942749,1786203,1494307,26329322,1,34621,20815,17409,21087208,0,949707
Geo14-IndiaTrial,29-03-2021,2308937,253352,599704,24472936,-2,27165,2952,6987,18868394,0,949707
Geo14-IndiaTrial,05-04-2021,3001316,836583,950747,27381594,-3,35310,9749,11077,17471504,0,949707
Geo14-IndiaTrial,12-04-2021,2287032,1696197,1733282,25084602,-3,26907,19767,20193,20045410,0,949707
Geo14-IndiaTrial,19-04-2021,2562484,1882408,1243678,23889570,-4,30148,21937,14489,17332884,0,949707
Geo14-IndiaTrial,26-04-2021,940880,1885558,842919,29022380,1,11069,21973,9820,24265362,0,949707
Geo14-IndiaTrial,03-05-2021,1534458,1146004,1327910,25760414,1,18053,13355,15471,19919712,0,949707
Geo14-IndiaTrial,10-05-2021,1468355,1440933,1459776,27624596,1,17275,16792,17007,23146548,0,949707
Geo14-IndiaTrial,17-05-2021,2641272,1463072,2811401,23098080,-2,31074,17050,32754,19051288,0,949707
Geo14-IndiaTrial,24-05-2021,2082363,725562,1811220,22681004,5,24499,8455,21101,26062422,0,949707
Geo14-IndiaTrial,31-05-2021,1986059,1704438,1287411,26913924,-4,23366,19863,14999,17786608,0,949707
Geo14-IndiaTrial,07-06-2021,2183059,2054689,2307612,27156372,3,25684,23944,26885,26976860,0,949707
Geo14-IndiaTrial,14-06-2021,1200820,2287168,2119783,25638202,-3,14128,26653,24696,18382402,0,949707
Geo14-IndiaTrial,21-06-2021,930626,1886822,2198177,23707472,0,10949,21988,25610,22115152,0,949707
Geo14-IndiaTrial,28-06-2021,2496961,2214056,2072538,27426716,3,29377,25801,24146,22899798,0,949707
Geo14-IndiaTrial,05-07-2021,1723835,2241686,1949258,24748068,0,20281,26123,22710,21198362,0,949707
Geo14-IndiaTrial,12-07-2021,2677605,1405946,1846292,25907990,-1,31502,16384,21510,22497044,0,949707
Geo14-IndiaTrial,19-07-2021,2080777,1024883,1671970,25946352,0,24480,11943,19479,24336702,0,949707
Geo14-IndiaTrial,26-07-2021,3056831,1272550,2618762,25415842,0,35963,14830,30510,21651932,0,949707
Geo14-IndiaTrial,02-08-2021,1725286,2445604,2361294,26977730,4,20298,28500,27510,25802120,0,949707
Geo14-IndiaTrial,09-08-2021,622118,728410,1819424,23636710,2,7319,8489,21197,23923926,0,949707
Geo14-IndiaTrial,16-08-2021,713229,1815584,1132733,27832370,-1,8391,21158,13197,17962910,0,949707
Geo14-IndiaTrial,23-08-2021,2635439,2069900,2704327,26019452,1,31006,24122,31506,24516102,0,949707
Geo14-IndiaTrial,30-08-2021,1730084,2255228,3038939,28523354,0,20354,26281,35405,21969772,0,949707
Geo14-IndiaTrial,06-09-2021,2700720,1304790,1746170,25821582,3,31774,15205,20344,21596880,0,949707
Geo14-IndiaTrial,13-09-2021,1392326,1765260,1448848,24312922,3,16381,20571,16880,26726110,0,949707
Geo14-IndiaTrial,20-09-2021,3273032,2322558,2441217,26768818,5,38507,27066,28441,25982026,0,949707
Geo14-IndiaTrial,27-09-2021,1775757,1732106,1352681,24061310,0,20892,20185,15759,18840912,0,949707
Geo14-IndiaTrial,04-10-2021,3132076,965283,1410356,24409326,-5,36849,11249,16431,14413013,0,949707
Geo14-IndiaTrial,11-10-2021,1533129,2543494,1728047,27801488,2,18037,29641,20132,25311400,0,949707
Geo14-IndiaTrial,18-10-2021,2300085,1396152,1729256,25106440,3,27060,16270,20146,24841912,0,949707
Geo14-IndiaTrial,25-10-2021,2053893,1365160,1766905,27460382,0,24164,15909,20585,20060230,0,949707
Geo14-IndiaTrial,01-11-2021,1970058,1189131,1122853,25928202,0,23178,13858,13082,22162658,0,949707
Geo14-IndiaTrial,08-11-2021,2301443,2325708,2027282,26406586,3,27076,27103,23619,23020458,0,949707
Geo14-IndiaTrial,15-11-2021,1112843,1652261,1875651,25309098,-1,13093,19255,21852,17438098,0,949707
Geo14-IndiaTrial,22-11-2021,1695018,1662921,1682407,25078564,1,19942,19379,19601,22630496,0,949707
Geo14-IndiaTrial,29-11-2021,2272282,2454300,2156676,26465740,7,26733,28601,25126,31784060,0,949707
Geo14-IndiaTrial,06-12-2021,2074246,976692,2249716,27074938,0,24403,11382,26210,18865080,0,949707
Geo14-IndiaTrial,13-12-2021,3512450,515825,678291,24325736,4,41324,6011,7902,25078544,0,949707
Geo14-IndiaTrial,20-12-2021,2625284,1820073,2289939,30776298,2,30886,21210,26679,23155626,0,949707
Geo14-IndiaTrial,27-12-2021,2911776,2189850,1250348,27086828,-2,34257,25519,14567,17926818,0,949707
Geo14-IndiaTrial,03-01-2022,2381837,1804496,2010840,23949508,-1,28022,21029,23427,21945262,0,949707
Geo14-IndiaTrial,10-01-2022,2475806,1811359,1714459,33310046,-1,29128,21109,19974,16915150,0,949707
Geo14-IndiaTrial,17-01-2022,1490356,1718178,1426545,26624408,8,17534,20023,16620,27992568,0,949707
Geo14-IndiaTrial,24-01-2022,1188087,2006164,1871665,23809870,1,13978,23379,21806,18997924,0,949707
Geo14-IndiaTrial,31-01-2022,1945615,1618978,828823,25510952,-4,22890,18867,9656,17184598,0,949707
Geo14-IndiaTrial,07-02-2022,2840655,1604502,1721907,23387344,0,33420,18698,20061,22637444,0,949707
Geo14-IndiaTrial,14-02-2022,2416258,1260921,2604921,25661576,-1,28427,14694,30348,16518951,0,949707
Geo14-IndiaTrial,21-02-2022,2123194,1119456,871289,25136550,0,24979,13046,10151,21006008,0,949707
Geo14-IndiaTrial,28-02-2022,2175797,1235838,1778291,24923564,1,25598,14402,20718,20216644,0,949707
Geo14-IndiaTrial,07-03-2022,3157414,2797611,894044,27213036,0,37147,32602,10416,20976754,0,949707
Geo14-IndiaTrial,14-03-2022,1196925,2476958,2118713,23368324,1,14082,28865,24684,19744530,0,949707
Geo14-IndiaTrial,21-03-2022,611405,907653,1440404,23818448,2,7193,10577,16781,22873996,0,949707
Geo14-IndiaTrial,28-03-2022,1630143,1479476,2626899,22544940,-5,19179,17241,30604,15414758,0,949707
Geo14-IndiaTrial,04-04-2022,1855405,1260162,1449644,24690878,-1,21829,14685,16889,18281650,0,949707
Geo14-IndiaTrial,11-04-2022,1977652,792736,1683532,24700798,-2,23267,9238,19614,18507658,0,949707
Geo14-IndiaTrial,18-04-2022,1749857,2004680,1047670,22073490,-3,20587,23361,12206,14949397,0,949707
Geo14-IndiaTrial,25-04-2022,2158656,2652804,977720,25757532,-1,25396,30914,11391,20100012,0,949707
Geo14-IndiaTrial,02-05-2022,2442938,2081013,3351458,18544462,-4,28741,24251,39046,16833542,0,949707
Geo14-IndiaTrial,09-05-2022,1769468,190071,1909476,23626110,0,20818,2215,22246,18195702,0,949707
Geo14-IndiaTrial,16-05-2022,3589297,1469458,2160503,27067772,6,42228,17124,25171,26997954,0,949707
Geo14-IndiaTrial,23-05-2022,3316657,154936,2050176,23150660,6,39020,1806,23885,28854838,0,949707
Geo14-IndiaTrial,30-05-2022,3245610,2312056,2545134,27702590,-3,38184,26943,29652,19914638,0,949707
Geo14-IndiaTrial,06-06-2022,2588837,2184424,1761880,22797422,3,30458,25456,20527,25732536,0,949707
Geo14-IndiaTrial,13-06-2022,1261550,1249866,2169716,25083958,2,14842,14565,25278,26538554,0,949707
Geo14-IndiaTrial,20-06-2022,2578858,1883757,566436,25364294,2,30340,21952,6599,23607314,0,949707
Geo14-IndiaTrial,27-06-2022,1906908,2521709,2512934,21933362,-6,22435,29387,29277,13514624,0,949707
Geo14-IndiaTrial,04-07-2022,2712691,1113069,2301182,28195424,1,31915,12971,26810,25811036,0,949707
Geo14-IndiaTrial,11-07-2022,1701996,1959054,1690675,25926102,1,20024,22830,19697,21218930,0,949707
Geo14-IndiaTrial,18-07-2022,1336250,2269578,1876916,27565296,0,15721,26448,21867,17462682,0,949707
Geo14-IndiaTrial,25-07-2022,3096277,2379338,1961805,25700838,1,36428,27728,22856,22995252,0,949707
Geo14-IndiaTrial,01-08-2022,2393028,817504,1949499,24843566,-1,28154,9527,22712,18867770,0,949707
Geo14-IndiaTrial,08-08-2022,2364484,385935,2340381,24381466,5,27818,4497,27266,23534952,0,949707
Geo14-IndiaTrial,15-08-2022,1971259,2211589,1878425,28540322,5,23192,25773,21884,25878778,0,949707
Geo14-IndiaTrial,22-08-2022,2477402,3253320,1461338,27610836,0,29147,37912,17025,21288444,0,949707
Geo14-IndiaTrial,29-08-2022,2494645,1759230,2465256,25626968,-3,29349,20501,28721,16832522,0,949707
Geo14-IndiaTrial,05-09-2022,1765218,1858324,1804557,25339750,0,20768,21656,21024,15794115,0,949707
Geo14-IndiaTrial,12-09-2022,1638671,2025900,2027123,30194526,2,19279,23609,23617,24735102,0,949707
Geo14-IndiaTrial,19-09-2022,2138968,2683134,1070452,28519632,-3,25165,31268,12471,17851902,0,949707
Geo14-IndiaTrial,26-09-2022,1208624,2743408,2004816,22663452,0,14219,31970,23357,19145562,0,949707
Geo14-IndiaTrial,03-10-2022,2038221,2106368,1846041,22656748,4,23980,24547,21507,26810130,0,949707
Geo14-IndiaTrial,10-10-2022,3160392,1724885,2423238,26381186,-5,37182,20101,28232,14190175,0,949707
Geo14-IndiaTrial,17-10-2022,1974256,1609233,1283057,22107172,2,23227,18753,14948,23932592,0,949707
Geo14-IndiaTrial,24-10-2022,2419770,1816750,395869,25199394,-3,28468,21171,4612,17471852,0,949707
Geo14-IndiaTrial,31-10-2022,1472710,1528963,2149830,24997570,-3,17326,17818,25046,12922001,0,949707
Geo14-IndiaTrial,07-11-2022,2133832,568950,1286065,25749448,-3,25104,6630,14983,21223414,0,949707
Geo14-IndiaTrial,14-11-2022,1850473,1934130,854098,24340966,5,21771,22539,9951,24996074,0,949707
Geo14-IndiaTrial,21-11-2022,2719811,1665742,1392213,21878864,4,31998,19412,16220,24116630,0,949707
Geo14-IndiaTrial,28-11-2022,1755166,1584802,2572622,24912572,2,20649,18468,29972,19330920,0,949707
Geo14-IndiaTrial,05-12-2022,1866414,3061114,969593,27613540,1,21958,35673,11296,20854856,0,949707
Geo14-IndiaTrial,12-12-2022,2915246,2394668,991493,30056428,-1,34298,27906,11551,21923586,0,949707
Geo14-IndiaTrial,19-12-2022,2084328,2172217,2603800,25323692,-5,24522,25314,30335,15443308,0,949707
Geo14-IndiaTrial,26-12-2022,2391724,2211666,1731896,24883250,-2,28139,25774,20177,21095972,0,949707
Geo14-IndiaTrial,02-01-2023,1783322,2612912,804939,27571958,4,20981,30450,9378,24505064,0,949707
Geo14-IndiaTrial,09-01-2023,1921946,1276578,1354753,23279452,2,22612,14877,15783,23683226,0,949707
Geo14-IndiaTrial,16-01-2023,1778142,1586008,262331,23502988,2,20920,18483,3056,22448026,0,949707
Geo14-IndiaTrial,23-01-2023,1540258,2401269,1023895,29026210,-4,18121,27983,11929,16322174,0,949707
Geo14-IndiaTrial,30-01-2023,996929,2543140,1488290,23001658,2,11729,29636,17339,19325148,0,949707
Geo14-IndiaTrial,06-02-2023,2411762,2053236,3128603,24665834,2,28374,23927,36449,23936470,0,949707
Geo14-IndiaTrial,13-02-2023,3427593,1452801,1232542,27032494,0,40325,16930,14360,21257866,0,949707
Geo14-IndiaTrial,20-02-2023,758345,1246161,1327783,22745368,-1,8922,14522,15469,17392750,0,949707
Geo14-IndiaTrial,27-02-2023,1766492,2124262,1679394,25253292,-4,20783,24755,19566,17014292,0,949707
Geo14-IndiaTrial,06-03-2023,3238749,1710755,1608800,23153206,4,38104,19936,18743,22040588,0,949707
Geo14-IndiaTrial,13-03-2023,1663338,3074301,1070166,23544944,0,19569,35826,12468,19876272,0,949707
Geo14-IndiaTrial,20-03-2023,1080715,2910994,1906609,22482882,-1,12715,33923,22213,18598916,0,949707
Geo14-IndiaTrial,27-03-2023,2273230,717398,2070792,26102966,1,26744,8360,24126,23955870,0,949707
Geo14-IndiaTrial,03-04-2023,2218880,264727,1435301,22473818,-7,26105,3085,16722,12275325,0,949707
Geo14-IndiaTrial,10-04-2023,2076752,1477125,1801294,24546078,-5,24433,17214,20986,13168364,0,949707
Geo14-IndiaTrial,17-04-2023,1986767,2601173,1286308,25661990,2,23374,30313,14986,23998694,0,949707
Geo14-IndiaTrial,24-04-2023,2291741,723545,1043246,22734934,3,26962,8432,12154,23963326,0,949707
Geo14-IndiaTrial,01-05-2023,2721100,1383506,2394284,27179862,0,32014,16123,27894,22111088,0,949707
Geo14-IndiaTrial,08-05-2023,2438330,1448890,1673399,22211286,6,28687,16885,19496,26538434,0,949707
Geo14-IndiaTrial,15-05-2023,2210876,1939049,2753822,26871862,0,26011,22597,32083,22304598,0,949707
Geo14-IndiaTrial,22-05-2023,1261803,1496689,2796006,25121138,3,14845,17442,32575,25575816,0,949707
Geo14-IndiaTrial,29-05-2023,1549263,2008227,1059558,28709502,-2,18227,23403,12344,20996798,0,949707
Geo14-IndiaTrial,05-06-2023,461372,2505290,721366,22965434,0,5428,29195,8404,21705354,0,949707
Geo14-IndiaTrial,12-06-2023,1121735,2460335,1077559,23041076,-2,13197,28671,12554,16368086,0,949707
Geo14-IndiaTrial,19-06-2023,2300654,2474933,677206,23287266,3,27067,28842,7890,24427372,0,949707
Geo14-IndiaTrial,26-06-2023,2610573,858693,1979925,23690524,2,30713,10007,23067,26524838,0,949707
Geo14-IndiaTrial,03-07-2023,2738708,1950106,1518410,23272478,0,32221,22726,17690,23482102,0,949707
Geo14-IndiaTrial,10-07-2023,1264699,2349545,1671184,25106650,1,14879,27380,19470,24440580,0,949707
Geo14-IndiaTrial,17-07-2023,2399079,2741902,1198014,25041152,1,28225,31953,13957,19918148,0,949707
Geo14-IndiaTrial,24-07-2023,711100,1337658,1684320,23952324,-1,8366,15588,19623,20525426,0,949707
Geo14-IndiaTrial,31-07-2023,2387845,1576431,2138884,25122570,0,28093,18371,24919,20710006,0,949707
Geo14-IndiaTrial,07-08-2023,1170254,1945063,1667569,23392572,4,13768,22667,19428,25510310,0,949707
Geo14-IndiaTrial,14-08-2023,2405454,2351214,1571707,28001630,5,28300,27400,18311,27182426,0,949707
Geo14-IndiaTrial,21-08-2023,3244248,1420294,307890,26617238,-1,38168,16551,3587,20088912,0,949707
Geo14-IndiaTrial,28-08-2023,2740910,1833836,1158558,25251378,2,32247,21371,13498,25117076,0,949707
Geo14-IndiaTrial,04-09-2023,453618,2208410,3218134,24794398,-1,5337,25736,37492,20698678,0,949707
Geo14-IndiaTrial,11-09-2023,2628012,2090880,2527685,26577464,1,30918,24366,29448,22470658,0,949707
Geo14-IndiaTrial,18-09-2023,3207130,1502662,936060,27176054,-4,37732,17511,10905,15460651,0,949707
Geo14-IndiaTrial,25-09-2023,2112380,1197068,67323,25686768,0,24852,13950,784,15821694,0,949707
Geo14-IndiaTrial,02-10-2023,2329679,1884195,1670404,28161562,-3,27409,21957,19461,17748642,0,949707
Geo14-IndiaTrial,09-10-2023,2601073,2606190,1727832,26562824,-2,30602,30371,20130,19259842,0,949707
Geo14-IndiaTrial,16-10-2023,2066030,1084634,2022078,30389792,0,24307,12640,23558,23077528,0,949707
Geo14-IndiaTrial,23-10-2023,1440054,1048602,1263228,24407496,3,16942,12220,14717,21891466,0,949707
Geo14-IndiaTrial,30-10-2023,1884654,1656487,1556794,26763892,-6,22173,19304,18137,15612785,0,949707
Geo14-IndiaTrial,06-11-2023,2071481,2266388,2009506,27345772,-1,24371,26411,23412,22222610,0,949707
Geo14-IndiaTrial,13-11-2023,1601093,2367362,1352058,28012256,-1,18837,27588,15752,21638084,0,949707
Geo14-IndiaTrial,20-11-2023,2470064,1535396,1488889,22715036,-4,29060,17893,17346,16269166,0,949707
Geo14-IndiaTrial,27-11-2023,2741428,1140438,1577486,28046636,2,32253,13290,18378,23574602,0,949707
Geo14-IndiaTrial,04-12-2023,1773013,2512937,2453650,27139974,3,20859,29284,28586,21964576,0,949707
Geo14-IndiaTrial,11-12-2023,1741220,1946960,2204414,27526518,-3,20485,22689,25682,18549296,0,949707
Geo14-IndiaTrial,18-12-2023,2941117,1014583,1201670,25054392,0,34602,11823,14000,20630840,0,949707
Geo14-IndiaTrial,25-12-2023,2085186,2007343,426026,21577446,-2,24532,23393,4963,18200730,0,949707
Geo14-IndiaTrial,01-01-2024,2143605,1302053,1337565,27299594,-2,25219,15173,15583,22072336,0,949707
Geo14-IndiaTrial,08-01-2024,1900406,0,605960,23099834,-1,22358,0,7060,16678363,0,949707
Geo14-IndiaTrial,15-01-2024,1482134,1468292,2056506,25004290,3,17437,17111,23959,25668306,0,949707
Geo15-IndiaTrial,25-01-2021,420336,108037,299708,3783012,1,4945,1259,3492,4534326,0,187778
Geo15-IndiaTrial,01-02-2021,264513,140398,356869,3725313,-5,3112,1636,4158,2849482,0,187778
Geo15-IndiaTrial,08-02-2021,127294,530744,456436,4211058,-6,1498,6185,5318,3036626,0,187778
Geo15-IndiaTrial,15-02-2021,244708,369579,410883,3872252,-1,2879,4307,4787,3825473,0,187778
Geo15-IndiaTrial,22-02-2021,351763,583868,361297,3831265,2,4138,6804,4209,4720339,0,187778
Geo15-IndiaTrial,01-03-2021,397985,264900,161180,2862991,1,4682,3087,1878,4583781,0,187778
Geo15-IndiaTrial,08-03-2021,481622,233188,286783,4167480,1,5666,2717,3341,5078954,0,187778
Geo15-IndiaTrial,15-03-2021,268771,145500,394345,4248986,-1,3162,1696,4594,4113003,0,187778
Geo15-IndiaTrial,22-03-2021,443539,350937,535405,4697356,-1,5218,4090,6238,4157431,0,187778
Geo15-IndiaTrial,29-03-2021,488651,141424,211864,4362292,5,5749,1648,2468,5886920,0,187778
Geo15-IndiaTrial,05-04-2021,414564,277096,481384,4733528,0,4877,3229,5608,4525276,0,187778
Geo15-IndiaTrial,12-04-2021,412782,639545,459813,4374704,-2,4856,7453,5357,4701316,0,187778
Geo15-IndiaTrial,19-04-2021,538024,494913,294563,4146755,-3,6330,5767,3432,4153401,0,187778
Geo15-IndiaTrial,26-04-2021,190473,429282,84393,5142440,1,2241,5003,983,5061883,0,187778
Geo15-IndiaTrial,03-05-2021,237049,210294,360182,4366502,-1,2789,2451,4196,3778978,0,187778
Geo15-IndiaTrial,10-05-2021,491807,315900,210902,5146148,2,5786,3681,2457,5183431,0,187778
Geo15-IndiaTrial,17-05-2021,429824,240633,397247,4154813,-7,5057,2804,4628,2982778,0,187778
Geo15-IndiaTrial,24-05-2021,251486,217509,478236,4036924,-2,2959,2535,5572,3869038,0,187778
Geo15-IndiaTrial,31-05-2021,320455,363606,229390,4886650,0,3770,4237,2672,5040475,0,187778
Geo15-IndiaTrial,07-06-2021,448825,499238,542428,4750110,3,5280,5818,6319,5729464,0,187778
Geo15-IndiaTrial,14-06-2021,259242,229027,368835,4733454,3,3050,2669,4297,5716145,0,187778
Geo15-IndiaTrial,21-06-2021,354350,315163,627707,4290732,-5,4169,3673,7313,3298294,0,187778
Geo15-IndiaTrial,28-06-2021,641544,353079,439983,5020338,2,7548,4115,5126,4903485,0,187778
Geo15-IndiaTrial,05-07-2021,500305,395799,542700,4486224,-2,5886,4612,6323,4262362,0,187778
Geo15-IndiaTrial,12-07-2021,422427,342255,328033,4773462,-1,4970,3988,3822,4685630,0,187778
Geo15-IndiaTrial,19-07-2021,388644,160321,303191,4684603,4,4572,1868,3532,5995389,0,187778
Geo15-IndiaTrial,26-07-2021,559619,417995,516274,4530074,5,6584,4871,6015,5832973,0,187778
Geo15-IndiaTrial,02-08-2021,355677,297902,446867,4896282,-2,4185,3472,5206,4095650,0,187778
Geo15-IndiaTrial,09-08-2021,295462,229755,290717,4708587,-5,3476,2677,3387,3902823,0,187778
Geo15-IndiaTrial,16-08-2021,245596,581645,271612,5243310,5,2889,6778,3164,5534712,0,187778
Geo15-IndiaTrial,23-08-2021,469007,409701,534894,4787240,0,5518,4774,6232,5166585,0,187778
Geo15-IndiaTrial,30-08-2021,323017,344532,456129,5369663,2,3800,4015,5314,5056297,0,187778
Geo15-IndiaTrial,06-09-2021,535887,293441,268931,4511068,1,6305,3420,3133,4151577,0,187778
Geo15-IndiaTrial,13-09-2021,200445,407049,388668,4363994,3,2358,4744,4528,5540892,0,187778
Geo15-IndiaTrial,20-09-2021,695948,421967,424075,4912719,-4,8188,4917,4941,3292219,0,187778
Geo15-IndiaTrial,27-09-2021,467992,461199,517585,4583924,-3,5506,5375,6030,3728392,0,187778
Geo15-IndiaTrial,04-10-2021,572831,377309,306813,4386318,1,6739,4397,3574,4926869,0,187778
Geo15-IndiaTrial,11-10-2021,466652,328897,422035,5073332,0,5490,3833,4917,4907536,0,187778
Geo15-IndiaTrial,18-10-2021,348436,579084,155967,4686690,5,4099,6748,1817,6004357,0,187778
Geo15-IndiaTrial,25-10-2021,464641,386064,352581,5059542,0,5466,4499,4108,4638676,0,187778
Geo15-IndiaTrial,01-11-2021,445337,386078,150028,4516850,2,5239,4499,1748,5204956,0,187778
Geo15-IndiaTrial,08-11-2021,252812,417669,226807,4881892,-4,2974,4867,2642,3352516,0,187778
Geo15-IndiaTrial,15-11-2021,286698,526574,204467,4571149,-1,3373,6136,2382,3748702,0,187778
Geo15-IndiaTrial,22-11-2021,411096,447851,346297,4825306,-7,4837,5219,4034,3076553,0,187778
Geo15-IndiaTrial,29-11-2021,653625,289677,387040,4811668,-4,7690,3376,4509,3924086,0,187778
Geo15-IndiaTrial,06-12-2021,321313,316287,392053,5211821,0,3780,3686,4568,4361070,0,187778
Geo15-IndiaTrial,13-12-2021,611931,514928,144890,4496656,2,7199,6001,1688,4895481,0,187778
Geo15-IndiaTrial,20-12-2021,581288,82607,163939,5474685,-1,6839,963,1910,4126579,0,187778
Geo15-IndiaTrial,27-12-2021,504594,296920,358989,4927005,1,5937,3460,4182,4486560,0,187778
Geo15-IndiaTrial,03-01-2022,492609,277918,452105,4213442,-1,5796,3239,5267,4680086,0,187778
Geo15-IndiaTrial,10-01-2022,295556,336516,354962,5909022,2,3477,3922,4135,4454710,0,187778
Geo15-IndiaTrial,17-01-2022,516600,192162,213739,5112293,1,6078,2239,2490,4462336,0,187778
Geo15-IndiaTrial,24-01-2022,405979,164211,495706,4238578,1,4776,1914,5775,4029243,0,187778
Geo15-IndiaTrial,31-01-2022,546813,235464,472766,4662210,6,6433,2744,5508,6135375,0,187778
Geo15-IndiaTrial,07-02-2022,368412,293025,276031,4416524,2,4334,3415,3216,5102045,0,187778
Geo15-IndiaTrial,14-02-2022,350853,303304,318836,4858970,-1,4128,3535,3715,3748728,0,187778
Geo15-IndiaTrial,21-02-2022,334543,264079,205673,4433578,-4,3936,3077,2396,3398814,0,187778
Geo15-IndiaTrial,28-02-2022,408544,406034,280456,4482604,2,4807,4732,3267,4972949,0,187778
Geo15-IndiaTrial,07-03-2022,474450,406912,315644,4857249,2,5582,4742,3677,5094281,0,187778
Geo15-IndiaTrial,14-03-2022,372255,364975,390157,4256442,2,4380,4253,4545,4319193,0,187778
Geo15-IndiaTrial,21-03-2022,232193,234978,306969,4258640,1,2732,2738,3576,4729968,0,187778
Geo15-IndiaTrial,28-03-2022,305811,353402,282875,4024123,-4,3598,4118,3296,3698470,0,187778
Geo15-IndiaTrial,04-04-2022,301278,389015,393759,4719084,10,3545,4533,4587,6710576,0,187778
Geo15-IndiaTrial,11-04-2022,484943,291756,361333,4484776,-3,5705,3400,4210,3679419,0,187778
Geo15-IndiaTrial,18-04-2022,609302,225003,114731,4073448,-1,7168,2622,1337,3490182,0,187778
Geo15-IndiaTrial,25-04-2022,624217,549593,167059,5013242,-7,7344,6405,1946,3145891,0,187778
Geo15-IndiaTrial,02-05-2022,422587,275954,218185,3433360,7,4972,3216,2542,6001419,0,187778
Geo15-IndiaTrial,09-05-2022,429081,120564,332391,4261558,-2,5048,1405,3872,3512974,0,187778
Geo15-IndiaTrial,16-05-2022,500901,280506,572687,4770480,4,5893,3269,6672,5279666,0,187778
Geo15-IndiaTrial,23-05-2022,552128,0,420616,4167684,-6,6496,0,4900,3054817,0,187778
Geo15-IndiaTrial,30-05-2022,429403,304839,447822,5089632,-2,5052,3552,5217,4342645,0,187778
Geo15-IndiaTrial,06-06-2022,385453,375595,296878,4130166,3,4535,4377,3459,5421161,0,187778
Geo15-IndiaTrial,13-06-2022,408678,527947,300427,4458974,3,4808,6152,3500,6158211,0,187778
Geo15-IndiaTrial,20-06-2022,486834,535279,98584,4552704,3,5728,6238,1149,5098367,0,187778
Geo15-IndiaTrial,27-06-2022,462777,370115,449570,3870657,-4,5445,4313,5238,3536440,0,187778
Geo15-IndiaTrial,04-07-2022,584964,387492,475330,4964000,-3,6882,4516,5538,4291719,0,187778
Geo15-IndiaTrial,11-07-2022,268222,436028,174506,4598070,-3,3156,5081,2033,3461372,0,187778
Geo15-IndiaTrial,18-07-2022,428914,336743,435055,5039544,5,5046,3924,5069,4778033,0,187778
Geo15-IndiaTrial,25-07-2022,353067,536696,579854,4381214,-4,4154,6254,6756,3699507,0,187778
Geo15-IndiaTrial,01-08-2022,634608,127939,312157,4783746,-5,7466,1491,3637,3300293,0,187778
Geo15-IndiaTrial,08-08-2022,446428,41445,450124,4472178,0,5252,483,5244,3846845,0,187778
Geo15-IndiaTrial,15-08-2022,472690,404206,535003,4942413,-3,5561,4710,6233,3620146,0,187778
Geo15-IndiaTrial,22-08-2022,465359,487648,276509,5262000,-2,5475,5683,3221,4202896,0,187778
Geo15-IndiaTrial,29-08-2022,476331,480816,365790,4916158,3,5604,5603,4262,4983048,0,187778
Geo15-IndiaTrial,05-09-2022,414830,405560,400965,4489738,-1,4880,4726,4671,3081332,0,187778
Geo15-IndiaTrial,12-09-2022,324977,443927,465212,5669054,-2,3823,5173,5420,4561501,0,187778
Geo15-IndiaTrial,19-09-2022,415499,528262,149866,5252235,2,4888,6156,1746,5236884,0,187778
Geo15-IndiaTrial,26-09-2022,138934,578097,411602,4224310,2,1635,6737,4795,4560101,0,187778
Geo15-IndiaTrial,03-10-2022,463228,94779,397860,4212974,-2,5450,1105,4635,4083705,0,187778
Geo15-IndiaTrial,10-10-2022,504426,286801,272307,4728202,-3,5935,3342,3172,3840729,0,187778
Geo15-IndiaTrial,17-10-2022,352171,440573,303620,3948234,2,4143,5134,3537,5206722,0,187778
Geo15-IndiaTrial,24-10-2022,715024,208157,95663,4681852,-1,8412,2426,1115,4245385,0,187778
Geo15-IndiaTrial,31-10-2022,429488,323434,272717,4871719,-7,5053,3769,3177,2052983,0,187778
Geo15-IndiaTrial,07-11-2022,568561,138925,288237,5000364,7,6689,1619,3358,6849457,0,187778
Geo15-IndiaTrial,14-11-2022,273298,267235,190569,4631796,-6,3215,3114,2220,2803088,0,187778
Geo15-IndiaTrial,21-11-2022,658793,24705,243887,4124064,-2,7751,288,2841,3840553,0,187778
Geo15-IndiaTrial,28-11-2022,497901,202276,476660,4858803,0,5858,2357,5553,3536322,0,187778
Geo15-IndiaTrial,05-12-2022,270869,384352,449822,5115489,4,3187,4479,5241,5336564,0,187778
Geo15-IndiaTrial,12-12-2022,576106,439842,422701,5702270,-1,6778,5126,4925,4694784,0,187778
Geo15-IndiaTrial,19-12-2022,415432,338302,358115,4680404,-1,4888,3942,4172,4428044,0,187778
Geo15-IndiaTrial,26-12-2022,523059,523156,321611,4527068,1,6154,6097,3747,5417268,0,187778
Geo15-IndiaTrial,02-01-2023,188711,372560,311553,5091877,-5,2220,4342,3630,3323066,0,187778
Geo15-IndiaTrial,09-01-2023,449584,243957,324482,4166115,-2,5289,2843,3780,4036440,0,187778
Geo15-IndiaTrial,16-01-2023,532823,418098,232980,4294723,-2,6269,4872,2714,3960747,0,187778
Geo15-IndiaTrial,23-01-2023,278971,262806,454290,5174093,-2,3282,3063,5293,3871512,0,187778
Geo15-IndiaTrial,30-01-2023,358660,460915,219550,4244495,-2,4220,5371,2558,3308852,0,187778
Geo15-IndiaTrial,06-02-2023,331897,219299,577260,4453358,-4,3905,2556,6725,3724823,0,187778
Geo15-IndiaTrial,13-02-2023,503807,137877,473704,5000406,0,5927,1607,5519,4772117,0,187778
Geo15-IndiaTrial,20-02-2023,280862,287901,407745,4022917,5,3304,3355,4750,5483180,0,187778
Geo15-IndiaTrial,27-02-2023,472858,287057,356206,4654420,-3,5563,3345,4150,3987685,0,187778
Geo15-IndiaTrial,06-03-2023,522379,221147,213996,4174352,-4,6146,2577,2493,2731876,0,187778
Geo15-IndiaTrial,13-03-2023,350341,521973,152940,4466914,2,4122,6083,1782,4735681,0,187778
Geo15-IndiaTrial,20-03-2023,623333,451950,443967,4018933,8,7333,5267,5172,6278390,0,187778
Geo15-IndiaTrial,27-03-2023,474076,0,352735,4890880,-1,5577,0,4109,4655254,0,187778
Geo15-IndiaTrial,03-04-2023,367179,198991,586153,4256709,0,4320,2319,6829,4761508,0,187778
Geo15-IndiaTrial,10-04-2023,305102,518105,231738,4528371,2,3590,6038,2700,4677538,0,187778
Geo15-IndiaTrial,17-04-2023,586711,393941,382798,4630122,2,6903,4591,4460,5243147,0,187778
Geo15-IndiaTrial,24-04-2023,504542,309043,96899,4211035,-2,5936,3601,1129,4153360,0,187778
Geo15-IndiaTrial,01-05-2023,571293,107912,298689,5245803,-3,6721,1258,3480,4005690,0,187778
Geo15-IndiaTrial,08-05-2023,521158,213513,148723,4099555,-5,6131,2488,1733,3327676,0,187778
Geo15-IndiaTrial,15-05-2023,583668,231493,423353,5126710,0,6867,2698,4932,4651715,0,187778
Geo15-IndiaTrial,22-05-2023,269121,214176,521268,4381690,-3,3166,2496,6073,3877355,0,187778
Geo15-IndiaTrial,29-05-2023,130297,362110,202856,5247045,1,1533,4220,2363,5200217,0,187778
Geo15-IndiaTrial,05-06-2023,296218,517216,0,4176410,3,3485,6027,0,5267366,0,187778
Geo15-IndiaTrial,12-06-2023,441543,108488,165244,4671626,-1,5195,1264,1925,3770866,0,187778
Geo15-IndiaTrial,19-06-2023,379022,387747,385067,4194103,-2,4459,4519,4486,4281972,0,187778
Geo15-IndiaTrial,26-06-2023,476472,392210,427782,4335746,-1,5606,4571,4984,5071997,0,187778
Geo15-IndiaTrial,03-07-2023,329688,260627,247792,3968565,0,3879,3037,2887,5013387,0,187778
Geo15-IndiaTrial,10-07-2023,345693,450663,134288,4740122,-2,4067,5252,1565,4605486,0,187778
Geo15-IndiaTrial,17-07-2023,435719,307360,221767,4588669,-2,5126,3582,2584,4022251,0,187778
Geo15-IndiaTrial,24-07-2023,52216,85616,398336,4327148,-1,614,998,4641,4231832,0,187778
Geo15-IndiaTrial,31-07-2023,286251,241711,515238,4632778,-6,3368,2817,6003,3117875,0,187778
Geo15-IndiaTrial,07-08-2023,292688,412376,259572,4160511,-2,3443,4806,3024,4355678,0,187778
Geo15-IndiaTrial,14-08-2023,533164,544484,271051,5036794,3,6273,6345,3158,5216024,0,187778
Geo15-IndiaTrial,21-08-2023,547250,147336,136874,4637916,0,6438,1717,1595,4375087,0,187778
Geo15-IndiaTrial,28-08-2023,196163,224258,250609,4341076,-3,2308,2613,2920,4119076,0,187778
Geo15-IndiaTrial,04-09-2023,243877,442034,427987,4445932,4,2869,5151,4986,5441587,0,187778
Geo15-IndiaTrial,11-09-2023,589082,261876,355475,4773395,-2,6931,3052,4141,3837015,0,187778
Geo15-IndiaTrial,18-09-2023,323327,254269,372256,4934426,-3,3804,2963,4337,3524698,0,187778
Geo15-IndiaTrial,25-09-2023,468627,430830,98914,4553695,-3,5513,5021,1152,2782700,0,187778
Geo15-IndiaTrial,02-10-2023,470168,408547,552254,5010242,-3,5532,4761,6434,4252396,0,187778
Geo15-IndiaTrial,09-10-2023,418971,189111,358064,4795711,-3,4929,2204,4172,4263202,0,187778
Geo15-IndiaTrial,16-10-2023,133045,200710,266198,5130667,-6,1565,2339,3101,3344177,0,187778
Geo15-IndiaTrial,23-10-2023,417644,123337,162764,4230152,0,4914,1437,1896,4231348,0,187778
Geo15-IndiaTrial,30-10-2023,451582,233693,271554,4898694,-3,5313,2723,3164,4259276,0,187778
Geo15-IndiaTrial,06-11-2023,419224,403215,249692,4742877,7,4932,4699,2909,6875076,0,187778
Geo15-IndiaTrial,13-11-2023,290563,583490,118635,5248520,-1,3418,6800,1382,4429362,0,187778
Geo15-IndiaTrial,20-11-2023,528434,345867,0,3977815,3,6217,4031,0,5258059,0,187778
Geo15-IndiaTrial,27-11-2023,558366,427200,320076,5209749,3,6569,4978,3729,5037990,0,187778
Geo15-IndiaTrial,04-12-2023,378572,138356,291413,5107242,2,4454,1612,3395,4264167,0,187778
Geo15-IndiaTrial,11-12-2023,372963,188306,207107,4934783,1,4388,2194,2413,4863635,0,187778
Geo15-IndiaTrial,18-12-2023,394426,293566,399326,4567829,-2,4640,3421,4652,3999974,0,187778
Geo15-IndiaTrial,25-12-2023,439382,305349,168934,4051295,6,5169,3558,1968,5526927,0,187778
Geo15-IndiaTrial,01-01-2024,449034,564865,144068,4965228,0,5283,6583,1678,5240966,0,187778
Geo15-IndiaTrial,08-01-2024,480018,0,0,4069919,-2,5647,0,0,3255655,0,187778
Geo15-IndiaTrial,15-01-2024,376585,255377,359017,4509176,0,4431,2976,4183,4678157,0,187778
Geo16-IndiaTrial,25-01-2021,1101087,409341,679838,5789076,7,12954,4770,7920,8887879,0,307289
Geo16-IndiaTrial,01-02-2021,486007,555590,786514,5905904,2,5718,6475,9163,6839221,0,307289
Geo16-IndiaTrial,08-02-2021,651404,467131,661207,7076642,3,7664,5444,7703,7835352,0,307289
Geo16-IndiaTrial,15-02-2021,320202,716848,630268,6350127,0,3767,8354,7343,5917074,0,307289
Geo16-IndiaTrial,22-02-2021,752795,662861,580256,6460132,-2,8857,7725,6760,5423194,0,307289
Geo16-IndiaTrial,01-03-2021,828271,256110,457821,5136244,-3,9745,2985,5334,5059026,0,307289
Geo16-IndiaTrial,08-03-2021,724781,595488,803901,7256399,-1,8527,6940,9366,6626317,0,307289
Geo16-IndiaTrial,15-03-2021,606967,433269,440006,7001049,-7,7141,5049,5126,3571915,0,307289
Geo16-IndiaTrial,22-03-2021,608906,282251,895315,7814962,-5,7164,3289,10431,3736549,0,307289
Geo16-IndiaTrial,29-03-2021,745068,262308,459675,7259069,-4,8766,3057,5355,5615271,0,307289
Geo16-IndiaTrial,05-04-2021,681287,428839,517011,8344978,-4,8015,4997,6023,5421864,0,307289
Geo16-IndiaTrial,12-04-2021,452641,610959,793558,6765392,-4,5325,7120,9245,5961715,0,307289
Geo16-IndiaTrial,19-04-2021,915461,722343,78824,7190762,3,10770,8418,918,8039018,0,307289
Geo16-IndiaTrial,26-04-2021,317161,549570,170786,8869353,-5,3731,6404,1990,5115938,0,307289
Geo16-IndiaTrial,03-05-2021,814061,196842,623889,7412184,6,9577,2294,7269,8222833,0,307289
Geo16-IndiaTrial,10-05-2021,656023,499125,400115,8248276,2,7718,5817,4661,7466627,0,307289
Geo16-IndiaTrial,17-05-2021,820238,502406,912749,6718628,0,9650,5855,10634,6744987,0,307289
Geo16-IndiaTrial,24-05-2021,703605,206435,739646,6610610,1,8278,2406,8617,7006946,0,307289
Geo16-IndiaTrial,31-05-2021,761980,548901,130216,8561063,-6,8965,6397,1517,5065192,0,307289
Geo16-IndiaTrial,07-06-2021,675037,651450,575885,8272654,-1,7942,7592,6709,6777164,0,307289
Geo16-IndiaTrial,14-06-2021,415070,449282,568561,8261250,0,4883,5236,6624,7158401,0,307289
Geo16-IndiaTrial,21-06-2021,939957,440133,789736,7541566,4,11059,5129,9201,8195997,0,307289
Geo16-IndiaTrial,28-06-2021,699244,403702,531506,8418240,-4,8227,4705,6192,4497719,0,307289
Geo16-IndiaTrial,05-07-2021,573231,337526,828102,7620750,-2,6744,3933,9648,5794514,0,307289
Geo16-IndiaTrial,12-07-2021,1271296,839844,538300,8016895,1,14957,9787,6271,7606600,0,307289
Geo16-IndiaTrial,19-07-2021,785440,261907,583630,7975669,0,9241,3052,6800,7683809,0,307289
Geo16-IndiaTrial,26-07-2021,1122023,390497,762428,7958484,-4,13201,4551,8883,5097507,0,307289
Geo16-IndiaTrial,02-08-2021,585094,723510,632139,8356284,5,6884,8431,7365,8630508,0,307289
Geo16-IndiaTrial,09-08-2021,417265,429295,503023,7788660,3,4909,5003,5860,8347370,0,307289
Geo16-IndiaTrial,16-08-2021,329215,369391,636150,8779097,-5,3873,4305,7411,3863673,0,307289
Geo16-IndiaTrial,23-08-2021,902567,723012,651201,7725142,-3,10619,8426,7587,6439547,0,307289
Geo16-IndiaTrial,30-08-2021,441623,494006,688448,8941920,3,5196,5757,8021,8132806,0,307289
Geo16-IndiaTrial,06-09-2021,685111,585495,584426,7810881,0,8060,6823,6809,5454512,0,307289
Geo16-IndiaTrial,13-09-2021,691402,652937,810579,7340333,0,8134,7609,9444,7391761,0,307289
Geo16-IndiaTrial,20-09-2021,891381,640666,864706,7932174,2,10487,7466,10074,7001356,0,307289
Geo16-IndiaTrial,27-09-2021,619711,726475,818725,7364760,5,7291,8466,9538,8280358,0,307289
Geo16-IndiaTrial,04-10-2021,665396,652121,193275,6950270,-5,7828,7599,2252,4901286,0,307289
Geo16-IndiaTrial,11-10-2021,471508,765387,727979,7932820,-5,5547,8919,8481,4940758,0,307289
Geo16-IndiaTrial,18-10-2021,561300,546440,727397,7436692,-1,6604,6368,8474,6491515,0,307289
Geo16-IndiaTrial,25-10-2021,595036,268011,441175,7934420,3,7001,3123,5140,7351981,0,307289
Geo16-IndiaTrial,01-11-2021,938799,700257,586566,7602806,-1,11045,8160,6834,6269100,0,307289
Geo16-IndiaTrial,08-11-2021,622171,737865,160052,7919047,1,7320,8599,1865,6851113,0,307289
Geo16-IndiaTrial,15-11-2021,676531,887947,158985,7938990,-1,7959,10348,1852,5505435,0,307289
Geo16-IndiaTrial,22-11-2021,937347,765518,420192,7490076,-1,11028,8921,4895,6313344,0,307289
Geo16-IndiaTrial,29-11-2021,870724,447187,681170,8174670,-4,10244,5211,7936,5353916,0,307289
Geo16-IndiaTrial,06-12-2021,695909,417556,368381,8330224,2,8187,4866,4292,6665757,0,307289
Geo16-IndiaTrial,13-12-2021,927812,563204,0,7634328,-1,10916,6563,0,5877030,0,307289
Geo16-IndiaTrial,20-12-2021,753627,365570,255364,9148289,-1,8866,4260,2975,5696427,0,307289
Geo16-IndiaTrial,27-12-2021,1008131,578679,434330,8435684,-7,11861,6744,5060,3226455,0,307289
Geo16-IndiaTrial,03-01-2022,1033895,560940,571983,7179158,3,12164,6537,6664,8187181,0,307289
Geo16-IndiaTrial,10-01-2022,682824,492374,183080,10187261,3,8033,5738,2133,6555091,0,307289
Geo16-IndiaTrial,17-01-2022,723807,699456,625678,8434295,-4,8516,8151,7289,4220699,0,307289
Geo16-IndiaTrial,24-01-2022,495315,776841,590428,7054633,2,5827,9053,6879,6431820,0,307289
Geo16-IndiaTrial,31-01-2022,935549,524880,590990,7964974,-4,11007,6117,6885,5016855,0,307289
Geo16-IndiaTrial,07-02-2022,723149,562566,710390,7662330,-2,8508,6556,8276,6122783,0,307289
Geo16-IndiaTrial,14-02-2022,571463,336751,170734,8002800,2,6723,3924,1989,6212025,0,307289
Geo16-IndiaTrial,21-02-2022,568686,526194,370854,7682779,1,6691,6132,4321,6596777,0,307289
Geo16-IndiaTrial,28-02-2022,704442,441472,381229,7595746,-7,8288,5145,4441,3464269,0,307289
Geo16-IndiaTrial,07-03-2022,688604,926795,191408,7994493,5,8101,10800,2230,8473978,0,307289
Geo16-IndiaTrial,14-03-2022,806674,547008,506916,7213394,0,9490,6375,5906,5770174,0,307289
Geo16-IndiaTrial,21-03-2022,266096,491953,511058,7301419,-4,3131,5733,5954,5089314,0,307289
Geo16-IndiaTrial,28-03-2022,668435,729924,827963,6545109,4,7864,8506,9646,8452026,0,307289
Geo16-IndiaTrial,04-04-2022,427919,607243,444872,7328974,1,5034,7076,5183,6921851,0,307289
Geo16-IndiaTrial,11-04-2022,880828,446932,802027,7640268,2,10363,5208,9344,6972246,0,307289
Geo16-IndiaTrial,18-04-2022,673397,244387,369386,6562804,-3,7922,2848,4303,4111128,0,307289
Geo16-IndiaTrial,25-04-2022,859502,962955,214430,8038980,-1,10112,11222,2498,6560265,0,307289
Geo16-IndiaTrial,02-05-2022,549045,202016,473039,5819013,2,6459,2354,5511,6915563,0,307289
Geo16-IndiaTrial,09-05-2022,388771,29924,831805,6470770,-6,4574,349,9691,3155228,0,307289
Geo16-IndiaTrial,16-05-2022,977750,514275,682539,7840571,-4,11503,5993,7952,4724063,0,307289
Geo16-IndiaTrial,23-05-2022,834950,383472,439624,6837331,-1,9823,4469,5122,6398441,0,307289
Geo16-IndiaTrial,30-05-2022,852103,713014,1011382,8311210,-1,10025,8309,11783,6461739,0,307289
Geo16-IndiaTrial,06-06-2022,588886,669860,986738,6355616,0,6928,7806,11496,6592237,0,307289
Geo16-IndiaTrial,13-06-2022,448575,804862,739731,7401046,-6,5277,9379,8618,5155486,0,307289
Geo16-IndiaTrial,20-06-2022,684531,649619,254488,7044089,1,8053,7570,2965,6908223,0,307289
Geo16-IndiaTrial,27-06-2022,539842,764931,926917,6040395,9,6351,8914,10799,9799572,0,307289
Geo16-IndiaTrial,04-07-2022,1079379,224833,753771,8225546,-2,12699,2620,8782,6733669,0,307289
Geo16-IndiaTrial,11-07-2022,390712,900096,641702,7460247,1,4597,10489,7476,6642128,0,307289
Geo16-IndiaTrial,18-07-2022,384415,454351,560617,8163810,-7,4523,5295,6531,2845048,0,307289
Geo16-IndiaTrial,25-07-2022,850502,703063,517813,7138549,-2,10006,8193,6033,6417881,0,307289
Geo16-IndiaTrial,01-08-2022,1020380,213004,379815,7496643,1,12005,2482,4425,6582590,0,307289
Geo16-IndiaTrial,08-08-2022,590512,275902,801565,7098928,0,6947,3215,9339,5298288,0,307289
Geo16-IndiaTrial,15-08-2022,806634,495914,564328,8464988,-4,9490,5779,6575,4404859,0,307289
Geo16-IndiaTrial,22-08-2022,911359,712721,677418,8178578,-1,10722,8306,7892,6244388,0,307289
Geo16-IndiaTrial,29-08-2022,501668,693054,508010,7865185,-1,5902,8076,5919,5629447,0,307289
Geo16-IndiaTrial,05-09-2022,470574,658090,434456,7533376,-1,5536,7669,5062,4607083,0,307289
Geo16-IndiaTrial,12-09-2022,300088,484630,727755,9063566,-4,3531,5648,8479,5340867,0,307289
Geo16-IndiaTrial,19-09-2022,673205,797433,519862,8114755,3,7920,9293,6057,8011823,0,307289
Geo16-IndiaTrial,26-09-2022,492225,950527,1008147,7069895,1,5791,11077,11745,6191067,0,307289
Geo16-IndiaTrial,03-10-2022,754656,463608,460645,6760764,-3,8878,5403,5367,5561804,0,307289
Geo16-IndiaTrial,10-10-2022,743982,309372,372145,7694443,2,8753,3605,4336,7358740,0,307289
Geo16-IndiaTrial,17-10-2022,469356,462029,212926,6321302,0,5522,5384,2481,6664202,0,307289
Geo16-IndiaTrial,24-10-2022,759720,423510,186328,7396414,3,8938,4935,2171,7623441,0,307289
Geo16-IndiaTrial,31-10-2022,700058,598368,775647,7666138,-3,8236,6973,9037,3740668,0,307289
Geo16-IndiaTrial,07-11-2022,976625,522617,727981,7953634,-2,11490,6090,8481,7404185,0,307289
Geo16-IndiaTrial,14-11-2022,594410,487159,35391,7523976,-8,6993,5677,412,2316912,0,307289
Geo16-IndiaTrial,21-11-2022,1178806,566205,195495,7118516,1,13869,6598,2278,6983826,0,307289
Geo16-IndiaTrial,28-11-2022,589405,392129,489640,7570334,1,6934,4570,5704,5450062,0,307289
Geo16-IndiaTrial,05-12-2022,882125,748253,412608,8415277,-1,10378,8720,4807,5862903,0,307289
Geo16-IndiaTrial,12-12-2022,883098,526249,531384,9207448,0,10390,6133,6191,7069433,0,307289
Geo16-IndiaTrial,19-12-2022,729832,748161,853371,8007374,3,8586,8719,9942,7683249,0,307289
Geo16-IndiaTrial,26-12-2022,618826,611309,243081,7362574,0,7280,7124,2832,7040833,0,307289
Geo16-IndiaTrial,02-01-2023,239207,745088,468711,8279892,-5,2814,8683,5461,4382597,0,307289
Geo16-IndiaTrial,09-01-2023,958152,102223,294829,7268401,-1,11273,1191,3435,6010484,0,307289
Geo16-IndiaTrial,16-01-2023,393329,524857,27045,7078990,-1,4627,6116,315,5618668,0,307289
Geo16-IndiaTrial,23-01-2023,261305,779629,616551,8254904,0,3074,9085,7183,6149760,0,307289
Geo16-IndiaTrial,30-01-2023,372270,565300,556435,6423364,-4,4380,6588,6483,3481683,0,307289
Geo16-IndiaTrial,06-02-2023,695573,548534,926908,7114234,1,8183,6392,10799,7034040,0,307289
Geo16-IndiaTrial,13-02-2023,752409,837362,635503,7626302,5,8852,9758,7404,9020324,0,307289
Geo16-IndiaTrial,20-02-2023,460555,520123,485551,6255617,6,5418,6061,5657,8490430,0,307289
Geo16-IndiaTrial,27-02-2023,600604,568386,511671,7269690,0,7066,6624,5961,7077191,0,307289
Geo16-IndiaTrial,06-03-2023,925340,352789,398235,6668702,-3,10887,4111,4640,4015861,0,307289
Geo16-IndiaTrial,13-03-2023,771404,784159,28726,7123120,0,9076,9138,335,6206291,0,307289
Geo16-IndiaTrial,20-03-2023,674862,820922,608395,6447196,-3,7940,9567,7088,5353760,0,307289
Geo16-IndiaTrial,27-03-2023,889999,538792,756511,8321510,2,10471,6279,8814,7759018,0,307289
Geo16-IndiaTrial,03-04-2023,821883,405848,717230,6842196,0,9669,4730,8356,6908893,0,307289
Geo16-IndiaTrial,10-04-2023,308667,827347,522460,7323908,0,3631,9641,6087,6676226,0,307289
Geo16-IndiaTrial,17-04-2023,373091,543107,150656,7769820,-2,4389,6329,1755,5773566,0,307289
Geo16-IndiaTrial,24-04-2023,663282,925113,479161,6752342,6,7803,10781,5582,8909374,0,307289
Geo16-IndiaTrial,01-05-2023,889431,585145,551508,8624131,0,10464,6819,6425,6662883,0,307289
Geo16-IndiaTrial,08-05-2023,825350,388478,249932,6552549,-2,9710,4527,2912,5474771,0,307289
Geo16-IndiaTrial,15-05-2023,815672,679149,661241,7686478,-3,9596,7914,7704,5361419,0,307289
Geo16-IndiaTrial,22-05-2023,494290,305452,824599,7096320,-2,5815,3560,9607,6002347,0,307289
Geo16-IndiaTrial,29-05-2023,424624,734504,327378,8474843,-3,4996,8560,3814,5976577,0,307289
Geo16-IndiaTrial,05-06-2023,442765,536581,48090,7014971,2,5209,6253,560,7555068,0,307289
Geo16-IndiaTrial,12-06-2023,756364,664354,635126,7200550,-3,8899,7742,7399,4982686,0,307289
Geo16-IndiaTrial,19-06-2023,584371,547482,379172,7161539,-2,6875,6380,4417,5756417,0,307289
Geo16-IndiaTrial,26-06-2023,506596,409509,662511,6992773,-3,5960,4772,7719,6299432,0,307289
Geo16-IndiaTrial,03-07-2023,674533,506746,299839,6705367,2,7936,5905,3493,7855305,0,307289
Geo16-IndiaTrial,10-07-2023,521932,781007,160543,7587058,1,6141,9101,1870,7973426,0,307289
Geo16-IndiaTrial,17-07-2023,598158,810328,390970,7426072,-5,7037,9443,4555,4224400,0,307289
Geo16-IndiaTrial,24-07-2023,194929,378899,601141,7095726,-4,2293,4415,7004,5489416,0,307289
Geo16-IndiaTrial,31-07-2023,460001,527241,329551,7053122,1,5412,6144,3839,6901047,0,307289
Geo16-IndiaTrial,07-08-2023,444713,631392,471365,6739682,1,5232,7358,5492,6850329,0,307289
Geo16-IndiaTrial,14-08-2023,670661,850225,479433,7819582,-4,7890,9908,5586,4759253,0,307289
Geo16-IndiaTrial,21-08-2023,1173195,396353,437569,7708582,-2,13803,4619,5098,6054342,0,307289
Geo16-IndiaTrial,28-08-2023,687378,491454,484279,7160582,-1,8087,5727,5642,6633175,0,307289
Geo16-IndiaTrial,04-09-2023,433677,454197,733839,7525928,-1,5102,5293,8550,6034237,0,307289
Geo16-IndiaTrial,11-09-2023,1091936,386858,297911,7808484,1,12847,4508,3471,6496689,0,307289
Geo16-IndiaTrial,18-09-2023,334463,80669,700488,7882910,1,3935,940,8161,6578155,0,307289
Geo16-IndiaTrial,25-09-2023,818499,627104,216649,7556424,-1,9630,7308,2524,4497583,0,307289
Geo16-IndiaTrial,02-10-2023,796389,661926,458539,8435228,-3,9369,7714,5342,5491642,0,307289
Geo16-IndiaTrial,09-10-2023,583296,376386,648787,8257046,-1,6862,4386,7559,6407944,0,307289
Geo16-IndiaTrial,16-10-2023,658934,844733,704342,8852461,-4,7752,9844,8206,5621294,0,307289
Geo16-IndiaTrial,23-10-2023,515614,187298,344556,7082444,0,6066,2183,4014,6162793,0,307289
Geo16-IndiaTrial,30-10-2023,252621,348666,504046,7671155,-1,2972,4063,5872,6647291,0,307289
Geo16-IndiaTrial,06-11-2023,694964,796537,803147,8075734,-1,8176,9282,9357,7175239,0,307289
Geo16-IndiaTrial,13-11-2023,691231,748298,622273,8348108,5,8132,8720,7250,8830927,0,307289
Geo16-IndiaTrial,20-11-2023,802245,526681,306855,6868816,2,9438,6138,3575,7092413,0,307289
Geo16-IndiaTrial,27-11-2023,900015,664156,136751,8880396,0,10589,7740,1593,6835882,0,307289
Geo16-IndiaTrial,04-12-2023,768201,594208,530047,8244858,-1,9038,6925,6175,5523206,0,307289
Geo16-IndiaTrial,11-12-2023,751394,496716,860564,8345299,2,8840,5788,10026,7429942,0,307289
Geo16-IndiaTrial,18-12-2023,909272,382184,527611,7468987,5,10698,4454,6147,8044421,0,307289
Geo16-IndiaTrial,25-12-2023,861120,690929,443487,6631188,-4,10131,8052,5167,4534767,0,307289
Geo16-IndiaTrial,01-01-2024,859622,675544,168439,8447714,1,10113,7872,1962,8330740,0,307289
Geo16-IndiaTrial,08-01-2024,694486,101975,117857,7122571,2,8171,1188,1373,6008800,0,307289
Geo16-IndiaTrial,15-01-2024,294254,709100,733677,7531970,5,3462,8263,8548,8852800,0,307289
Geo17-IndiaTrial,25-01-2021,265557,38371,192288,2279843,-4,3124,447,2240,1547444,0,119545
Geo17-IndiaTrial,01-02-2021,79508,171518,378193,2330540,1,935,1999,4406,2011873,0,119545
Geo17-IndiaTrial,08-02-2021,290239,218931,246625,2710849,-2,3415,2551,2873,1843631,0,119545
Geo17-IndiaTrial,15-02-2021,95445,317811,195950,2366784,1,1123,3704,2283,2020462,0,119545
Geo17-IndiaTrial,22-02-2021,322776,296875,76784,2273724,2,3797,3460,895,2349270,0,119545
Geo17-IndiaTrial,01-03-2021,329254,142130,304725,1964935,-1,3874,1656,3550,2027877,0,119545
Geo17-IndiaTrial,08-03-2021,153402,100575,174178,2620455,-4,1805,1172,2029,1739350,0,119545
Geo17-IndiaTrial,15-03-2021,260899,167210,311139,2621627,0,3069,1949,3625,2128474,0,119545
Geo17-IndiaTrial,22-03-2021,323713,168336,120204,3099751,-3,3808,1962,1400,1564555,0,119545
Geo17-IndiaTrial,29-03-2021,319199,77726,71155,2903812,3,3755,906,829,2795872,0,119545
Geo17-IndiaTrial,05-04-2021,305210,303531,306370,3173864,-1,3591,3537,3569,1990550,0,119545
Geo17-IndiaTrial,12-04-2021,210868,362736,205357,2775504,0,2481,4227,2392,2401952,0,119545
Geo17-IndiaTrial,19-04-2021,307253,330984,51436,2614124,1,3615,3857,599,2411782,0,119545
Geo17-IndiaTrial,26-04-2021,291796,183403,154314,3456373,-2,3433,2137,1798,1982148,0,119545
Geo17-IndiaTrial,03-05-2021,352139,36638,108776,3068120,7,4143,427,1267,2845995,0,119545
Geo17-IndiaTrial,10-05-2021,223991,153142,249032,3316533,-2,2635,1785,2901,1923310,0,119545
Geo17-IndiaTrial,17-05-2021,336442,83408,186649,2680344,0,3958,972,2175,2041565,0,119545
Geo17-IndiaTrial,24-05-2021,191790,227407,188089,2574528,1,2256,2650,2191,2158109,0,119545
Geo17-IndiaTrial,31-05-2021,311069,225144,249629,3228520,6,3660,2624,2908,3189708,0,119545
Geo17-IndiaTrial,07-06-2021,349546,242877,252312,3293324,0,4112,2830,2940,2449772,0,119545
Geo17-IndiaTrial,14-06-2021,133159,183784,263357,3305737,2,1567,2142,3068,2810121,0,119545
Geo17-IndiaTrial,21-06-2021,249528,253054,246625,2870168,1,2936,2949,2873,2419232,0,119545
Geo17-IndiaTrial,28-06-2021,403435,274222,115720,3293019,-1,4746,3196,1348,1892533,0,119545
Geo17-IndiaTrial,05-07-2021,172287,128370,300304,2998532,2,2027,1496,3499,2553727,0,119545
Geo17-IndiaTrial,12-07-2021,323895,169350,143036,3153717,6,3811,1974,1666,3290904,0,119545
Geo17-IndiaTrial,19-07-2021,248130,239968,95066,3085176,-4,2919,2796,1108,2020169,0,119545
Geo17-IndiaTrial,26-07-2021,347688,209507,213339,3093002,-2,4091,2441,2485,2016757,0,119545
Geo17-IndiaTrial,02-08-2021,206103,226886,230643,3145289,-5,2425,2644,2687,1571432,0,119545
Geo17-IndiaTrial,09-08-2021,86193,93307,269250,2884181,1,1014,1087,3137,2348845,0,119545
Geo17-IndiaTrial,16-08-2021,161512,255726,126075,3330780,-1,1900,2980,1469,1738232,0,119545
Geo17-IndiaTrial,23-08-2021,271830,331512,273684,3004070,-3,3198,3863,3189,2134525,0,119545
Geo17-IndiaTrial,30-08-2021,257104,225100,285488,3411186,-2,3025,2623,3326,1950548,0,119545
Geo17-IndiaTrial,06-09-2021,304209,211713,341612,2875134,-1,3579,2467,3980,1728635,0,119545
Geo17-IndiaTrial,13-09-2021,185411,271027,192878,2655794,-2,2181,3158,2247,2138031,0,119545
Geo17-IndiaTrial,20-09-2021,329618,171765,337052,3166336,-5,3878,2002,3927,1210659,0,119545
Geo17-IndiaTrial,27-09-2021,322854,269294,314449,2772444,-3,3798,3138,3663,1556869,0,119545
Geo17-IndiaTrial,04-10-2021,256952,341082,122976,2803703,7,3023,3975,1433,3258607,0,119545
Geo17-IndiaTrial,11-10-2021,163796,239441,257267,3179662,3,1927,2790,2997,2886098,0,119545
Geo17-IndiaTrial,18-10-2021,241780,325571,128477,2853335,-2,2845,3794,1497,1921904,0,119545
Geo17-IndiaTrial,25-10-2021,304570,37141,241568,3221899,1,3583,433,2814,2191613,0,119545
Geo17-IndiaTrial,01-11-2021,286218,335714,233330,2992473,-3,3367,3912,2718,1747413,0,119545
Geo17-IndiaTrial,08-11-2021,186398,249912,290513,3003652,2,2193,2912,3385,2180421,0,119545
Geo17-IndiaTrial,15-11-2021,129734,253167,176228,2822870,-3,1526,2950,2053,1232496,0,119545
Geo17-IndiaTrial,22-11-2021,389042,290725,232270,2927245,1,4577,3388,2706,2310051,0,119545
Geo17-IndiaTrial,29-11-2021,371246,258902,257442,3017586,-2,4368,3017,2999,2026482,0,119545
Geo17-IndiaTrial,06-12-2021,388079,91568,228146,3330172,5,4566,1067,2658,2590120,0,119545
Geo17-IndiaTrial,13-12-2021,237881,81240,153447,2915020,-3,2799,947,1788,1665421,0,119545
Geo17-IndiaTrial,20-12-2021,349469,118780,177026,3622990,-1,4111,1384,2062,1917480,0,119545
Geo17-IndiaTrial,27-12-2021,337924,196966,229298,3176517,-2,3976,2295,2671,1534067,0,119545
Geo17-IndiaTrial,03-01-2022,345199,226669,226072,2734626,2,4061,2641,2634,2616913,0,119545
Geo17-IndiaTrial,10-01-2022,288009,260236,279472,3900466,0,3388,3033,3256,1947940,0,119545
Geo17-IndiaTrial,17-01-2022,242565,286070,235239,3212790,1,2854,3334,2741,2056938,0,119545
Geo17-IndiaTrial,24-01-2022,305422,285902,226907,2781822,-3,3593,3332,2644,1460198,0,119545
Geo17-IndiaTrial,31-01-2022,267575,188015,214853,3021015,-3,3148,2191,2503,1840525,0,119545
Geo17-IndiaTrial,07-02-2022,316472,270109,370117,2843676,1,3723,3148,4312,2618065,0,119545
Geo17-IndiaTrial,14-02-2022,92169,57849,130351,3094864,-5,1084,674,1519,958202,0,119545
Geo17-IndiaTrial,21-02-2022,216923,280962,203659,2928491,0,2552,3274,2373,2114250,0,119545
Geo17-IndiaTrial,28-02-2022,281331,256107,178114,2950149,-2,3310,2985,2075,1653362,0,119545
Geo17-IndiaTrial,07-03-2022,353934,393579,176238,3107366,4,4164,4587,2053,2754281,0,119545
Geo17-IndiaTrial,14-03-2022,183929,292645,194605,2778950,0,2164,3410,2267,1920595,0,119545
Geo17-IndiaTrial,21-03-2022,42870,111806,67450,2720308,-4,504,1303,786,1533932,0,119545
Geo17-IndiaTrial,28-03-2022,171067,293908,200124,2384844,-4,2013,3425,2332,1752112,0,119545
Geo17-IndiaTrial,04-04-2022,133010,133785,295341,2879370,0,1565,1559,3441,2034087,0,119545
Geo17-IndiaTrial,11-04-2022,253998,202050,315884,2711231,-1,2988,2355,3680,2000812,0,119545
Geo17-IndiaTrial,18-04-2022,193146,189562,188672,2414138,4,2272,2209,2198,2381080,0,119545
Geo17-IndiaTrial,25-04-2022,294841,420932,134753,2940292,2,3469,4905,1570,2518764,0,119545
Geo17-IndiaTrial,02-05-2022,287096,186785,287628,2201936,0,3378,2177,3351,2199078,0,119545
Geo17-IndiaTrial,09-05-2022,169203,53731,248204,2506442,0,1991,626,2892,1646177,0,119545
Geo17-IndiaTrial,16-05-2022,473937,108967,283047,2998116,-2,5576,1270,3298,1724407,0,119545
Geo17-IndiaTrial,23-05-2022,410671,28908,172174,2656990,-3,4832,337,2006,1713766,0,119545
Geo17-IndiaTrial,30-05-2022,438733,379434,328856,3368818,-5,5162,4422,3831,1588900,0,119545
Geo17-IndiaTrial,06-06-2022,284548,189996,319801,2701960,2,3348,2214,3726,2439695,0,119545
Geo17-IndiaTrial,13-06-2022,338048,279631,310304,2955817,5,3977,3259,3615,3409313,0,119545
Geo17-IndiaTrial,20-06-2022,220812,183553,150010,2915320,3,2598,2139,1748,2489196,0,119545
Geo17-IndiaTrial,27-06-2022,163348,250083,250273,2544410,-4,1922,2914,2916,1401686,0,119545
Geo17-IndiaTrial,04-07-2022,314826,93632,316254,3268944,1,3704,1091,3684,2584444,0,119545
Geo17-IndiaTrial,11-07-2022,261015,228884,250080,2966333,1,3071,2667,2914,2225125,0,119545
Geo17-IndiaTrial,18-07-2022,187603,270477,178203,3253564,6,2207,3152,2076,2542170,0,119545
Geo17-IndiaTrial,25-07-2022,294354,250051,287650,2846131,1,3463,2914,3351,2541608,0,119545
Geo17-IndiaTrial,01-08-2022,227706,197010,153292,2799056,0,2679,2296,1786,2156785,0,119545
Geo17-IndiaTrial,08-08-2022,262944,146637,210045,2785786,-3,3094,1709,2447,1338375,0,119545
Geo17-IndiaTrial,15-08-2022,250992,364507,116507,3096121,2,2953,4248,1357,2231583,0,119545
Geo17-IndiaTrial,22-08-2022,418914,289390,101525,3117404,-1,4929,3372,1183,1986899,0,119545
Geo17-IndiaTrial,29-08-2022,269313,157020,197999,3066376,-2,3168,1830,2307,1652223,0,119545
Geo17-IndiaTrial,05-09-2022,308195,172826,374826,2891716,0,3626,2014,4367,1371224,0,119545
Geo17-IndiaTrial,12-09-2022,163430,249527,289523,3602512,-1,1923,2908,3373,2186219,0,119545
Geo17-IndiaTrial,19-09-2022,321213,330412,142650,3432884,0,3779,3850,1662,2262098,0,119545
Geo17-IndiaTrial,26-09-2022,65150,420607,375246,2736586,2,766,4902,4372,2289531,0,119545
Geo17-IndiaTrial,03-10-2022,243003,177195,175609,2736148,3,2859,2065,2046,2640553,0,119545
Geo17-IndiaTrial,10-10-2022,216953,181152,195745,3032170,-2,2552,2111,2281,2049961,0,119545
Geo17-IndiaTrial,17-10-2022,244782,138654,98758,2453582,1,2880,1616,1151,2395009,0,119545
Geo17-IndiaTrial,24-10-2022,219791,152703,78838,2862408,1,2586,1780,918,2093861,0,119545
Geo17-IndiaTrial,31-10-2022,196813,214595,198858,2864637,0,2315,2501,2317,1676774,0,119545
Geo17-IndiaTrial,07-11-2022,299553,36468,133728,2918026,0,3524,425,1558,2542800,0,119545
Geo17-IndiaTrial,14-11-2022,262768,325374,245204,2826403,2,3091,3792,2857,2164981,0,119545
Geo17-IndiaTrial,21-11-2022,424662,169730,149252,2517994,3,4996,1978,1739,2360861,0,119545
Geo17-IndiaTrial,28-11-2022,345985,193513,317782,2894497,-4,4070,2255,3702,988899,0,119545
Geo17-IndiaTrial,05-12-2022,312617,334855,94123,3246341,0,3678,3902,1097,2164281,0,119545
Geo17-IndiaTrial,12-12-2022,378393,335958,257016,3723167,-3,4452,3915,2994,2057531,0,119545
Geo17-IndiaTrial,19-12-2022,266042,330999,246274,2973763,2,3130,3857,2869,2556522,0,119545
Geo17-IndiaTrial,26-12-2022,218531,207297,274501,2954411,-2,2571,2416,3198,2129025,0,119545
Geo17-IndiaTrial,02-01-2023,228380,366446,131867,3358138,-1,2687,4270,1536,1907651,0,119545
Geo17-IndiaTrial,09-01-2023,322641,285763,139807,2822594,1,3796,3330,1629,2246185,0,119545
Geo17-IndiaTrial,16-01-2023,193367,209563,232922,2818127,-1,2275,2442,2714,1909111,0,119545
Geo17-IndiaTrial,23-01-2023,134226,301104,198772,3389772,4,1579,3509,2316,2766350,0,119545
Geo17-IndiaTrial,30-01-2023,140753,311625,121249,2560349,-2,1656,3632,1413,1327644,0,119545
Geo17-IndiaTrial,06-02-2023,317440,168180,321994,2788985,-3,3735,1960,3751,1687140,0,119545
Geo17-IndiaTrial,13-02-2023,240805,271944,228370,3128341,1,2833,3169,2661,2497822,0,119545
Geo17-IndiaTrial,20-02-2023,207436,219331,226138,2572442,4,2440,2556,2635,2507568,0,119545
Geo17-IndiaTrial,27-02-2023,264861,277184,222953,3103617,1,3116,3230,2597,2397291,0,119545
Geo17-IndiaTrial,06-03-2023,441471,191421,181076,2657136,-1,5194,2231,2110,1528074,0,119545
Geo17-IndiaTrial,13-03-2023,130810,324672,119711,2791852,-4,1539,3784,1395,1554760,0,119545
Geo17-IndiaTrial,20-03-2023,301164,339426,270211,2479221,6,3543,3955,3148,2939567,0,119545
Geo17-IndiaTrial,27-03-2023,394090,108758,266779,3048532,0,4636,1267,3108,2297298,0,119545
Geo17-IndiaTrial,03-04-2023,464041,108055,418589,2735045,1,5459,1259,4877,2553965,0,119545
Geo17-IndiaTrial,10-04-2023,177359,372850,200562,3022351,-6,2087,4345,2337,1164249,0,119545
Geo17-IndiaTrial,17-04-2023,359464,228508,154909,3156262,0,4229,2663,1805,2248469,0,119545
Geo17-IndiaTrial,24-04-2023,347320,229553,244311,2776307,-1,4086,2675,2846,1993510,0,119545
Geo17-IndiaTrial,01-05-2023,310200,127047,277497,3426858,2,3649,1481,3233,2550775,0,119545
Geo17-IndiaTrial,08-05-2023,333060,130544,208230,2578291,-1,3918,1521,2426,2039378,0,119545
Geo17-IndiaTrial,15-05-2023,297198,294477,308569,3404270,-1,3497,3432,3595,2263372,0,119545
Geo17-IndiaTrial,22-05-2023,134592,145996,354888,2900498,-4,1583,1701,4135,1781386,0,119545
Geo17-IndiaTrial,29-05-2023,195354,254462,267592,3365239,1,2298,2965,3118,2481842,0,119545
Geo17-IndiaTrial,05-06-2023,100663,265576,141251,2864410,1,1184,3095,1646,2351610,0,119545
Geo17-IndiaTrial,12-06-2023,260344,161496,187809,2940439,2,3063,1882,2188,2326532,0,119545
Geo17-IndiaTrial,19-06-2023,169250,253767,46022,2713273,3,1991,2957,536,2616678,0,119545
Geo17-IndiaTrial,26-06-2023,160083,121760,209282,2543721,-7,1883,1419,2438,1639125,0,119545
Geo17-IndiaTrial,03-07-2023,207491,214092,0,2592315,1,2441,2495,0,2513379,0,119545
Geo17-IndiaTrial,10-07-2023,149185,272737,41651,2888380,1,1755,3178,485,2503059,0,119545
Geo17-IndiaTrial,17-07-2023,268347,259085,186892,2835818,0,3157,3019,2177,1980159,0,119545
Geo17-IndiaTrial,24-07-2023,65470,88825,121576,2768790,0,770,1035,1416,2152138,0,119545
Geo17-IndiaTrial,31-07-2023,179978,214603,341243,2695308,3,2117,2501,3976,2476432,0,119545
Geo17-IndiaTrial,07-08-2023,106293,125560,148925,2497600,-2,1251,1463,1735,1917971,0,119545
Geo17-IndiaTrial,14-08-2023,334957,275107,202241,3144579,0,3941,3206,2356,2058996,0,119545
Geo17-IndiaTrial,21-08-2023,458298,279090,47621,2871777,-3,5392,3252,555,1674854,0,119545
Geo17-IndiaTrial,28-08-2023,311285,163457,87060,2787723,-5,3662,1905,1014,1600109,0,119545
Geo17-IndiaTrial,04-09-2023,180935,245460,200336,2933055,0,2129,2860,2334,2121026,0,119545
Geo17-IndiaTrial,11-09-2023,391588,219785,178988,3174309,4,4607,2561,2085,2763112,0,119545
Geo17-IndiaTrial,18-09-2023,244346,295135,225213,3062212,5,2875,3439,2624,2633150,0,119545
Geo17-IndiaTrial,25-09-2023,276043,186835,0,3102874,-2,3248,2177,0,1248786,0,119545
Geo17-IndiaTrial,02-10-2023,186271,182701,257370,3348230,2,2191,2129,2998,2420982,0,119545
Geo17-IndiaTrial,09-10-2023,345704,121625,112931,3098855,-1,4067,1417,1316,2108974,0,119545
Geo17-IndiaTrial,16-10-2023,299156,234036,355663,3562261,4,3520,2727,4144,3100363,0,119545
Geo17-IndiaTrial,23-10-2023,204030,81414,168046,2844263,-6,2400,949,1958,1066091,0,119545
Geo17-IndiaTrial,30-10-2023,215614,210025,327078,3112276,-3,2537,2448,3811,1872664,0,119545
Geo17-IndiaTrial,06-11-2023,207083,316810,168402,3117553,-3,2436,3692,1962,2121864,0,119545
Geo17-IndiaTrial,13-11-2023,200514,261658,178078,3280318,7,2359,3049,2075,3327893,0,119545
Geo17-IndiaTrial,20-11-2023,401176,286697,253543,2650190,-4,4720,3341,2954,1526560,0,119545
Geo17-IndiaTrial,27-11-2023,318450,159434,28472,3481858,-1,3747,1858,332,2116251,0,119545
Geo17-IndiaTrial,04-12-2023,166190,158495,168003,3138890,-7,1955,1847,1957,662149,0,119545
Geo17-IndiaTrial,11-12-2023,341659,145163,205774,3267376,0,4020,1692,2397,2245725,0,119545
Geo17-IndiaTrial,18-12-2023,283222,210847,193799,2880783,0,3332,2457,2258,2084666,0,119545
Geo17-IndiaTrial,25-12-2023,254329,287946,164748,2502216,-3,2992,3356,1919,1624370,0,119545
Geo17-IndiaTrial,01-01-2024,291393,249935,195371,3377661,1,3428,2913,2276,2905568,0,119545
Geo17-IndiaTrial,08-01-2024,329923,36160,214395,2764828,1,3882,421,2498,2004193,0,119545
Geo17-IndiaTrial,15-01-2024,151811,253460,189807,2854281,0,1786,2954,2211,2219229,0,119545
Geo18-IndiaTrial,25-01-2021,2350524,1730459,881164,17721606,3,27654,20166,10266,22902406,0,856852
Geo18-IndiaTrial,01-02-2021,854900,1165854,1848795,17565628,2,10058,13586,21539,19146166,0,856852
Geo18-IndiaTrial,08-02-2021,1489456,1321606,1985302,20786532,-2,17523,15401,23130,16794292,0,856852
Geo18-IndiaTrial,15-02-2021,1277841,1508282,1424062,18769578,-5,15034,17577,16591,11071633,0,856852
Geo18-IndiaTrial,22-02-2021,1387083,2144262,1056218,17370506,-2,16319,24988,12305,16562527,0,856852
Geo18-IndiaTrial,01-03-2021,1268438,962309,1222337,14719150,-4,14923,11214,14241,14453261,0,856852
Geo18-IndiaTrial,08-03-2021,933851,1146386,1381922,19352798,-1,10987,13359,16100,18230644,0,856852
Geo18-IndiaTrial,15-03-2021,1592780,386884,2133824,19725510,0,18739,4509,24860,17526424,0,856852
Geo18-IndiaTrial,22-03-2021,2307177,570368,2071083,22835758,3,27144,6647,24129,21408018,0,856852
Geo18-IndiaTrial,29-03-2021,1957891,740545,1501368,21049948,0,23035,8630,17492,20374250,0,856852
Geo18-IndiaTrial,05-04-2021,2199150,1317062,1710350,23745956,3,25873,15348,19926,22197802,0,856852
Geo18-IndiaTrial,12-04-2021,2487466,2307804,2054671,21794366,5,29265,26894,23938,26860240,0,856852
Geo18-IndiaTrial,19-04-2021,2218221,2369127,1344331,20097022,3,26097,27609,15662,23757654,0,856852
Geo18-IndiaTrial,26-04-2021,2050718,1538227,678686,26194626,2,24127,17926,7907,22330938,0,856852
Geo18-IndiaTrial,03-05-2021,718503,1206864,1394205,22485010,-1,8453,14064,16243,16532904,0,856852
Geo18-IndiaTrial,10-05-2021,1972746,557800,1786260,24514416,-4,23209,6500,20811,15374471,0,856852
Geo18-IndiaTrial,17-05-2021,1566968,1227655,2126966,20510568,-1,18435,14306,24780,18052102,0,856852
Geo18-IndiaTrial,24-05-2021,2345237,1470550,1629511,20717292,1,27592,17137,18984,20370204,0,856852
Geo18-IndiaTrial,31-05-2021,1963857,1839750,1229729,24416954,1,23105,21439,14327,21979444,0,856852
Geo18-IndiaTrial,07-06-2021,2572026,2105586,1443430,24182058,-5,30260,24537,16817,16068444,0,856852
Geo18-IndiaTrial,14-06-2021,1462659,2057677,1470938,24798614,-3,17208,23979,17137,17946082,0,856852
Geo18-IndiaTrial,21-06-2021,607247,986878,2201208,21701768,1,7144,11501,25645,19631298,0,856852
Geo18-IndiaTrial,28-06-2021,2433196,1348628,497737,24391750,-5,28626,15716,5799,11683550,0,856852
Geo18-IndiaTrial,05-07-2021,2253450,1997694,2587930,22852216,4,26512,23280,30150,24299494,0,856852
Geo18-IndiaTrial,12-07-2021,2077081,896761,1300982,23931386,2,24437,10450,15157,22890996,0,856852
Geo18-IndiaTrial,19-07-2021,1674940,1133143,1590993,23684578,0,19706,13205,18536,22294674,0,856852
Geo18-IndiaTrial,26-07-2021,2416374,1124694,1980322,22288996,-5,28429,13107,23072,14081382,0,856852
Geo18-IndiaTrial,02-08-2021,2766566,1433256,970192,24409656,1,32549,16702,11303,20571220,0,856852
Geo18-IndiaTrial,09-08-2021,1033939,1120473,1420631,22116996,-2,12164,13057,16551,17927666,0,856852
Geo18-IndiaTrial,16-08-2021,769553,1333716,1093071,25186194,-2,9054,15542,12735,14437585,0,856852
Geo18-IndiaTrial,23-08-2021,1936970,1092653,562686,23517316,-4,22788,12733,6556,15887143,0,856852
Geo18-IndiaTrial,30-08-2021,1954637,1521976,2733742,26288596,2,22996,17736,31849,21688546,0,856852
Geo18-IndiaTrial,06-09-2021,2448894,1721292,1488183,22194752,4,28811,20059,17338,20580342,0,856852
Geo18-IndiaTrial,13-09-2021,1572847,2357692,1782259,21441628,-1,18504,27475,20764,18759376,0,856852
Geo18-IndiaTrial,20-09-2021,2785821,1192883,2332502,24943456,3,32775,13901,27175,20983500,0,856852
Geo18-IndiaTrial,27-09-2021,1492377,1887433,1925283,22506858,-2,17558,21995,22430,16298618,0,856852
Geo18-IndiaTrial,04-10-2021,2324424,2350414,794503,21389444,3,27347,27391,9256,22349342,0,856852
Geo18-IndiaTrial,11-10-2021,1886953,1874687,2015886,24994288,-1,22200,21847,23486,20376978,0,856852
Geo18-IndiaTrial,18-10-2021,1934994,2089193,1587712,22440464,6,22765,24346,18497,25910698,0,856852
Geo18-IndiaTrial,25-10-2021,1937801,859406,1710389,23866976,-2,22798,10015,19927,16844678,0,856852
Geo18-IndiaTrial,01-11-2021,2003723,2265443,1783743,22590374,4,23574,26400,20781,23582900,0,856852
Geo18-IndiaTrial,08-11-2021,1679285,1574687,1554792,23535870,0,19757,18351,18114,17559710,0,856852
Geo18-IndiaTrial,15-11-2021,1346170,2009321,1474776,23881160,2,15838,23416,17182,17979894,0,856852
Geo18-IndiaTrial,22-11-2021,1993097,1456190,687562,22803676,-4,23449,16970,8010,15223650,0,856852
Geo18-IndiaTrial,29-11-2021,3451151,1534768,1549149,24713506,-3,40603,17885,18048,17044014,0,856852
Geo18-IndiaTrial,06-12-2021,2318000,1691831,2063018,25085782,0,27271,19716,24035,18027578,0,856852
Geo18-IndiaTrial,13-12-2021,2190884,1252281,1058443,23014850,2,25776,14593,12331,20533016,0,856852
Geo18-IndiaTrial,20-12-2021,2511256,262458,1984150,27254938,3,29545,3059,23116,20614504,0,856852
Geo18-IndiaTrial,27-12-2021,2844459,2053702,1702350,24155964,0,33465,23933,19833,17604330,0,856852
Geo18-IndiaTrial,03-01-2022,1651501,976866,2032357,21266140,-6,19430,11384,23678,14217709,0,856852
Geo18-IndiaTrial,10-01-2022,894377,1229078,1251716,29900006,0,10522,14323,14583,16623701,0,856852
Geo18-IndiaTrial,17-01-2022,1836593,1909590,1418216,25128628,3,21607,22253,16523,21082732,0,856852
Geo18-IndiaTrial,24-01-2022,2072124,1214112,1941780,21378994,-5,24378,14149,22622,9770045,0,856852
Geo18-IndiaTrial,31-01-2022,2657672,1396186,1456095,22729308,0,31267,16270,16964,19438222,0,856852
Geo18-IndiaTrial,07-02-2022,2200078,1857048,1452746,21246756,4,25884,21641,16925,23853662,0,856852
Geo18-IndiaTrial,14-02-2022,1587550,1423197,1693941,22461368,6,18677,16585,19735,23450920,0,856852
Geo18-IndiaTrial,21-02-2022,1613036,1050949,1701641,22852852,2,18977,12247,19825,20565702,0,856852
Geo18-IndiaTrial,28-02-2022,2588205,1275142,1413644,22352674,4,30450,14860,16469,21945272,0,856852
Geo18-IndiaTrial,07-03-2022,1731613,2012536,231628,24748004,-3,20372,23453,2699,15203448,0,856852
Geo18-IndiaTrial,14-03-2022,790040,2813415,1303144,21051220,-1,9295,32786,15182,15670866,0,856852
Geo18-IndiaTrial,21-03-2022,274911,1299284,1788413,21447278,1,3234,15141,20836,20367408,0,856852
Geo18-IndiaTrial,28-03-2022,1904547,2101259,2390442,18740514,-1,22407,24487,27850,18595592,0,856852
Geo18-IndiaTrial,04-04-2022,719108,1524477,1791872,21445582,3,8460,17765,20876,21740184,0,856852
Geo18-IndiaTrial,11-04-2022,1647136,1260761,1010026,21519182,3,19378,14692,11767,21546574,0,856852
Geo18-IndiaTrial,18-04-2022,2613242,987110,1211722,19460574,-1,30745,11503,14117,15449972,0,856852
Geo18-IndiaTrial,25-04-2022,2573516,2974872,0,23713736,4,30277,34668,0,23953726,0,856852
Geo18-IndiaTrial,02-05-2022,2075187,923726,1696396,16942578,-2,24414,10765,19764,16421927,0,856852
Geo18-IndiaTrial,09-05-2022,1435523,1170782,1095432,21113060,2,16889,13644,12762,18202684,0,856852
Geo18-IndiaTrial,16-05-2022,2821007,204345,1965916,23269252,3,33189,2381,22904,19939544,0,856852
Geo18-IndiaTrial,23-05-2022,1485174,1683605,1687594,20071388,3,17473,19620,19661,23082410,0,856852
Geo18-IndiaTrial,30-05-2022,1713097,1746642,2296732,24107766,2,20155,20354,26758,21891380,0,856852
Geo18-IndiaTrial,06-06-2022,2319976,1786855,2280264,19636538,-3,27294,20823,26566,16250811,0,856852
Geo18-IndiaTrial,13-06-2022,1745180,1507653,1694960,22217724,-1,20532,17569,19747,20627032,0,856852
Geo18-IndiaTrial,20-06-2022,2763341,1386890,551627,22968732,1,32511,16162,6427,20362146,0,856852
Geo18-IndiaTrial,27-06-2022,2352870,1460720,1679306,18441266,2,27681,17022,19565,20996790,0,856852
Geo18-IndiaTrial,04-07-2022,3238777,940684,2185651,25493862,4,38104,10962,25464,25483370,0,856852
Geo18-IndiaTrial,11-07-2022,2063524,2803670,1775537,23169690,2,24277,32673,20686,20203250,0,856852
Geo18-IndiaTrial,18-07-2022,2132203,2043580,1039205,26178098,-2,25085,23815,12107,13565143,0,856852
Geo18-IndiaTrial,25-07-2022,1517214,1926524,2487162,22167814,-3,17850,22451,28976,16356543,0,856852
Geo18-IndiaTrial,01-08-2022,2841966,1264549,1086943,23515744,-4,33436,14736,12663,13472618,0,856852
Geo18-IndiaTrial,08-08-2022,1659356,677277,1560676,22581302,-3,19522,7893,18182,13336023,0,856852
Geo18-IndiaTrial,15-08-2022,2499413,1312704,2009290,25757680,3,29405,15298,23409,20614860,0,856852
Geo18-IndiaTrial,22-08-2022,2568590,1667610,1085714,25930000,-4,30219,19433,12649,14322282,0,856852
Geo18-IndiaTrial,29-08-2022,2236998,1699383,388811,24691616,-7,26318,19804,4530,10810538,0,856852
Geo18-IndiaTrial,05-09-2022,2177579,2846356,1410482,23534450,4,25619,33170,16433,17434838,0,856852
Geo18-IndiaTrial,12-09-2022,1074235,1559349,2310181,27095936,-2,12638,18172,26914,18777104,0,856852
Geo18-IndiaTrial,19-09-2022,1316355,2345954,1125122,25051662,-1,15487,27339,13108,18543290,0,856852
Geo18-IndiaTrial,26-09-2022,1275899,2179592,2391749,20663774,3,15011,25400,27865,20090022,0,856852
Geo18-IndiaTrial,03-10-2022,2443960,1675375,1110012,20922356,-2,28753,19524,12932,17588816,0,856852
Geo18-IndiaTrial,10-10-2022,2679749,1464496,1328146,23771172,0,31527,17066,15473,20090842,0,856852
Geo18-IndiaTrial,17-10-2022,1173950,1543017,580186,18643878,-4,13811,17982,6759,14305151,0,856852
Geo18-IndiaTrial,24-10-2022,2157555,1255448,867538,22818972,2,25384,14630,10107,21007258,0,856852
Geo18-IndiaTrial,31-10-2022,2285864,2176160,1623319,22916310,6,26893,25360,18912,21804776,0,856852
Geo18-IndiaTrial,07-11-2022,2581606,483810,726688,23784168,-1,30372,5638,8466,20495610,0,856852
Geo18-IndiaTrial,14-11-2022,1047840,902548,299430,21510174,-4,12328,10518,3488,12087571,0,856852
Geo18-IndiaTrial,21-11-2022,3430735,0,1401246,21310454,2,40362,0,16325,18904868,0,856852
Geo18-IndiaTrial,28-11-2022,2037193,1680649,1788364,22800168,0,23967,19585,20835,15219404,0,856852
Geo18-IndiaTrial,05-12-2022,1452692,2365228,633506,26231274,-3,17091,27563,7381,14437302,0,856852
Geo18-IndiaTrial,12-12-2022,1946694,606388,1310699,26985760,-2,22903,7067,15270,17976606,0,856852
Geo18-IndiaTrial,19-12-2022,2499426,1795160,2136480,22936794,3,29406,20920,24891,23010890,0,856852
Geo18-IndiaTrial,26-12-2022,2990244,1400920,920320,23088402,4,35180,16326,10722,25502258,0,856852
Geo18-IndiaTrial,02-01-2023,2611939,2125661,633670,26695190,8,30729,24771,7382,28362994,0,856852
Geo18-IndiaTrial,09-01-2023,1953159,777608,1190531,22125782,-3,22979,9062,13870,16002434,0,856852
Geo18-IndiaTrial,16-01-2023,1776557,1528020,1659307,21908716,0,20901,17807,19332,19257994,0,856852
Geo18-IndiaTrial,23-01-2023,1284653,2086603,2459138,25747108,0,15114,24316,28650,18905480,0,856852
Geo18-IndiaTrial,30-01-2023,456180,2105704,1304939,20854630,0,5367,24539,15203,15368375,0,856852
Geo18-IndiaTrial,06-02-2023,1109602,1429844,2479244,21467184,-3,13054,16663,28884,16446393,0,856852
Geo18-IndiaTrial,13-02-2023,2930437,1642734,872380,24650382,-2,34476,19144,10164,17845514,0,856852
Geo18-IndiaTrial,20-02-2023,799046,1886680,1649693,20219264,2,9401,21986,19220,19991368,0,856852
Geo18-IndiaTrial,27-02-2023,1078089,1619146,1680857,22212566,1,12684,18869,19583,20987066,0,856852
Geo18-IndiaTrial,06-03-2023,3183261,845706,1634154,20909314,-1,37451,9855,19039,14226279,0,856852
Geo18-IndiaTrial,13-03-2023,1568156,2503769,691476,21332344,-2,18449,29178,8056,15764355,0,856852
Geo18-IndiaTrial,20-03-2023,1689419,2343907,1569809,18777368,-3,19876,27315,18289,15927556,0,856852
Geo18-IndiaTrial,27-03-2023,1544767,1632529,1362144,23286188,0,18174,19025,15869,19110688,0,856852
Geo18-IndiaTrial,03-04-2023,3650341,1275928,1526821,21130466,5,42946,14869,17788,24457802,0,856852
Geo18-IndiaTrial,10-04-2023,1626867,1925696,1451310,23715828,0,19140,22441,16908,17090762,0,856852
Geo18-IndiaTrial,17-04-2023,2045009,1466047,1306096,22318454,-2,24059,17085,15217,17553642,0,856852
Geo18-IndiaTrial,24-04-2023,1778537,1922638,1126997,20780338,-2,20924,22405,13130,16493025,0,856852
Geo18-IndiaTrial,01-05-2023,2524822,440522,2568072,26215372,-3,29704,5134,29919,15890815,0,856852
Geo18-IndiaTrial,08-05-2023,2535468,1717790,1889966,20286026,0,29830,20018,22019,19663998,0,856852
Geo18-IndiaTrial,15-05-2023,2292186,2545918,2372202,25461286,0,26967,29669,27637,20246762,0,856852
Geo18-IndiaTrial,22-05-2023,1075024,785550,2421308,22445684,-3,12648,9154,28209,16038749,0,856852
Geo18-IndiaTrial,29-05-2023,1557156,1629072,885464,25474780,7,18320,18984,10316,28356562,0,856852
Geo18-IndiaTrial,05-06-2023,744690,2689198,569154,21950274,5,8761,31339,6631,26113668,0,856852
Geo18-IndiaTrial,12-06-2023,1373806,2076535,1424881,22977296,3,16163,24199,16600,21255854,0,856852
Geo18-IndiaTrial,19-06-2023,1957578,1405259,1794583,21027226,-2,23031,16376,20908,17694058,0,856852
Geo18-IndiaTrial,26-06-2023,1526223,1365650,1210248,20916728,-3,17956,15915,14100,19291352,0,856852
Geo18-IndiaTrial,03-07-2023,1720926,1439277,961470,19730466,-3,20247,16773,11201,17827066,0,856852
Geo18-IndiaTrial,10-07-2023,1796101,1817916,549279,22483550,4,21131,21185,6399,25693992,0,856852
Geo18-IndiaTrial,17-07-2023,2318590,1850521,1813372,21870142,3,27278,21565,21126,20542074,0,856852
Geo18-IndiaTrial,24-07-2023,528844,1404705,1804464,21256416,1,6222,16370,21023,20288016,0,856852
Geo18-IndiaTrial,31-07-2023,1789207,1135397,1960496,21766496,0,21050,13231,22841,18180346,0,856852
Geo18-IndiaTrial,07-08-2023,1103440,1330724,1487669,20760588,0,12982,15508,17332,18943608,0,856852
Geo18-IndiaTrial,14-08-2023,2476952,2781768,1592413,25166874,1,29141,32417,18552,19821328,0,856852
Geo18-IndiaTrial,21-08-2023,3260360,1344233,1095644,23329514,0,38358,15665,12765,19601604,0,856852
Geo18-IndiaTrial,28-08-2023,1875547,1259202,1361578,21683702,-5,22066,14674,15863,15031495,0,856852
Geo18-IndiaTrial,04-09-2023,1462925,1533593,2550476,22526746,4,17211,17872,29714,24582952,0,856852
Geo18-IndiaTrial,11-09-2023,3324735,1290262,1630429,24365790,2,39115,15036,18995,20979042,0,856852
Geo18-IndiaTrial,18-09-2023,1250998,1802004,1756665,25282586,4,14718,21000,20466,22932108,0,856852
Geo18-IndiaTrial,25-09-2023,2618826,1469758,927654,22975264,1,30810,17128,10808,15467016,0,856852
Geo18-IndiaTrial,02-10-2023,1110620,1609919,911332,24835054,-2,13066,18761,10617,18132692,0,856852
Geo18-IndiaTrial,09-10-2023,2591709,1646475,1346387,24459444,4,30491,19187,15686,24489362,0,856852
Geo18-IndiaTrial,16-10-2023,1716632,1859471,2264257,26413356,-2,20196,21669,26379,19560588,0,856852
Geo18-IndiaTrial,23-10-2023,1369356,0,1037627,21761534,-1,16110,0,12089,16086987,0,856852
Geo18-IndiaTrial,30-10-2023,1574999,889271,1781608,23643760,6,18530,10363,20756,27782286,0,856852
Geo18-IndiaTrial,06-11-2023,1925570,2400097,1486203,23494770,3,22654,27969,17315,25421800,0,856852
Geo18-IndiaTrial,13-11-2023,1120556,2300338,1966106,24691298,2,13183,26807,22906,21310136,0,856852
Geo18-IndiaTrial,20-11-2023,2536308,835856,636680,20172564,1,29840,9741,7418,19868220,0,856852
Geo18-IndiaTrial,27-11-2023,1609581,2062032,315682,25328106,-3,18937,24030,3678,15897763,0,856852
Geo18-IndiaTrial,04-12-2023,2325412,1680273,947875,24332022,-1,27358,19581,11043,14630568,0,856852
Geo18-IndiaTrial,11-12-2023,1725939,788434,1877741,24288762,-3,20306,9188,21876,16178151,0,856852
Geo18-IndiaTrial,18-12-2023,2369001,1853356,1421442,22055660,-2,27871,21598,16560,15200957,0,856852
Geo18-IndiaTrial,25-12-2023,1922474,1414184,504422,19125842,4,22618,16480,5877,22255086,0,856852
Geo18-IndiaTrial,01-01-2024,1426777,1379886,787696,24739808,-3,16786,16080,9177,18325592,0,856852
Geo18-IndiaTrial,08-01-2024,1997677,762927,1549772,20133518,-2,23503,8891,18055,13564233,0,856852
Geo18-IndiaTrial,15-01-2024,2466434,1268817,970884,23456674,0,29017,14786,11311,20021146,0,856852
Geo19-IndiaTrial,25-01-2021,3251882,1200408,1627901,19687094,1,38258,13989,18966,24321996,0,987610
Geo19-IndiaTrial,01-02-2021,1581297,769259,2171138,20188376,0,18604,8965,25295,20469816,0,987610
Geo19-IndiaTrial,08-02-2021,1886511,1281565,2466626,24361896,1,22195,14935,28737,25698780,0,987610
Geo19-IndiaTrial,15-02-2021,161277,1087567,2194862,20433078,3,1897,12674,25571,24221408,0,987610
Geo19-IndiaTrial,22-02-2021,1932390,2429035,2200409,20705200,0,22734,28307,25636,22108066,0,987610
Geo19-IndiaTrial,01-03-2021,2400869,1659640,1523359,17287212,0,28246,19341,17748,22438638,0,987610
Geo19-IndiaTrial,08-03-2021,2974466,676268,1273781,22150358,2,34994,7881,14840,24757774,0,987610
Geo19-IndiaTrial,15-03-2021,940323,822925,2198507,22665812,-1,11063,9590,25613,21641408,0,987610
Geo19-IndiaTrial,22-03-2021,2778892,865983,1994594,26556812,1,32694,10092,23238,23614904,0,987610
Geo19-IndiaTrial,29-03-2021,1318752,1118110,1013697,23003738,3,15515,13030,11810,27900376,0,987610
Geo19-IndiaTrial,05-04-2021,2940221,1013915,1860584,26995026,-2,34592,11816,21677,21053694,0,987610
Geo19-IndiaTrial,12-04-2021,2878684,2462164,1812425,23609226,2,33868,28693,21115,28549942,0,987610
Geo19-IndiaTrial,19-04-2021,2449353,1847724,1767672,22543736,-5,28817,21532,20594,17328196,0,987610
Geo19-IndiaTrial,26-04-2021,2228015,1189805,981255,29391454,4,26213,13865,11432,29951754,0,987610
Geo19-IndiaTrial,03-05-2021,1182157,350313,1657725,24532456,-4,13908,4082,19313,15391581,0,987610
Geo19-IndiaTrial,10-05-2021,2355686,1161446,2018558,26585548,2,27715,13535,23517,26549092,0,987610
Geo19-IndiaTrial,17-05-2021,2242496,1386265,2788700,22249774,4,26383,16155,32489,28840294,0,987610
Geo19-IndiaTrial,24-05-2021,1649969,190541,1140013,21582710,-1,19412,2220,13282,19427846,0,987610
Geo19-IndiaTrial,31-05-2021,2073562,1105998,1679843,27512478,1,24395,12889,19571,26241484,0,987610
Geo19-IndiaTrial,07-06-2021,2481884,2165250,2530325,25901046,1,29199,25233,29479,25401342,0,987610
Geo19-IndiaTrial,14-06-2021,2164624,764264,2012414,26758322,1,25467,8906,23445,25156240,0,987610
Geo19-IndiaTrial,21-06-2021,2073537,2097278,2366548,24278556,1,24395,24441,27571,24641136,0,987610
Geo19-IndiaTrial,28-06-2021,2264828,2372146,1240879,27060732,-2,26646,27644,14457,19535834,0,987610
Geo19-IndiaTrial,05-07-2021,2258660,848228,2593415,24854076,-1,26573,9885,30214,21583880,0,987610
Geo19-IndiaTrial,12-07-2021,2278945,1150433,1344180,26313960,0,26812,13407,15660,24605282,0,987610
Geo19-IndiaTrial,19-07-2021,2338244,1362856,1170627,25557294,2,27509,15882,13638,29868696,0,987610
Geo19-IndiaTrial,26-07-2021,3104019,2112552,2256358,25422686,4,36519,24619,26287,29168458,0,987610
Geo19-IndiaTrial,02-08-2021,1583301,2563875,2262605,27923594,-2,18627,29878,26360,20552814,0,987610
Geo19-IndiaTrial,09-08-2021,1678882,2138087,2193508,25273130,4,19752,24916,25555,28198984,0,987610
Geo19-IndiaTrial,16-08-2021,983135,1575958,1583232,27527672,-9,11567,18365,18445,9451129,0,987610
Geo19-IndiaTrial,23-08-2021,2636129,1607678,2485707,24875782,0,31014,18735,28959,25790574,0,987610
Geo19-IndiaTrial,30-08-2021,2375190,1921547,3385636,30117968,0,27944,22393,39444,23850026,0,987610
Geo19-IndiaTrial,06-09-2021,1926834,1598834,1338720,24258922,-1,22669,18632,15597,18667670,0,987610
Geo19-IndiaTrial,13-09-2021,879689,2258599,2543342,23290362,0,10350,26321,29631,24587332,0,987610
Geo19-IndiaTrial,20-09-2021,3665878,2248406,1648136,27426988,4,43129,26202,19201,26555810,0,987610
Geo19-IndiaTrial,27-09-2021,2555986,2945263,2799356,25195128,1,30071,34323,32614,22943074,0,987610
Geo19-IndiaTrial,04-10-2021,2570644,1249618,1929765,23632004,1,30244,14562,22482,25245634,0,987610
Geo19-IndiaTrial,11-10-2021,1639455,1550508,2402293,26513684,0,19288,18069,27988,24461530,0,987610
Geo19-IndiaTrial,18-10-2021,2321907,2165542,1700900,25577742,6,27317,25236,19816,31350978,0,987610
Geo19-IndiaTrial,25-10-2021,2395017,1120153,2121448,27190198,-1,28177,13054,24716,21155836,0,987610
Geo19-IndiaTrial,01-11-2021,2791516,2176170,2163150,24966086,-4,32842,25360,25202,18035560,0,987610
Geo19-IndiaTrial,08-11-2021,2624992,1971012,1896208,26605748,-4,30883,22969,22092,15141337,0,987610
Geo19-IndiaTrial,15-11-2021,1185316,2632056,1343738,25117942,3,13945,30673,15655,23582014,0,987610
Geo19-IndiaTrial,22-11-2021,3183585,1910993,1419920,26088642,0,37455,22270,16543,24125552,0,987610
Geo19-IndiaTrial,29-11-2021,3175018,1406286,1600158,26910360,-1,37354,16388,18642,22812208,0,987610
Geo19-IndiaTrial,06-12-2021,2271128,1607334,2619572,27875496,5,26720,18731,30519,26580350,0,987610
Geo19-IndiaTrial,13-12-2021,2470532,1874532,608540,25427606,3,29066,21845,7090,25518586,0,987610
Geo19-IndiaTrial,20-12-2021,3237004,428463,2119094,29938694,-12,38083,4993,24688,6389387,0,987610
Geo19-IndiaTrial,27-12-2021,2726064,1584050,1707138,27566576,0,32072,18460,19889,20825124,0,987610
Geo19-IndiaTrial,03-01-2022,1415412,2083556,2730133,23903826,-4,16652,24281,31807,20330110,0,987610
Geo19-IndiaTrial,10-01-2022,2192596,2175364,466014,32459100,0,25796,25351,5429,19920966,0,987610
Geo19-IndiaTrial,17-01-2022,2706410,2617966,1199686,27826574,0,31841,30508,13977,21277890,0,987610
Geo19-IndiaTrial,24-01-2022,1799881,1356796,2648235,23371236,3,21176,15811,30853,24072446,0,987610
Geo19-IndiaTrial,31-01-2022,3316551,1954622,847901,25259820,1,39019,22778,9878,25871944,0,987610
Geo19-IndiaTrial,07-02-2022,2065356,2509073,2208894,23255982,-1,24299,29239,25734,22505832,0,987610
Geo19-IndiaTrial,14-02-2022,1963308,1082912,1390727,25950912,2,23098,12620,16202,22637082,0,987610
Geo19-IndiaTrial,21-02-2022,1799547,1144338,1226864,25689042,-2,21172,13336,14293,19765698,0,987610
Geo19-IndiaTrial,28-02-2022,2476510,1618984,1529773,23889384,3,29136,18867,17822,25112654,0,987610
Geo19-IndiaTrial,07-03-2022,1656087,1543311,1248486,26257720,-4,19484,17985,14545,17043756,0,987610
Geo19-IndiaTrial,14-03-2022,2246269,3328663,1793572,24065068,-1,26427,38791,20896,18733828,0,987610
Geo19-IndiaTrial,21-03-2022,51125,928036,1654999,23184080,-4,601,10815,19281,18030744,0,987610
Geo19-IndiaTrial,28-03-2022,2502803,2292100,1992060,20554294,4,29445,26711,23208,27600638,0,987610
Geo19-IndiaTrial,04-04-2022,1039778,406509,3379057,24554046,6,12233,4737,39367,30114400,0,987610
Geo19-IndiaTrial,11-04-2022,2031934,1001284,1587431,24582128,5,23906,11668,18494,28121388,0,987610
Geo19-IndiaTrial,18-04-2022,2999699,2267608,1574317,22117712,7,35291,26426,18341,28085212,0,987610
Geo19-IndiaTrial,25-04-2022,2991093,3156087,1435811,26079466,-6,35190,36779,16728,15585240,0,987610
Geo19-IndiaTrial,02-05-2022,2172010,2139470,911077,19450248,-1,25554,24932,10614,21564924,0,987610
Geo19-IndiaTrial,09-05-2022,1864049,217713,1763366,23836044,-4,21930,2537,20544,13591185,0,987610
Geo19-IndiaTrial,16-05-2022,2767448,480250,2362577,26236236,-5,32559,5597,27525,14658335,0,987610
Geo19-IndiaTrial,23-05-2022,2890776,1657392,1780380,23097150,4,34010,19314,20742,27757332,0,987610
Geo19-IndiaTrial,30-05-2022,2335556,1674123,2281805,27100304,-3,27478,19509,26584,19989326,0,987610
Geo19-IndiaTrial,06-06-2022,3388052,1601630,2298108,23319312,-4,39860,18665,26774,18895700,0,987610
Geo19-IndiaTrial,13-06-2022,2145019,2494048,2250365,25101000,1,25236,29064,26218,27389306,0,987610
Geo19-IndiaTrial,20-06-2022,2295662,1347666,1187348,24620838,0,27008,15705,13833,21858016,0,987610
Geo19-IndiaTrial,27-06-2022,2107045,2506366,3141501,20906384,-4,24789,29208,36600,17022260,0,987610
Geo19-IndiaTrial,04-07-2022,3453636,2039234,2187722,27492580,4,40632,23764,25488,30412752,0,987610
Geo19-IndiaTrial,11-07-2022,2383166,1438310,1697949,24957264,3,28038,16761,19782,25501872,0,987610
Geo19-IndiaTrial,18-07-2022,1806177,2008504,1091499,28835694,-2,21250,23406,12716,15930331,0,987610
Geo19-IndiaTrial,25-07-2022,1353906,1806369,1958761,23868582,3,15929,21050,22820,28381344,0,987610
Geo19-IndiaTrial,01-08-2022,2239636,637808,1098494,25579772,-3,26349,7433,12798,17286008,0,987610
Geo19-IndiaTrial,08-08-2022,1273779,450168,1872171,23294270,1,14986,5246,21812,20463058,0,987610
Geo19-IndiaTrial,15-08-2022,1682921,1510191,2416138,26345796,-2,19799,17599,28149,18037832,0,987610
Geo19-IndiaTrial,22-08-2022,3220100,1790292,1439828,27373002,4,37884,20863,16775,27804486,0,987610
Geo19-IndiaTrial,29-08-2022,1483534,2421700,1270723,24477224,0,17454,28221,14804,20008536,0,987610
Geo19-IndiaTrial,05-09-2022,3171320,2275051,2128018,24615972,0,37310,26512,24792,17516380,0,987610
Geo19-IndiaTrial,12-09-2022,1517394,2983853,2124788,28412252,6,17852,34772,24755,33170794,0,987610
Geo19-IndiaTrial,19-09-2022,1739255,1992994,857160,27611006,1,20462,23225,9986,25382216,0,987610
Geo19-IndiaTrial,26-09-2022,1303205,3834181,1758204,23046286,0,15332,44682,20484,20671050,0,987610
Geo19-IndiaTrial,03-10-2022,1711560,1451201,1770098,21654020,-4,20136,16912,20622,18050274,0,987610
Geo19-IndiaTrial,10-10-2022,3391879,1832290,2598180,25497016,-1,39905,21353,30270,21572356,0,987610
Geo19-IndiaTrial,17-10-2022,2189770,939140,1438777,21337438,0,25763,10944,16762,23825706,0,987610
Geo19-IndiaTrial,24-10-2022,3099618,2662589,1532781,25338534,11,36467,31028,17857,36395196,0,987610
Geo19-IndiaTrial,31-10-2022,2889752,1233559,2119323,25989842,5,33998,14375,24691,23282786,0,987610
Geo19-IndiaTrial,07-11-2022,3496765,1159454,1748200,26376888,-2,41139,13512,20367,25061432,0,987610
Geo19-IndiaTrial,14-11-2022,2265037,1087504,0,26054374,1,26648,12673,0,22437100,0,987610
Geo19-IndiaTrial,21-11-2022,3688596,1973091,2403961,23353508,-4,43396,22993,28007,16756646,0,987610
Geo19-IndiaTrial,28-11-2022,1965168,1813756,1963101,26609774,1,23120,21137,22871,20452706,0,987610
Geo19-IndiaTrial,05-12-2022,2567480,2338954,2282522,29282360,-2,30206,27257,26592,19760882,0,987610
Geo19-IndiaTrial,12-12-2022,3049291,2790903,2542047,30986476,1,35875,32524,29616,25711568,0,987610
Geo19-IndiaTrial,19-12-2022,1908216,1256441,2437261,26334602,-4,22450,14642,28395,18350282,0,987610
Geo19-IndiaTrial,26-12-2022,2669266,1266062,1818989,25549922,-2,31404,14754,21192,23159952,0,987610
Geo19-IndiaTrial,02-01-2023,1803506,2391468,878705,28523658,-8,21218,27869,10237,11795409,0,987610
Geo19-IndiaTrial,09-01-2023,2109686,1935545,1559739,23810446,-2,24820,22556,18172,20047692,0,987610
Geo19-IndiaTrial,16-01-2023,1582568,1142206,1461934,22867194,0,18619,13311,17032,20944894,0,987610
Geo19-IndiaTrial,23-01-2023,879030,1549266,1549886,28222154,2,10342,18054,18057,24174226,0,987610
Geo19-IndiaTrial,30-01-2023,1448127,2709481,1768027,22092244,0,17037,31575,20598,19445506,0,987610
Geo19-IndiaTrial,06-02-2023,2184925,2179848,2705952,23907488,-4,25706,25403,31525,18181976,0,987610
Geo19-IndiaTrial,13-02-2023,2513459,1212490,1814391,27095850,0,29571,14130,21138,24724534,0,987610
Geo19-IndiaTrial,20-02-2023,2005508,1785972,2089767,22273728,-3,23595,20813,24347,15983296,0,987610
Geo19-IndiaTrial,27-02-2023,2266597,1645754,2035877,26014330,0,26666,19179,23719,23974046,0,987610
Geo19-IndiaTrial,06-03-2023,2963196,622380,2108760,23356790,-1,34862,7253,24568,17655150,0,987610
Geo19-IndiaTrial,13-03-2023,2392295,2569746,1218876,24714820,3,28145,29946,14200,26037044,0,987610
Geo19-IndiaTrial,20-03-2023,2944809,2545189,2428429,22132268,3,34646,29660,28292,27030388,0,987610
Geo19-IndiaTrial,27-03-2023,2881890,940223,832116,27483832,-3,33905,10957,9694,19344444,0,987610
Geo19-IndiaTrial,03-04-2023,2433724,2121006,796871,23545624,-3,28633,24717,9284,19752290,0,987610
Geo19-IndiaTrial,10-04-2023,2232724,2390508,1631095,25284740,1,26268,27858,19003,21212596,0,987610
Geo19-IndiaTrial,17-04-2023,4076378,2508220,2245209,27438864,-3,47958,29229,26158,19490262,0,987610
Geo19-IndiaTrial,24-04-2023,2727909,2562524,2013760,24234836,-1,32094,29862,23461,22163840,0,987610
Geo19-IndiaTrial,01-05-2023,3503890,2551947,2074154,29950256,0,41223,29739,24165,23482772,0,987610
Geo19-IndiaTrial,08-05-2023,2405224,1537718,1129302,23807476,1,28297,17920,13157,24084392,0,987610
Geo19-IndiaTrial,15-05-2023,2371162,1930450,2446524,28813434,5,27897,22496,28503,29895002,0,987610
Geo19-IndiaTrial,22-05-2023,1432269,1185956,2511734,25433350,0,16851,13821,29263,24946028,0,987610
Geo19-IndiaTrial,29-05-2023,1779958,1668846,1848811,29614770,-3,20941,19448,21539,20457966,0,987610
Geo19-IndiaTrial,05-06-2023,861372,2522298,313449,23523002,1,10134,29394,3652,26060726,0,987610
Geo19-IndiaTrial,12-06-2023,2123502,1463842,1180054,25339322,0,24983,17059,13748,21366258,0,987610
Geo19-IndiaTrial,19-06-2023,1893149,3742468,1015571,23183874,0,22273,43613,11832,23002162,0,987610
Geo19-IndiaTrial,26-06-2023,1635764,1087216,2506608,23364628,1,19245,12670,29203,26944924,0,987610
Geo19-IndiaTrial,03-07-2023,1863046,2033464,1287024,21626322,1,21919,23697,14994,26961504,0,987610
Geo19-IndiaTrial,10-07-2023,1410935,2767028,1400349,25561402,8,16600,32246,16315,36007024,0,987610
Geo19-IndiaTrial,17-07-2023,2346402,2064774,933696,23543014,0,27605,24062,10878,20909678,0,987610
Geo19-IndiaTrial,24-07-2023,632059,587937,1680234,24012278,1,7436,6852,19575,23417766,0,987610
Geo19-IndiaTrial,31-07-2023,1300514,1228824,2388580,23015890,-4,15300,14320,27828,17357492,0,987610
Geo19-IndiaTrial,07-08-2023,1977630,1555157,1866271,22583722,3,23267,18123,21743,26802314,0,987610
Geo19-IndiaTrial,14-08-2023,1884107,2169716,702518,26278388,3,22166,25285,8185,25944616,0,987610
Geo19-IndiaTrial,21-08-2023,2139608,2168827,0,24084504,-3,25172,25274,0,19122042,0,987610
Geo19-IndiaTrial,28-08-2023,2338786,1119579,1681012,24355160,1,27516,13047,19584,25037584,0,987610
Geo19-IndiaTrial,04-09-2023,1635573,1489800,2133410,23931560,3,19242,17361,24855,26614768,0,987610
Geo19-IndiaTrial,11-09-2023,3298239,768729,888134,26363570,1,38804,8958,10347,23150094,0,987610
Geo19-IndiaTrial,18-09-2023,1962033,1482829,1710183,25702022,2,23083,17280,19924,24775342,0,987610
Geo19-IndiaTrial,25-09-2023,3068023,1788694,527048,25239316,-5,36095,20845,6140,10595087,0,987610
Geo19-IndiaTrial,02-10-2023,2069278,2149309,1475906,27578406,0,24345,25047,17195,23696190,0,987610
Geo19-IndiaTrial,09-10-2023,2236959,1458713,1834803,26136666,-3,26318,16999,21376,20828076,0,987610
Geo19-IndiaTrial,16-10-2023,2547599,2284100,1774475,29943938,-3,29972,26618,20673,22171178,0,987610
Geo19-IndiaTrial,23-10-2023,1257016,1346698,1740877,24095914,4,14789,15694,20282,25826142,0,987610
Geo19-IndiaTrial,30-10-2023,1479038,943125,2445802,26431434,-2,17401,10991,28495,21380056,0,987610
Geo19-IndiaTrial,06-11-2023,2068612,1315988,2058783,26413416,4,24337,15336,23986,31625786,0,987610
Geo19-IndiaTrial,13-11-2023,2266455,2120856,1153134,27875780,5,26665,24715,13434,30025954,0,987610
Geo19-IndiaTrial,20-11-2023,3316254,1784886,1667694,23866666,5,39016,20800,19429,29003196,0,987610
Geo19-IndiaTrial,27-11-2023,2711558,2478650,493884,30033268,3,31901,28885,5754,25611220,0,987610
Geo19-IndiaTrial,04-12-2023,2374896,1595872,1137306,26916050,-3,27941,18597,13250,14817022,0,987610
Geo19-IndiaTrial,11-12-2023,3063130,1137680,2086631,26991820,0,36038,13258,24310,22456372,0,987610
Geo19-IndiaTrial,18-12-2023,2619344,2297282,1653658,25036920,9,30816,26771,19266,33303108,0,987610
Geo19-IndiaTrial,25-12-2023,1993237,3161392,962921,21320330,0,23450,36841,11218,22121788,0,987610
Geo19-IndiaTrial,01-01-2024,1591135,1783126,1293524,28025880,-3,18720,20780,15070,21559262,0,987610
Geo19-IndiaTrial,08-01-2024,1729890,1163813,1454799,22650512,-5,20352,13562,16949,14208276,0,987610
Geo19-IndiaTrial,15-01-2024,1219369,1428960,2157338,24922004,4,14346,16652,25134,28329380,0,987610
Geo2-IndiaTrial,25-01-2021,569121,228232,258458,4395418,1,6696,2660,3011,5140482,0,225415
Geo2-IndiaTrial,01-02-2021,172883,341446,670362,4469510,-5,2034,3979,7810,2951607,0,225415
Geo2-IndiaTrial,08-02-2021,417189,614692,376857,5178670,-4,4908,7163,4391,4006253,0,225415
Geo2-IndiaTrial,15-02-2021,251756,488094,515770,4789206,-2,2962,5688,6009,3590367,0,225415
Geo2-IndiaTrial,22-02-2021,463656,550379,544438,4739306,-2,5455,6414,6343,4043586,0,225415
Geo2-IndiaTrial,01-03-2021,409394,308474,493954,3775628,-4,4817,3595,5755,3737430,0,225415
Geo2-IndiaTrial,08-03-2021,693503,276920,450360,5686270,6,8159,3227,5247,6777886,0,225415
Geo2-IndiaTrial,15-03-2021,412300,378808,594063,5346570,2,4851,4414,6921,5329538,0,225415
Geo2-IndiaTrial,22-03-2021,628678,435853,392742,6042492,5,7396,5079,4576,5747902,0,225415
Geo2-IndiaTrial,29-03-2021,641997,107159,373973,5847092,0,7553,1249,4357,4991379,0,225415
Geo2-IndiaTrial,05-04-2021,764877,598150,514859,6436349,-2,8999,6971,5998,4539797,0,225415
Geo2-IndiaTrial,12-04-2021,654145,578579,315365,5780168,-1,7696,6742,3674,5154547,0,225415
Geo2-IndiaTrial,19-04-2021,703011,455733,328518,5681572,1,8271,5311,3827,5429741,0,225415
Geo2-IndiaTrial,26-04-2021,371284,585332,213972,7149602,3,4368,6821,2493,5895057,0,225415
Geo2-IndiaTrial,03-05-2021,277632,284951,166967,6370730,-7,3266,3321,1945,2235572,0,225415
Geo2-IndiaTrial,10-05-2021,413438,154162,457113,6694574,0,4864,1797,5326,4748355,0,225415
Geo2-IndiaTrial,17-05-2021,514602,249650,513356,5602034,0,6054,2909,5981,4976355,0,225415
Geo2-IndiaTrial,24-05-2021,542178,225290,366283,5318164,0,6379,2625,4267,4705684,0,225415
Geo2-IndiaTrial,31-05-2021,463086,211253,180389,6570286,-1,5448,2462,2102,5114144,0,225415
Geo2-IndiaTrial,07-06-2021,566856,511972,407669,6505576,4,6669,5966,4749,6479315,0,225415
Geo2-IndiaTrial,14-06-2021,427376,442920,418648,6124864,0,5028,5162,4877,5429488,0,225415
Geo2-IndiaTrial,21-06-2021,415688,332382,658872,5686232,3,4891,3873,7676,5641028,0,225415
Geo2-IndiaTrial,28-06-2021,688576,632971,382712,6606560,6,8101,7376,4459,6281445,0,225415
Geo2-IndiaTrial,05-07-2021,386402,345130,709926,6030252,-2,4546,4022,8271,4376237,0,225415
Geo2-IndiaTrial,12-07-2021,750596,479651,301049,6508374,4,8831,5590,3507,6342188,0,225415
Geo2-IndiaTrial,19-07-2021,332365,195140,214716,6028214,1,3910,2274,2502,5744593,0,225415
Geo2-IndiaTrial,26-07-2021,608284,174646,584044,6122818,-3,7156,2035,6804,4111682,0,225415
Geo2-IndiaTrial,02-08-2021,594207,410200,262619,6495056,1,6991,4780,3060,5244970,0,225415
Geo2-IndiaTrial,09-08-2021,151511,301196,337056,6041147,-1,1783,3510,3927,4563877,0,225415
Geo2-IndiaTrial,16-08-2021,190144,607151,544882,6715932,-3,2237,7075,6348,3356091,0,225415
Geo2-IndiaTrial,23-08-2021,649505,587694,380686,6162039,1,7641,6849,4435,5785567,0,225415
Geo2-IndiaTrial,30-08-2021,517622,452038,641956,7050871,3,6090,5268,7479,6140793,0,225415
Geo2-IndiaTrial,06-09-2021,568856,391882,229873,6173263,8,6693,4567,2678,6312587,0,225415
Geo2-IndiaTrial,13-09-2021,406726,524665,514824,5833492,3,4785,6114,5998,6167464,0,225415
Geo2-IndiaTrial,20-09-2021,708808,370918,464233,6514352,-1,8339,4322,5408,4200391,0,225415
Geo2-IndiaTrial,27-09-2021,480040,521919,400409,5778056,2,5648,6082,4665,5138637,0,225415
Geo2-IndiaTrial,04-10-2021,204470,452239,346683,5563556,-1,2406,5270,4039,4316304,0,225415
Geo2-IndiaTrial,11-10-2021,419479,320600,511473,6212410,-1,4935,3736,5959,5122111,0,225415
Geo2-IndiaTrial,18-10-2021,619779,367374,225989,5911368,-2,7292,4281,2633,4345613,0,225415
Geo2-IndiaTrial,25-10-2021,434951,211751,626110,6449154,-5,5117,2468,7294,3147544,0,225415
Geo2-IndiaTrial,01-11-2021,508041,444132,533551,5941960,-1,5977,5176,6216,4838330,0,225415
Geo2-IndiaTrial,08-11-2021,422383,368561,422712,6127260,4,4969,4295,4925,5691526,0,225415
Geo2-IndiaTrial,15-11-2021,478994,588176,261856,6011959,7,5635,6854,3051,6339806,0,225415
Geo2-IndiaTrial,22-11-2021,709179,502124,378508,6103166,0,8343,5851,4410,5044480,0,225415
Geo2-IndiaTrial,29-11-2021,563578,512451,491577,6462531,-2,6630,5972,5727,4619930,0,225415
Geo2-IndiaTrial,06-12-2021,534016,275857,262317,6768950,0,6283,3215,3056,4074116,0,225415
Geo2-IndiaTrial,13-12-2021,532619,264716,81615,5996356,4,6266,3085,951,5737827,0,225415
Geo2-IndiaTrial,20-12-2021,739094,322784,430868,7387645,3,8695,3762,5020,5499466,0,225415
Geo2-IndiaTrial,27-12-2021,640491,549065,544948,6629762,7,7535,6399,6349,6472780,0,225415
Geo2-IndiaTrial,03-01-2022,580433,592647,504886,5646014,3,6829,6906,5882,6155849,0,225415
Geo2-IndiaTrial,10-01-2022,616394,234369,304145,7992178,2,7252,2731,3543,4720597,0,225415
Geo2-IndiaTrial,17-01-2022,503924,330216,174906,6910414,2,5929,3848,2038,4821495,0,225415
Geo2-IndiaTrial,24-01-2022,389408,525080,388540,5238870,2,4581,6119,4527,4816446,0,225415
Geo2-IndiaTrial,31-01-2022,454139,467894,499106,6049708,1,5343,5453,5815,5125289,0,225415
Geo2-IndiaTrial,07-02-2022,499201,431493,300449,5846416,0,5873,5028,3500,5028486,0,225415
Geo2-IndiaTrial,14-02-2022,452720,265960,138452,5988808,1,5326,3099,1613,4389792,0,225415
Geo2-IndiaTrial,21-02-2022,414729,131337,197604,6170368,-1,4879,1531,2302,4219569,0,225415
Geo2-IndiaTrial,28-02-2022,657004,393241,329548,5821901,-5,7730,4583,3839,2857530,0,225415
Geo2-IndiaTrial,07-03-2022,366026,340936,126045,6176064,-1,4306,3973,1468,4389009,0,225415
Geo2-IndiaTrial,14-03-2022,397933,586741,415809,5551468,-2,4682,6838,4844,3345630,0,225415
Geo2-IndiaTrial,21-03-2022,377125,222995,382704,5658352,-1,4437,2599,4459,4701029,0,225415
Geo2-IndiaTrial,28-03-2022,525234,593099,564804,4993930,-5,6179,6912,6580,3497350,0,225415
Geo2-IndiaTrial,04-04-2022,217824,472236,501735,5921006,2,2563,5503,5845,5313511,0,225415
Geo2-IndiaTrial,11-04-2022,504769,579108,413640,5878477,-1,5939,6749,4819,4699985,0,225415
Geo2-IndiaTrial,18-04-2022,584762,469610,245211,5293227,6,6880,5473,2857,5747643,0,225415
Geo2-IndiaTrial,25-04-2022,535702,549688,0,6113874,1,6303,6406,0,5258880,0,225415
Geo2-IndiaTrial,02-05-2022,590229,200362,209736,4653165,0,6944,2335,2444,4476036,0,225415
Geo2-IndiaTrial,09-05-2022,283303,219479,461750,5467970,1,3333,2558,5380,4622778,0,225415
Geo2-IndiaTrial,16-05-2022,845965,11541,551030,6536269,2,9953,134,6420,4810474,0,225415
Geo2-IndiaTrial,23-05-2022,520068,45478,79961,5519691,-7,6119,530,932,2668698,0,225415
Geo2-IndiaTrial,30-05-2022,589376,518724,512113,6493296,0,6934,6045,5966,4983495,0,225415
Geo2-IndiaTrial,06-06-2022,587609,558630,651984,5515107,-1,6913,6510,7596,4676554,0,225415
Geo2-IndiaTrial,13-06-2022,409704,606633,586746,6027286,1,4820,7069,6836,5594613,0,225415
Geo2-IndiaTrial,20-06-2022,449326,330335,210910,5758448,-2,5286,3850,2457,4073535,0,225415
Geo2-IndiaTrial,27-06-2022,358124,363080,609694,4827594,0,4213,4231,7103,4610435,0,225415
Geo2-IndiaTrial,04-07-2022,770753,477355,442845,6237502,0,9068,5563,5159,5545651,0,225415
Geo2-IndiaTrial,11-07-2022,592890,600685,371188,6275937,-1,6975,7000,4324,4198118,0,225415
Geo2-IndiaTrial,18-07-2022,485555,457830,365002,6549746,3,5713,5335,4252,4926184,0,225415
Geo2-IndiaTrial,25-07-2022,419080,525891,395229,5800474,0,4930,6128,4605,5405457,0,225415
Geo2-IndiaTrial,01-08-2022,765433,382657,336846,6014249,2,9005,4459,3924,5259210,0,225415
Geo2-IndiaTrial,08-08-2022,450127,103636,457079,5963531,0,5296,1208,5325,3973223,0,225415
Geo2-IndiaTrial,15-08-2022,647669,352192,433423,6566282,-3,7620,4104,5050,3567189,0,225415
Geo2-IndiaTrial,22-08-2022,696251,636956,466282,6754832,-1,8191,7423,5432,4878480,0,225415
Geo2-IndiaTrial,29-08-2022,693960,404177,377614,6593944,0,8164,4710,4399,4363783,0,225415
Geo2-IndiaTrial,05-09-2022,429561,492736,304715,6051180,-3,5054,5742,3550,2911510,0,225415
Geo2-IndiaTrial,12-09-2022,73939,586427,621899,7176982,3,870,6834,7245,6109775,0,225415
Geo2-IndiaTrial,19-09-2022,587601,745214,270393,6752876,8,6913,8684,3150,7235462,0,225415
Geo2-IndiaTrial,26-09-2022,341753,760119,728399,5678368,0,4021,8858,8486,4334110,0,225415
Geo2-IndiaTrial,03-10-2022,371908,259577,242239,5148816,-6,4375,3025,2822,3376625,0,225415
Geo2-IndiaTrial,10-10-2022,509948,316795,309217,6239548,4,6000,3692,3602,5807200,0,225415
Geo2-IndiaTrial,17-10-2022,442743,71547,222712,4924560,-3,5209,834,2595,4083810,0,225415
Geo2-IndiaTrial,24-10-2022,405005,272099,70500,5766172,-1,4765,3171,821,4038296,0,225415
Geo2-IndiaTrial,31-10-2022,591914,398786,648571,5701652,3,6964,4647,7556,4231681,0,225415
Geo2-IndiaTrial,07-11-2022,672254,221537,317728,6151692,0,7909,2582,3702,5979199,0,225415
Geo2-IndiaTrial,14-11-2022,374119,339020,252048,5875342,0,4401,3951,2936,4067873,0,225415
Geo2-IndiaTrial,21-11-2022,1144292,326592,316109,5644053,4,13463,3806,3683,5595430,0,225415
Geo2-IndiaTrial,28-11-2022,345068,448531,483348,6306262,-3,4060,5227,5631,2962732,0,225415
Geo2-IndiaTrial,05-12-2022,389285,703955,398454,6588606,-1,4580,8204,4642,4111514,0,225415
Geo2-IndiaTrial,12-12-2022,559725,420225,529927,7166919,-3,6585,4897,6174,4379470,0,225415
Geo2-IndiaTrial,19-12-2022,497841,560654,477654,6244536,1,5857,6534,5565,5116645,0,225415
Geo2-IndiaTrial,26-12-2022,584750,516210,346772,6223664,-3,6880,6016,4040,4637262,0,225415
Geo2-IndiaTrial,02-01-2023,375388,500670,140096,6734797,3,4416,5835,1632,5727054,0,225415
Geo2-IndiaTrial,09-01-2023,664812,587919,195279,5905767,-1,7821,6851,2275,4530585,0,225415
Geo2-IndiaTrial,16-01-2023,441582,252932,106824,5734186,-2,5195,2948,1245,4039169,0,225415
Geo2-IndiaTrial,23-01-2023,285647,399871,430226,6566460,1,3361,4660,5012,5068282,0,225415
Geo2-IndiaTrial,30-01-2023,377542,492136,307939,5663955,-3,4442,5735,3588,3007722,0,225415
Geo2-IndiaTrial,06-02-2023,660978,332067,805265,6069552,0,7776,3870,9382,4873252,0,225415
Geo2-IndiaTrial,13-02-2023,268482,506865,263623,6609456,-1,3159,5907,3071,4728933,0,225415
Geo2-IndiaTrial,20-02-2023,353996,226989,565657,5424052,-4,4165,2645,6590,3305458,0,225415
Geo2-IndiaTrial,27-02-2023,321146,690155,267579,5750954,-8,3778,8043,3117,3002660,0,225415
Geo2-IndiaTrial,06-03-2023,623700,499860,418266,5580176,-1,7338,5825,4873,3876729,0,225415
Geo2-IndiaTrial,13-03-2023,446229,950615,212595,5732862,5,5250,11078,2477,5990922,0,225415
Geo2-IndiaTrial,20-03-2023,491498,525790,549097,5115454,2,5782,6127,6397,5216902,0,225415
Geo2-IndiaTrial,27-03-2023,618254,458177,239295,6113725,2,7274,5339,2788,5950000,0,225415
Geo2-IndiaTrial,03-04-2023,810275,380499,430058,5327640,3,9533,4434,5010,5901386,0,225415
Geo2-IndiaTrial,10-04-2023,332246,561491,284995,6216880,8,3909,6543,3320,6771228,0,225415
Geo2-IndiaTrial,17-04-2023,466196,471164,416992,6236298,1,5485,5491,4858,5252997,0,225415
Geo2-IndiaTrial,24-04-2023,617821,381948,337950,5413304,-3,7269,4451,3937,3968809,0,225415
Geo2-IndiaTrial,01-05-2023,850293,309527,547330,6949098,2,10004,3607,6377,5582688,0,225415
Geo2-IndiaTrial,08-05-2023,558794,351283,195994,5428552,2,6574,4094,2283,5311651,0,225415
Geo2-IndiaTrial,15-05-2023,723763,497138,604559,6806922,1,8515,5793,7043,5505390,0,225415
Geo2-IndiaTrial,22-05-2023,439296,271446,717121,6047594,2,5168,3163,8355,5946133,0,225415
Geo2-IndiaTrial,29-05-2023,321609,524807,220533,6753400,-2,3784,6116,2569,4979994,0,225415
Geo2-IndiaTrial,05-06-2023,400241,647947,418581,5782073,-4,4709,7551,4877,3957053,0,225415
Geo2-IndiaTrial,12-06-2023,673976,499487,476557,6265062,2,7929,5821,5552,5094306,0,225415
Geo2-IndiaTrial,19-06-2023,479152,399256,356984,5864632,3,5637,4653,4159,5826863,0,225415
Geo2-IndiaTrial,26-06-2023,333382,391574,402082,5860179,-3,3922,4563,4684,4761084,0,225415
Geo2-IndiaTrial,03-07-2023,601359,441541,50724,5783122,-1,7075,5145,591,4957137,0,225415
Geo2-IndiaTrial,10-07-2023,369081,406407,183901,6146288,-1,4342,4736,2143,4947414,0,225415
Geo2-IndiaTrial,17-07-2023,605727,430242,258438,6262097,4,7126,5014,3011,5851410,0,225415
Geo2-IndiaTrial,24-07-2023,0,59058,473061,5722986,0,0,688,5511,4712601,0,225415
Geo2-IndiaTrial,31-07-2023,246243,418644,563410,5757902,1,2897,4879,6564,5046061,0,225415
Geo2-IndiaTrial,07-08-2023,338111,279157,422046,5294101,-3,3978,3253,4917,3664821,0,225415
Geo2-IndiaTrial,14-08-2023,562734,705814,306093,6082538,3,6621,8225,3566,5701317,0,225415
Geo2-IndiaTrial,21-08-2023,671406,277869,204298,5823500,4,7899,3238,2380,6089811,0,225415
Geo2-IndiaTrial,28-08-2023,528771,532782,451349,5520834,3,6221,6209,5258,6127256,0,225415
Geo2-IndiaTrial,04-09-2023,246174,633396,594338,5813546,-4,2896,7381,6924,4013389,0,225415
Geo2-IndiaTrial,11-09-2023,758736,371767,3273,6198135,-2,8926,4332,38,4010602,0,225415
Geo2-IndiaTrial,18-09-2023,412494,337814,357044,6238980,-2,4853,3937,4160,3998722,0,225415
Geo2-IndiaTrial,25-09-2023,643275,680964,132189,6068093,2,7568,7936,1540,4341550,0,225415
Geo2-IndiaTrial,02-10-2023,456278,508019,566788,6722304,-1,5368,5920,6603,4629128,0,225415
Geo2-IndiaTrial,09-10-2023,684733,418701,351847,6298934,0,8056,4879,4099,5048042,0,225415
Geo2-IndiaTrial,16-10-2023,526157,424389,223420,6978374,4,6190,4946,2603,6406924,0,225415
Geo2-IndiaTrial,23-10-2023,380166,103502,206748,5903693,3,4473,1206,2409,5058906,0,225415
Geo2-IndiaTrial,30-10-2023,212328,313531,415024,5865561,-5,2498,3654,4835,3765361,0,225415
Geo2-IndiaTrial,06-11-2023,438669,395239,385954,6357866,-1,5161,4606,4497,5370236,0,225415
Geo2-IndiaTrial,13-11-2023,456260,565682,372361,6553486,0,5368,6592,4338,4796539,0,225415
Geo2-IndiaTrial,20-11-2023,501114,340396,209398,5368273,1,5896,3967,2440,4829705,0,225415
Geo2-IndiaTrial,27-11-2023,632334,485065,43480,6827658,-1,7439,5653,507,4626783,0,225415
Geo2-IndiaTrial,04-12-2023,332528,735120,667522,6427250,0,3912,8567,7777,4075257,0,225415
Geo2-IndiaTrial,11-12-2023,599071,327330,322688,6476502,0,7048,3815,3759,4908855,0,225415
Geo2-IndiaTrial,18-12-2023,607202,531516,335191,5666408,-3,7144,6194,3905,3557111,0,225415
Geo2-IndiaTrial,25-12-2023,652004,396395,349928,5030528,3,7671,4619,4077,5400003,0,225415
Geo2-IndiaTrial,01-01-2024,618792,500188,112619,6772089,-1,7280,5829,1312,5010585,0,225415
Geo2-IndiaTrial,08-01-2024,413165,0,146679,5549346,-2,4861,0,1709,3327997,0,225415
Geo2-IndiaTrial,15-01-2024,617808,349371,386198,5934530,1,7268,4071,4499,5299107,0,225415
Geo3-IndiaTrial,25-01-2021,2054089,1391491,1138764,14774581,4,24166,16216,13267,20875624,0,833551
Geo3-IndiaTrial,01-02-2021,1200595,842807,2372082,16512710,0,14125,9822,27636,16216360,0,833551
Geo3-IndiaTrial,08-02-2021,1561724,1474814,1760734,18730868,3,18374,17187,20513,21468226,0,833551
Geo3-IndiaTrial,15-02-2021,1110756,1876821,1180885,17433154,1,13068,21871,13758,15445779,0,833551
Geo3-IndiaTrial,22-02-2021,2745629,1983517,1201517,17243574,0,32302,23115,13998,17354890,0,833551
Geo3-IndiaTrial,01-03-2021,1529183,976894,1615127,14902700,4,17991,11384,18817,20739892,0,833551
Geo3-IndiaTrial,08-03-2021,1430651,1096696,1413356,18640918,2,16832,12780,16466,20741340,0,833551
Geo3-IndiaTrial,15-03-2021,2293210,601036,1442800,18713124,4,26980,7004,16809,20572016,0,833551
Geo3-IndiaTrial,22-03-2021,1847111,850542,1322621,21949160,-4,21731,9912,15409,11185229,0,833551
Geo3-IndiaTrial,29-03-2021,2147138,201034,506337,20391424,-4,25261,2343,5899,13341056,0,833551
Geo3-IndiaTrial,05-04-2021,1640735,1885266,738282,22430998,-3,19303,21970,8601,14734855,0,833551
Geo3-IndiaTrial,12-04-2021,1829389,2245657,2162734,19338496,5,21523,26170,25197,25161766,0,833551
Geo3-IndiaTrial,19-04-2021,2558955,1675359,1346260,19011750,2,30106,19524,15684,19756986,0,833551
Geo3-IndiaTrial,26-04-2021,2125404,1093306,719488,24370790,-1,25005,12741,8382,17987740,0,833551
Geo3-IndiaTrial,03-05-2021,1490470,1125243,693976,21163636,0,17535,13113,8085,15893934,0,833551
Geo3-IndiaTrial,10-05-2021,1260063,1238688,779576,23046270,-1,14825,14435,9082,17163346,0,833551
Geo3-IndiaTrial,17-05-2021,1916264,1528516,1981503,18328728,2,22545,17813,23085,18485842,0,833551
Geo3-IndiaTrial,24-05-2021,1803873,962505,2048318,17815050,4,21222,11217,23864,20494486,0,833551
Geo3-IndiaTrial,31-05-2021,2209934,890820,1062470,23637918,-2,26000,10381,12378,17696938,0,833551
Geo3-IndiaTrial,07-06-2021,2127872,2898968,2048890,21850324,2,25034,33783,23870,21011568,0,833551
Geo3-IndiaTrial,14-06-2021,1152532,1741489,954759,22290548,6,13559,20294,11123,24909204,0,833551
Geo3-IndiaTrial,21-06-2021,1097146,1382383,2195454,19136628,-4,12908,16110,25578,13497884,0,833551
Geo3-IndiaTrial,28-06-2021,2629218,1888532,1410446,23119546,-4,30933,22008,16432,11406053,0,833551
Geo3-IndiaTrial,05-07-2021,1325778,2051984,2195058,20011948,2,15598,23913,25573,20619412,0,833551
Geo3-IndiaTrial,12-07-2021,2536218,1186835,772755,21586474,1,29839,13831,9003,20104818,0,833551
Geo3-IndiaTrial,19-07-2021,1066706,336412,2297963,21282382,0,12550,3920,26772,19731252,0,833551
Geo3-IndiaTrial,26-07-2021,2401396,1483720,1778593,20111688,2,28252,17291,20721,19182346,0,833551
Geo3-IndiaTrial,02-08-2021,1503247,2218043,1342603,22036954,1,17686,25848,15642,18711588,0,833551
Geo3-IndiaTrial,09-08-2021,138124,0,1404586,20053370,-7,1625,0,16364,10417928,0,833551
Geo3-IndiaTrial,16-08-2021,1136202,2160099,2201759,22752424,0,13367,25173,25651,15410369,0,833551
Geo3-IndiaTrial,23-08-2021,1960597,1522730,2772224,19757946,3,23066,17745,32297,21496726,0,833551
Geo3-IndiaTrial,30-08-2021,1560693,1425860,2721226,23292542,1,18361,16616,31703,19306836,0,833551
Geo3-IndiaTrial,06-09-2021,2885952,1406808,1979734,20228976,1,33953,16394,23065,15952757,0,833551
Geo3-IndiaTrial,13-09-2021,993512,1303511,919569,18937030,-1,11689,15190,10713,17375734,0,833551
Geo3-IndiaTrial,20-09-2021,3221219,2093949,1988867,22305024,4,37898,24402,23171,21170914,0,833551
Geo3-IndiaTrial,27-09-2021,1481570,3219036,1293709,20598442,3,17431,37513,15072,20150120,0,833551
Geo3-IndiaTrial,04-10-2021,2266614,1180985,1606613,18798680,3,26667,13763,18718,21736898,0,833551
Geo3-IndiaTrial,11-10-2021,1788134,1584624,916230,23205794,0,21037,18466,10674,19296662,0,833551
Geo3-IndiaTrial,18-10-2021,1422106,1738353,1062955,20787548,2,16731,20258,12384,20132200,0,833551
Geo3-IndiaTrial,25-10-2021,2028064,189885,1286795,22690846,-5,23860,2213,14992,10990062,0,833551
Geo3-IndiaTrial,01-11-2021,1481862,1710274,1511558,20863396,-1,17434,19931,17610,16901328,0,833551
Geo3-IndiaTrial,08-11-2021,957078,1035511,1019163,21513190,-5,11260,12067,11874,9867883,0,833551
Geo3-IndiaTrial,15-11-2021,1411367,2031918,989050,20408706,-1,16605,23679,11523,12816851,0,833551
Geo3-IndiaTrial,22-11-2021,2491998,1588591,1978964,19693030,-1,29318,18513,23056,17010156,0,833551
Geo3-IndiaTrial,29-11-2021,2100739,932334,1812905,21933150,-2,24715,10865,21121,16608716,0,833551
Geo3-IndiaTrial,06-12-2021,2368710,1619726,2353476,22873152,-3,27868,18875,27419,13303291,0,833551
Geo3-IndiaTrial,13-12-2021,1964786,1108555,113932,20295368,2,23116,12919,1327,17914176,0,833551
Geo3-IndiaTrial,20-12-2021,2414683,524207,1426020,25025902,-4,28409,6109,16614,12128617,0,833551
Geo3-IndiaTrial,27-12-2021,2199571,1986559,2092497,23111904,1,25878,23150,24378,17659650,0,833551
Geo3-IndiaTrial,03-01-2022,1999681,1365351,1853332,19676208,1,23526,15911,21592,19951874,0,833551
Geo3-IndiaTrial,10-01-2022,1434326,1094626,1017184,26834270,-2,16875,12756,11851,13090230,0,833551
Geo3-IndiaTrial,17-01-2022,1966460,1700544,2022194,22886608,-1,23135,19817,23559,14288400,0,833551
Geo3-IndiaTrial,24-01-2022,2177387,1993430,2080532,19652452,1,25617,23230,24239,15719366,0,833551
Geo3-IndiaTrial,31-01-2022,1752689,1570584,1560642,20681176,-2,20620,18303,18182,16717724,0,833551
Geo3-IndiaTrial,07-02-2022,2496116,1385980,1307558,19770726,3,29367,16151,15234,22976596,0,833551
Geo3-IndiaTrial,14-02-2022,1672138,657138,1637540,21054204,1,19673,7658,19078,15367548,0,833551
Geo3-IndiaTrial,21-02-2022,1463668,1613983,1473416,20569844,0,17220,18809,17166,17107078,0,833551
Geo3-IndiaTrial,28-02-2022,2045544,1618505,399584,20717890,-3,24066,18861,4655,12238258,0,833551
Geo3-IndiaTrial,07-03-2022,2160866,1636825,1215817,22722714,0,25422,19075,14165,17286924,0,833551
Geo3-IndiaTrial,14-03-2022,1273244,1617449,1105669,19470184,2,14980,18849,12881,17055402,0,833551
Geo3-IndiaTrial,21-03-2022,1422528,1033329,788034,20585644,1,16736,12042,9181,17714396,0,833551
Geo3-IndiaTrial,28-03-2022,1739069,2149402,1588289,18495032,3,20460,25048,18504,20609404,0,833551
Geo3-IndiaTrial,04-04-2022,0,933322,1529756,20474990,-4,0,10876,17822,12392841,0,833551
Geo3-IndiaTrial,11-04-2022,1458643,1448209,2389046,19299180,0,17161,16877,27833,16831590,0,833551
Geo3-IndiaTrial,18-04-2022,2025592,1613554,1283486,17594482,0,23831,18804,14953,14465984,0,833551
Geo3-IndiaTrial,25-04-2022,1940879,2876080,690199,20678482,0,22834,33516,8041,18656712,0,833551
Geo3-IndiaTrial,02-05-2022,1955401,474698,1527885,14806689,0,23005,5532,17800,16636711,0,833551
Geo3-IndiaTrial,09-05-2022,2109926,817210,1620189,18771014,-2,24823,9523,18876,13365818,0,833551
Geo3-IndiaTrial,16-05-2022,2478719,595280,1488000,21347142,0,29162,6937,17336,16742752,0,833551
Geo3-IndiaTrial,23-05-2022,2317660,177811,1416750,18332678,-1,27267,2072,16506,16939450,0,833551
Geo3-IndiaTrial,30-05-2022,1958008,1632149,1288387,22209554,-1,23036,19020,15010,15600480,0,833551
Geo3-IndiaTrial,06-06-2022,2745362,1360647,2515524,19425340,0,32299,15856,29307,17261942,0,833551
Geo3-IndiaTrial,13-06-2022,1223677,1961726,1339564,20604526,-3,14397,22861,15606,16388643,0,833551
Geo3-IndiaTrial,20-06-2022,894891,1871144,1040752,19799798,2,10528,21805,12125,18877034,0,833551
Geo3-IndiaTrial,27-06-2022,1579679,1552880,2203411,16659328,0,18585,18096,25671,17323262,0,833551
Geo3-IndiaTrial,04-07-2022,3061436,568704,2142712,23155702,0,36018,6627,24963,18757090,0,833551
Geo3-IndiaTrial,11-07-2022,1158549,1983120,1442026,19926668,-1,13630,23110,16800,15977421,0,833551
Geo3-IndiaTrial,18-07-2022,2572505,2190679,582228,22992344,1,30265,25529,6783,14705689,0,833551
Geo3-IndiaTrial,25-07-2022,1314867,832394,1249045,19611864,-2,15469,9700,14552,14601091,0,833551
Geo3-IndiaTrial,01-08-2022,2611197,1457305,1062885,20519326,3,30721,16983,12383,20102468,0,833551
Geo3-IndiaTrial,08-08-2022,1723753,931587,1304320,20516892,2,20280,10856,15196,16072352,0,833551
Geo3-IndiaTrial,15-08-2022,1800699,1401929,1202658,22718154,-5,21185,16337,14011,9897898,0,833551
Geo3-IndiaTrial,22-08-2022,2401944,2489212,1726072,23445292,4,28259,29008,20109,20551862,0,833551
Geo3-IndiaTrial,29-08-2022,2364292,2502786,894275,22017008,1,27816,29166,10419,16410214,0,833551
Geo3-IndiaTrial,05-09-2022,1653172,1930626,2154510,21128044,-3,19450,22499,25101,9063809,0,833551
Geo3-IndiaTrial,12-09-2022,1915432,1463082,2668082,24768144,1,22535,17050,31084,18963174,0,833551
Geo3-IndiaTrial,19-09-2022,2052941,1692902,1648551,24383660,-3,24153,19728,19206,14697096,0,833551
Geo3-IndiaTrial,26-09-2022,641014,2592874,2125455,19956480,2,7542,30216,24762,17670772,0,833551
Geo3-IndiaTrial,03-10-2022,1454562,1503706,1443190,17498654,0,17113,17523,16814,19512512,0,833551
Geo3-IndiaTrial,10-10-2022,2880394,1533381,1786104,21970152,4,33888,17869,20809,21984364,0,833551
Geo3-IndiaTrial,17-10-2022,1466216,1503219,1265191,17463792,-1,17250,17518,14740,18634770,0,833551
Geo3-IndiaTrial,24-10-2022,1785446,1369306,0,21812704,3,21006,15957,0,19880436,0,833551
Geo3-IndiaTrial,31-10-2022,1784947,1671438,1517000,20891346,1,21000,19478,17674,14492390,0,833551
Geo3-IndiaTrial,07-11-2022,2413910,197533,853910,21880572,-9,28400,2302,9948,11110302,0,833551
Geo3-IndiaTrial,14-11-2022,1483409,1332257,0,19961734,-1,17452,15525,0,14044089,0,833551
Geo3-IndiaTrial,21-11-2022,3499223,1148588,836151,18199988,5,41168,13385,9741,21208924,0,833551
Geo3-IndiaTrial,28-11-2022,1659796,1344670,2065361,21926240,1,19527,15670,24062,14776895,0,833551
Geo3-IndiaTrial,05-12-2022,2084137,1909116,1267498,23855988,-1,24520,22248,14767,15025493,0,833551
Geo3-IndiaTrial,12-12-2022,2472939,2626826,1262815,26340668,-1,29094,30612,14712,17682386,0,833551
Geo3-IndiaTrial,19-12-2022,1765071,1591466,2278174,20677908,1,20766,18546,26542,18797426,0,833551
Geo3-IndiaTrial,26-12-2022,1938454,1588718,1154644,19851698,-3,22806,18514,13452,16200331,0,833551
Geo3-IndiaTrial,02-01-2023,1364232,1819083,325681,23287338,0,16050,21199,3794,16103663,0,833551
Geo3-IndiaTrial,09-01-2023,2574711,962216,1041653,19940366,-4,30291,11213,12136,12947402,0,833551
Geo3-IndiaTrial,16-01-2023,1372322,1384694,1044425,19782008,0,16145,16137,12168,17608600,0,833551
Geo3-IndiaTrial,23-01-2023,925580,1801949,2519564,24094720,-2,10889,20999,29354,14444152,0,833551
Geo3-IndiaTrial,30-01-2023,618780,1175875,830980,18417468,-6,7280,13703,9681,8332957,0,833551
Geo3-IndiaTrial,06-02-2023,1841766,1469060,1699117,19872698,-4,21668,17120,19795,13912380,0,833551
Geo3-IndiaTrial,13-02-2023,1759338,2413985,1187842,22590736,1,20699,28131,13839,19428512,0,833551
Geo3-IndiaTrial,20-02-2023,724264,1162762,1213130,17641288,0,8521,13550,14133,15290207,0,833551
Geo3-IndiaTrial,27-02-2023,1780720,1072348,1013956,20313944,0,20950,12497,11813,18291484,0,833551
Geo3-IndiaTrial,06-03-2023,2506787,1030722,1142698,18505446,0,29492,12011,13313,13400074,0,833551
Geo3-IndiaTrial,13-03-2023,1207779,2405641,674978,19320420,-6,14209,28034,7864,10061708,0,833551
Geo3-IndiaTrial,20-03-2023,2690408,1331302,1540332,18434750,-2,31653,15514,17945,14570216,0,833551
Geo3-IndiaTrial,27-03-2023,1931651,1349289,1528349,22123562,0,22726,15724,17806,18426842,0,833551
Geo3-IndiaTrial,03-04-2023,2274063,1413394,2720532,18581878,1,26754,16471,31695,19115754,0,833551
Geo3-IndiaTrial,10-04-2023,1539056,1808720,1222328,20292636,-2,18107,21078,14241,13342178,0,833551
Geo3-IndiaTrial,17-04-2023,1682396,1920379,1285303,21521462,3,19793,22379,14974,20864134,0,833551
Geo3-IndiaTrial,24-04-2023,2638798,2643665,1423767,19829074,-1,31045,30808,16587,16053374,0,833551
Geo3-IndiaTrial,01-05-2023,2300892,1159968,1801777,24760850,-4,27070,13518,20991,13611674,0,833551
Geo3-IndiaTrial,08-05-2023,1547054,946684,738928,18822024,-2,18201,11032,8609,14347869,0,833551
Geo3-IndiaTrial,15-05-2023,2143830,2322828,1301055,22602424,-4,25222,27069,15158,13707676,0,833551
Geo3-IndiaTrial,22-05-2023,1938712,872226,2515957,20684402,7,22809,10164,29312,27094480,0,833551
Geo3-IndiaTrial,29-05-2023,644052,1898154,566747,22940450,-3,7577,22120,6603,15360042,0,833551
Geo3-IndiaTrial,05-06-2023,1102932,1760925,775722,19488846,-2,12976,20521,9037,14958258,0,833551
Geo3-IndiaTrial,12-06-2023,1331039,1267201,1061641,20435394,-2,15660,14767,12369,12404187,0,833551
Geo3-IndiaTrial,19-06-2023,1641806,2123659,1020171,18955548,1,19316,24748,11885,18947456,0,833551
Geo3-IndiaTrial,26-06-2023,1359819,792067,1726188,19575096,-1,15998,9230,20111,19694222,0,833551
Geo3-IndiaTrial,03-07-2023,1596474,1095868,645838,18608880,-3,18782,12771,7524,15481612,0,833551
Geo3-IndiaTrial,10-07-2023,1578032,1883990,1309461,20535480,-1,18565,21955,15256,18711874,0,833551
Geo3-IndiaTrial,17-07-2023,1923702,2286990,954513,20318114,-4,22632,26651,11120,11928164,0,833551
Geo3-IndiaTrial,24-07-2023,704812,1961132,2267920,18844098,5,8292,22854,26422,22687866,0,833551
Geo3-IndiaTrial,31-07-2023,1863087,1927899,832008,19157256,0,21919,22467,9693,16762185,0,833551
Geo3-IndiaTrial,07-08-2023,496430,943305,1438894,18185958,0,5840,10993,16764,18281208,0,833551
Geo3-IndiaTrial,14-08-2023,1514348,2696720,1672678,21872564,1,17816,31426,19487,17553328,0,833551
Geo3-IndiaTrial,21-08-2023,3187003,1491772,920794,20067994,-1,37495,17384,10728,16827460,0,833551
Geo3-IndiaTrial,28-08-2023,2100416,801464,1025708,18849298,0,24711,9340,11950,17617634,0,833551
Geo3-IndiaTrial,04-09-2023,981060,1528290,2101038,20113400,-1,11542,17810,24478,15525979,0,833551
Geo3-IndiaTrial,11-09-2023,3405026,1480062,1510880,22734258,3,40060,17248,17602,19507956,0,833551
Geo3-IndiaTrial,18-09-2023,1385086,1811714,635288,22571528,-4,16295,21113,7401,12509052,0,833551
Geo3-IndiaTrial,25-09-2023,1521768,1874918,247740,20844280,4,17904,21849,2886,16935776,0,833551
Geo3-IndiaTrial,02-10-2023,1786909,1475819,1790508,22173026,-5,21023,17198,20860,12807134,0,833551
Geo3-IndiaTrial,09-10-2023,2284376,2002000,757149,21667492,-4,26876,23330,8821,14864584,0,833551
Geo3-IndiaTrial,16-10-2023,1960748,1313438,1323210,24867678,1,23068,15306,15416,19006390,0,833551
Geo3-IndiaTrial,23-10-2023,994641,603943,998195,20321390,-1,11702,7038,11629,14434024,0,833551
Geo3-IndiaTrial,30-10-2023,1957982,1342007,1413993,21541112,-1,23036,15639,16474,17990144,0,833551
Geo3-IndiaTrial,06-11-2023,2429036,2198659,1935516,22321298,4,28578,25622,22549,24799802,0,833551
Geo3-IndiaTrial,13-11-2023,904282,2683963,1931265,22618540,-1,10639,31278,22500,17726108,0,833551
Geo3-IndiaTrial,20-11-2023,1796526,1219455,1462018,17920628,-4,21136,14211,17033,13350560,0,833551
Geo3-IndiaTrial,27-11-2023,2504751,971778,515995,24413202,-6,29468,11325,6012,10137220,0,833551
Geo3-IndiaTrial,04-12-2023,1585664,1144690,2049484,21892804,-7,18655,13340,23877,7870109,0,833551
Geo3-IndiaTrial,11-12-2023,1603563,88792,1378170,21790078,1,18866,1035,16056,17959538,0,833551
Geo3-IndiaTrial,18-12-2023,2502613,1619970,936675,20481802,-2,29443,18878,10913,14524652,0,833551
Geo3-IndiaTrial,25-12-2023,1928381,1387607,508931,17217402,-5,22687,16170,5929,10720847,0,833551
Geo3-IndiaTrial,01-01-2024,1668799,2586199,1129911,23188626,3,19633,30138,13164,23773322,0,833551
Geo3-IndiaTrial,08-01-2024,1769371,465659,1501646,18711624,-4,20817,5427,17495,10532463,0,833551
Geo3-IndiaTrial,15-01-2024,1332098,1101819,1355677,19949958,-7,15672,12840,15794,10230069,0,833551
Geo4-IndiaTrial,25-01-2021,499785,157108,265544,2773099,-3,5880,1831,3094,2884345,0,157739
Geo4-IndiaTrial,01-02-2021,339107,216524,382349,2943778,2,3990,2523,4455,3619721,0,157739
Geo4-IndiaTrial,08-02-2021,302898,177487,394014,3460391,-1,3564,2068,4590,3223276,0,157739
Geo4-IndiaTrial,15-02-2021,204238,327837,306876,2957000,1,2403,3820,3575,3154961,0,157739
Geo4-IndiaTrial,22-02-2021,457219,336372,302486,2749978,-2,5379,3920,3524,2925554,0,157739
Geo4-IndiaTrial,01-03-2021,386993,163773,446092,2172258,1,4553,1909,5197,3562371,0,157739
Geo4-IndiaTrial,08-03-2021,389337,284610,261767,3090918,-2,4581,3317,3050,3423035,0,157739
Geo4-IndiaTrial,15-03-2021,247967,280975,208115,2956632,-5,2917,3274,2425,2283395,0,157739
Geo4-IndiaTrial,22-03-2021,491901,324840,303350,3274330,5,5787,3786,3534,4281301,0,157739
Geo4-IndiaTrial,29-03-2021,389559,85727,112044,3241088,-4,4583,999,1305,2852657,0,157739
Geo4-IndiaTrial,05-04-2021,347930,299802,340756,3564480,1,4093,3494,3970,3833700,0,157739
Geo4-IndiaTrial,12-04-2021,273162,251448,274900,2888972,-7,3214,2930,3203,2607538,0,157739
Geo4-IndiaTrial,19-04-2021,570187,321927,273741,2681088,-7,6708,3752,3189,2362563,0,157739
Geo4-IndiaTrial,26-04-2021,254389,146396,32065,4044240,1,2993,1706,374,3978965,0,157739
Geo4-IndiaTrial,03-05-2021,296270,191795,278336,3193450,1,3486,2235,3243,3296388,0,157739
Geo4-IndiaTrial,10-05-2021,350672,175655,156122,3532648,1,4126,2047,1819,3713778,0,157739
Geo4-IndiaTrial,17-05-2021,252677,251429,353645,2779749,-5,2973,2930,4120,2309363,0,157739
Geo4-IndiaTrial,24-05-2021,400223,154612,346466,2606745,4,4709,1802,4036,4074517,0,157739
Geo4-IndiaTrial,31-05-2021,245755,218035,338485,3383983,4,2891,2541,3943,4479892,0,157739
Geo4-IndiaTrial,07-06-2021,595541,511262,354902,3438702,6,7007,5958,4135,5104400,0,157739
Geo4-IndiaTrial,14-06-2021,322174,313522,334703,3396135,1,3790,3654,3899,3945841,0,157739
Geo4-IndiaTrial,21-06-2021,333074,303169,370842,3029262,0,3919,3533,4320,3808294,0,157739
Geo4-IndiaTrial,28-06-2021,454060,251093,367197,3531778,-2,5342,2926,4278,2786831,0,157739
Geo4-IndiaTrial,05-07-2021,337281,201733,467968,3092706,0,3968,2351,5452,3786981,0,157739
Geo4-IndiaTrial,12-07-2021,346824,248981,195184,3349717,1,4080,2901,2274,3979035,0,157739
Geo4-IndiaTrial,19-07-2021,366346,319888,83811,3297356,-1,4310,3728,976,3951023,0,157739
Geo4-IndiaTrial,26-07-2021,400478,218482,182340,3085440,-2,4712,2546,2124,3032169,0,157739
Geo4-IndiaTrial,02-08-2021,328908,420775,243675,3476945,0,3870,4903,2839,3619956,0,157739
Geo4-IndiaTrial,09-08-2021,76082,77491,321914,3237507,-6,895,903,3750,2444973,0,157739
Geo4-IndiaTrial,16-08-2021,205538,358790,133256,3602739,4,2418,4181,1552,4053033,0,157739
Geo4-IndiaTrial,23-08-2021,372550,301411,223540,3194182,-4,4383,3512,2604,3040111,0,157739
Geo4-IndiaTrial,30-08-2021,253655,286430,443361,3731396,-1,2984,3338,5165,3371422,0,157739
Geo4-IndiaTrial,06-09-2021,400331,313638,259341,3155939,-1,4710,3655,3021,2669453,0,157739
Geo4-IndiaTrial,13-09-2021,225364,372912,350796,2910089,2,2651,4346,4087,4015604,0,157739
Geo4-IndiaTrial,20-09-2021,510967,194286,245805,3548754,0,6012,2264,2864,3073580,0,157739
Geo4-IndiaTrial,27-09-2021,315295,371162,238197,3066860,0,3709,4325,2775,3376748,0,157739
Geo4-IndiaTrial,04-10-2021,422659,267720,353255,3095148,-1,4973,3120,4116,3164048,0,157739
Geo4-IndiaTrial,11-10-2021,323989,378117,257301,3451522,3,3812,4406,2998,4505936,0,157739
Geo4-IndiaTrial,18-10-2021,352702,335544,0,3174730,0,4150,3910,0,3554104,0,157739
Geo4-IndiaTrial,25-10-2021,249952,171161,424243,3490668,5,2941,1995,4943,4444057,0,157739
Geo4-IndiaTrial,01-11-2021,496406,133341,272939,3272223,3,5840,1554,3180,4198507,0,157739
Geo4-IndiaTrial,08-11-2021,376117,475102,260940,3363906,3,4425,5537,3040,3837832,0,157739
Geo4-IndiaTrial,15-11-2021,284367,507986,255003,3277835,-6,3346,5920,2971,1928185,0,157739
Geo4-IndiaTrial,22-11-2021,328265,267407,269330,3257083,-5,3862,3116,3138,2557469,0,157739
Geo4-IndiaTrial,29-11-2021,410918,282692,192761,3524582,-1,4834,3294,2246,3368014,0,157739
Geo4-IndiaTrial,06-12-2021,354483,365943,252610,3533583,-1,4170,4265,2943,2712006,0,157739
Geo4-IndiaTrial,13-12-2021,410714,154501,218944,3085494,-6,4832,1800,2551,2104973,0,157739
Geo4-IndiaTrial,20-12-2021,382432,207875,181905,3971576,1,4499,2422,2119,3520893,0,157739
Geo4-IndiaTrial,27-12-2021,421524,292921,262393,3575437,0,4959,3414,3057,3139354,0,157739
Geo4-IndiaTrial,03-01-2022,327348,366692,210691,2958945,3,3851,4273,2455,4465552,0,157739
Geo4-IndiaTrial,10-01-2022,409812,258273,187833,4264658,-4,4821,3010,2188,2336796,0,157739
Geo4-IndiaTrial,17-01-2022,329494,256050,350579,3577364,-1,3876,2984,4084,2794880,0,157739
Geo4-IndiaTrial,24-01-2022,444425,370607,365757,2908920,-4,5229,4319,4261,2281632,0,157739
Geo4-IndiaTrial,31-01-2022,276329,481943,358935,3158796,-1,3251,5616,4182,3727873,0,157739
Geo4-IndiaTrial,07-02-2022,336227,159511,304182,2930760,-8,3956,1859,3544,2112195,0,157739
Geo4-IndiaTrial,14-02-2022,223716,53782,261274,3207084,-4,2632,627,3044,2251470,0,157739
Geo4-IndiaTrial,21-02-2022,353157,224496,382983,3053292,1,4155,2616,4462,3503874,0,157739
Geo4-IndiaTrial,28-02-2022,452384,309456,390312,2998836,1,5322,3606,4547,3387753,0,157739
Geo4-IndiaTrial,07-03-2022,473656,505104,89888,3529238,4,5573,5886,1047,4349577,0,157739
Geo4-IndiaTrial,14-03-2022,204973,314589,209964,2990790,-5,2411,3666,2446,2186170,0,157739
Geo4-IndiaTrial,21-03-2022,9549,69742,159705,2927742,-7,112,813,1861,1922841,0,157739
Geo4-IndiaTrial,28-03-2022,364227,235107,246417,2677526,0,4285,2740,2871,3544465,0,157739
Geo4-IndiaTrial,04-04-2022,266590,287230,279972,3224111,-2,3136,3347,3262,3172099,0,157739
Geo4-IndiaTrial,11-04-2022,406075,303108,370719,3239622,1,4777,3532,4319,3742001,0,157739
Geo4-IndiaTrial,18-04-2022,324734,232406,185631,2789738,-1,3820,2708,2163,2663491,0,157739
Geo4-IndiaTrial,25-04-2022,292361,440494,155669,3289540,-3,3440,5133,1814,3009838,0,157739
Geo4-IndiaTrial,02-05-2022,403779,194072,251376,2384938,-1,4750,2262,2929,3089190,0,157739
Geo4-IndiaTrial,09-05-2022,213659,95370,241106,2818787,0,2514,1111,2809,2908186,0,157739
Geo4-IndiaTrial,16-05-2022,499276,127008,215949,3317618,-3,5874,1480,2516,2385619,0,157739
Geo4-IndiaTrial,23-05-2022,533877,40680,340489,2821540,-2,6281,474,3967,2985520,0,157739
Geo4-IndiaTrial,30-05-2022,419348,332006,453107,3455298,1,4934,3869,5279,3907384,0,157739
Geo4-IndiaTrial,06-06-2022,468215,276545,348362,2651490,-2,5509,3223,4059,2995518,0,157739
Geo4-IndiaTrial,13-06-2022,353114,293934,324860,2995998,5,4154,3425,3785,5046045,0,157739
Geo4-IndiaTrial,20-06-2022,379330,397863,139044,3114539,4,4463,4636,1620,4205477,0,157739
Geo4-IndiaTrial,27-06-2022,269314,299220,332579,2452447,1,3168,3487,3875,3583824,0,157739
Geo4-IndiaTrial,04-07-2022,365867,58487,345188,3444256,-6,4304,682,4022,2581589,0,157739
Geo4-IndiaTrial,11-07-2022,392820,182702,369073,3198045,-2,4622,2129,4300,3000529,0,157739
Geo4-IndiaTrial,18-07-2022,299906,306117,354380,3717829,0,3528,3567,4129,2813838,0,157739
Geo4-IndiaTrial,25-07-2022,304393,163217,267493,3137162,4,3581,1902,3116,4186913,0,157739
Geo4-IndiaTrial,01-08-2022,407539,326209,169994,3218470,3,4795,3801,1980,4072276,0,157739
Geo4-IndiaTrial,08-08-2022,338836,41399,312068,3197094,2,3986,482,3636,3046505,0,157739
Geo4-IndiaTrial,15-08-2022,261468,283810,269299,3351980,1,3076,3307,3137,3267983,0,157739
Geo4-IndiaTrial,22-08-2022,594285,408026,273973,3478621,6,6992,4755,3192,4793742,0,157739
Geo4-IndiaTrial,29-08-2022,445280,336839,336193,3171868,0,5239,3925,3917,3262030,0,157739
Geo4-IndiaTrial,05-09-2022,343880,228523,189772,3205888,-2,4046,2663,2211,2036383,0,157739
Geo4-IndiaTrial,12-09-2022,257899,337714,450843,3953660,-3,3034,3936,5252,3328646,0,157739
Geo4-IndiaTrial,19-09-2022,277290,465044,149317,3589556,-3,3262,5419,1740,2898280,0,157739
Geo4-IndiaTrial,26-09-2022,188870,497353,372326,2907116,2,2222,5796,4338,3576687,0,157739
Geo4-IndiaTrial,03-10-2022,453813,254389,253325,2593924,2,5339,2965,2951,4114791,0,157739
Geo4-IndiaTrial,10-10-2022,256186,422698,447219,3311796,0,3014,4926,5210,3535670,0,157739
Geo4-IndiaTrial,17-10-2022,384904,199959,325086,2565370,-2,4528,2330,3787,3558403,0,157739
Geo4-IndiaTrial,24-10-2022,405069,138215,0,3185365,1,4766,1611,0,3436293,0,157739
Geo4-IndiaTrial,31-10-2022,408198,261954,295594,3206607,-1,4802,3053,3444,2451922,0,157739
Geo4-IndiaTrial,07-11-2022,404619,120065,197943,3256716,1,4760,1399,2306,4148995,0,157739
Geo4-IndiaTrial,14-11-2022,275403,261599,154228,2975726,2,3240,3049,1797,3592501,0,157739
Geo4-IndiaTrial,21-11-2022,583827,329258,294185,2673059,8,6869,3837,3427,5080466,0,157739
Geo4-IndiaTrial,28-11-2022,211797,302645,331694,3266894,2,2492,3527,3864,3208132,0,157739
Geo4-IndiaTrial,05-12-2022,132192,420466,44151,3660121,-1,1555,4900,514,3152053,0,157739
Geo4-IndiaTrial,12-12-2022,296620,224890,250014,3789699,-2,3490,2621,2913,3325424,0,157739
Geo4-IndiaTrial,19-12-2022,455880,229711,344757,3131475,2,5363,2677,4017,3838915,0,157739
Geo4-IndiaTrial,26-12-2022,436817,314313,363134,3017638,3,5139,3663,4231,4501779,0,157739
Geo4-IndiaTrial,02-01-2023,227312,382147,106517,3562717,-3,2674,4453,1241,2774074,0,157739
Geo4-IndiaTrial,09-01-2023,421834,200696,216663,2904899,-2,4963,2339,2524,3124211,0,157739
Geo4-IndiaTrial,16-01-2023,233006,150415,179061,2784956,-1,2741,1753,2086,2779727,0,157739
Geo4-IndiaTrial,23-01-2023,46210,289201,375078,3461031,-4,544,3370,4370,2669659,0,157739
Geo4-IndiaTrial,30-01-2023,190357,376401,206019,2573838,-1,2240,4386,2400,2619063,0,157739
Geo4-IndiaTrial,06-02-2023,479331,232564,485090,3054934,6,5639,2710,5651,4780537,0,157739
Geo4-IndiaTrial,13-02-2023,381570,207669,75763,3466342,-1,4489,2420,883,3479334,0,157739
Geo4-IndiaTrial,20-02-2023,229146,323669,140040,2687830,2,2696,3772,1632,3685896,0,157739
Geo4-IndiaTrial,27-02-2023,450169,272147,373039,3158750,-1,5296,3171,4346,3642647,0,157739
Geo4-IndiaTrial,06-03-2023,453791,126919,243168,3020078,2,5339,1479,2833,3147663,0,157739
Geo4-IndiaTrial,13-03-2023,315738,497483,63198,3073114,0,3715,5797,736,3195491,0,157739
Geo4-IndiaTrial,20-03-2023,531595,528383,259415,2672238,2,6254,6158,3022,3708899,0,157739
Geo4-IndiaTrial,27-03-2023,497235,113079,363882,3460987,-1,5850,1318,4239,3530916,0,157739
Geo4-IndiaTrial,03-04-2023,429013,274864,251225,2866892,-1,5047,3203,2927,3422747,0,157739
Geo4-IndiaTrial,10-04-2023,245647,419466,351742,3340185,1,2890,4888,4098,3484033,0,157739
Geo4-IndiaTrial,17-04-2023,377893,317832,294211,3275360,2,4446,3704,3428,4142677,0,157739
Geo4-IndiaTrial,24-04-2023,331182,217898,276566,2804834,-2,3896,2539,3222,3028910,0,157739
Geo4-IndiaTrial,01-05-2023,325905,289180,284295,3700006,-6,3834,3370,3312,2476476,0,157739
Geo4-IndiaTrial,08-05-2023,482391,305315,143707,2692756,-1,5675,3558,1674,3440751,0,157739
Geo4-IndiaTrial,15-05-2023,421210,191426,212221,3560756,2,4956,2231,2472,3973116,0,157739
Geo4-IndiaTrial,22-05-2023,361299,208994,567294,2956736,-2,4251,2436,6609,3605566,0,157739
Geo4-IndiaTrial,29-05-2023,253285,348176,133630,3711380,-2,2980,4057,1557,3343193,0,157739
Geo4-IndiaTrial,05-06-2023,283319,244799,105404,3128199,-3,3333,2853,1228,3018744,0,157739
Geo4-IndiaTrial,12-06-2023,200133,192463,70618,3052343,-6,2355,2243,823,1943982,0,157739
Geo4-IndiaTrial,19-06-2023,355998,247727,214019,2945248,0,4188,2887,2493,3449976,0,157739
Geo4-IndiaTrial,26-06-2023,336719,80749,241220,3014383,0,3961,941,2810,4004145,0,157739
Geo4-IndiaTrial,03-07-2023,320189,230673,4694,2980394,-5,3767,2688,55,2792631,0,157739
Geo4-IndiaTrial,10-07-2023,223286,231585,0,3211356,1,2627,2699,0,3978721,0,157739
Geo4-IndiaTrial,17-07-2023,244528,306284,28625,3265846,-1,2877,3569,333,3013693,0,157739
Geo4-IndiaTrial,24-07-2023,28292,281019,283782,2889818,-2,333,3275,3306,2985270,0,157739
Geo4-IndiaTrial,31-07-2023,110430,400332,358424,3036088,-3,1299,4665,4176,2764823,0,157739
Geo4-IndiaTrial,07-08-2023,225104,253979,221251,2836292,-3,2648,2960,2578,2788538,0,157739
Geo4-IndiaTrial,14-08-2023,327518,401897,213334,3337199,-1,3853,4683,2485,3081323,0,157739
Geo4-IndiaTrial,21-08-2023,449646,351314,1028,3030338,0,5290,4094,12,3512481,0,157739
Geo4-IndiaTrial,28-08-2023,373156,178212,212207,2973996,-4,4390,2077,2472,2870802,0,157739
Geo4-IndiaTrial,04-09-2023,304841,364324,256507,3077940,0,3586,4246,2988,3318425,0,157739
Geo4-IndiaTrial,11-09-2023,559032,270900,91566,3360404,5,6577,3157,1067,4235447,0,157739
Geo4-IndiaTrial,18-09-2023,346616,228832,248005,3413547,0,4078,2667,2889,3311564,0,157739
Geo4-IndiaTrial,25-09-2023,350096,392807,211227,3339943,2,4119,4578,2461,3001185,0,157739
Geo4-IndiaTrial,02-10-2023,298925,277096,180449,3471885,3,3517,3229,2102,4241650,0,157739
Geo4-IndiaTrial,09-10-2023,409063,109172,384258,3417947,1,4813,1272,4477,3701822,0,157739
Geo4-IndiaTrial,16-10-2023,244374,204150,328943,3963863,-1,2875,2379,3832,3687336,0,157739
Geo4-IndiaTrial,23-10-2023,249331,161562,106336,2955899,-1,2933,1883,1239,3001910,0,157739
Geo4-IndiaTrial,30-10-2023,421942,158207,313325,3233740,1,4964,1844,3650,3983513,0,157739
Geo4-IndiaTrial,06-11-2023,422794,425816,191338,3353654,2,4974,4962,2229,4504336,0,157739
Geo4-IndiaTrial,13-11-2023,206845,243355,201530,3573486,-2,2434,2836,2348,3155676,0,157739
Geo4-IndiaTrial,20-11-2023,404492,87500,231427,2907859,0,4759,1020,2696,3478082,0,157739
Geo4-IndiaTrial,27-11-2023,406461,424434,177104,3724074,2,4782,4946,2063,3797795,0,157739
Geo4-IndiaTrial,04-12-2023,401648,444660,327041,3436564,4,4725,5182,3810,3623881,0,157739
Geo4-IndiaTrial,11-12-2023,426242,182143,347973,3593846,0,5015,2123,4054,3558234,0,157739
Geo4-IndiaTrial,18-12-2023,217894,279762,262228,2946978,-3,2564,3260,3055,2675236,0,157739
Geo4-IndiaTrial,25-12-2023,436951,267334,298702,2582641,-1,5141,3115,3480,3143209,0,157739
Geo4-IndiaTrial,01-01-2024,364271,318679,16849,3635872,0,4286,3714,196,3980117,0,157739
Geo4-IndiaTrial,08-01-2024,392637,33673,116838,2846009,3,4619,392,1361,3533090,0,157739
Geo4-IndiaTrial,15-01-2024,182276,355263,211393,3120432,-3,2144,4140,2463,3231179,0,157739
Geo5-IndiaTrial,25-01-2021,1873709,251734,1172487,12167341,4,22044,2934,13660,14861466,0,598300
Geo5-IndiaTrial,01-02-2021,1016108,641156,1277999,12127106,-2,11954,7472,14889,9099215,0,598300
Geo5-IndiaTrial,08-02-2021,999368,1572939,786696,13391262,-5,11758,18330,9165,8669393,0,598300
Geo5-IndiaTrial,15-02-2021,630207,1694102,1191928,12231169,4,7414,19742,13886,12816676,0,598300
Geo5-IndiaTrial,22-02-2021,589442,1301482,1246662,11409531,2,6935,15167,14524,13161020,0,598300
Geo5-IndiaTrial,01-03-2021,803443,555397,1138145,9103400,-1,9452,6472,13260,11005390,0,598300
Geo5-IndiaTrial,08-03-2021,1940480,1746245,1132433,12563704,7,22830,20350,13193,17915898,0,598300
Geo5-IndiaTrial,15-03-2021,1523471,473442,1355755,12846520,2,17924,5517,15795,13013550,0,598300
Geo5-IndiaTrial,22-03-2021,1651009,1156116,1237518,14699771,0,19424,13473,14418,11096422,0,598300
Geo5-IndiaTrial,29-03-2021,1267095,317765,828512,14045945,-2,14907,3703,9652,11234833,0,598300
Geo5-IndiaTrial,05-04-2021,1402060,1090888,1864902,15075150,-1,16495,12713,21727,11556693,0,598300
Geo5-IndiaTrial,12-04-2021,1360160,1173858,1316393,13229737,-2,16002,13680,15336,11673611,0,598300
Geo5-IndiaTrial,19-04-2021,956408,1059947,683427,12134587,2,11252,12352,7962,13716261,0,598300
Geo5-IndiaTrial,26-04-2021,982083,819961,660987,15802712,2,11554,9555,7701,14787520,0,598300
Geo5-IndiaTrial,03-05-2021,1176290,627224,998824,13448394,-2,13839,7309,11637,9059821,0,598300
Geo5-IndiaTrial,10-05-2021,625163,782154,956081,14601584,6,7355,9115,11139,16857876,0,598300
Geo5-IndiaTrial,17-05-2021,1566690,974292,1125055,12883054,-1,18432,11354,13107,11554881,0,598300
Geo5-IndiaTrial,24-05-2021,1619007,898339,1509915,11779643,3,19048,10469,17591,14597388,0,598300
Geo5-IndiaTrial,31-05-2021,1582851,1170706,1110580,14618621,1,18622,13643,12939,14541465,0,598300
Geo5-IndiaTrial,07-06-2021,1969155,1445265,1125369,15481348,-2,23167,16842,13111,11825767,0,598300
Geo5-IndiaTrial,14-06-2021,147996,632569,779251,14241702,-1,1741,7372,9079,12488385,0,598300
Geo5-IndiaTrial,21-06-2021,646362,1278885,1393079,13380564,-3,7604,14903,16230,9858245,0,598300
Geo5-IndiaTrial,28-06-2021,1541720,1019491,834966,14911136,-1,18138,11881,9728,9399942,0,598300
Geo5-IndiaTrial,05-07-2021,1336996,1452672,1358167,13473522,3,15730,16929,15823,14732610,0,598300
Geo5-IndiaTrial,12-07-2021,1362717,1054753,976619,14160927,-1,16032,12292,11378,12878213,0,598300
Geo5-IndiaTrial,19-07-2021,1512946,693620,960953,13961478,2,17800,8083,11195,14656580,0,598300
Geo5-IndiaTrial,26-07-2021,1407059,1364606,1371603,13871270,0,16554,15902,15980,11814901,0,598300
Geo5-IndiaTrial,02-08-2021,1686355,1439671,843015,14696511,5,19840,16777,9821,15800698,0,598300
Geo5-IndiaTrial,09-08-2021,841157,868332,921696,13844592,1,9896,10119,10738,13446693,0,598300
Geo5-IndiaTrial,16-08-2021,375912,1202357,1036559,15814697,-4,4423,14012,12076,7325652,0,598300
Geo5-IndiaTrial,23-08-2021,1242072,1261736,1376025,14486753,-1,14613,14704,16031,12699283,0,598300
Geo5-IndiaTrial,30-08-2021,971732,876114,1663680,16111800,2,11432,10210,19383,13792094,0,598300
Geo5-IndiaTrial,06-09-2021,1096549,1122741,701327,13562924,-2,12901,13084,8171,7546615,0,598300
Geo5-IndiaTrial,13-09-2021,809557,996602,857844,12582419,0,9524,11614,9994,12841552,0,598300
Geo5-IndiaTrial,20-09-2021,1973806,1228777,1421210,14322971,2,23222,14320,16558,12020757,0,598300
Geo5-IndiaTrial,27-09-2021,1110078,1512341,1471116,13588971,3,13060,17624,17139,13644406,0,598300
Geo5-IndiaTrial,04-10-2021,628030,1041167,719584,12233311,-2,7389,12133,8383,10310757,0,598300
Geo5-IndiaTrial,11-10-2021,1407378,1610258,1333467,14604993,-1,16558,18765,15535,12125466,0,598300
Geo5-IndiaTrial,18-10-2021,1167113,947142,569340,13502297,-1,13731,11038,6633,11119884,0,598300
Geo5-IndiaTrial,25-10-2021,1436764,1207506,958388,14647065,-3,16903,14072,11166,9821107,0,598300
Geo5-IndiaTrial,01-11-2021,1563950,1323584,1375150,13313169,0,18400,15424,16021,12349635,0,598300
Geo5-IndiaTrial,08-11-2021,861679,653415,952389,13978256,-3,10138,7615,11096,8383824,0,598300
Geo5-IndiaTrial,15-11-2021,623587,2004710,573987,13114874,6,7336,23362,6687,14580548,0,598300
Geo5-IndiaTrial,22-11-2021,1506064,1043138,1310653,14204891,0,17719,12156,15270,11463426,0,598300
Geo5-IndiaTrial,29-11-2021,1381222,896672,785100,14554648,-3,16250,10449,9147,10588340,0,598300
Geo5-IndiaTrial,06-12-2021,1436814,921377,999403,14701865,-5,16904,10737,11643,6280605,0,598300
Geo5-IndiaTrial,13-12-2021,2176238,1041370,937270,13509906,4,25603,12136,10920,14044550,0,598300
Geo5-IndiaTrial,20-12-2021,1433087,832609,1156003,16900930,-6,16860,9703,13468,6635450,0,598300
Geo5-IndiaTrial,27-12-2021,1832217,1341651,1610210,14430732,3,21556,15635,18760,12579243,0,598300
Geo5-IndiaTrial,03-01-2022,1568526,1663322,1512831,12280317,-4,18454,19383,17625,10822929,0,598300
Geo5-IndiaTrial,10-01-2022,1277226,1231904,1510468,18679340,-7,15027,14356,17598,4879807,0,598300
Geo5-IndiaTrial,17-01-2022,1883439,1245025,1191700,15088263,4,22159,14509,13884,14176412,0,598300
Geo5-IndiaTrial,24-01-2022,805275,1537406,726296,12429869,3,9474,17916,8462,12326622,0,598300
Geo5-IndiaTrial,31-01-2022,1687319,1497926,1074817,14650167,2,19851,17456,12522,13753816,0,598300
Geo5-IndiaTrial,07-02-2022,1562558,1197004,1039690,13502867,-1,18383,13949,12113,12238843,0,598300
Geo5-IndiaTrial,14-02-2022,1056074,511551,727689,13579354,-1,12425,5961,8478,9867785,0,598300
Geo5-IndiaTrial,21-02-2022,1213783,668597,1025125,13706620,-2,14280,7791,11943,9746298,0,598300
Geo5-IndiaTrial,28-02-2022,2052572,664352,316269,14002000,1,24148,7742,3685,11901134,0,598300
Geo5-IndiaTrial,07-03-2022,720005,1417915,574275,15047121,-1,8471,16524,6691,10700540,0,598300
Geo5-IndiaTrial,14-03-2022,484217,1196124,1458558,13025224,-6,5697,13939,16993,4845356,0,598300
Geo5-IndiaTrial,21-03-2022,141260,674352,459813,13314724,-2,1662,7859,5357,9821470,0,598300
Geo5-IndiaTrial,28-03-2022,1278341,1705822,818206,11189153,1,15040,19879,9532,12787125,0,598300
Geo5-IndiaTrial,04-04-2022,657914,225543,942156,13098812,-1,7740,2628,10976,10396181,0,598300
Geo5-IndiaTrial,11-04-2022,1052774,1552476,1501977,12898717,-4,12386,18092,17499,8321000,0,598300
Geo5-IndiaTrial,18-04-2022,1663345,589628,637875,11466245,-3,19569,6871,7431,7712994,0,598300
Geo5-IndiaTrial,25-04-2022,1633552,1537109,668647,13923868,1,19219,17913,7790,13181750,0,598300
Geo5-IndiaTrial,02-05-2022,1758675,777777,1100257,9142236,-3,20691,9064,12818,9606160,0,598300
Geo5-IndiaTrial,09-05-2022,552177,564950,1229096,12014386,-2,6496,6584,14319,8158724,0,598300
Geo5-IndiaTrial,16-05-2022,2325905,675527,827118,14306508,-3,27364,7872,9636,8205432,0,598300
Geo5-IndiaTrial,23-05-2022,840078,0,661186,12627584,-2,9883,0,7703,9891208,0,598300
Geo5-IndiaTrial,30-05-2022,1407404,829842,1546739,14914255,0,16558,9671,18020,12031452,0,598300
Geo5-IndiaTrial,06-06-2022,1770160,1031155,1453839,12392350,1,20826,12017,16938,12850723,0,598300
Geo5-IndiaTrial,13-06-2022,1551973,853613,915861,13529066,-3,18259,9948,10670,11501883,0,598300
Geo5-IndiaTrial,20-06-2022,1021598,1806020,176257,13341315,-3,12019,21046,2053,8826462,0,598300
Geo5-IndiaTrial,27-06-2022,1240113,1198486,1223704,11355885,1,14590,13967,14257,11683950,0,598300
Geo5-IndiaTrial,04-07-2022,2337237,562328,770154,15176772,2,27497,6553,8973,14747802,0,598300
Geo5-IndiaTrial,11-07-2022,1556219,2169532,900720,14226863,0,18309,25283,10494,11092170,0,598300
Geo5-IndiaTrial,18-07-2022,1414012,1157273,777439,15425177,0,16636,13486,9057,8953057,0,598300
Geo5-IndiaTrial,25-07-2022,1616302,873171,1774086,14059057,3,19016,10175,20669,14541785,0,598300
Geo5-IndiaTrial,01-08-2022,1587179,742558,759892,14236291,-3,18673,8653,8853,8588653,0,598300
Geo5-IndiaTrial,08-08-2022,1052247,1014718,1045500,13491727,0,12380,11825,12180,9744867,0,598300
Geo5-IndiaTrial,15-08-2022,1683724,1396003,1159225,15926487,7,19809,16268,13505,15789447,0,598300
Geo5-IndiaTrial,22-08-2022,1961148,1970953,478929,15272270,2,23073,22968,5580,13442745,0,598300
Geo5-IndiaTrial,29-08-2022,1494935,1409589,1452167,14625797,1,17588,16427,16918,11697289,0,598300
Geo5-IndiaTrial,05-09-2022,1179872,1503504,691187,14145153,-2,13881,17521,8053,7446643,0,598300
Geo5-IndiaTrial,12-09-2022,1212766,1442596,2202532,16628806,3,14268,16811,25660,14856330,0,598300
Geo5-IndiaTrial,19-09-2022,1050862,1670524,1356354,15480763,-3,12363,19467,15802,10135947,0,598300
Geo5-IndiaTrial,26-09-2022,215378,1580211,1256947,12824932,-3,2534,18415,14644,8323589,0,598300
Geo5-IndiaTrial,03-10-2022,1003186,796764,1365243,12212716,-3,11802,9285,15906,10144590,0,598300
Geo5-IndiaTrial,10-10-2022,1170794,792395,813847,14006070,-1,13774,9234,9482,11761711,0,598300
Geo5-IndiaTrial,17-10-2022,1449402,1296160,764538,10915163,3,17052,15105,8907,14961658,0,598300
Geo5-IndiaTrial,24-10-2022,1735945,1391717,0,14179401,5,20423,16218,0,14988763,0,598300
Geo5-IndiaTrial,31-10-2022,1427935,1223170,1405452,13624809,5,16800,14254,16374,12738524,0,598300
Geo5-IndiaTrial,07-11-2022,1576745,830712,553137,14674418,-1,18550,9681,6444,14017374,0,598300
Geo5-IndiaTrial,14-11-2022,1194025,1037343,735394,13329192,-1,14048,12089,8568,9680676,0,598300
Geo5-IndiaTrial,21-11-2022,2397097,167392,821799,11745367,1,28202,1951,9574,11022433,0,598300
Geo5-IndiaTrial,28-11-2022,1635452,1185694,1507731,14267972,-1,19241,13817,17566,9142319,0,598300
Geo5-IndiaTrial,05-12-2022,1936182,1394375,534159,15892720,1,22779,16249,6223,11960505,0,598300
Geo5-IndiaTrial,12-12-2022,1164220,1343453,687380,17550696,-6,13697,15656,8008,7846560,0,598300
Geo5-IndiaTrial,19-12-2022,1410533,1065205,1339036,14458421,-4,16595,12413,15600,8697973,0,598300
Geo5-IndiaTrial,26-12-2022,1362600,618605,841711,13390982,1,16031,7209,9806,14532593,0,598300
Geo5-IndiaTrial,02-01-2023,1143900,1381182,621579,15487453,-3,13458,16096,7242,8668667,0,598300
Geo5-IndiaTrial,09-01-2023,1269176,741929,655181,13066716,3,14932,8646,7633,13443124,0,598300
Geo5-IndiaTrial,16-01-2023,1132040,537630,288761,12612682,2,13318,6265,3364,12354299,0,598300
Geo5-IndiaTrial,23-01-2023,251982,1512942,1111450,15868372,-8,2965,17631,12949,5943402,0,598300
Geo5-IndiaTrial,30-01-2023,1571619,1253257,600944,12542195,1,18490,14605,7001,9500359,0,598300
Geo5-IndiaTrial,06-02-2023,1757023,550808,1406835,13598239,-3,20671,6419,16390,9777493,0,598300
Geo5-IndiaTrial,13-02-2023,1277553,941268,632824,15125736,2,15030,10969,7373,14252926,0,598300
Geo5-IndiaTrial,20-02-2023,1092176,1162855,1747983,12680072,-1,12849,13551,20365,9771439,0,598300
Geo5-IndiaTrial,27-02-2023,959961,890041,270861,14537767,0,11294,10372,3156,12180274,0,598300
Geo5-IndiaTrial,06-03-2023,1406833,1021120,704694,12302300,-4,16551,11900,8210,6817511,0,598300
Geo5-IndiaTrial,13-03-2023,1403162,1868812,996369,13260194,1,16508,21778,11608,11700798,0,598300
Geo5-IndiaTrial,20-03-2023,1275373,1452983,1332619,12228341,5,15005,16932,15526,15611459,0,598300
Geo5-IndiaTrial,27-03-2023,2174565,577290,1136959,14970691,4,25584,6727,13246,15096918,0,598300
Geo5-IndiaTrial,03-04-2023,1807484,415527,846490,12609753,-1,21265,4842,9862,12483068,0,598300
Geo5-IndiaTrial,10-04-2023,1375675,1803972,1385788,14206429,-2,16185,21023,16145,9626737,0,598300
Geo5-IndiaTrial,17-04-2023,1761506,1514372,923178,14975366,-2,20724,17648,10755,11328167,0,598300
Geo5-IndiaTrial,24-04-2023,1519197,1103592,792756,12990036,-1,17873,12861,9236,10679239,0,598300
Geo5-IndiaTrial,01-05-2023,2160424,516791,1414832,16400287,-3,25417,6022,16483,10254042,0,598300
Geo5-IndiaTrial,08-05-2023,1513093,1053225,1409415,12339929,-4,17801,12274,16420,8782034,0,598300
Geo5-IndiaTrial,15-05-2023,1590440,1181259,1063594,15753886,7,18711,13766,12391,18682044,0,598300
Geo5-IndiaTrial,22-05-2023,915305,919988,1995136,14169895,-3,10769,10721,23244,10923639,0,598300
Geo5-IndiaTrial,29-05-2023,754825,1755988,0,15570486,2,8880,20463,0,14635905,0,598300
Geo5-IndiaTrial,05-06-2023,1012578,1324538,256815,13037475,-4,11913,15435,2992,9609777,0,598300
Geo5-IndiaTrial,12-06-2023,1012589,499007,594827,13993783,3,11913,5815,6930,11810526,0,598300
Geo5-IndiaTrial,19-06-2023,1064533,1206514,473080,13137324,-1,12524,14060,5512,10885014,0,598300
Geo5-IndiaTrial,26-06-2023,972130,1313529,1479020,12694349,4,11437,15307,17231,16884228,0,598300
Geo5-IndiaTrial,03-07-2023,1182125,1344117,519008,12085435,1,13908,15664,6047,13505558,0,598300
Geo5-IndiaTrial,10-07-2023,455879,1271505,619060,13951163,-2,5363,14817,7212,11759068,0,598300
Geo5-IndiaTrial,17-07-2023,1345097,1011492,206872,13490036,-3,15825,11787,2410,7783325,0,598300
Geo5-IndiaTrial,24-07-2023,748353,913776,1462832,13299455,5,8804,10649,17043,16099988,0,598300
Geo5-IndiaTrial,31-07-2023,484656,1113620,1272891,13083319,2,5702,12978,14830,12527101,0,598300
Geo5-IndiaTrial,07-08-2023,840906,890482,869848,12143682,3,9893,10377,10134,13239699,0,598300
Geo5-IndiaTrial,14-08-2023,1386422,706487,947348,14757839,-2,16311,8233,11037,9683279,0,598300
Geo5-IndiaTrial,21-08-2023,2149738,1454641,542953,13704530,-1,25292,16952,6326,10881854,0,598300
Geo5-IndiaTrial,28-08-2023,1949860,1108722,761176,13024246,-5,22940,12920,8868,7883908,0,598300
Geo5-IndiaTrial,04-09-2023,919807,960954,987583,13433276,-1,10821,11198,11506,11562679,0,598300
Geo5-IndiaTrial,11-09-2023,2247689,866967,504412,15282787,0,26444,10103,5877,10828462,0,598300
Geo5-IndiaTrial,18-09-2023,1535606,786661,1054614,15385613,1,18066,9167,12287,12083448,0,598300
Geo5-IndiaTrial,25-09-2023,1512007,1221080,214804,13912007,-1,17789,14230,2503,8083515,0,598300
Geo5-IndiaTrial,02-10-2023,1535802,707795,1000695,16593189,3,18069,8248,11658,14135578,0,598300
Geo5-IndiaTrial,09-10-2023,1819760,1779403,862736,14659615,3,21409,20736,10051,15391504,0,598300
Geo5-IndiaTrial,16-10-2023,1131222,1299148,1447213,17088154,-1,13309,15140,16861,12860547,0,598300
Geo5-IndiaTrial,23-10-2023,1135970,642494,1459582,12985193,1,13365,7487,17005,12006117,0,598300
Geo5-IndiaTrial,30-10-2023,875987,1057369,1517990,15128172,-4,10306,12322,17685,10425545,0,598300
Geo5-IndiaTrial,06-11-2023,1351842,1058391,1533706,15003176,2,15904,12334,17868,15771407,0,598300
Geo5-IndiaTrial,13-11-2023,868274,1761874,422141,15301290,3,10215,20532,4918,15464973,0,598300
Geo5-IndiaTrial,20-11-2023,1887096,477221,678744,12484517,0,22202,5561,7908,11034516,0,598300
Geo5-IndiaTrial,27-11-2023,1606535,1038231,343763,16241292,-6,18901,12099,4005,7111391,0,598300
Geo5-IndiaTrial,04-12-2023,932144,1614236,939484,14452713,-6,10967,18811,10945,4568107,0,598300
Geo5-IndiaTrial,11-12-2023,1090248,581653,1737145,15117856,-1,12827,6778,20238,11203956,0,598300
Geo5-IndiaTrial,18-12-2023,1273449,1300250,1312887,13224927,1,14982,15152,15296,11956537,0,598300
Geo5-IndiaTrial,25-12-2023,1310012,1135820,919349,10868091,3,15412,13236,10711,14102233,0,598300
Geo5-IndiaTrial,01-01-2024,1404808,984620,1138598,15572596,0,16528,11474,13265,13793388,0,598300
Geo5-IndiaTrial,08-01-2024,1422884,0,843765,12461527,3,16740,0,9830,12154598,0,598300
Geo5-IndiaTrial,15-01-2024,1224205,991532,676338,13572957,1,14403,11555,7880,13474315,0,598300
Geo6-IndiaTrial,25-01-2021,657608,98306,290167,4725826,5,7737,1146,3381,6108094,0,227916
Geo6-IndiaTrial,01-02-2021,325694,358140,551899,4640622,3,3832,4174,6430,4874449,0,227916
Geo6-IndiaTrial,08-02-2021,474884,363933,331102,5552198,-6,5587,4241,3857,3001571,0,227916
Geo6-IndiaTrial,15-02-2021,355609,446151,581245,5146709,0,4184,5199,6772,3813312,0,227916
Geo6-IndiaTrial,22-02-2021,370507,600747,353367,4684088,2,4359,7001,4117,4891202,0,227916
Geo6-IndiaTrial,01-03-2021,416540,400988,532134,4079585,1,4901,4673,6200,4824049,0,227916
Geo6-IndiaTrial,08-03-2021,667295,207759,380806,5370556,0,7851,2421,4437,4740546,0,227916
Geo6-IndiaTrial,15-03-2021,401919,430700,174816,5189608,-2,4729,5019,2037,4026514,0,227916
Geo6-IndiaTrial,22-03-2021,514926,262033,465909,6191690,1,6058,3054,5428,4632708,0,227916
Geo6-IndiaTrial,29-03-2021,671029,209927,245806,5902024,0,7895,2446,2864,5026544,0,227916
Geo6-IndiaTrial,05-04-2021,595194,311328,417151,6062898,6,7002,3628,4860,6577072,0,227916
Geo6-IndiaTrial,12-04-2021,437722,450444,582633,5314890,-2,5150,5249,6788,4740101,0,227916
Geo6-IndiaTrial,19-04-2021,883048,675236,518377,5462345,2,10389,7869,6039,5488212,0,227916
Geo6-IndiaTrial,26-04-2021,400891,507022,208567,6719730,-3,4716,5909,2430,4327745,0,227916
Geo6-IndiaTrial,03-05-2021,515720,188166,349935,5801344,2,6067,2193,4077,4634218,0,227916
Geo6-IndiaTrial,10-05-2021,218451,201163,380802,6262834,-3,2570,2344,4436,4022486,0,227916
Geo6-IndiaTrial,17-05-2021,571930,348749,633991,5199562,4,6729,4064,7386,6259575,0,227916
Geo6-IndiaTrial,24-05-2021,678128,229556,466735,5183998,1,7978,2675,5438,4901974,0,227916
Geo6-IndiaTrial,31-05-2021,520651,374645,414021,6517080,-1,6125,4366,4824,4703492,0,227916
Geo6-IndiaTrial,07-06-2021,471948,592392,510660,6112423,-6,5552,6903,5949,3600670,0,227916
Geo6-IndiaTrial,14-06-2021,273994,491497,328676,5988858,1,3224,5728,3829,5409799,0,227916
Geo6-IndiaTrial,21-06-2021,593542,510640,474696,5645358,-4,6983,5951,5530,3598779,0,227916
Geo6-IndiaTrial,28-06-2021,443607,400035,368102,6362422,-7,5219,4662,4289,2364666,0,227916
Geo6-IndiaTrial,05-07-2021,388406,283452,475987,5856106,-2,4570,3303,5545,3801792,0,227916
Geo6-IndiaTrial,12-07-2021,635200,273250,163939,5939122,4,7473,3184,1910,5990679,0,227916
Geo6-IndiaTrial,19-07-2021,330692,418665,369516,5676644,4,3891,4879,4305,6469952,0,227916
Geo6-IndiaTrial,26-07-2021,740558,373421,454675,5578640,0,8713,4352,5297,4522892,0,227916
Geo6-IndiaTrial,02-08-2021,512553,441129,410396,5882119,1,6030,5141,4781,4734911,0,227916
Geo6-IndiaTrial,09-08-2021,207748,251391,448993,5722291,-7,2444,2930,5231,2712755,0,227916
Geo6-IndiaTrial,16-08-2021,227205,370891,374919,6535114,-1,2673,4322,4368,3661008,0,227916
Geo6-IndiaTrial,23-08-2021,702417,468989,417610,5717750,8,8264,5465,4865,7664685,0,227916
Geo6-IndiaTrial,30-08-2021,449123,389494,710404,6708724,3,5284,4539,8276,5596659,0,227916
Geo6-IndiaTrial,06-09-2021,618745,255957,180498,5707676,2,7280,2983,2103,4509540,0,227916
Geo6-IndiaTrial,13-09-2021,482454,647328,356358,5656940,6,5676,7544,4152,6516718,0,227916
Geo6-IndiaTrial,20-09-2021,605104,504431,402742,6106814,4,7119,5878,4692,5670823,0,227916
Geo6-IndiaTrial,27-09-2021,532745,484681,753015,5760889,-1,6268,5648,8773,3966880,0,227916
Geo6-IndiaTrial,04-10-2021,379313,404722,402175,5384506,2,4463,4716,4685,5159584,0,227916
Geo6-IndiaTrial,11-10-2021,491505,407241,292126,6057550,2,5783,4746,3403,5488568,0,227916
Geo6-IndiaTrial,18-10-2021,634750,397956,300517,5830866,-2,7468,4638,3501,3793849,0,227916
Geo6-IndiaTrial,25-10-2021,570562,257213,484392,6269200,1,6713,2997,5643,4947421,0,227916
Geo6-IndiaTrial,01-11-2021,529058,430059,365744,5802495,-1,6224,5012,4261,4494389,0,227916
Geo6-IndiaTrial,08-11-2021,532301,355885,309879,6178812,-4,6262,4147,3610,2902433,0,227916
Geo6-IndiaTrial,15-11-2021,480006,445328,276636,5799965,-2,5647,5190,3223,3464207,0,227916
Geo6-IndiaTrial,22-11-2021,457001,584934,430071,5847037,1,5377,6817,5010,4973670,0,227916
Geo6-IndiaTrial,29-11-2021,435923,452904,267227,6082720,1,5129,5278,3113,5007770,0,227916
Geo6-IndiaTrial,06-12-2021,547829,383943,528019,6304135,1,6445,4474,6152,4471219,0,227916
Geo6-IndiaTrial,13-12-2021,650138,179411,176923,5540289,0,7649,2091,2061,4268521,0,227916
Geo6-IndiaTrial,20-12-2021,501134,334025,410989,6812322,2,5896,3893,4788,5177759,0,227916
Geo6-IndiaTrial,27-12-2021,353148,374408,385615,6072506,5,4155,4363,4493,5443470,0,227916
Geo6-IndiaTrial,03-01-2022,779193,605440,457281,5236205,8,9167,7055,5327,7490111,0,227916
Geo6-IndiaTrial,10-01-2022,448713,345118,436069,7423808,-3,5279,4022,5080,3222291,0,227916
Geo6-IndiaTrial,17-01-2022,603800,400038,396646,6403576,-3,7104,4662,4621,3292321,0,227916
Geo6-IndiaTrial,24-01-2022,465759,393747,345213,5262400,-5,5480,4589,4022,2584575,0,227916
Geo6-IndiaTrial,31-01-2022,514461,346559,432114,5783906,3,6053,4039,5034,5600502,0,227916
Geo6-IndiaTrial,07-02-2022,573754,500206,298421,5488056,-6,6750,5829,3477,3392174,0,227916
Geo6-IndiaTrial,14-02-2022,481365,369080,252309,5615615,-7,5663,4301,2939,1892708,0,227916
Geo6-IndiaTrial,21-02-2022,605942,322921,394149,5817786,1,7129,3763,4592,4500552,0,227916
Geo6-IndiaTrial,28-02-2022,717987,175817,376634,5755502,-1,8447,2049,4388,3906039,0,227916
Geo6-IndiaTrial,07-03-2022,404258,681279,174800,6160224,1,4756,7939,2036,4647360,0,227916
Geo6-IndiaTrial,14-03-2022,464240,486971,314068,5485408,0,5462,5675,3659,3883908,0,227916
Geo6-IndiaTrial,21-03-2022,259107,223865,442710,5492065,1,3048,2609,5158,4816999,0,227916
Geo6-IndiaTrial,28-03-2022,511124,465130,736873,5069100,-2,6013,5420,8585,4264976,0,227916
Geo6-IndiaTrial,04-04-2022,228348,181407,320479,5768325,-5,2687,2114,3734,2823618,0,227916
Geo6-IndiaTrial,11-04-2022,723583,509226,399536,5769956,-2,8513,5934,4655,3788482,0,227916
Geo6-IndiaTrial,18-04-2022,491407,167598,71354,5171176,-2,5781,1953,831,2934842,0,227916
Geo6-IndiaTrial,25-04-2022,595190,881759,332902,6092585,1,7002,10276,3878,5206150,0,227916
Geo6-IndiaTrial,02-05-2022,498396,372700,367458,4368122,1,5864,4343,4281,4842666,0,227916
Geo6-IndiaTrial,09-05-2022,306252,235397,542185,5228910,-1,3603,2743,6317,3724537,0,227916
Geo6-IndiaTrial,16-05-2022,924624,71099,479624,6010077,1,10878,829,5588,4613841,0,227916
Geo6-IndiaTrial,23-05-2022,691381,255471,207038,5253323,1,8134,2977,2412,5113270,0,227916
Geo6-IndiaTrial,30-05-2022,701533,438091,641139,6412082,-5,8254,5105,7470,3354710,0,227916
Geo6-IndiaTrial,06-06-2022,459725,331312,189601,5184097,1,5409,3861,2209,4929917,0,227916
Geo6-IndiaTrial,13-06-2022,413890,470716,511497,5492186,0,4869,5485,5959,5291042,0,227916
Geo6-IndiaTrial,20-06-2022,538972,459137,220704,5710224,-1,6341,5351,2571,3935747,0,227916
Geo6-IndiaTrial,27-06-2022,343870,531433,578008,4673800,3,4046,6193,6734,5481153,0,227916
Geo6-IndiaTrial,04-07-2022,519961,321556,681687,6192616,-2,6117,3747,7942,4440479,0,227916
Geo6-IndiaTrial,11-07-2022,447939,465340,677728,5690860,4,5270,5423,7896,5582932,0,227916
Geo6-IndiaTrial,18-07-2022,622190,518263,499253,6253668,1,7320,6040,5816,3897494,0,227916
Geo6-IndiaTrial,25-07-2022,736396,524495,190770,5534022,-1,8664,6112,2223,4798890,0,227916
Geo6-IndiaTrial,01-08-2022,575159,56702,482714,5705920,3,6767,661,5624,5077383,0,227916
Geo6-IndiaTrial,08-08-2022,551916,252974,266950,5575982,-4,6493,2948,3110,2423622,0,227916
Geo6-IndiaTrial,15-08-2022,474514,538187,425996,6298392,2,5583,6272,4963,4706385,0,227916
Geo6-IndiaTrial,22-08-2022,634036,351833,498775,6245350,-2,7459,4100,5811,4286918,0,227916
Geo6-IndiaTrial,29-08-2022,638175,489511,70050,5960466,-2,7508,5705,816,3701728,0,227916
Geo6-IndiaTrial,05-09-2022,495240,440727,399326,5971158,3,5826,5136,4652,4346440,0,227916
Geo6-IndiaTrial,12-09-2022,246163,515794,571829,6972833,-2,2896,6011,6662,4313387,0,227916
Geo6-IndiaTrial,19-09-2022,422709,513515,229289,6368132,3,4973,5984,2671,5412195,0,227916
Geo6-IndiaTrial,26-09-2022,342533,1009000,688818,5300294,2,4030,11758,8025,4698146,0,227916
Geo6-IndiaTrial,03-10-2022,586048,389669,597052,5042069,2,6895,4541,6956,5212884,0,227916
Geo6-IndiaTrial,10-10-2022,682284,460690,367026,5572874,0,8027,5369,4276,4843214,0,227916
Geo6-IndiaTrial,17-10-2022,535664,421513,151058,4926924,-2,6302,4912,1760,4193042,0,227916
Geo6-IndiaTrial,24-10-2022,556538,251597,148556,5734079,-2,6548,2932,1731,3636150,0,227916
Geo6-IndiaTrial,31-10-2022,574747,484148,247521,5808568,-2,6762,5642,2884,3043032,0,227916
Geo6-IndiaTrial,07-11-2022,606460,268948,226003,6033764,-3,7135,3134,2633,4449654,0,227916
Geo6-IndiaTrial,14-11-2022,335138,426435,76276,5695956,0,3943,4969,889,4179098,0,227916
Geo6-IndiaTrial,21-11-2022,718487,287870,295567,5078596,-3,8453,3355,3443,3420806,0,227916
Geo6-IndiaTrial,28-11-2022,618310,330640,225901,5906176,-2,7274,3853,2632,2938641,0,227916
Geo6-IndiaTrial,05-12-2022,505716,505103,282809,6305706,4,5950,5886,3295,5201550,0,227916
Geo6-IndiaTrial,12-12-2022,413073,367267,448350,6905204,-1,4860,4280,5223,4554034,0,227916
Geo6-IndiaTrial,19-12-2022,588397,554525,404949,5915804,-2,6922,6462,4718,3815726,0,227916
Geo6-IndiaTrial,26-12-2022,317249,377288,428776,5509763,1,3732,4397,4995,5564695,0,227916
Geo6-IndiaTrial,02-01-2023,560112,675188,47581,6164447,3,6590,7868,554,5355070,0,227916
Geo6-IndiaTrial,09-01-2023,485684,247597,419254,5319347,0,5714,2885,4884,4219268,0,227916
Geo6-IndiaTrial,16-01-2023,338752,326634,257709,5297110,-2,3985,3806,3002,3527137,0,227916
Geo6-IndiaTrial,23-01-2023,482090,473338,790477,6277542,-1,5672,5516,9209,4388062,0,227916
Geo6-IndiaTrial,30-01-2023,336548,502686,305732,5227084,-4,3959,5858,3562,2528877,0,227916
Geo6-IndiaTrial,06-02-2023,540351,446524,697010,5584446,-2,6357,5204,8120,4091226,0,227916
Geo6-IndiaTrial,13-02-2023,624402,287932,240843,6326366,1,7346,3355,2806,5320941,0,227916
Geo6-IndiaTrial,20-02-2023,115458,319322,487892,4997463,-3,1358,3721,5684,3344174,0,227916
Geo6-IndiaTrial,27-02-2023,536310,452305,310441,5659814,2,6310,5271,3617,5232462,0,227916
Geo6-IndiaTrial,06-03-2023,601374,182073,227994,5142649,1,7075,2122,2656,3990706,0,227916
Geo6-IndiaTrial,13-03-2023,461763,891991,350188,5491022,3,5433,10395,4080,5181886,0,227916
Geo6-IndiaTrial,20-03-2023,370902,482149,525064,4920792,-4,4364,5619,6117,3396028,0,227916
Geo6-IndiaTrial,27-03-2023,734909,226495,593570,5815692,-1,8646,2639,6915,4522501,0,227916
Geo6-IndiaTrial,03-04-2023,485533,213949,533810,5092569,3,5712,2493,6219,5400112,0,227916
Geo6-IndiaTrial,10-04-2023,362947,580195,356032,5791436,-5,4270,6761,4148,2628148,0,227916
Geo6-IndiaTrial,17-04-2023,345051,457909,302624,5682402,5,4060,5336,3526,6198410,0,227916
Geo6-IndiaTrial,24-04-2023,668669,544985,588526,5297886,1,7867,6351,6857,4951723,0,227916
Geo6-IndiaTrial,01-05-2023,926011,177689,541169,6470748,2,10894,2071,6305,5282753,0,227916
Geo6-IndiaTrial,08-05-2023,463794,296678,409039,5088234,0,5457,3457,4765,4686338,0,227916
Geo6-IndiaTrial,15-05-2023,644890,553954,539600,6288706,0,7587,6455,6287,5122207,0,227916
Geo6-IndiaTrial,22-05-2023,387615,602838,738250,5489663,-8,4560,7025,8601,2518755,0,227916
Geo6-IndiaTrial,29-05-2023,322188,434962,355899,6516170,0,3791,5069,4146,5134206,0,227916
Geo6-IndiaTrial,05-06-2023,205642,412653,159644,5324452,0,2419,4809,1860,4716272,0,227916
Geo6-IndiaTrial,12-06-2023,491780,479712,319751,5684724,2,5786,5590,3725,4599852,0,227916
Geo6-IndiaTrial,19-06-2023,494031,136826,153645,5355594,-6,5812,1594,1790,2838191,0,227916
Geo6-IndiaTrial,26-06-2023,361366,275900,359019,5390756,0,4251,3215,4183,5311788,0,227916
Geo6-IndiaTrial,03-07-2023,852339,487177,354572,5236645,1,10028,5677,4131,5258846,0,227916
Geo6-IndiaTrial,10-07-2023,404536,535480,123593,5905233,-1,4759,6240,1440,4688739,0,227916
Geo6-IndiaTrial,17-07-2023,525628,473242,159487,5837434,-3,6184,5515,1858,3415807,0,227916
Geo6-IndiaTrial,24-07-2023,234624,196506,522734,5571579,-1,2760,2290,6090,4269846,0,227916
Geo6-IndiaTrial,31-07-2023,228857,375002,513565,5590464,1,2692,4370,5983,4577667,0,227916
Geo6-IndiaTrial,07-08-2023,382374,237348,438097,5042510,-7,4499,2766,5104,2380580,0,227916
Geo6-IndiaTrial,14-08-2023,622914,453150,314804,6429406,1,7329,5281,3668,4763598,0,227916
Geo6-IndiaTrial,21-08-2023,744078,435790,309068,5861640,5,8754,5078,3601,6166384,0,227916
Geo6-IndiaTrial,28-08-2023,479954,421637,282696,5603024,1,5647,4914,3294,5331403,0,227916
Geo6-IndiaTrial,04-09-2023,480708,538100,326105,5635294,2,5656,6271,3799,5304545,0,227916
Geo6-IndiaTrial,11-09-2023,735596,569747,238900,6022646,3,8654,6640,2783,5094692,0,227916
Geo6-IndiaTrial,18-09-2023,466034,508451,543389,6385120,4,5483,5925,6331,5635923,0,227916
Geo6-IndiaTrial,25-09-2023,513987,667025,302865,5721876,-1,6047,7773,3528,3213883,0,227916
Geo6-IndiaTrial,02-10-2023,680951,561161,474729,6346518,4,8011,6539,5531,5823604,0,227916
Geo6-IndiaTrial,09-10-2023,429000,340505,388846,5797192,-1,5047,3968,4530,4668766,0,227916
Geo6-IndiaTrial,16-10-2023,489109,440795,420218,6784611,-1,5754,5137,4896,4715637,0,227916
Geo6-IndiaTrial,23-10-2023,617980,274524,182502,5619712,0,7271,3199,2126,4306537,0,227916
Geo6-IndiaTrial,30-10-2023,471417,241912,490585,6026915,5,5546,2819,5716,6315595,0,227916
Geo6-IndiaTrial,06-11-2023,611444,402346,213845,6636521,-2,7194,4689,2491,4782140,0,227916
Geo6-IndiaTrial,13-11-2023,486725,285087,299251,6593234,-1,5726,3322,3486,4704742,0,227916
Geo6-IndiaTrial,20-11-2023,412781,436022,273262,5282746,-1,4856,5081,3184,4107014,0,227916
Geo6-IndiaTrial,27-11-2023,544756,502826,62197,6671782,-5,6409,5860,725,3206878,0,227916
Geo6-IndiaTrial,04-12-2023,225857,525794,483423,6017418,0,2657,6127,5632,3784710,0,227916
Geo6-IndiaTrial,11-12-2023,512296,185212,519956,5994453,-6,6027,2158,6058,2952488,0,227916
Geo6-IndiaTrial,18-12-2023,560032,586063,451503,5473386,1,6589,6830,5260,4595437,0,227916
Geo6-IndiaTrial,25-12-2023,507146,459752,0,4922304,1,5967,5358,0,4843588,0,227916
Geo6-IndiaTrial,01-01-2024,509160,631704,95831,6229764,1,5990,7362,1116,5925484,0,227916
Geo6-IndiaTrial,08-01-2024,527498,109698,165614,4935694,0,6206,1278,1929,3726143,0,227916
Geo6-IndiaTrial,15-01-2024,222036,350830,340261,5346868,-3,2612,4088,3964,4096425,0,227916
Geo7-IndiaTrial,25-01-2021,1134362,552065,963167,10877410,1,13346,6433,11221,10769426,0,478603
Geo7-IndiaTrial,01-02-2021,1006391,1066145,951770,12118105,2,11840,12424,11088,10310559,0,478603
Geo7-IndiaTrial,08-02-2021,899596,1362423,1068747,14274249,0,10584,15877,12451,10711026,0,478603
Geo7-IndiaTrial,15-02-2021,427233,1087630,1152527,13512479,-1,5026,12675,13427,8231736,0,478603
Geo7-IndiaTrial,22-02-2021,1797945,1005041,844024,14050004,-2,21153,11712,9833,8012366,0,478603
Geo7-IndiaTrial,01-03-2021,1350822,576963,933847,13447136,-2,15892,6724,10880,8613245,0,478603
Geo7-IndiaTrial,08-03-2021,1107682,890237,968017,16272430,-2,13032,10374,11278,9443073,0,478603
Geo7-IndiaTrial,15-03-2021,1271742,470333,876356,17383864,3,14962,5481,10210,11704183,0,478603
Geo7-IndiaTrial,22-03-2021,942069,1315105,1033419,18888598,2,11083,15326,12040,9992985,0,478603
Geo7-IndiaTrial,29-03-2021,1200872,0,695810,17921632,-1,14128,0,8106,9911212,0,478603
Geo7-IndiaTrial,05-04-2021,1363748,983203,1468729,19412910,3,16044,11458,17111,12005643,0,478603
Geo7-IndiaTrial,12-04-2021,757718,958486,1369992,17745826,0,8915,11170,15961,11141081,0,478603
Geo7-IndiaTrial,19-04-2021,979439,1237224,955620,17154426,1,11523,14418,11133,10493521,0,478603
Geo7-IndiaTrial,26-04-2021,836638,930986,346193,19740110,3,9843,10849,4033,12704313,0,478603
Geo7-IndiaTrial,03-05-2021,877295,912971,679795,17246398,9,10321,10639,7920,13960784,0,478603
Geo7-IndiaTrial,10-05-2021,934322,594788,1040947,19248190,1,10992,6931,12127,11449375,0,478603
Geo7-IndiaTrial,17-05-2021,1153357,561483,924622,16790224,2,13569,6543,10772,10866748,0,478603
Geo7-IndiaTrial,24-05-2021,558518,445725,1154452,15740702,-3,6571,5194,13450,7730811,0,478603
Geo7-IndiaTrial,31-05-2021,1167173,613762,256175,18627814,3,13732,7152,2985,12201804,0,478603
Geo7-IndiaTrial,07-06-2021,893002,1242614,1045055,18275022,1,10506,14481,12175,11935438,0,478603
Geo7-IndiaTrial,14-06-2021,101360,416860,1089036,17128998,-4,1192,4858,12688,8255736,0,478603
Geo7-IndiaTrial,21-06-2021,1044356,1220250,1216203,15801531,6,12287,14220,14169,13459028,0,478603
Geo7-IndiaTrial,28-06-2021,1382274,1417804,613872,17999100,-2,16262,16522,7152,7646513,0,478603
Geo7-IndiaTrial,05-07-2021,716015,1201687,1426666,17138868,0,8424,14004,16621,10175632,0,478603
Geo7-IndiaTrial,12-07-2021,1577646,973293,464369,17914584,2,18561,11342,5410,11508229,0,478603
Geo7-IndiaTrial,19-07-2021,881468,587351,1220859,17616528,0,10370,6845,14223,11332766,0,478603
Geo7-IndiaTrial,26-07-2021,1196958,653748,1372040,17577642,-5,14082,7618,15985,7076537,0,478603
Geo7-IndiaTrial,02-08-2021,1444461,1153554,852308,18729558,-2,16994,13443,9930,8955754,0,478603
Geo7-IndiaTrial,09-08-2021,477101,1084828,1145376,17374214,0,5613,12642,13344,10883470,0,478603
Geo7-IndiaTrial,16-08-2021,363482,1468690,961992,19223020,3,4276,17115,11208,11338037,0,478603
Geo7-IndiaTrial,23-08-2021,1392780,1349510,1238877,18195770,1,16386,15726,14433,11765442,0,478603
Geo7-IndiaTrial,30-08-2021,1215452,1030086,1612811,19732848,-2,14300,12004,18790,9336339,0,478603
Geo7-IndiaTrial,06-09-2021,1317490,945106,744678,18401464,3,15500,11014,8676,9594797,0,478603
Geo7-IndiaTrial,13-09-2021,1095114,849579,1171448,17431950,-3,12884,9901,13648,9087837,0,478603
Geo7-IndiaTrial,20-09-2021,1202844,1135095,1094488,18563972,-4,14151,13228,12751,6993475,0,478603
Geo7-IndiaTrial,27-09-2021,910983,1245940,1113970,17675740,8,10718,14520,12978,14100679,0,478603
Geo7-IndiaTrial,04-10-2021,1059734,1158890,626620,17072336,3,12468,13505,7300,11745646,0,478603
Geo7-IndiaTrial,11-10-2021,992343,468899,868349,18934114,0,11675,5464,10117,10468900,0,478603
Geo7-IndiaTrial,18-10-2021,885674,1050632,228009,18363840,0,10420,12244,2656,10445954,0,478603
Geo7-IndiaTrial,25-10-2021,1300720,678771,1375390,19042612,1,15303,7910,16024,10375102,0,478603
Geo7-IndiaTrial,01-11-2021,1076870,1183434,338840,17689704,-2,12669,13791,3948,8627588,0,478603
Geo7-IndiaTrial,08-11-2021,772040,886021,825458,18582190,0,9083,10325,9617,8552185,0,478603
Geo7-IndiaTrial,15-11-2021,358946,1234517,1052125,17048808,-1,4223,14386,12258,7514179,0,478603
Geo7-IndiaTrial,22-11-2021,693690,1521428,1068755,16729906,-1,8161,17730,12451,9289548,0,478603
Geo7-IndiaTrial,29-11-2021,1527415,762172,1099858,18034228,2,17970,8882,12814,12104392,0,478603
Geo7-IndiaTrial,06-12-2021,1480212,1034212,673151,18687126,1,17415,12052,7842,9809808,0,478603
Geo7-IndiaTrial,13-12-2021,1108627,1021608,533107,17918238,-2,13043,11905,6211,8071161,0,478603
Geo7-IndiaTrial,20-12-2021,1256103,496246,652228,19911648,5,14778,5783,7599,12394821,0,478603
Geo7-IndiaTrial,27-12-2021,1529882,1282940,780124,18768286,2,17999,14951,9089,9940633,0,478603
Geo7-IndiaTrial,03-01-2022,1368465,940828,897768,17191738,-2,16100,10964,10459,9430379,0,478603
Geo7-IndiaTrial,10-01-2022,1051684,1037497,542787,22077368,-1,12373,12090,6324,7828086,0,478603
Geo7-IndiaTrial,17-01-2022,498481,1103658,772126,19584282,-1,5865,12861,8996,7810975,0,478603
Geo7-IndiaTrial,24-01-2022,1578418,1352140,755249,17443208,1,18570,15757,8799,9169713,0,478603
Geo7-IndiaTrial,31-01-2022,832528,994739,873166,18572648,4,9795,11592,10173,12953712,0,478603
Geo7-IndiaTrial,07-02-2022,1188722,991057,895566,17577084,-3,13985,11549,10434,8817848,0,478603
Geo7-IndiaTrial,14-02-2022,673107,917950,854526,18217830,-3,7919,10697,9956,6771260,0,478603
Geo7-IndiaTrial,21-02-2022,910405,625433,586840,17623630,1,10711,7288,6837,10203925,0,478603
Geo7-IndiaTrial,28-02-2022,1342192,896474,858122,16926380,3,15791,10447,9997,10900586,0,478603
Geo7-IndiaTrial,07-03-2022,933942,1446981,474067,18866414,-2,10988,16862,5523,8066547,0,478603
Geo7-IndiaTrial,14-03-2022,1031331,1197813,904282,16643244,-2,12134,13959,10535,6530960,0,478603
Geo7-IndiaTrial,21-03-2022,593432,256311,592515,17081410,10,6982,2987,6903,15396025,0,478603
Geo7-IndiaTrial,28-03-2022,1288532,1197578,1107361,16270583,-4,15160,13956,12901,7776002,0,478603
Geo7-IndiaTrial,04-04-2022,559313,704749,377926,17407100,-3,6580,8213,4403,7317805,0,478603
Geo7-IndiaTrial,11-04-2022,1312767,1293173,1148314,17432310,5,15445,15070,13378,12053024,0,478603
Geo7-IndiaTrial,18-04-2022,1252399,634448,315489,16325862,-2,14734,7394,3676,7524807,0,478603
Geo7-IndiaTrial,25-04-2022,1419798,1148096,865712,18587528,0,16704,13379,10086,10315706,0,478603
Geo7-IndiaTrial,02-05-2022,1146405,835356,629907,15093366,0,13487,9735,7339,9307291,0,478603
Geo7-IndiaTrial,09-05-2022,790616,467034,981377,16990860,2,9302,5443,11433,9157769,0,478603
Geo7-IndiaTrial,16-05-2022,1704990,697084,1560706,18520356,1,20059,8123,18183,9868399,0,478603
Geo7-IndiaTrial,23-05-2022,1569355,534500,1050656,17926360,4,18463,6229,12241,12646002,0,478603
Geo7-IndiaTrial,30-05-2022,789471,1144828,1475678,19305978,2,9288,13341,17192,11934376,0,478603
Geo7-IndiaTrial,06-06-2022,1473263,1055637,1003140,17389778,2,17333,12302,11687,11958186,0,478603
Geo7-IndiaTrial,13-06-2022,874085,1224322,1345097,18395846,1,10284,14268,15671,12026928,0,478603
Geo7-IndiaTrial,20-06-2022,369907,932000,541885,17657452,1,4352,10861,6313,10613775,0,478603
Geo7-IndiaTrial,27-06-2022,869158,744688,1063369,15504732,-5,10226,8678,12389,6448170,0,478603
Geo7-IndiaTrial,04-07-2022,1120752,545855,1082810,18415088,0,13186,6361,12615,10727654,0,478603
Geo7-IndiaTrial,11-07-2022,1180482,1468366,1219259,18263828,-2,13888,17112,14205,7681283,0,478603
Geo7-IndiaTrial,18-07-2022,1397949,905518,1027186,18915508,3,16447,10552,11967,9672374,0,478603
Geo7-IndiaTrial,25-07-2022,1015911,740228,790949,16939304,-1,11952,8626,9215,9974863,0,478603
Geo7-IndiaTrial,01-08-2022,1386713,795982,722598,18048348,-3,16315,9276,8419,7676984,0,478603
Geo7-IndiaTrial,08-08-2022,1084058,198332,775705,17017628,-1,12754,2311,9037,7192686,0,478603
Geo7-IndiaTrial,15-08-2022,1311850,1109503,1017616,18918090,1,15434,12930,11856,9447325,0,478603
Geo7-IndiaTrial,22-08-2022,1129050,1293036,117289,19487236,0,13283,15068,1366,9694187,0,478603
Geo7-IndiaTrial,29-08-2022,464957,1339494,239266,18320030,-2,5470,15610,2788,7307411,0,478603
Geo7-IndiaTrial,05-09-2022,1172879,1144034,1295765,18337954,0,13799,13332,15096,6431830,0,478603
Geo7-IndiaTrial,12-09-2022,1003213,1423922,1688508,20356002,-1,11803,16594,19672,10130573,0,478603
Geo7-IndiaTrial,19-09-2022,960005,1347284,471267,18878852,-1,11294,15701,5490,9162223,0,478603
Geo7-IndiaTrial,26-09-2022,786060,1720769,1254613,16638244,-1,9248,20053,14617,8181644,0,478603
Geo7-IndiaTrial,03-10-2022,948344,576629,960654,16310913,3,11157,6720,11192,11963669,0,478603
Geo7-IndiaTrial,10-10-2022,601784,624269,789301,17563920,0,7080,7275,9196,10456870,0,478603
Geo7-IndiaTrial,17-10-2022,621350,897941,1188264,14542789,-5,7310,10464,13844,7556988,0,478603
Geo7-IndiaTrial,24-10-2022,786150,1071141,112848,16014409,-1,9249,12483,1315,8818396,0,478603
Geo7-IndiaTrial,31-10-2022,1019708,721248,932254,16716005,-3,11997,8405,10861,5503834,0,478603
Geo7-IndiaTrial,07-11-2022,1344427,546973,695930,17276006,2,15817,6374,8108,12785822,0,478603
Geo7-IndiaTrial,14-11-2022,854467,991231,133918,16481768,-7,10053,11551,1560,4507202,0,478603
Geo7-IndiaTrial,21-11-2022,1897656,658561,239355,16298319,-3,22326,7675,2789,7659220,0,478603
Geo7-IndiaTrial,28-11-2022,1049918,982395,1227376,18123136,5,12352,11448,14299,10705764,0,478603
Geo7-IndiaTrial,05-12-2022,896389,1486036,244040,18822562,3,10546,17317,2843,10977597,0,478603
Geo7-IndiaTrial,12-12-2022,995758,878305,956904,19955790,-1,11715,10235,11148,9476999,0,478603
Geo7-IndiaTrial,19-12-2022,621389,1133731,622050,17277252,-1,7311,13212,7247,9587040,0,478603
Geo7-IndiaTrial,26-12-2022,1050733,790477,703625,17385752,-3,12362,9212,8197,9360689,0,478603
Geo7-IndiaTrial,02-01-2023,1139975,774366,429193,18673088,2,13412,9024,5000,11058353,0,478603
Geo7-IndiaTrial,09-01-2023,1448574,1047094,571634,17306430,0,17042,12202,6660,9996415,0,478603
Geo7-IndiaTrial,16-01-2023,1236294,492413,686054,16789192,2,14545,5738,7993,9657856,0,478603
Geo7-IndiaTrial,23-01-2023,408762,1484052,917928,18995622,-4,4809,17294,10694,6926258,0,478603
Geo7-IndiaTrial,30-01-2023,1050224,1181715,758667,15994273,-3,12356,13771,8839,6091524,0,478603
Geo7-IndiaTrial,06-02-2023,1174999,1078110,1644552,17174664,-1,13824,12564,19160,10010855,0,478603
Geo7-IndiaTrial,13-02-2023,1357500,938018,1065119,19418444,4,15971,10931,12409,12779481,0,478603
Geo7-IndiaTrial,20-02-2023,698048,550438,689497,16718245,4,8213,6415,8033,11110462,0,478603
Geo7-IndiaTrial,27-02-2023,851355,1131721,520411,18631506,-5,10016,13188,6063,6712144,0,478603
Geo7-IndiaTrial,06-03-2023,1191124,781065,1127458,17150412,1,14014,9102,13135,9317624,0,478603
Geo7-IndiaTrial,13-03-2023,1246695,1214364,419895,17424250,2,14667,14152,4892,11289093,0,478603
Geo7-IndiaTrial,20-03-2023,1244860,1812846,1390902,16303789,3,14646,21126,16205,11525377,0,478603
Geo7-IndiaTrial,27-03-2023,1313077,688377,1314754,18941964,-1,15448,8022,15317,9922159,0,478603
Geo7-IndiaTrial,03-04-2023,1446803,1105396,1012582,17169432,6,17022,12882,11797,14211519,0,478603
Geo7-IndiaTrial,10-04-2023,616829,1659197,745047,18538070,0,7257,19335,8680,9310059,0,478603
Geo7-IndiaTrial,17-04-2023,1623485,1572163,783897,18212574,3,19100,18321,9133,12670675,0,478603
Geo7-IndiaTrial,24-04-2023,1292864,1462168,381897,17729440,-8,15210,17039,4449,4549262,0,478603
Geo7-IndiaTrial,01-05-2023,1151630,536380,1299692,20275352,1,13549,6251,15142,10331212,0,478603
Geo7-IndiaTrial,08-05-2023,805015,1101590,649999,17187540,1,9471,12837,7573,10336546,0,478603
Geo7-IndiaTrial,15-05-2023,970993,1243973,1086153,18782932,5,11424,14497,12654,13738251,0,478603
Geo7-IndiaTrial,22-05-2023,918776,825406,1632989,17374980,2,10809,9619,19025,11909322,0,478603
Geo7-IndiaTrial,29-05-2023,779381,1550894,956498,19496908,0,9169,18073,11144,10475474,0,478603
Geo7-IndiaTrial,05-06-2023,640417,1343793,37146,16687337,-6,7534,15660,433,6747134,0,478603
Geo7-IndiaTrial,12-06-2023,812107,1222588,1314219,17629134,1,9554,14247,15311,9878987,0,478603
Geo7-IndiaTrial,19-06-2023,599338,1128732,533922,15822312,-1,7051,13154,6220,9515115,0,478603
Geo7-IndiaTrial,26-06-2023,976214,990144,915003,15703015,1,11485,11539,10660,12864310,0,478603
Geo7-IndiaTrial,03-07-2023,930772,706736,581911,15149622,3,10950,8236,6779,12344190,0,478603
Geo7-IndiaTrial,10-07-2023,1293100,1113007,252362,17585714,2,15213,12970,2940,11750224,0,478603
Geo7-IndiaTrial,17-07-2023,1131083,1042265,753699,17514348,-4,13307,12146,8781,7027369,0,478603
Geo7-IndiaTrial,24-07-2023,401547,277902,860534,16743322,-3,4724,3239,10026,8402346,0,478603
Geo7-IndiaTrial,31-07-2023,742733,1016704,1010197,16781234,5,8738,11848,11769,12804865,0,478603
Geo7-IndiaTrial,07-08-2023,453344,216466,1218179,15468658,-4,5334,2523,14192,7578710,0,478603
Geo7-IndiaTrial,14-08-2023,1079166,1392654,526953,17478440,0,12696,16229,6139,9630010,0,478603
Geo7-IndiaTrial,21-08-2023,1781480,909332,503878,17689672,-1,20959,10597,5870,9090816,0,478603
Geo7-IndiaTrial,28-08-2023,934157,1251546,742913,17035242,-4,10990,14585,8655,8637953,0,478603
Geo7-IndiaTrial,04-09-2023,334451,1070449,1040316,16717887,-1,3935,12474,12120,9269288,0,478603
Geo7-IndiaTrial,11-09-2023,1611877,384122,838517,18088322,0,18964,4476,9769,10124541,0,478603
Geo7-IndiaTrial,18-09-2023,1262997,763715,662576,18327038,4,14859,8900,7719,11902143,0,478603
Geo7-IndiaTrial,25-09-2023,1466554,1268893,350054,17985966,-3,17254,14787,4078,5510645,0,478603
Geo7-IndiaTrial,02-10-2023,1282072,1444630,935084,19505102,5,15084,16835,10894,13153053,0,478603
Geo7-IndiaTrial,09-10-2023,735922,516621,1276889,18808176,3,8658,6020,14876,12135471,0,478603
Geo7-IndiaTrial,16-10-2023,1055568,1060469,1155801,20905678,-5,12419,12358,13466,7922938,0,478603
Geo7-IndiaTrial,23-10-2023,523091,1106961,247687,17078724,3,6154,12900,2886,10495420,0,478603
Geo7-IndiaTrial,30-10-2023,1082827,619882,647603,17861514,-2,12739,7224,7545,9686680,0,478603
Geo7-IndiaTrial,06-11-2023,1491036,1017947,517500,19261206,1,17542,11863,6029,12283100,0,478603
Geo7-IndiaTrial,13-11-2023,664713,1476529,895635,19215524,0,7820,17207,10434,9519605,0,478603
Geo7-IndiaTrial,20-11-2023,1580314,1138144,687428,16723312,-2,18592,13263,8009,8585279,0,478603
Geo7-IndiaTrial,27-11-2023,1066116,1181247,664116,19724914,-1,12543,13766,7737,9181233,0,478603
Geo7-IndiaTrial,04-12-2023,556301,886999,638960,17940272,-1,6545,10337,7444,6889628,0,478603
Geo7-IndiaTrial,11-12-2023,1241661,418367,696922,18567514,2,14608,4875,8119,11224198,0,478603
Geo7-IndiaTrial,18-12-2023,1351154,1419796,552564,17811900,-6,15896,16546,6438,5458828,0,478603
Geo7-IndiaTrial,25-12-2023,955551,1346171,941794,16556690,0,11242,15688,10972,9440698,0,478603
Geo7-IndiaTrial,01-01-2024,1180166,1498502,724653,19559752,7,13885,17463,8442,15418293,0,478603
Geo7-IndiaTrial,08-01-2024,1286462,176920,1266652,16892104,-4,15135,2062,14757,5943356,0,478603
Geo7-IndiaTrial,15-01-2024,1022284,916859,1386751,17813082,1,12027,10685,16156,11409313,0,478603
Geo8-IndiaTrial,25-01-2021,1361902,1005281,1123586,11222807,1,16023,11715,13090,10570791,0,515234
Geo8-IndiaTrial,01-02-2021,1481133,567074,1257392,11575783,5,17425,6608,14649,13421399,0,515234
Geo8-IndiaTrial,08-02-2021,928949,1146029,1019885,12782348,3,10929,13355,11882,12190343,0,515234
Geo8-IndiaTrial,15-02-2021,644294,1571712,1101579,11333035,-5,7580,18316,12834,5909758,0,515234
Geo8-IndiaTrial,22-02-2021,1186043,1849831,1267642,11091950,-3,13954,21557,14769,8196099,0,515234
Geo8-IndiaTrial,01-03-2021,1199872,671341,941955,9608139,-2,14116,7823,10974,8568414,0,515234
Geo8-IndiaTrial,08-03-2021,887892,1197868,406771,12118108,3,10446,13959,4739,13415897,0,515234
Geo8-IndiaTrial,15-03-2021,878363,192042,544676,11413096,-4,10334,2238,6346,7377795,0,515234
Geo8-IndiaTrial,22-03-2021,1484938,448660,230891,13586380,4,17470,5228,2690,11980185,0,515234
Geo8-IndiaTrial,29-03-2021,1402454,433628,523060,12750228,2,16500,5053,6094,12573400,0,515234
Geo8-IndiaTrial,05-04-2021,1369089,1013560,946540,13619026,4,16107,11812,11028,13137790,0,515234
Geo8-IndiaTrial,12-04-2021,1275650,1360470,1187805,12261754,-1,15008,15854,13838,11569163,0,515234
Geo8-IndiaTrial,19-04-2021,1927761,954818,571290,12026735,-1,22680,11127,6656,10332585,0,515234
Geo8-IndiaTrial,26-04-2021,194994,1295345,27587,14617733,-6,2294,15095,321,7376338,0,515234
Geo8-IndiaTrial,03-05-2021,424068,349782,434627,12130283,-6,4989,4076,5064,5367483,0,515234
Geo8-IndiaTrial,10-05-2021,809391,817487,662168,13452610,-1,9522,9527,7715,10727166,0,515234
Geo8-IndiaTrial,17-05-2021,838664,867063,1169850,11583351,-1,9867,10104,13629,10217749,0,515234
Geo8-IndiaTrial,24-05-2021,1264837,261070,1403299,11179447,1,14881,3042,16349,10936134,0,515234
Geo8-IndiaTrial,31-05-2021,892378,1103696,922970,13423174,-3,10499,12862,10753,9788361,0,515234
Geo8-IndiaTrial,07-06-2021,1696286,770194,1432569,13425622,1,19957,8975,16690,12584575,0,515234
Geo8-IndiaTrial,14-06-2021,99593,909139,812498,12877465,3,1172,10595,9466,13232142,0,515234
Geo8-IndiaTrial,21-06-2021,889646,881639,1329559,11561939,1,10467,10274,15490,11566772,0,515234
Geo8-IndiaTrial,28-06-2021,1523821,1595399,699235,13719063,1,17928,18592,8146,10914696,0,515234
Geo8-IndiaTrial,05-07-2021,953287,1185150,918142,12249347,2,11215,13811,10697,12045776,0,515234
Geo8-IndiaTrial,12-07-2021,816110,358203,173879,12226561,5,9602,4174,2026,14611807,0,515234
Geo8-IndiaTrial,19-07-2021,972771,1016487,966854,12483814,2,11445,11846,11264,13720707,0,515234
Geo8-IndiaTrial,26-07-2021,1493934,141676,615850,12502653,4,17576,1651,7175,13094734,0,515234
Geo8-IndiaTrial,02-08-2021,635625,1000185,1216739,13276515,3,7478,11656,14175,12193471,0,515234
Geo8-IndiaTrial,09-08-2021,449825,887987,896428,11925063,2,5292,10348,10444,12280926,0,515234
Geo8-IndiaTrial,16-08-2021,862414,1268186,1074561,14478214,1,10146,14779,12519,10254835,0,515234
Geo8-IndiaTrial,23-08-2021,1514124,974939,761304,12693635,-1,17814,11361,8869,12029207,0,515234
Geo8-IndiaTrial,30-08-2021,1013950,775236,1581854,15056572,1,11929,9034,18429,11194952,0,515234
Geo8-IndiaTrial,06-09-2021,1480040,760204,958738,12742852,-2,17413,8859,11170,7720866,0,515234
Geo8-IndiaTrial,13-09-2021,1510608,1528846,1578436,12271726,1,17772,17816,18389,12558840,0,515234
Geo8-IndiaTrial,20-09-2021,1611791,1372507,1098551,14086269,3,18963,15994,12799,11659290,0,515234
Geo8-IndiaTrial,27-09-2021,1238690,1167423,1183981,13058030,-1,14573,13605,13794,9508483,0,515234
Geo8-IndiaTrial,04-10-2021,1182537,1325318,766509,12760529,2,13912,15445,8930,11839745,0,515234
Geo8-IndiaTrial,11-10-2021,770709,736994,1012167,13644487,-3,9067,8589,11792,9858675,0,515234
Geo8-IndiaTrial,18-10-2021,911053,1061536,689292,12698951,0,10719,12371,8031,10951499,0,515234
Geo8-IndiaTrial,25-10-2021,850615,760993,1151726,13875763,0,10007,8868,13418,9862882,0,515234
Geo8-IndiaTrial,01-11-2021,1401326,840884,1258977,13090501,4,16487,9799,14668,13444919,0,515234
Geo8-IndiaTrial,08-11-2021,746086,495073,1349945,12914463,1,8778,5769,15727,10199162,0,515234
Geo8-IndiaTrial,15-11-2021,877591,1500261,585922,12201982,2,10325,17483,6826,10534260,0,515234
Geo8-IndiaTrial,22-11-2021,1240124,814512,770709,12593907,2,14590,9492,8979,11765326,0,515234
Geo8-IndiaTrial,29-11-2021,1640158,1167511,932294,13656387,3,19296,13606,10862,13688540,0,515234
Geo8-IndiaTrial,06-12-2021,1014687,541497,717383,13952433,-1,11938,6310,8358,8631027,0,515234
Geo8-IndiaTrial,13-12-2021,1106334,837844,0,12043562,-3,13016,9764,0,8119014,0,515234
Geo8-IndiaTrial,20-12-2021,1841416,475793,1201548,15487519,6,21664,5545,13998,13969067,0,515234
Geo8-IndiaTrial,27-12-2021,821246,1245166,1463492,13975404,-2,9662,14511,17050,8715890,0,515234
Geo8-IndiaTrial,03-01-2022,1184348,963317,1406797,11631123,-2,13934,11226,16390,10393489,0,515234
Geo8-IndiaTrial,10-01-2022,868473,1379680,1104628,16225135,2,10218,16078,12869,10670705,0,515234
Geo8-IndiaTrial,17-01-2022,1434917,919514,1352069,13914429,1,16882,10716,15752,10283508,0,515234
Geo8-IndiaTrial,24-01-2022,1344519,1356205,1048392,11670969,2,15818,15805,12214,10396977,0,515234
Geo8-IndiaTrial,31-01-2022,1471817,872628,1066512,12855699,-1,17316,10169,12425,10166191,0,515234
Geo8-IndiaTrial,07-02-2022,1388452,891650,747762,11777293,2,16335,10391,8712,12293399,0,515234
Geo8-IndiaTrial,14-02-2022,1621220,1026444,837887,13225695,0,19074,11962,9762,9848339,0,515234
Geo8-IndiaTrial,21-02-2022,1286208,962981,711176,13276719,5,15132,11222,8285,13444811,0,515234
Geo8-IndiaTrial,28-02-2022,1458813,1093008,632441,13194981,-4,17163,12737,7368,7213609,0,515234
Geo8-IndiaTrial,07-03-2022,1398578,1637338,311875,13880362,6,16454,19081,3633,14490376,0,515234
Geo8-IndiaTrial,14-03-2022,776497,1194833,998642,12244068,3,9135,13924,11635,11277626,0,515234
Geo8-IndiaTrial,21-03-2022,460965,1272541,531056,12617977,0,5423,14830,6187,10501960,0,515234
Geo8-IndiaTrial,28-03-2022,907146,1345050,1331934,10933332,3,10673,15675,15518,12537876,0,515234
Geo8-IndiaTrial,04-04-2022,514627,347984,759044,12988287,-5,6055,4055,8843,7084214,0,515234
Geo8-IndiaTrial,11-04-2022,1300359,1148190,992555,12513547,0,15299,13380,11564,10102172,0,515234
Geo8-IndiaTrial,18-04-2022,1034066,267046,663126,11377846,2,12166,3112,7726,10332289,0,515234
Geo8-IndiaTrial,25-04-2022,723831,1454081,424375,12725155,2,8516,16945,4944,12655141,0,515234
Geo8-IndiaTrial,02-05-2022,1655865,1365526,461838,9361307,-1,19481,15913,5381,9600878,0,515234
Geo8-IndiaTrial,09-05-2022,1262753,352804,771082,11565455,3,14856,4111,8983,10768928,0,515234
Geo8-IndiaTrial,16-05-2022,1567195,1487,1369683,13406858,-3,18438,17,15957,7575797,0,515234
Geo8-IndiaTrial,23-05-2022,1712993,447310,850862,11788737,3,20153,5213,9913,12087255,0,515234
Geo8-IndiaTrial,30-05-2022,1446307,964100,976695,13791533,-3,17016,11235,11379,9373651,0,515234
Geo8-IndiaTrial,06-06-2022,1410060,879004,648847,11246772,1,16589,10243,7559,11354308,0,515234
Geo8-IndiaTrial,13-06-2022,802873,1155250,930237,12139990,0,9446,13463,10838,11711833,0,515234
Geo8-IndiaTrial,20-06-2022,931561,672710,22521,12339396,-7,10960,7839,262,5660523,0,515234
Geo8-IndiaTrial,27-06-2022,698491,675469,532135,10234743,-5,8218,7872,6200,6946187,0,515234
Geo8-IndiaTrial,04-07-2022,1654098,794241,1278470,13859980,-1,19460,9256,14895,10982612,0,515234
Geo8-IndiaTrial,11-07-2022,1203085,1430915,1394312,12332328,2,14154,16675,16244,11188520,0,515234
Geo8-IndiaTrial,18-07-2022,1079583,692627,739930,13957633,0,12701,8072,8620,8071215,0,515234
Geo8-IndiaTrial,25-07-2022,1115291,1048031,1130297,12214891,2,13121,12213,13168,12668635,0,515234
Geo8-IndiaTrial,01-08-2022,1620652,599279,517710,12573119,-1,19067,6984,6032,9372985,0,515234
Geo8-IndiaTrial,08-08-2022,1133956,547636,937269,12503022,1,13341,6382,10920,9203671,0,515234
Geo8-IndiaTrial,15-08-2022,977889,441984,828822,13656169,-2,11505,5151,9656,7984427,0,515234
Geo8-IndiaTrial,22-08-2022,1494520,1307782,1003026,13482637,0,17583,15240,11686,10933605,0,515234
Geo8-IndiaTrial,29-08-2022,949655,1031292,784197,12921535,3,11173,12018,9136,11866027,0,515234
Geo8-IndiaTrial,05-09-2022,1338584,826754,1191496,12731355,4,15748,9635,13881,9951361,0,515234
Geo8-IndiaTrial,12-09-2022,970736,638994,1614405,15474171,-4,11421,7447,18808,9284080,0,515234
Geo8-IndiaTrial,19-09-2022,674481,1366778,868026,14519788,-5,7935,15928,10113,7319543,0,515234
Geo8-IndiaTrial,26-09-2022,560787,1907828,1330784,11501759,-2,6598,22233,15504,8683501,0,515234
Geo8-IndiaTrial,03-10-2022,1351950,775634,976961,11165032,1,15906,9039,11382,11874707,0,515234
Geo8-IndiaTrial,10-10-2022,1776556,1100068,522705,13184487,4,20901,12820,6090,12961826,0,515234
Geo8-IndiaTrial,17-10-2022,921117,388958,541757,10386156,1,10837,4533,6312,11392013,0,515234
Geo8-IndiaTrial,24-10-2022,1154280,845149,413843,12747396,4,13580,9849,4821,12841402,0,515234
Geo8-IndiaTrial,31-10-2022,1370588,931669,1317822,13092852,4,16125,10857,15353,10456052,0,515234
Geo8-IndiaTrial,07-11-2022,1347402,291553,669410,13342916,3,15852,3398,7799,14470728,0,515234
Geo8-IndiaTrial,14-11-2022,1421624,712675,162433,12920841,-4,16725,8305,1892,7529968,0,515234
Geo8-IndiaTrial,21-11-2022,1531931,1154909,604185,11583113,1,18023,13459,7039,11180191,0,515234
Geo8-IndiaTrial,28-11-2022,901054,663693,1343944,12843362,-3,10601,7734,15657,6165463,0,515234
Geo8-IndiaTrial,05-12-2022,1174986,1468653,1052348,14173176,5,13824,17115,12260,13020523,0,515234
Geo8-IndiaTrial,12-12-2022,1546420,1141860,730042,15392958,2,18194,13307,8505,12932410,0,515234
Geo8-IndiaTrial,19-12-2022,1394342,1588262,1261008,13444153,-1,16404,18509,14691,10716633,0,515234
Geo8-IndiaTrial,26-12-2022,1556335,1457850,1112340,12388509,2,18310,16989,12959,12825228,0,515234
Geo8-IndiaTrial,02-01-2023,1023476,1479689,607921,14102363,2,12041,17244,7083,11862584,0,515234
Geo8-IndiaTrial,09-01-2023,1270874,1205602,591528,12168885,5,14952,14049,6892,13579215,0,515234
Geo8-IndiaTrial,16-01-2023,971281,357023,484055,11655631,-1,11427,4161,5639,8925935,0,515234
Geo8-IndiaTrial,23-01-2023,760676,989983,916356,14590157,1,8949,11537,10676,11234898,0,515234
Geo8-IndiaTrial,30-01-2023,755824,1099239,736824,11700954,1,8892,12810,8584,9331944,0,515234
Geo8-IndiaTrial,06-02-2023,1438571,737651,2115556,12879460,-4,16925,8596,24647,8631416,0,515234
Geo8-IndiaTrial,13-02-2023,1350218,738863,654244,14164186,1,15885,8610,7622,11826474,0,515234
Geo8-IndiaTrial,20-02-2023,938353,820859,324005,11609637,2,11040,9566,3775,11250000,0,515234
Geo8-IndiaTrial,27-02-2023,745053,1050038,914640,12752730,-4,8766,12237,10656,8473028,0,515234
Geo8-IndiaTrial,06-03-2023,1451299,493591,163934,11366214,0,17074,5752,1910,8724381,0,515234
Geo8-IndiaTrial,13-03-2023,1233585,2083143,278616,12409793,-4,14513,24276,3246,7844605,0,515234
Geo8-IndiaTrial,20-03-2023,1365486,1561664,1224591,11216334,3,16065,18199,14267,12254165,0,515234
Geo8-IndiaTrial,27-03-2023,1638760,533995,1216092,13843604,2,19280,6223,14168,11962791,0,515234
Geo8-IndiaTrial,03-04-2023,1647664,498009,637137,11688688,-4,19385,5804,7423,7570960,0,515234
Geo8-IndiaTrial,10-04-2023,1155728,954253,1506322,13382386,3,13597,11120,17549,11125154,0,515234
Geo8-IndiaTrial,17-04-2023,1538826,738646,1180322,13231160,-2,18104,8608,13751,10085205,0,515234
Geo8-IndiaTrial,24-04-2023,1171272,940971,899119,12179281,2,13780,10966,10475,11403046,0,515234
Geo8-IndiaTrial,01-05-2023,1142905,1171789,1074222,14536793,-5,13446,13655,12515,7366413,0,515234
Geo8-IndiaTrial,08-05-2023,1316478,615837,1059702,11715981,-10,15488,7177,12346,4268423,0,515234
Geo8-IndiaTrial,15-05-2023,1369217,1376571,1133568,13768771,-3,16109,16042,13206,9470429,0,515234
Geo8-IndiaTrial,22-05-2023,615685,238469,1712700,12191821,0,7244,2779,19954,11305112,0,515234
Geo8-IndiaTrial,29-05-2023,577494,1089795,657462,14325941,0,6794,12700,7660,11494905,0,515234
Geo8-IndiaTrial,05-06-2023,806620,1282831,364219,11864041,0,9490,14949,4243,11070614,0,515234
Geo8-IndiaTrial,12-06-2023,1265277,927931,296595,12398473,-5,14886,10814,3455,5658670,0,515234
Geo8-IndiaTrial,19-06-2023,651729,886445,585906,11424606,-1,7668,10330,6826,9880667,0,515234
Geo8-IndiaTrial,26-06-2023,953407,825293,1176595,11377492,5,11217,9618,13708,15574449,0,515234
Geo8-IndiaTrial,03-07-2023,1564787,1248500,594050,11640129,5,18410,14549,6921,14799336,0,515234
Geo8-IndiaTrial,10-07-2023,771076,1155735,0,12658489,0,9072,13468,0,12287741,0,515234
Geo8-IndiaTrial,17-07-2023,1031986,1218138,529607,12375094,2,12141,14196,6170,11438285,0,515234
Geo8-IndiaTrial,24-07-2023,652546,647159,605566,12954794,2,7677,7542,7055,12098960,0,515234
Geo8-IndiaTrial,31-07-2023,838415,959674,1013082,12262383,2,9864,11184,11803,12079045,0,515234
Geo8-IndiaTrial,07-08-2023,691984,784412,553804,11722570,-2,8141,9141,6452,9394546,0,515234
Geo8-IndiaTrial,14-08-2023,1256579,1217304,850745,13947042,-1,14784,14186,9912,9059649,0,515234
Geo8-IndiaTrial,21-08-2023,1522744,1248058,1066865,12679664,0,17915,14544,12429,10835669,0,515234
Geo8-IndiaTrial,28-08-2023,1196225,945441,532299,12405118,4,14074,11018,6201,14493922,0,515234
Geo8-IndiaTrial,04-09-2023,1150098,974690,934576,12319517,0,13531,11359,10888,10716206,0,515234
Geo8-IndiaTrial,11-09-2023,1706176,1015929,512009,13888197,2,20073,11839,5965,11943259,0,515234
Geo8-IndiaTrial,18-09-2023,1264682,830616,572856,13404993,0,14879,9680,6674,10037754,0,515234
Geo8-IndiaTrial,25-09-2023,1749605,1556678,255823,13137570,3,20584,18141,2980,10616073,0,515234
Geo8-IndiaTrial,02-10-2023,1282992,877196,1084154,14184969,0,15094,10222,12631,10937543,0,515234
Geo8-IndiaTrial,09-10-2023,544848,767257,991214,13279057,-2,6410,8941,11548,9741114,0,515234
Geo8-IndiaTrial,16-10-2023,1060956,906983,579111,15358122,0,12482,10570,6747,11336839,0,515234
Geo8-IndiaTrial,23-10-2023,758342,613535,451528,11990575,-3,8922,7150,5260,7833562,0,515234
Geo8-IndiaTrial,30-10-2023,631482,657882,777707,13405580,0,7429,7667,9061,11574919,0,515234
Geo8-IndiaTrial,06-11-2023,675414,1361440,1195656,13215717,3,7946,15866,13930,13891869,0,515234
Geo8-IndiaTrial,13-11-2023,601910,820388,733538,13720633,1,7081,9560,8546,11311337,0,515234
Geo8-IndiaTrial,20-11-2023,1206640,1110676,1029128,10574060,-3,14196,12943,11990,8179396,0,515234
Geo8-IndiaTrial,27-11-2023,1449626,607634,360787,14219772,2,17055,7081,4203,11674587,0,515234
Geo8-IndiaTrial,04-12-2023,925050,925235,1024333,12895428,-3,10883,10782,11934,7526859,0,515234
Geo8-IndiaTrial,11-12-2023,923777,326807,1127180,12932857,-2,10868,3808,13132,9035885,0,515234
Geo8-IndiaTrial,18-12-2023,1150334,905434,540738,11840547,-5,13534,10551,6300,6541961,0,515234
Geo8-IndiaTrial,25-12-2023,1326227,767884,560506,10677909,-3,15603,8949,6530,8070879,0,515234
Geo8-IndiaTrial,01-01-2024,995383,866616,75492,13132659,-1,11711,10099,880,11344113,0,515234
Geo8-IndiaTrial,08-01-2024,1416411,112353,555608,10874135,3,16664,1309,6473,10241318,0,515234
Geo8-IndiaTrial,15-01-2024,1047159,933754,1479562,13059876,4,12320,10881,17237,13476006,0,515234
Geo9-IndiaTrial,25-01-2021,1067375,223279,767704,7746178,0,12558,2602,8944,8541899,0,418599
Geo9-IndiaTrial,01-02-2021,696140,822207,932617,7673918,0,8190,9582,10865,7857252,0,418599
Geo9-IndiaTrial,08-02-2021,1078410,1027253,1212032,9353037,2,12687,11971,14121,10671554,0,418599
Geo9-IndiaTrial,15-02-2021,611762,822768,862098,7980384,1,7197,9588,10044,8390757,0,418599
Geo9-IndiaTrial,22-02-2021,689206,1260883,743616,7409242,4,8108,14694,8663,10750799,0,418599
Geo9-IndiaTrial,01-03-2021,927192,486867,578399,6647448,0,10908,5674,6739,8583394,0,418599
Geo9-IndiaTrial,08-03-2021,1034119,612094,623093,8819395,1,12166,7133,7259,9923048,0,418599
Geo9-IndiaTrial,15-03-2021,794761,575241,473392,8288572,0,9350,6704,5515,8335315,0,418599
Geo9-IndiaTrial,22-03-2021,1014429,684506,664113,9978809,2,11935,7977,7737,9527563,0,418599
Geo9-IndiaTrial,29-03-2021,1090008,419570,338725,9126188,-1,12824,4889,3946,8747080,0,418599
Geo9-IndiaTrial,05-04-2021,1401788,667136,974796,10288480,7,16492,7774,11357,12317729,0,418599
Geo9-IndiaTrial,12-04-2021,536174,542529,621408,9059838,0,6308,6322,7240,9924627,0,418599
Geo9-IndiaTrial,19-04-2021,1374485,858179,659142,8483861,1,16171,10001,7679,9208626,0,418599
Geo9-IndiaTrial,26-04-2021,519056,789049,0,11014556,0,6107,9195,0,9096992,0,418599
Geo9-IndiaTrial,03-05-2021,640411,458449,698591,9292753,-2,7534,5343,8139,5946465,0,418599
Geo9-IndiaTrial,10-05-2021,781546,630074,1013053,10552711,3,9195,7343,11802,10556460,0,418599
Geo9-IndiaTrial,17-05-2021,1003397,982683,828011,8696608,0,11805,11452,9647,8843582,0,418599
Geo9-IndiaTrial,24-05-2021,970548,318245,471524,8125180,-2,11418,3709,5493,7128063,0,418599
Geo9-IndiaTrial,31-05-2021,856411,708063,682766,10324545,-2,10076,8251,7954,8620703,0,418599
Geo9-IndiaTrial,07-06-2021,1098639,1000170,881814,9996016,1,12925,11655,10273,10212365,0,418599
Geo9-IndiaTrial,14-06-2021,627600,257414,781494,9844498,-1,7384,3000,9105,8749562,0,418599
Geo9-IndiaTrial,21-06-2021,445608,635868,1023502,8638517,-3,5243,7410,11924,7404604,0,418599
Geo9-IndiaTrial,28-06-2021,1120140,691270,782230,10585470,0,13178,8056,9113,8342396,0,418599
Geo9-IndiaTrial,05-07-2021,1095971,740910,747746,8999334,3,12894,8634,8712,10812096,0,418599
Geo9-IndiaTrial,12-07-2021,808572,421364,456864,9794747,1,9513,4910,5323,9713237,0,418599
Geo9-IndiaTrial,19-07-2021,457948,611617,531312,9708090,1,5388,7127,6190,10361901,0,418599
Geo9-IndiaTrial,26-07-2021,1309909,899604,520904,9120251,3,15411,10484,6069,10214126,0,418599
Geo9-IndiaTrial,02-08-2021,1007814,1071438,819527,9965196,4,11857,12486,9548,11039009,0,418599
Geo9-IndiaTrial,09-08-2021,705177,645360,806785,9192122,4,8296,7521,9399,11204327,0,418599
Geo9-IndiaTrial,16-08-2021,672704,841724,714943,10631165,-6,7914,9809,8329,4822265,0,418599
Geo9-IndiaTrial,23-08-2021,1045425,1190668,845092,9929834,-2,12299,13875,9846,8929276,0,418599
Geo9-IndiaTrial,30-08-2021,680647,847252,1084758,11141065,2,8008,9873,12638,10007453,0,418599
Geo9-IndiaTrial,06-09-2021,921592,620765,1260128,9326787,-2,10842,7234,14681,5657446,0,418599
Geo9-IndiaTrial,13-09-2021,413613,731730,1110199,8498521,3,4866,8527,12934,10938717,0,418599
Geo9-IndiaTrial,20-09-2021,1156479,876897,738062,10397538,3,13606,10219,8599,9813775,0,418599
Geo9-IndiaTrial,27-09-2021,955862,1167726,689939,9506729,0,11246,13608,8038,8347329,0,418599
Geo9-IndiaTrial,04-10-2021,952016,585416,576905,8863497,2,11200,6822,6721,10244983,0,418599
Geo9-IndiaTrial,11-10-2021,745211,403071,814598,10419264,-1,8767,4697,9490,8931018,0,418599
Geo9-IndiaTrial,18-10-2021,606283,636202,646580,9195830,-2,7133,7414,7533,8266828,0,418599
Geo9-IndiaTrial,25-10-2021,1357297,620110,753397,10345976,-1,15969,7226,8777,8087309,0,418599
Geo9-IndiaTrial,01-11-2021,1029906,1062755,746270,9145944,1,12117,12385,8694,9954499,0,418599
Geo9-IndiaTrial,08-11-2021,571092,877002,356862,9651305,-4,6719,10220,4158,5889430,0,418599
Geo9-IndiaTrial,15-11-2021,1103592,887490,608910,9263457,3,12984,10342,7094,8749747,0,418599
Geo9-IndiaTrial,22-11-2021,1011528,1146247,566105,9650164,1,11901,13358,6595,9079404,0,418599
Geo9-IndiaTrial,29-11-2021,1424170,544293,550603,10069221,4,16755,6343,6415,11455461,0,418599
Geo9-IndiaTrial,06-12-2021,1528372,424052,821064,11057994,3,17981,4942,9566,9413358,0,418599
Geo9-IndiaTrial,13-12-2021,834192,691711,597491,9734518,-1,9814,8061,6961,7732245,0,418599
Geo9-IndiaTrial,20-12-2021,1576968,587730,841865,11815444,0,18553,6849,9808,8392889,0,418599
Geo9-IndiaTrial,27-12-2021,1213144,1165487,843199,10597010,-1,14273,13582,9824,6940463,0,418599
Geo9-IndiaTrial,03-01-2022,1162024,1173433,591808,9315207,-9,13671,13675,6895,4990410,0,418599
Geo9-IndiaTrial,10-01-2022,829622,722784,628895,12527600,-1,9760,8423,7327,7176865,0,418599
Geo9-IndiaTrial,17-01-2022,941466,925716,531533,10767130,-3,11076,10788,6193,6289915,0,418599
Geo9-IndiaTrial,24-01-2022,1350768,865459,755634,9344003,10,15892,10086,8803,12479156,0,418599
Geo9-IndiaTrial,31-01-2022,984140,657936,871407,9693553,4,11578,7667,10152,11403054,0,418599
Geo9-IndiaTrial,07-02-2022,1447858,807978,1480745,9078698,3,17034,9416,17251,11355313,0,418599
Geo9-IndiaTrial,14-02-2022,418978,414956,895333,9688665,2,4929,4836,10431,8529323,0,418599
Geo9-IndiaTrial,21-02-2022,764001,717050,231836,9817575,0,8988,8356,2701,8768622,0,418599
Geo9-IndiaTrial,28-02-2022,1334767,723837,764523,9561354,-3,15703,8435,8907,6675403,0,418599
Geo9-IndiaTrial,07-03-2022,897922,1156694,82931,10505601,1,10564,13480,966,9062401,0,418599
Geo9-IndiaTrial,14-03-2022,755142,603169,829250,9329530,-1,8884,7029,9661,6716435,0,418599
Geo9-IndiaTrial,21-03-2022,279490,201949,335104,9068266,-1,3288,2353,3904,7647680,0,418599
Geo9-IndiaTrial,28-03-2022,634640,996834,945790,7740812,-2,7467,11617,11019,7346181,0,418599
Geo9-IndiaTrial,04-04-2022,480748,634384,1413027,8955724,5,5656,7393,16462,10904767,0,418599
Geo9-IndiaTrial,11-04-2022,1083909,528183,1279423,9178705,1,12752,6155,14906,9261417,0,418599
Geo9-IndiaTrial,18-04-2022,859821,691901,336666,8243080,-1,10116,8063,3922,6962632,0,418599
Geo9-IndiaTrial,25-04-2022,888700,1014552,35134,9407335,-4,10456,11823,409,6804968,0,418599
Geo9-IndiaTrial,02-05-2022,1135766,672125,589010,6645912,-1,13362,7833,6862,8185934,0,418599
Geo9-IndiaTrial,09-05-2022,979125,453339,694118,8371678,-2,11519,5283,8087,6338067,0,418599
Geo9-IndiaTrial,16-05-2022,1286066,128529,1093625,9895656,0,15131,1498,12741,8074353,0,418599
Geo9-IndiaTrial,23-05-2022,1340416,280613,432604,8540734,8,15770,3270,5040,13251882,0,418599
Geo9-IndiaTrial,30-05-2022,1081467,589288,1061633,10890224,-2,12723,6867,12368,8256054,0,418599
Geo9-IndiaTrial,06-06-2022,1248737,643353,1262896,8332826,0,14691,7497,14713,9133440,0,418599
Geo9-IndiaTrial,13-06-2022,515422,492454,781224,9605030,-5,6064,5739,9102,7279233,0,418599
Geo9-IndiaTrial,20-06-2022,1205685,890574,402864,9412294,-3,14185,10378,4694,7184759,0,418599
Geo9-IndiaTrial,27-06-2022,945456,707099,1058735,7593435,3,11123,8240,12335,9670331,0,418599
Geo9-IndiaTrial,04-07-2022,1362728,222750,670914,10581110,1,16032,2596,7816,10493211,0,418599
Geo9-IndiaTrial,11-07-2022,961178,553410,1052396,9679209,-2,11308,6449,12261,7058063,0,418599
Geo9-IndiaTrial,18-07-2022,663956,652900,475194,10660315,2,7811,7609,5536,8215013,0,418599
Geo9-IndiaTrial,25-07-2022,511523,899183,961424,8698770,1,6018,10479,11201,9745935,0,418599
Geo9-IndiaTrial,01-08-2022,1164970,619468,630187,9694397,3,13706,7219,7342,9697073,0,418599
Geo9-IndiaTrial,08-08-2022,1242261,550037,1019779,9464655,1,14615,6410,11881,7939822,0,418599
Geo9-IndiaTrial,15-08-2022,750421,612224,1235654,10519593,3,8829,7135,14396,9891555,0,418599
Geo9-IndiaTrial,22-08-2022,1242825,1313165,523131,10131357,1,14622,15303,6095,9021750,0,418599
Geo9-IndiaTrial,29-08-2022,1020270,1137974,439270,9797580,1,12003,13261,5118,8831888,0,418599
Geo9-IndiaTrial,05-09-2022,1095183,642888,868630,9512721,-3,12885,7492,10120,4842193,0,418599
Geo9-IndiaTrial,12-09-2022,604603,837416,964601,11695952,0,7113,9759,11238,9348139,0,418599
Geo9-IndiaTrial,19-09-2022,1116812,1176038,855304,10651155,3,13139,13705,9965,11091745,0,418599
Geo9-IndiaTrial,26-09-2022,613275,1214693,1156829,8570417,-6,7215,14155,13477,5046707,0,418599
Geo9-IndiaTrial,03-10-2022,886778,706893,1177500,8603760,0,10433,8238,13718,8912586,0,418599
Geo9-IndiaTrial,10-10-2022,1172040,328727,483254,9897833,-5,13789,3831,5630,5973181,0,418599
Geo9-IndiaTrial,17-10-2022,1330047,946430,580886,7762775,0,15648,11029,6768,9298917,0,418599
Geo9-IndiaTrial,24-10-2022,978412,768836,353460,10056007,-5,11511,8960,4118,5759486,0,418599
Geo9-IndiaTrial,31-10-2022,851396,471791,826257,9956116,1,10017,5498,9626,6765975,0,418599
Geo9-IndiaTrial,07-11-2022,1363198,282967,481958,9987298,4,16038,3298,5615,12401286,0,418599
Geo9-IndiaTrial,14-11-2022,746236,892642,776803,9711265,-1,8779,10402,9050,7958864,0,418599
Geo9-IndiaTrial,21-11-2022,1409027,735360,251491,8580841,0,16577,8570,2930,8957826,0,418599
Geo9-IndiaTrial,28-11-2022,737058,609513,943401,10074445,-3,8671,7103,10991,5490696,0,418599
Geo9-IndiaTrial,05-12-2022,951592,1066722,456577,11190396,-2,11195,12431,5319,7111492,0,418599
Geo9-IndiaTrial,12-12-2022,893147,948670,927589,11774822,-3,10508,11055,10807,7274508,0,418599
Geo9-IndiaTrial,19-12-2022,1009174,803236,788717,9448946,1,11873,9360,9189,9331787,0,418599
Geo9-IndiaTrial,26-12-2022,1093836,792436,610173,9267907,0,12869,9235,7109,10839912,0,418599
Geo9-IndiaTrial,02-01-2023,662220,737303,263868,10532125,-6,7791,8592,3074,5277487,0,418599
Geo9-IndiaTrial,09-01-2023,1355718,614174,163800,8905600,1,15950,7157,1908,9124924,0,418599
Geo9-IndiaTrial,16-01-2023,915512,607859,202485,8851856,0,10771,7084,2359,7953366,0,418599
Geo9-IndiaTrial,23-01-2023,1008350,1193051,1174726,10972805,5,11863,13903,13686,11150915,0,418599
Geo9-IndiaTrial,30-01-2023,102296,897246,680222,8054456,2,1204,10456,7925,7701776,0,418599
Geo9-IndiaTrial,06-02-2023,1174959,770744,1608241,9558665,-2,13823,8982,18737,8132550,0,418599
Geo9-IndiaTrial,13-02-2023,791165,728320,669112,10653386,-3,9308,8487,7795,7985784,0,418599
Geo9-IndiaTrial,20-02-2023,1018120,535452,584206,8552634,-1,11978,6240,6806,7013746,0,418599
Geo9-IndiaTrial,27-02-2023,1011810,455655,359346,9984269,2,11904,5310,4187,9959938,0,418599
Geo9-IndiaTrial,06-03-2023,1666260,430310,618839,8776793,-1,19603,5015,7210,6846853,0,418599
Geo9-IndiaTrial,13-03-2023,989999,1381906,375766,9524002,2,11647,16104,4378,9700569,0,418599
Geo9-IndiaTrial,20-03-2023,1135644,1064912,738240,8739068,-4,13361,12410,8601,6799843,0,418599
Geo9-IndiaTrial,27-03-2023,1213582,376907,974702,10021501,4,14278,4392,11356,11455707,0,418599
Geo9-IndiaTrial,03-04-2023,1332830,102780,677898,8814818,2,15681,1198,7898,9867500,0,418599
Geo9-IndiaTrial,10-04-2023,878392,1409116,533946,9788896,2,10334,16421,6221,8960160,0,418599
Geo9-IndiaTrial,17-04-2023,1056605,670408,655593,9894998,1,12431,7813,7638,9701128,0,418599
Geo9-IndiaTrial,24-04-2023,1441092,969774,932981,9026708,2,16954,11301,10870,9837797,0,418599
Geo9-IndiaTrial,01-05-2023,1107760,847306,1009093,10940507,0,13033,9874,11756,8808178,0,418599
Geo9-IndiaTrial,08-05-2023,683949,656939,396650,8771766,0,8047,7656,4621,8767994,0,418599
Geo9-IndiaTrial,15-05-2023,1016787,685855,1174253,10487929,-2,11962,7993,13680,8337177,0,418599
Geo9-IndiaTrial,22-05-2023,560191,360648,1139875,9286803,-3,6591,4203,13280,7761938,0,418599
Geo9-IndiaTrial,29-05-2023,577324,924967,384623,10857121,-2,6792,10779,4481,8635791,0,418599
Geo9-IndiaTrial,05-06-2023,442303,613919,0,8491483,-2,5204,7154,0,8043416,0,418599
Geo9-IndiaTrial,12-06-2023,393013,503020,400247,9060676,-2,4624,5862,4663,6967222,0,418599
Geo9-IndiaTrial,19-06-2023,707523,443451,431348,8206942,0,8324,5168,5025,8528794,0,418599
Geo9-IndiaTrial,26-06-2023,492918,648928,738646,8184489,3,5799,7562,8606,11974665,0,418599
Geo9-IndiaTrial,03-07-2023,847912,817596,64773,7893780,2,9976,9528,755,10570128,0,418599
Geo9-IndiaTrial,10-07-2023,525931,784067,86661,9381015,-2,6188,9137,1010,8679420,0,418599
Geo9-IndiaTrial,17-07-2023,1170010,790864,777447,9115746,2,13765,9216,9058,9446987,0,418599
Geo9-IndiaTrial,24-07-2023,0,219507,580963,8553928,2,0,2558,6768,9282337,0,418599
Geo9-IndiaTrial,31-07-2023,709754,786976,788421,8766724,-4,8350,9171,9185,6146284,0,418599
Geo9-IndiaTrial,07-08-2023,808750,457960,99373,8389714,-6,9515,5337,1158,5577931,0,418599
Geo9-IndiaTrial,14-08-2023,1235140,890007,864299,10171255,5,14531,10372,10069,10962954,0,418599
Geo9-IndiaTrial,21-08-2023,1093781,665911,301908,9296111,-2,12868,7760,3517,7474630,0,418599
Geo9-IndiaTrial,28-08-2023,991178,567409,760245,9142413,0,11661,6612,8857,9317311,0,418599
Geo9-IndiaTrial,04-09-2023,979994,1100262,873816,9618739,2,11530,12822,10180,10051716,0,418599
Geo9-IndiaTrial,11-09-2023,1627835,675462,491812,10432307,4,19151,7871,5730,10731795,0,418599
Geo9-IndiaTrial,18-09-2023,1338485,904346,818326,10586514,6,15747,10539,9534,11803102,0,418599
Geo9-IndiaTrial,25-09-2023,1132472,1330985,454950,9791078,-3,13323,15511,5300,4970243,0,418599
Geo9-IndiaTrial,02-10-2023,1116883,1118358,858969,10822444,-2,13140,13033,10007,7921229,0,418599
Geo9-IndiaTrial,09-10-2023,851647,631020,1072769,10147960,0,10020,7354,12498,9829638,0,418599
Geo9-IndiaTrial,16-10-2023,705970,657002,767018,11696636,0,8306,7656,8936,9270001,0,418599
Geo9-IndiaTrial,23-10-2023,705742,292537,773261,9440857,1,8303,3409,9009,8887022,0,418599
Geo9-IndiaTrial,30-10-2023,797814,805864,838508,10187489,-1,9386,9391,9769,9177478,0,418599
Geo9-IndiaTrial,06-11-2023,987330,934136,865687,10339238,2,11616,10886,10086,11592860,0,418599
Geo9-IndiaTrial,13-11-2023,668875,1254211,654445,10764789,-2,7869,14616,7625,8586346,0,418599
Geo9-IndiaTrial,20-11-2023,1662632,642870,796084,8758572,0,19561,7492,9275,8729655,0,418599
Geo9-IndiaTrial,27-11-2023,1126357,969565,676357,11252811,0,13252,11299,7880,8893521,0,418599
Geo9-IndiaTrial,04-12-2023,711498,694550,1073643,10124895,1,8371,8094,12508,8100240,0,418599
Geo9-IndiaTrial,11-12-2023,1316260,386729,448781,10437710,-1,15486,4507,5228,8266823,0,418599
Geo9-IndiaTrial,18-12-2023,1059485,954573,274109,8917056,0,12465,11124,3193,8488487,0,418599
Geo9-IndiaTrial,25-12-2023,1028294,1092913,237366,8371025,0,12098,12736,2765,8437076,0,418599
Geo9-IndiaTrial,01-01-2024,838109,1091626,171689,10766415,-2,9860,12721,2000,9329694,0,418599
Geo9-IndiaTrial,08-01-2024,442707,325522,623876,8435796,-3,5208,3793,7268,5972125,0,418599
Geo9-IndiaTrial,15-01-2024,1042164,949898,535262,9637023,-1,12261,11070,6236,8916414,0,418599
